Sample in Buffer,Sample in Window,TRIGGER,design_1_i/system_ila_0/inst/probe0_1,design_1_i/system_ila_0/inst/probe1_1,design_1_i/system_ila_0/inst/probe2_1,design_1_i/system_ila_0/inst/probe3_1[31:0],design_1_i/system_ila_0/inst/probe4_1[63:0],design_1_i/system_ila_0/inst/probe5_1[15:0],design_1_i/system_ila_0/inst/net_slot_0_axis_tdata[15:0],design_1_i/system_ila_0/inst/net_slot_0_axis_tvalid,design_1_i/system_ila_0/inst/net_slot_0_axis_tlast,design_1_i/system_ila_0/inst/net_slot_1_axis_tdata[31:0],design_1_i/system_ila_0/inst/net_slot_1_axis_tvalid,design_1_i/system_ila_0/inst/net_slot_1_axis_tlast,design_1_i/system_ila_0/inst/net_slot_2_axis_tdata[127:0],design_1_i/system_ila_0/inst/net_slot_2_axis_tvalid,design_1_i/system_ila_0/inst/net_slot_2_axis_tready,design_1_i/system_ila_0/inst/net_slot_2_axis_tlast,design_1_i/system_ila_0/inst/net_slot_3_axis_tdata[127:0],design_1_i/system_ila_0/inst/net_slot_3_axis_tvalid,design_1_i/system_ila_0/inst/net_slot_3_axis_tlast,design_1_i/system_ila_0/inst/net_slot_4_axis_tdata[127:0],design_1_i/system_ila_0/inst/net_slot_4_axis_tvalid,design_1_i/system_ila_0/inst/net_slot_4_axis_tlast,design_1_i/system_ila_0/inst/net_slot_5_axis_tdata[15:0],design_1_i/system_ila_0/inst/net_slot_5_axis_tvalid,design_1_i/system_ila_0/inst/net_slot_5_axis_tready,design_1_i/system_ila_0/inst/net_slot_5_axis_tlast,design_1_i/system_ila_0/inst/net_slot_6_axis_tdata[15:0],design_1_i/system_ila_0/inst/net_slot_6_axis_tvalid,design_1_i/system_ila_0/inst/net_slot_6_axis_tlast,design_1_i/system_ila_0/inst/net_slot_7_axis_tdata[63:0],design_1_i/system_ila_0/inst/net_slot_7_axis_tvalid,design_1_i/system_ila_0/inst/net_slot_7_axis_tlast,design_1_i/system_ila_0/inst/net_slot_8_axis_tdata[31:0],design_1_i/system_ila_0/inst/net_slot_8_axis_tvalid,design_1_i/system_ila_0/inst/net_slot_8_axis_tready,design_1_i/system_ila_0/inst/net_slot_8_axis_tlast,design_1_i/system_ila_0/inst/net_slot_9_axis_tdata[63:0],design_1_i/system_ila_0/inst/net_slot_9_axis_tvalid,design_1_i/system_ila_0/inst/net_slot_9_axis_tlast,Interface_(i1:s0)_(cordic_0_M_AXIS_DOUT)[2:0],Interface_(i1:s1)_(cordic_average_0_m_axis_cartesian)[2:0],Interface_(i1:s2)_(usp_rf_data_converter_0_m01_axis)[2:0],Interface_(i1:s3)_(PostCordicExtension_0_m_axis)[2:0],Interface_(i1:s4)_(sync_axis_power_mod_0_m_axis)[2:0],Interface_(i1:s5)_(axis_tlast_gen_3_m_axis)[2:0],Interface_(i1:s6)_(cic_compiler_2_M_AXIS_DATA)[2:0],Interface_(i1:s7)_(iq_split_0_m_axis_i)[2:0],Interface_(i1:s8)_(axis_data_fifo_0_M_AXIS)[2:0],Interface_(i1:s9)_(iq_split_0_m_axis_q)[2:0],T_Channel_(i1:s0)_(cordic_0_M_AXIS_DOUT)[2:0],T_Channel_(i1:s1)_(cordic_average_0_m_axis_cartesian)[2:0],T_Channel_(i1:s2)_(usp_rf_data_converter_0_m01_axis)[2:0],T_Channel_(i1:s3)_(PostCordicExtension_0_m_axis)[2:0],T_Channel_(i1:s4)_(sync_axis_power_mod_0_m_axis)[2:0],T_Channel_(i1:s5)_(axis_tlast_gen_3_m_axis)[2:0],T_Channel_(i1:s6)_(cic_compiler_2_M_AXIS_DATA)[2:0],T_Channel_(i1:s7)_(iq_split_0_m_axis_i)[2:0],T_Channel_(i1:s8)_(axis_data_fifo_0_M_AXIS)[2:0],T_Channel_(i1:s9)_(iq_split_0_m_axis_q)[2:0]
Radix - UNSIGNED,UNSIGNED,UNSIGNED,HEX,HEX,HEX,HEX,HEX,HEX,HEX,HEX,HEX,HEX,HEX,HEX,HEX,HEX,HEX,HEX,HEX,HEX,HEX,HEX,HEX,HEX,HEX,HEX,HEX,HEX,HEX,HEX,HEX,HEX,HEX,HEX,HEX,HEX,HEX,HEX,HEX,HEX,HEX,HEX,HEX,HEX,HEX,HEX,HEX,HEX,HEX,HEX,HEX,HEX,HEX,HEX,HEX,HEX,HEX,HEX,HEX,HEX,HEX
0,0,0,0,0,0,00000004,fe27ff8b01b601df,03f8,2a4c,1,0,3f812034,1,0,fe4efe27fff4ff8bff3601b6fd3001df,1,1,0,1e5d0a171e5d0a171e5d0a171e5d0a17,1,0,00000000000000000000000000000000,1,0,23c1,0,0,0,23c1,0,0,fe27ff8b01b601df,1,0,40f003f8,0,1,0,fe4efff4ff36fd30,1,0,"_","_","_","_","_","Inactive","Inactive","_","_","_","_","_","_","_","_","No Streams","No Streams","_","_","_"
1,1,0,0,0,0,00000004,00a802250138ff05,03f8,2341,1,0,3f532001,1,0,fff700a8fe390225fc4e0138fc6cff05,1,1,0,1e5d0a171e5d0a171e5d0a171e5d0a17,1,0,00000000000000000000000000000000,1,0,23c1,0,0,0,23c1,0,0,00a802250138ff05,1,0,40f003f8,0,1,0,fff7fe39fc4efc6c,1,0,"Active","Active","Active","Active","Active","Inactive","Inactive","Active","_","Active","Stream Beat","Stream Beat","Stream Beat","Stream Beat","Stream Beat","No Streams","No Streams","Stream Beat","_","Stream Beat"
2,2,0,0,0,0,00000004,01f3003bfe47fea3,03f8,1d95,1,0,3f892fdb,1,0,fd3a01f3fc0e003bfd21fe47ff45fea3,1,1,0,1e5d0a171e5d0a171e5d0a171e5d0a17,1,0,00000000000000000000000000000000,1,0,23c1,0,0,0,23c1,0,0,01f3003bfe47fea3,1,0,40f003f8,0,1,0,fd3afc0efd21ff45,1,0,"Active","Active","Active","Active","Active","Inactive","Inactive","Active","_","Active","Stream Beat","Stream Beat","Stream Beat","Stream Beat","Stream Beat","No Streams","No Streams","Stream Beat","_","Stream Beat"
3,3,0,0,0,0,00000004,ff2afe16ff75018d,03f8,235d,1,0,3faa2014,1,0,fc1fff2afe25fe16ffddff75ff6d018d,1,1,0,1e5d0a171e5d0a171e5d0a171e5d0a17,1,0,00000000000000000000000000000000,1,0,23c1,0,0,0,23c1,0,0,ff2afe16ff75018d,1,0,40f003f8,0,1,0,fc1ffe25ffddff6d,1,0,"Active","Active","Active","Active","Active","Inactive","Inactive","Active","_","Active","Stream Beat","Stream Beat","Stream Beat","Stream Beat","Stream Beat","No Streams","No Streams","Stream Beat","_","Stream Beat"
4,4,0,0,0,0,00000004,fe780094020e014d,03f8,233f,1,0,3f6e1030,1,0,ff2efe78ffef0094fe83020efc74014d,1,1,0,1e5d0a171e5d0a171e5d0a171e5d0a17,1,0,00000000000000000000000000000000,1,0,23c1,0,0,0,23c1,0,0,fe780094020e014d,1,0,40f003f8,0,1,0,ff2effeffe83fc74,1,0,"Active","Active","Active","Active","Active","Inactive","Inactive","Active","_","Active","Stream Beat","Stream Beat","Stream Beat","Stream Beat","Stream Beat","No Streams","No Streams","Stream Beat","_","Stream Beat"
5,5,0,0,0,0,00000004,016b021c0054fe69,03f8,2348,1,0,3f5a1ff1,1,0,ff7c016bfd62021cfc0b0054fce2fe69,1,1,0,1e5d0a171e5d0a171e5d0a171e5d0a17,1,0,00000000000000000000000000000000,1,0,23c1,0,0,0,23c1,0,0,016b021c0054fe69,1,0,40f003f8,0,1,0,ff7cfd62fc0bfce2,1,0,"Active","Active","Active","Active","Active","Inactive","Inactive","Active","_","Active","Stream Beat","Stream Beat","Stream Beat","Stream Beat","Stream Beat","No Streams","No Streams","Stream Beat","_","Stream Beat"
6,6,0,0,0,0,00000004,0177ff4ffe13ff1e,03f8,2363,1,0,3f982fe4,1,0,fc9a0177fc2aff4ffde5fe13ffceff1e,1,1,0,1e5d0a171e5d0a171e5d0a171e5d0a17,1,0,00000000000000000000000000000000,1,0,23c1,0,0,0,23c1,0,0,0177ff4ffe13ff1e,1,0,40f003f8,0,1,0,fc9afc2afde5ffce,1,0,"Active","Active","Active","Active","Active","Inactive","Inactive","Active","_","Active","Stream Beat","Stream Beat","Stream Beat","Stream Beat","Stream Beat","No Streams","No Streams","Stream Beat","_","Stream Beat"
7,7,0,0,0,0,00000004,fe7ffe6200730203,03f8,2356,1,0,3fa11026,1,0,fcdcfe7ffef5fe6200050073fe9d0203,1,1,0,1e5d0a171e5d0a171e5d0a171e5d0a17,1,0,00000000000000000000000000000000,1,0,23c1,0,0,0,23c1,0,0,fe7ffe6200730203,1,0,40f003f8,0,1,0,fcdcfef50005fe9d,1,0,"Active","Active","Active","Active","Active","Inactive","Inactive","Active","_","Active","Stream Beat","Stream Beat","Stream Beat","Stream Beat","Stream Beat","No Streams","No Streams","Stream Beat","_","Stream Beat"
8,8,0,0,0,0,00000004,ff0f014502220094,03f8,2a45,1,0,3f5c1024,1,0,ffb6ff0fffa40145fd800222fbfb0094,1,1,0,1e5d0a171e5d0a171e5d0a171e5d0a17,1,0,00000000000000000000000000000000,1,0,23c1,0,0,0,23c1,0,0,ff0f014502220094,1,0,40f003f8,0,1,0,ffb6ffa4fd80fbfb,1,0,"Active","Active","Active","Active","Active","Inactive","Inactive","Active","_","Active","Stream Beat","Stream Beat","Stream Beat","Stream Beat","Stream Beat","No Streams","No Streams","Stream Beat","_","Stream Beat"
9,9,0,0,0,0,00000004,01f60199ff82fe24,03f8,2350,1,0,3f672fdf,1,0,fed001f6fca80199fc2dff82fdd1fe24,1,1,0,1e5d0a171e5d0a171e5d0a171e5d0a17,1,0,00000000000000000000000000000000,1,0,23c1,0,0,0,23c1,0,0,01f60199ff82fe24,1,0,40f003f8,0,1,0,fed0fca8fc2dfdd1,1,0,"Active","Active","Active","Active","Active","Inactive","Inactive","Active","_","Active","Stream Beat","Stream Beat","Stream Beat","Stream Beat","Stream Beat","No Streams","No Streams","Stream Beat","_","Stream Beat"
10,10,0,0,0,0,00000004,00b7fe9dfe500041,03f8,1d9b,1,0,2fa71ff5,1,0,fc0200b7fc9cfe9dfedefe50fffd0041,1,1,0,1e5d0a171e5d0a171e5d0a171e5d0a17,1,0,00000000000000000000000000000000,1,0,23c1,0,0,0,23c1,0,0,00b7fe9dfe500041,1,0,40f003f8,0,1,0,fc02fc9cfedefffd,1,0,"Active","Active","Active","Active","Active","Inactive","Inactive","Active","_","Active","Stream Beat","Stream Beat","Stream Beat","Stream Beat","Stream Beat","No Streams","No Streams","Stream Beat","_","Stream Beat"
11,11,0,0,0,0,00000004,fe20ff0501290214,03f8,2a53,1,0,3f8d1030,1,0,fd9dfe20ffa5ff05ffb70129fdcf0214,1,1,0,1e5d0a171e5d0a171e5d0a171e5d0a17,1,0,00000000000000000000000000000000,1,0,23c1,0,0,0,23c1,0,0,fe20ff0501290214,1,0,40f003f8,0,1,0,fd9dffa5ffb7fdcf,1,0,"Active","Active","Active","Active","Active","Inactive","Inactive","Active","_","Active","Stream Beat","Stream Beat","Stream Beat","Stream Beat","Stream Beat","No Streams","No Streams","Stream Beat","_","Stream Beat"
12,12,0,0,0,0,00000004,000c01f101b2ffb1,03f8,2a47,1,0,3f572013,1,0,ffff000cfef201f1fcc901b2fc07ffb1,1,1,0,1e5d0a171e5d0a171e5d0a171e5d0a17,1,0,00000000000000000000000000000000,1,0,23c1,0,0,0,23c1,0,0,000c01f101b2ffb1,1,0,40f003f8,0,1,0,fffffef2fcc9fc07,1,0,"Active","Active","Active","Active","Active","Inactive","Inactive","Active","_","Active","Stream Beat","Stream Beat","Stream Beat","Stream Beat","Stream Beat","No Streams","No Streams","Stream Beat","_","Stream Beat"
13,13,0,0,0,0,00000004,022a00edfebcfe31,03f8,1d8e,1,0,3f771fde,1,0,fddc022afc1600edfc94febcfea1fe31,1,1,0,1e5d0a171e5d0a171e5d0a171e5d0a17,1,0,00000000000000000000000000000000,1,0,23c1,0,0,0,23c1,0,0,022a00edfebcfe31,1,0,40f003f8,0,1,0,fddcfc16fc94fea1,1,0,"Active","Active","Active","Active","Active","Inactive","Inactive","Active","_","Active","Stream Beat","Stream Beat","Stream Beat","Stream Beat","Stream Beat","No Streams","No Streams","Stream Beat","_","Stream Beat"
14,14,0,0,0,0,00000004,ffdbfe26fec000f7,03f8,2362,1,0,3fac2006,1,0,fbf6ffdbfd6cfe26ff78fec0ffd800f7,1,1,0,1e5d0a171e5d0a171e5d0a171e5d0a17,1,0,00000000000000000000000000000000,1,0,23c1,0,0,0,23c1,0,0,ffdbfe26fec000f7,1,0,40f003f8,0,1,0,fbf6fd6cff78ffd8,1,0,"Active","Active","Active","Active","Active","Inactive","Inactive","Active","_","Active","Stream Beat","Stream Beat","Stream Beat","Stream Beat","Stream Beat","No Streams","No Streams","Stream Beat","_","Stream Beat"
15,15,0,0,0,0,00000004,fe30ffc301db01de,03f8,2a48,1,0,3f7c1036,1,0,fe7dfe30fffaffc3ff1501dbfcd601de,1,1,0,1e5d0a171e5d0a171e5d0a171e5d0a17,1,0,00000000000000000000000000000000,1,0,23c1,0,0,0,23c1,0,0,fe30ffc301db01de,1,0,40f003f8,0,1,0,fe7dfffaff15fcd6,1,0,"Active","Active","Active","Active","Active","Inactive","Inactive","Active","_","Active","Stream Beat","Stream Beat","Stream Beat","Stream Beat","Stream Beat","No Streams","No Streams","Stream Beat","_","Stream Beat"
16,16,0,0,0,0,00000004,00be0228010cfedf,03f8,2344,1,0,3f522000,1,0,ffe600befe120228fc45010cfc76fedf,1,1,0,1e5d0a171e5d0a171e5d0a171e5d0a17,1,0,00000000000000000000000000000000,1,0,23c1,0,0,0,23c1,0,0,00be0228010cfedf,1,0,40f003f8,0,1,0,ffe6fe12fc45fc76,1,0,"Active","Active","Active","Active","Active","Inactive","Inactive","Active","_","Active","Stream Beat","Stream Beat","Stream Beat","Stream Beat","Stream Beat","No Streams","No Streams","Stream Beat","_","Stream Beat"
17,17,0,0,0,0,00000004,01fc0004fe3afead,03f8,1d96,1,0,3f8b2fdb,1,0,fcfb01fcfbed0004fd3bfe3aff65fead,1,1,0,1e5d0a171e5d0a171e5d0a171e5d0a17,1,0,00000000000000000000000000000000,1,0,23c1,0,0,0,23c1,0,0,01fc0004fe3afead,1,0,40f003f8,0,1,0,fcfbfbedfd3bff65,1,0,"Active","Active","Active","Active","Active","Inactive","Inactive","Active","_","Active","Stream Beat","Stream Beat","Stream Beat","Stream Beat","Stream Beat","No Streams","No Streams","Stream Beat","_","Stream Beat"
18,18,0,0,0,0,00000004,ff03fe22ffa001ac,03f8,235c,1,0,3fa6201a,1,0,fc3bff03fe54fe22ffefffa0ff4301ac,1,1,0,1e5d0a171e5d0a171e5d0a171e5d0a17,1,0,00000000000000000000000000000000,1,0,23c1,0,0,0,23c1,0,0,ff03fe22ffa001ac,1,0,40f003f8,0,1,0,fc3bfe54ffefff43,1,0,"Active","Active","Active","Active","Active","Inactive","Inactive","Active","_","Active","Stream Beat","Stream Beat","Stream Beat","Stream Beat","Stream Beat","No Streams","No Streams","Stream Beat","_","Stream Beat"
19,19,0,0,0,0,00000004,fe8c00ad02150128,03f8,233f,1,0,3f6b102d,1,0,ff42fe8cffec00adfe540215fc640128,1,1,0,1e5d0a171e5d0a171e5d0a171e5d0a17,1,0,00000000000000000000000000000000,1,0,23c1,0,0,0,23c1,0,0,fe8c00ad02150128,1,0,40f003f8,0,1,0,ff42ffecfe54fc64,1,0,"Active","Active","Active","Active","Active","Inactive","Inactive","Active","_","Active","Stream Beat","Stream Beat","Stream Beat","Stream Beat","Stream Beat","No Streams","No Streams","Stream Beat","_","Stream Beat"
20,20,0,0,0,0,00000004,01a202040036fe49,03f8,234a,1,0,3f581fee,1,0,ff5b01a2fd320204fbdc0036fd10fe49,1,1,0,1e5d0a171e5d0a171e5d0a171e5d0a17,1,0,00000000000000000000000000000000,1,0,23c1,0,0,0,23c1,0,0,01a202040036fe49,1,0,40f003f8,0,1,0,ff5bfd32fbdcfd10,1,0,"Active","Active","Active","Active","Active","Inactive","Inactive","Active","_","Active","Stream Beat","Stream Beat","Stream Beat","Stream Beat","Stream Beat","No Streams","No Streams","Stream Beat","_","Stream Beat"
21,21,0,0,0,0,00000004,016aff22fe1aff52,03f8,1d9b,1,0,3f9c2fe7,1,0,fc51016afc31ff22fe16fe1affe1ff52,1,1,0,1e5d0a171e5d0a171e5d0a171e5d0a17,1,0,00000000000000000000000000000000,1,0,23c1,0,0,0,23c1,0,0,016aff22fe1aff52,1,0,40f003f8,0,1,0,fc51fc31fe16ffe1,1,0,"Active","Active","Active","Active","Active","Inactive","Inactive","Active","_","Active","Stream Beat","Stream Beat","Stream Beat","Stream Beat","Stream Beat","No Streams","No Streams","Stream Beat","_","Stream Beat"
22,22,0,0,0,0,00000004,fe72fe6800670205,03f8,2354,1,0,3f9e1027,1,0,fd0afe72ff17fe68fffd0067fe7b0205,1,1,0,1e5d0a171e5d0a171e5d0a171e5d0a17,1,0,00000000000000000000000000000000,1,0,23c1,0,0,0,23c1,0,0,fe72fe6800670205,1,0,40f003f8,0,1,0,fd0aff17fffdfe7b,1,0,"Active","Active","Active","Active","Active","Inactive","Inactive","Active","_","Active","Stream Beat","Stream Beat","Stream Beat","Stream Beat","Stream Beat","No Streams","No Streams","Stream Beat","_","Stream Beat"
23,23,0,0,0,0,00000004,ff64018c02190063,03f8,2a44,1,0,3f571022,1,0,ffd4ff64ff7e018cfd540219fbfa0063,1,1,0,1e5d0a171e5d0a171e5d0a171e5d0a17,1,0,00000000000000000000000000000000,1,0,23c1,0,0,0,23c1,0,0,ff64018c02190063,1,0,40f003f8,0,1,0,ffd4ff7efd54fbfa,1,0,"Active","Active","Active","Active","Active","Inactive","Inactive","Active","_","Active","Stream Beat","Stream Beat","Stream Beat","Stream Beat","Stream Beat","No Streams","No Streams","Stream Beat","_","Stream Beat"
24,24,0,0,0,0,00000004,01fb016eff5afe27,03f8,2352,1,0,3f672fdf,1,0,feac01fbfca0016efc23ff5afe08fe27,1,1,0,1e5d0a171e5d0a171e5d0a171e5d0a17,1,0,00000000000000000000000000000000,1,0,23c1,0,0,0,23c1,0,0,01fb016eff5afe27,1,0,40f003f8,0,1,0,feacfca0fc23fe08,1,0,"Active","Active","Active","Active","Active","Inactive","Inactive","Active","_","Active","Stream Beat","Stream Beat","Stream Beat","Stream Beat","Stream Beat","No Streams","No Streams","Stream Beat","_","Stream Beat"
25,25,0,0,0,0,00000004,0097fe79fe66005f,03f8,1d9c,1,0,3fa91ff4,1,0,fc120097fcd2fe79fef8fe660001005f,1,1,0,1e5d0a171e5d0a171e5d0a171e5d0a17,1,0,00000000000000000000000000000000,1,0,23c1,0,0,0,23c1,0,0,0097fe79fe66005f,1,0,40f003f8,0,1,0,fc12fcd2fef80001,1,0,"Active","Active","Active","Active","Active","Inactive","Inactive","Active","_","Active","Stream Beat","Stream Beat","Stream Beat","Stream Beat","Stream Beat","No Streams","No Streams","Stream Beat","_","Stream Beat"
26,26,0,0,0,0,00000004,fe0eff1f01470216,03f8,2a4f,1,0,3f8a1036,1,0,fdbdfe0effb3ff1fffad0147fd860216,1,1,0,1e5d0a171e5d0a171e5d0a171e5d0a17,1,0,00000000000000000000000000000000,1,0,23c1,0,0,0,23c1,0,0,fe0eff1f01470216,1,0,40f003f8,0,1,0,fdbdffb3ffadfd86,1,0,"Active","Active","Active","Active","Active","Inactive","Inactive","Active","_","Active","Stream Beat","Stream Beat","Stream Beat","Stream Beat","Stream Beat","No Streams","No Streams","Stream Beat","_","Stream Beat"
27,27,0,0,0,0,00000004,002901fc01a0ff81,03f8,2a48,1,0,3f57200e,1,0,00000029fecc01fcfc9a01a0fc02ff81,1,1,0,1e5d0a171e5d0a171e5d0a171e5d0a17,1,0,00000000000000000000000000000000,1,0,23c1,0,0,0,23c1,0,0,002901fc01a0ff81,1,0,40f003f8,0,1,0,0000feccfc9afc02,1,0,"Active","Active","Active","Active","Active","Inactive","Inactive","Active","_","Active","Stream Beat","Stream Beat","Stream Beat","Stream Beat","Stream Beat","No Streams","No Streams","Stream Beat","_","Stream Beat"
28,28,0,0,0,0,00000004,021a00b3fe9ffe54,03f8,1d91,1,0,2f7d1fdd,1,0,fdd0021afc1f00b3fca0fe9ffedcfe54,1,1,0,1e5d0a171e5d0a171e5d0a171e5d0a17,1,0,00000000000000000000000000000000,1,0,23c1,0,0,0,23c1,0,0,021a00b3fe9ffe54,1,0,40f003f8,0,1,0,fdd0fc1ffca0fedc,1,0,"Active","Active","Active","Active","Active","Inactive","Inactive","Active","_","Active","Stream Beat","Stream Beat","Stream Beat","Stream Beat","Stream Beat","No Streams","No Streams","Stream Beat","_","Stream Beat"
29,29,0,0,0,0,00000004,ffa9fe2afee90128,03f8,1f5c,1,0,3faa2008,1,0,fc0dffa9fd98fe2affa4fee9ffb30128,1,1,0,1e5d0a171e5d0a171e5d0a171e5d0a17,1,0,00000000000000000000000000000000,1,0,23c1,0,0,0,23c1,0,0,ffa9fe2afee90128,1,0,40f003f8,0,1,0,fc0dfd98ffa4ffb3,1,0,"Active","Active","Active","Active","Active","Inactive","Inactive","Active","_","Active","Stream Beat","Stream Beat","Stream Beat","Stream Beat","Stream Beat","No Streams","No Streams","Stream Beat","_","Stream Beat"
30,30,0,0,0,0,00000004,fe41ffe901dc01bd,03f8,2a48,1,0,2f761034,1,0,feaefe41ffffffe9fef801dcfcc701bd,1,1,0,1e5d0a171e5d0a171e5d0a171e5d0a17,1,0,00000000000000000000000000000000,1,0,23c1,0,0,0,23c1,0,0,fe41ffe901dc01bd,1,0,40f003f8,0,1,0,feaefffffef8fcc7,1,0,"Active","Active","Active","Active","Active","Inactive","Inactive","Active","_","Active","Stream Beat","Stream Beat","Stream Beat","Stream Beat","Stream Beat","No Streams","No Streams","Stream Beat","_","Stream Beat"
31,31,0,0,0,0,00000004,00f6022100dffec2,03f8,2344,1,0,3f561ffc,1,0,ffd300f6fdee0221fc4400dffc94fec2,1,1,0,1e5d0a171e5d0a171e5d0a171e5d0a17,1,0,00000000000000000000000000000000,1,0,23c1,0,0,0,23c1,0,0,00f6022100dffec2,1,0,40f003f8,0,1,0,ffd3fdeefc44fc94,1,0,"Active","Active","Active","Active","Active","Inactive","Inactive","Active","_","Active","Stream Beat","Stream Beat","Stream Beat","Stream Beat","Stream Beat","No Streams","No Streams","Stream Beat","_","Stream Beat"
32,32,0,0,0,0,00000004,01d8ffdbfe26fecd,03f8,2360,1,0,3f8f2fde,1,0,fce701d8fc05ffdbfd64fe26ff81fecd,1,1,0,1e5d0a171e5d0a171e5d0a171e5d0a17,1,0,00000000000000000000000000000000,1,0,23c1,0,0,0,23c1,0,0,01d8ffdbfe26fecd,1,0,40f003f8,0,1,0,fce7fc05fd64ff81,1,0,"Active","Active","Active","Active","Active","Inactive","Inactive","Active","_","Active","Stream Beat","Stream Beat","Stream Beat","Stream Beat","Stream Beat","No Streams","No Streams","Stream Beat","_","Stream Beat"
33,33,0,0,0,0,00000004,fee3fe20ffc301c0,03f8,235a,1,0,3fa6201c,1,0,fc79fee3fe70fe20fffaffc3ff2301c0,1,1,0,1e5d0a171e5d0a171e5d0a171e5d0a17,1,0,00000000000000000000000000000000,1,0,23c1,0,0,0,23c1,0,0,fee3fe20ffc301c0,1,0,40f003f8,0,1,0,fc79fe70fffaff23,1,0,"Active","Active","Active","Active","Active","Inactive","Inactive","Active","_","Active","Stream Beat","Stream Beat","Stream Beat","Stream Beat","Stream Beat","No Streams","No Streams","Stream Beat","_","Stream Beat"
34,34,0,0,0,0,00000004,fec000bc0220010f,03f8,2a43,1,0,3f69102b,1,0,ff6ffec0ffe400bcfe1d0220fc3b010f,1,1,0,1e5d0a171e5d0a171e5d0a171e5d0a17,1,0,00000000000000000000000000000000,1,0,23c1,0,0,0,23c1,0,0,fec000bc0220010f,1,0,40f003f8,0,1,0,ff6fffe4fe1dfc3b,1,0,"Active","Active","Active","Active","Active","Inactive","Inactive","Active","_","Active","Stream Beat","Stream Beat","Stream Beat","Stream Beat","Stream Beat","No Streams","No Streams","Stream Beat","_","Stream Beat"
35,35,0,0,0,0,00000004,01ae01da0005fe33,03f8,234a,1,0,3f5d2fea,1,0,ff4201aefd3301dafbf10005fd2cfe33,1,1,0,1e5d0a171e5d0a171e5d0a171e5d0a17,1,0,00000000000000000000000000000000,1,0,23c1,0,0,0,23c1,0,0,01ae01da0005fe33,1,0,40f003f8,0,1,0,ff42fd33fbf1fd2c,1,0,"Active","Active","Active","Active","Active","Inactive","Inactive","Active","_","Active","Stream Beat","Stream Beat","Stream Beat","Stream Beat","Stream Beat","No Streams","No Streams","Stream Beat","_","Stream Beat"
36,36,0,0,0,0,00000004,013fff04fe24ff9f,03f8,1d9b,1,0,3fa02fe8,1,0,fc3b013ffc4eff04fe50fe24fff1ff9f,1,1,0,1e5d0a171e5d0a171e5d0a171e5d0a17,1,0,00000000000000000000000000000000,1,0,23c1,0,0,0,23c1,0,0,013fff04fe24ff9f,1,0,40f003f8,0,1,0,fc3bfc4efe50fff1,1,0,"Active","Active","Active","Active","Active","Inactive","Inactive","Active","_","Active","Stream Beat","Stream Beat","Stream Beat","Stream Beat","Stream Beat","No Streams","No Streams","Stream Beat","_","Stream Beat"
37,37,0,0,0,0,00000004,fe51fe9000a90201,03f8,2351,1,0,3f9a102a,1,0,fd21fe51ff3dfe90fff400a9fe5c0201,1,1,0,1e5d0a171e5d0a171e5d0a171e5d0a17,1,0,00000000000000000000000000000000,1,0,23c1,0,0,0,23c1,0,0,fe51fe9000a90201,1,0,40f003f8,0,1,0,fd21ff3dfff4fe5c,1,0,"Active","Active","Active","Active","Active","Inactive","Inactive","Active","_","Active","Stream Beat","Stream Beat","Stream Beat","Stream Beat","Stream Beat","No Streams","No Streams","Stream Beat","_","Stream Beat"
38,38,0,0,0,0,00000004,ff5f019a02040036,03f8,2a46,1,0,3f59101c,1,0,ffe4ff5fff5e019afd370204fc150036,1,1,0,1e5d0a171e5d0a171e5d0a171e5d0a17,1,0,00000000000000000000000000000000,1,0,23c1,0,0,0,23c1,0,0,ff5f019a02040036,1,0,40f003f8,0,1,0,ffe4ff5efd37fc15,1,0,"Active","Active","Active","Active","Active","Inactive","Inactive","Active","_","Active","Stream Beat","Stream Beat","Stream Beat","Stream Beat","Stream Beat","No Streams","No Streams","Stream Beat","_","Stream Beat"
39,39,0,0,0,0,00000004,021d0159ff25fe17,03f8,2353,1,0,3f6c2fe0,1,0,fe6d021dfc7f0159fc35ff25fe11fe17,1,1,0,1e5d0a171e5d0a171e5d0a171e5d0a17,1,0,00000000000000000000000000000000,1,0,23c1,0,0,0,23c1,0,0,021d0159ff25fe17,1,0,40f003f8,0,1,0,fe6dfc7ffc35fe11,1,0,"Active","Active","Active","Active","Active","Inactive","Inactive","Active","_","Active","Stream Beat","Stream Beat","Stream Beat","Stream Beat","Stream Beat","No Streams","No Streams","Stream Beat","_","Stream Beat"
40,40,0,0,0,0,00000004,005efe81fe600084,03f8,1d9c,1,0,3faa1ff8,1,0,fc0f005efd20fe81ff13fe60fffb0084,1,1,0,1e5d0a171e5d0a171e5d0a171e5d0a17,1,0,00000000000000000000000000000000,1,0,23c1,0,0,0,23c1,0,0,005efe81fe600084,1,0,40f003f8,0,1,0,fc0ffd20ff13fffb,1,0,"Active","Active","Active","Active","Active","Inactive","Inactive","Active","_","Active","Stream Beat","Stream Beat","Stream Beat","Stream Beat","Stream Beat","No Streams","No Streams","Stream Beat","_","Stream Beat"
41,41,0,0,0,0,00000004,fe28ff5801810211,03f8,2a4e,1,0,3f881033,1,0,fdf6fe28ffdbff58ff790181fd6a0211,1,1,0,1e5d0a171e5d0a171e5d0a171e5d0a17,1,0,00000000000000000000000000000000,1,0,23c1,0,0,0,23c1,0,0,fe28ff5801810211,1,0,40f003f8,0,1,0,fdf6ffdbff79fd6a,1,0,"Active","Active","Active","Active","Active","Inactive","Inactive","Active","_","Active","Stream Beat","Stream Beat","Stream Beat","Stream Beat","Stream Beat","No Streams","No Streams","Stream Beat","_","Stream Beat"
42,42,0,0,0,0,00000004,005101fc017fff50,03f8,2a48,1,0,3f53200b,1,0,00040051fea401fcfc95017ffc2cff50,1,1,0,1e5d0a171e5d0a171e5d0a171e5d0a17,1,0,00000000000000000000000000000000,1,0,23c1,0,0,0,23c1,0,0,005101fc017fff50,1,0,40f003f8,0,1,0,0004fea4fc95fc2c,1,0,"Active","Active","Active","Active","Active","Inactive","Inactive","Active","_","Active","Stream Beat","Stream Beat","Stream Beat","Stream Beat","Stream Beat","No Streams","No Streams","Stream Beat","_","Stream Beat"
43,43,0,0,0,0,00000004,02130092fe88fe81,03f8,1d91,1,0,3f831fdc,1,0,fd950213fc130092fce3fe88ff0afe81,1,1,0,1e5d0a171e5d0a171e5d0a171e5d0a17,1,0,00000000000000000000000000000000,1,0,23c1,0,0,0,23c1,0,0,02130092fe88fe81,1,0,40f003f8,0,1,0,fd95fc13fce3ff0a,1,0,"Active","Active","Active","Active","Active","Inactive","Inactive","Active","_","Active","Stream Beat","Stream Beat","Stream Beat","Stream Beat","Stream Beat","No Streams","No Streams","Stream Beat","_","Stream Beat"
44,44,0,0,0,0,00000004,ff83fe10ff040154,03f8,2361,1,0,3fab2011,1,0,fc09ff83fdbcfe10ffadff04ffa40154,1,1,0,1e5d0a171e5d0a171e5d0a171e5d0a17,1,0,00000000000000000000000000000000,1,0,23c1,0,0,0,23c1,0,0,ff83fe10ff040154,1,0,40f003f8,0,1,0,fc09fdbcffadffa4,1,0,"Active","Active","Active","Active","Active","Inactive","Inactive","Active","_","Active","Stream Beat","Stream Beat","Stream Beat","Stream Beat","Stream Beat","No Streams","No Streams","Stream Beat","_","Stream Beat"
45,45,0,0,0,0,00000004,fe4e002201fb01aa,03f8,2a45,1,0,2f761031,1,0,fed2fe4e00030022fecc01fbfc8b01aa,1,1,0,1e5d0a171e5d0a171e5d0a171e5d0a17,1,0,00000000000000000000000000000000,1,0,23c1,0,0,0,23c1,0,0,fe4e002201fb01aa,1,0,40f003f8,0,1,0,fed20003feccfc8b,1,0,"Active","Active","Active","Active","Active","Inactive","Inactive","Active","_","Active","Stream Beat","Stream Beat","Stream Beat","Stream Beat","Stream Beat","No Streams","No Streams","Stream Beat","_","Stream Beat"
46,46,0,0,0,0,00000004,0112020700bdfea0,03f8,2346,1,0,3f591ffa,1,0,ffc40112fdd80207fc1600bdfcaefea0,1,1,0,1e5d0a171e5d0a171e5d0a171e5d0a17,1,0,00000000000000000000000000000000,1,0,23c1,0,0,0,23c1,0,0,0112020700bdfea0,1,0,40f003f8,0,1,0,ffc4fdd8fc16fcae,1,0,"Active","Active","Active","Active","Active","Inactive","Inactive","Active","_","Active","Stream Beat","Stream Beat","Stream Beat","Stream Beat","Stream Beat","No Streams","No Streams","Stream Beat","_","Stream Beat"
47,47,0,0,0,0,00000004,01b5ffb9fe11fef9,03f8,1f5a,1,0,3f912fde,1,0,fcbb01b5fbfcffb9fd90fe11ff99fef9,1,1,0,1e5d0a171e5d0a171e5d0a171e5d0a17,1,0,00000000000000000000000000000000,1,0,23c1,0,0,0,23c1,0,0,01b5ffb9fe11fef9,1,0,40f003f8,0,1,0,fcbbfbfcfd90ff99,1,0,"Active","Active","Active","Active","Active","Inactive","Inactive","Active","_","Active","Stream Beat","Stream Beat","Stream Beat","Stream Beat","Stream Beat","No Streams","No Streams","Stream Beat","_","Stream Beat"
48,48,0,0,0,0,00000004,febffe32fffc01d6,03f8,2359,1,0,2fa21021,1,0,fc87febffea6fe32fff9fffcff0a01d6,1,1,0,1e5d0a171e5d0a171e5d0a171e5d0a17,1,0,00000000000000000000000000000000,1,0,23c1,0,0,0,23c1,0,0,febffe32fffc01d6,1,0,40f003f8,0,1,0,fc87fea6fff9ff0a,1,0,"Active","Active","Active","Active","Active","Inactive","Inactive","Active","_","Active","Stream Beat","Stream Beat","Stream Beat","Stream Beat","Stream Beat","No Streams","No Streams","Stream Beat","_","Stream Beat"
49,49,0,0,0,0,00000004,feb100f6023100e5,03f8,27bc,1,0,3f661027,1,0,ff78feb1ffd200f6fde00231fc3300e5,1,1,0,1e5d0a171e5d0a171e5d0a171e5d0a17,1,0,00000000000000000000000000000000,1,0,23c1,0,0,0,23c1,0,0,feb100f6023100e5,1,0,40f003f8,0,1,0,ff78ffd2fde0fc33,1,0,"Active","Active","Active","Active","Active","Inactive","Inactive","Active","_","Active","Stream Beat","Stream Beat","Stream Beat","Stream Beat","Stream Beat","No Streams","No Streams","Stream Beat","_","Stream Beat"
50,50,0,0,0,0,00000004,01c801dfffd9fe31,03f8,234d,1,0,3f5e2fe7,1,0,ff1d01c8fce501dffc08ffd9fd6cfe31,1,1,0,1e5d0a171e5d0a171e5d0a171e5d0a17,1,0,00000000000000000000000000000000,1,0,23c1,0,0,0,23c1,0,0,01c801dfffd9fe31,1,0,40f003f8,0,1,0,ff1dfce5fc08fd6c,1,0,"Active","Active","Active","Active","Active","Inactive","Inactive","Active","_","Active","Stream Beat","Stream Beat","Stream Beat","Stream Beat","Stream Beat","No Streams","No Streams","Stream Beat","_","Stream Beat"
51,51,0,0,0,0,00000004,0113fee1fe2bffc5,03f8,1d9b,1,0,3fa32fec,1,0,fc290113fc68fee1fe77fe2bfffcffc5,1,1,0,1e5d0a171e5d0a171e5d0a171e5d0a17,1,0,00000000000000000000000000000000,1,0,23c1,0,0,0,23c1,0,0,0113fee1fe2bffc5,1,0,40f003f8,0,1,0,fc29fc68fe77fffc,1,0,"Active","Active","Active","Active","Active","Inactive","Inactive","Active","_","Active","Stream Beat","Stream Beat","Stream Beat","Stream Beat","Stream Beat","No Streams","No Streams","Stream Beat","_","Stream Beat"
52,52,0,0,0,0,00000004,fe3ffeb200cc0230,03f8,2350,1,0,3f95102b,1,0,fd3ffe3fff68feb2ffe100ccfe140230,1,1,0,1e5d0a171e5d0a171e5d0a171e5d0a17,1,0,00000000000000000000000000000000,1,0,23c1,0,0,0,23c1,0,0,fe3ffeb200cc0230,1,0,40f003f8,0,1,0,fd3fff68ffe1fe14,1,0,"Active","Active","Active","Active","Active","Inactive","Inactive","Active","_","Active","Stream Beat","Stream Beat","Stream Beat","Stream Beat","Stream Beat","No Streams","No Streams","Stream Beat","_","Stream Beat"
53,53,0,0,0,0,00000004,ff8c01a001ee0009,03f8,2a46,1,0,3f57201b,1,0,ffe9ff8cff4d01a0fd0f01eefbf80009,1,1,0,1e5d0a171e5d0a171e5d0a171e5d0a17,1,0,00000000000000000000000000000000,1,0,23c1,0,0,0,23c1,0,0,ff8c01a001ee0009,1,0,40f003f8,0,1,0,ffe9ff4dfd0ffbf8,1,0,"Active","Active","Active","Active","Active","Inactive","Inactive","Active","_","Active","Stream Beat","Stream Beat","Stream Beat","Stream Beat","Stream Beat","No Streams","No Streams","Stream Beat","_","Stream Beat"
54,54,0,0,0,0,00000004,02140135ff05fe2a,03f8,1d8b,1,0,3f702fde,1,0,fe570214fc4a0135fc37ff05fe5afe2a,1,1,0,1e5d0a171e5d0a171e5d0a171e5d0a17,1,0,00000000000000000000000000000000,1,0,23c1,0,0,0,23c1,0,0,02140135ff05fe2a,1,0,40f003f8,0,1,0,fe57fc4afc37fe5a,1,0,"Active","Active","Active","Active","Active","Inactive","Inactive","Active","_","Active","Stream Beat","Stream Beat","Stream Beat","Stream Beat","Stream Beat","No Streams","No Streams","Stream Beat","_","Stream Beat"
55,55,0,0,0,0,00000004,0030fe5efe9e00a9,03f8,1d9c,1,0,3fa91ffe,1,0,fc180030fd23fe5eff4ffe9effec00a9,1,1,0,1e5d0a171e5d0a171e5d0a171e5d0a17,1,0,00000000000000000000000000000000,1,0,23c1,0,0,0,23c1,0,0,0030fe5efe9e00a9,1,0,40f003f8,0,1,0,fc18fd23ff4fffec,1,0,"Active","Active","Active","Active","Active","Inactive","Inactive","Active","_","Active","Stream Beat","Stream Beat","Stream Beat","Stream Beat","Stream Beat","No Streams","No Streams","Stream Beat","_","Stream Beat"
56,56,0,0,0,0,00000004,fe29ff7d018b01f8,03f8,2a4c,1,0,3f831032,1,0,fe24fe29ffeaff7dff61018bfd5301f8,1,1,0,1e5d0a171e5d0a171e5d0a171e5d0a17,1,0,00000000000000000000000000000000,1,0,23c1,0,0,0,23c1,0,0,fe29ff7d018b01f8,1,0,40f003f8,0,1,0,fe24ffeaff61fd53,1,0,"Active","Active","Active","Active","Active","Inactive","Inactive","Active","_","Active","Stream Beat","Stream Beat","Stream Beat","Stream Beat","Stream Beat","No Streams","No Streams","Stream Beat","_","Stream Beat"
57,57,0,0,0,0,00000004,008802050166ff29,03f8,2a4b,1,0,3f532007,1,0,fffa0088fe800205fc5b0166fc37ff29,1,1,0,1e5d0a171e5d0a171e5d0a171e5d0a17,1,0,00000000000000000000000000000000,1,0,23c1,0,0,0,23c1,0,0,008802050166ff29,1,0,40f003f8,0,1,0,fffafe80fc5bfc37,1,0,"Active","Active","Active","Active","Active","Inactive","Inactive","Active","_","Active","Stream Beat","Stream Beat","Stream Beat","Stream Beat","Stream Beat","No Streams","No Streams","Stream Beat","_","Stream Beat"
58,58,0,0,0,0,00000004,02130063fe69fe7e,03f8,1d92,1,0,3f871fdd,1,0,fd620213fc0f0063fcf1fe69ff23fe7e,1,1,0,1e5d0a171e5d0a171e5d0a171e5d0a17,1,0,00000000000000000000000000000000,1,0,23c1,0,0,0,23c1,0,0,02130063fe69fe7e,1,0,40f003f8,0,1,0,fd62fc0ffcf1ff23,1,0,"Active","Active","Active","Active","Active","Inactive","Inactive","Active","_","Active","Stream Beat","Stream Beat","Stream Beat","Stream Beat","Stream Beat","No Streams","No Streams","Stream Beat","_","Stream Beat"
59,59,0,0,0,0,00000004,ff5afe27ff4e0182,03f8,235f,1,0,3fac2012,1,0,fc1dff5afe04fe27ffceff4eff810182,1,1,0,1e5d0a171e5d0a171e5d0a171e5d0a17,1,0,00000000000000000000000000000000,1,0,23c1,0,0,0,23c1,0,0,ff5afe27ff4e0182,1,0,40f003f8,0,1,0,fc1dfe04ffceff81,1,0,"Active","Active","Active","Active","Active","Inactive","Inactive","Active","_","Active","Stream Beat","Stream Beat","Stream Beat","Stream Beat","Stream Beat","No Streams","No Streams","Stream Beat","_","Stream Beat"
60,60,0,0,0,0,00000004,fe58005501f20182,03f8,2a46,1,0,3f701031,1,0,fef1fe5800010055feb201f2fc7c0182,1,1,0,1e5d0a171e5d0a171e5d0a171e5d0a17,1,0,00000000000000000000000000000000,1,0,23c1,0,0,0,23c1,0,0,fe58005501f20182,1,0,40f003f8,0,1,0,fef10001feb2fc7c,1,0,"Active","Active","Active","Active","Active","Inactive","Inactive","Active","_","Active","Stream Beat","Stream Beat","Stream Beat","Stream Beat","Stream Beat","No Streams","No Streams","Stream Beat","_","Stream Beat"
61,61,0,0,0,0,00000004,01520219008cfe6d,03f8,2346,1,0,3f581ff5,1,0,ff980152fda00219fc14008cfc9bfe6d,1,1,0,1e5d0a171e5d0a171e5d0a171e5d0a17,1,0,00000000000000000000000000000000,1,0,23c1,0,0,0,23c1,0,0,01520219008cfe6d,1,0,40f003f8,0,1,0,ff98fda0fc14fc9b,1,0,"Active","Active","Active","Active","Active","Inactive","Inactive","Active","_","Active","Stream Beat","Stream Beat","Stream Beat","Stream Beat","Stream Beat","No Streams","No Streams","Stream Beat","_","Stream Beat"
62,62,0,0,0,0,00000004,019fff83fe2aff1c,03f8,2363,1,0,3f972fe5,1,0,fca3019ffc19ff83fdcafe2affc1ff1c,1,1,0,1e5d0a171e5d0a171e5d0a171e5d0a17,1,0,00000000000000000000000000000000,1,0,23c1,0,0,0,23c1,0,0,019fff83fe2aff1c,1,0,40f003f8,0,1,0,fca3fc19fdcaffc1,1,0,"Active","Active","Active","Active","Active","Inactive","Inactive","Active","_","Active","Stream Beat","Stream Beat","Stream Beat","Stream Beat","Stream Beat","No Streams","No Streams","Stream Beat","_","Stream Beat"
63,63,0,0,0,0,00000004,fea2fe36002a01eb,03f8,2356,1,0,2fa21022,1,0,fca3fea2fec8fe36fffc002afedc01eb,1,1,0,1e5d0a171e5d0a171e5d0a171e5d0a17,1,0,00000000000000000000000000000000,1,0,23c1,0,0,0,23c1,0,0,fea2fe36002a01eb,1,0,40f003f8,0,1,0,fca3fec8fffcfedc,1,0,"Active","Active","Active","Active","Active","Inactive","Inactive","Active","_","Active","Stream Beat","Stream Beat","Stream Beat","Stream Beat","Stream Beat","No Streams","No Streams","Stream Beat","_","Stream Beat"
64,64,0,0,0,0,00000004,fefe0146022300ba,03f8,27be,1,0,3f5e1026,1,0,ffa1fefeffb60146fdbf0223fc2200ba,1,1,0,1e5d0a171e5d0a171e5d0a171e5d0a17,1,0,00000000000000000000000000000000,1,0,23c1,0,0,0,23c1,0,0,fefe0146022300ba,1,0,40f003f8,0,1,0,ffa1ffb6fdbffc22,1,0,"Active","Active","Active","Active","Active","Inactive","Inactive","Active","_","Active","Stream Beat","Stream Beat","Stream Beat","Stream Beat","Stream Beat","No Streams","No Streams","Stream Beat","_","Stream Beat"
65,65,0,0,0,0,00000004,01ce01baffb1fe27,03f8,234e,1,0,3f642fe6,1,0,ff0601cefccc01bafc05ffb1fd9dfe27,1,1,0,1e5d0a171e5d0a171e5d0a171e5d0a17,1,0,00000000000000000000000000000000,1,0,23c1,0,0,0,23c1,0,0,01ce01baffb1fe27,1,0,40f003f8,0,1,0,ff06fcccfc05fd9d,1,0,"Active","Active","Active","Active","Active","Inactive","Inactive","Active","_","Active","Stream Beat","Stream Beat","Stream Beat","Stream Beat","Stream Beat","No Streams","No Streams","Stream Beat","_","Stream Beat"
66,66,0,0,0,0,00000004,00defebafe44ffd8,03f8,1d9c,1,0,3fa41fee,1,0,fc2f00defc65febafeb3fe44fffbffd8,1,1,0,1e5d0a171e5d0a171e5d0a171e5d0a17,1,0,00000000000000000000000000000000,1,0,23c1,0,0,0,23c1,0,0,00defebafe44ffd8,1,0,40f003f8,0,1,0,fc2ffc65feb3fffb,1,0,"Active","Active","Active","Active","Active","Inactive","Inactive","Active","_","Active","Stream Beat","Stream Beat","Stream Beat","Stream Beat","Stream Beat","No Streams","No Streams","Stream Beat","_","Stream Beat"
67,67,0,0,0,0,00000004,fe3cfec800fc021d,03f8,27d0,1,0,3f931032,1,0,fd6afe3cff8cfec8ffc600fcfe03021d,1,1,0,1e5d0a171e5d0a171e5d0a171e5d0a17,1,0,00000000000000000000000000000000,1,0,23c1,0,0,0,23c1,0,0,fe3cfec800fc021d,1,0,40f003f8,0,1,0,fd6aff8cffc6fe03,1,0,"Active","Active","Active","Active","Active","Inactive","Inactive","Active","_","Active","Stream Beat","Stream Beat","Stream Beat","Stream Beat","Stream Beat","No Streams","No Streams","Stream Beat","_","Stream Beat"
68,68,0,0,0,0,00000004,ffac01bd01c5ffd6,03f8,2a48,1,0,3f572016,1,0,fff6ffacff2301bdfd1701c5fc32ffd6,1,1,0,1e5d0a171e5d0a171e5d0a171e5d0a17,1,0,00000000000000000000000000000000,1,0,23c1,0,0,0,23c1,0,0,ffac01bd01c5ffd6,1,0,40f003f8,0,1,0,fff6ff23fd17fc32,1,0,"Active","Active","Active","Active","Active","Inactive","Inactive","Active","_","Active","Stream Beat","Stream Beat","Stream Beat","Stream Beat","Stream Beat","No Streams","No Streams","Stream Beat","_","Stream Beat"
69,69,0,0,0,0,00000004,0225010efee7fe2a,03f8,1d8d,1,0,3f742fdb,1,0,fe230225fc32010efc68fee7fe7bfe2a,1,1,0,1e5d0a171e5d0a171e5d0a171e5d0a17,1,0,00000000000000000000000000000000,1,0,23c1,0,0,0,23c1,0,0,0225010efee7fe2a,1,0,40f003f8,0,1,0,fe23fc32fc68fe7b,1,0,"Active","Active","Active","Active","Active","Inactive","Inactive","Active","_","Active","Stream Beat","Stream Beat","Stream Beat","Stream Beat","Stream Beat","No Streams","No Streams","Stream Beat","_","Stream Beat"
70,70,0,0,0,0,00000004,000afe43feb000e2,03f8,1d9c,1,0,3fab2001,1,0,fc06000afd41fe43ff69feb0ffdb00e2,1,1,0,1e5d0a171e5d0a171e5d0a171e5d0a17,1,0,00000000000000000000000000000000,1,0,23c1,0,0,0,23c1,0,0,000afe43feb000e2,1,0,40f003f8,0,1,0,fc06fd41ff69ffdb,1,0,"Active","Active","Active","Active","Active","Inactive","Inactive","Active","_","Active","Stream Beat","Stream Beat","Stream Beat","Stream Beat","Stream Beat","No Streams","No Streams","Stream Beat","_","Stream Beat"
71,71,0,0,0,0,00000004,fe17ff8301ad01ed,03f8,2a4b,1,0,3f862030,1,0,fe43fe17ffeaff83ff4601adfd1701ed,1,1,0,1e5d0a171e5d0a171e5d0a171e5d0a17,1,0,00000000000000000000000000000000,1,0,23c1,0,0,0,23c1,0,0,fe17ff8301ad01ed,1,0,40f003f8,0,1,0,fe43ffeaff46fd17,1,0,"Active","Active","Active","Active","Active","Inactive","Inactive","Active","_","Active","Stream Beat","Stream Beat","Stream Beat","Stream Beat","Stream Beat","No Streams","No Streams","Stream Beat","_","Stream Beat"
72,72,0,0,0,0,00000004,008902030134ff03,03f8,2341,1,0,3f532004,1,0,fff20089fe630203fc5d0134fc32ff03,1,1,0,1e5d0a171e5d0a171e5d0a171e5d0a17,1,0,00000000000000000000000000000000,1,0,23c1,0,0,0,23c1,0,0,008902030134ff03,1,0,40f003f8,0,1,0,fff2fe63fc5dfc32,1,0,"Active","Active","Active","Active","Active","Inactive","Inactive","Active","_","Active","Stream Beat","Stream Beat","Stream Beat","Stream Beat","Stream Beat","No Streams","No Streams","Stream Beat","_","Stream Beat"
73,73,0,0,0,0,00000004,01f50038fe5bfea2,03f8,1d94,1,0,3f881fdd,1,0,fd4c01f5fbfb0038fd21fe5bff4dfea2,1,1,0,1e5d0a171e5d0a171e5d0a171e5d0a17,1,0,00000000000000000000000000000000,1,0,23c1,0,0,0,23c1,0,0,01f50038fe5bfea2,1,0,40f003f8,0,1,0,fd4cfbfbfd21ff4d,1,0,"Active","Active","Active","Active","Active","Inactive","Inactive","Active","_","Active","Stream Beat","Stream Beat","Stream Beat","Stream Beat","Stream Beat","No Streams","No Streams","Stream Beat","_","Stream Beat"
74,74,0,0,0,0,00000004,ff35fe11ff5c0189,03f8,235d,1,0,3fa82013,1,0,fc21ff35fe1dfe11ffd7ff5cff6d0189,1,1,0,1e5d0a171e5d0a171e5d0a171e5d0a17,1,0,00000000000000000000000000000000,1,0,23c1,0,0,0,23c1,0,0,ff35fe11ff5c0189,1,0,40f003f8,0,1,0,fc21fe1dffd7ff6d,1,0,"Active","Active","Active","Active","Active","Inactive","Inactive","Active","_","Active","Stream Beat","Stream Beat","Stream Beat","Stream Beat","Stream Beat","No Streams","No Streams","Stream Beat","_","Stream Beat"
75,75,0,0,0,0,00000004,fe73006c02060159,03f8,2a46,1,0,3f6e102c,1,0,ff23fe73fff3006cfe900206fc5d0159,1,1,0,1e5d0a171e5d0a171e5d0a171e5d0a17,1,0,00000000000000000000000000000000,1,0,23c1,0,0,0,23c1,0,0,fe73006c02060159,1,0,40f003f8,0,1,0,ff23fff3fe90fc5d,1,0,"Active","Active","Active","Active","Active","Inactive","Inactive","Active","_","Active","Stream Beat","Stream Beat","Stream Beat","Stream Beat","Stream Beat","No Streams","No Streams","Stream Beat","_","Stream Beat"
76,76,0,0,0,0,00000004,018502140062fe77,03f8,2348,1,0,3f5b1ff2,1,0,ff7f0185fd660214fc090062fd01fe77,1,1,0,1e5d0a171e5d0a171e5d0a171e5d0a17,1,0,00000000000000000000000000000000,1,0,23c1,0,0,0,23c1,0,0,018502140062fe77,1,0,40f003f8,0,1,0,ff7ffd66fc09fd01,1,0,"Active","Active","Active","Active","Active","Inactive","Inactive","Active","_","Active","Stream Beat","Stream Beat","Stream Beat","Stream Beat","Stream Beat","No Streams","No Streams","Stream Beat","_","Stream Beat"
77,77,0,0,0,0,00000004,017fff5cfe2eff61,03f8,2363,1,0,3f982fe2,1,0,fc85017ffc2bff5cfe05fe2effd6ff61,1,1,0,1e5d0a171e5d0a171e5d0a171e5d0a17,1,0,00000000000000000000000000000000,1,0,23c1,0,0,0,23c1,0,0,017fff5cfe2eff61,1,0,40f003f8,0,1,0,fc85fc2bfe05ffd6,1,0,"Active","Active","Active","Active","Active","Inactive","Inactive","Active","_","Active","Stream Beat","Stream Beat","Stream Beat","Stream Beat","Stream Beat","No Streams","No Streams","Stream Beat","_","Stream Beat"
78,78,0,0,0,0,00000004,fe85fe61005e0217,03f8,2355,1,0,3fa01023,1,0,fccefe85fefafe61fffe005efe9e0217,1,1,0,1e5d0a171e5d0a171e5d0a171e5d0a17,1,0,00000000000000000000000000000000,1,0,23c1,0,0,0,23c1,0,0,fe85fe61005e0217,1,0,40f003f8,0,1,0,fccefefafffefe9e,1,0,"Active","Active","Active","Active","Active","Inactive","Inactive","Active","_","Active","Stream Beat","Stream Beat","Stream Beat","Stream Beat","Stream Beat","No Streams","No Streams","Stream Beat","_","Stream Beat"
79,79,0,0,0,0,00000004,ff15015902190095,03f8,2a44,1,0,3f5e1027,1,0,ffafff15ffa40159fd930219fc0a0095,1,1,0,1e5d0a171e5d0a171e5d0a171e5d0a17,1,0,00000000000000000000000000000000,1,0,23c1,0,0,0,23c1,0,0,ff15015902190095,1,0,40f003f8,0,1,0,ffafffa4fd93fc0a,1,0,"Active","Active","Active","Active","Active","Inactive","Inactive","Active","_","Active","Stream Beat","Stream Beat","Stream Beat","Stream Beat","Stream Beat","No Streams","No Streams","Stream Beat","_","Stream Beat"
80,80,0,0,0,0,00000004,01ec0192ff90fe12,03f8,2350,1,0,3f682fe6,1,0,fee101ecfcb00192fc21ff90fdc0fe12,1,1,0,1e5d0a171e5d0a171e5d0a171e5d0a17,1,0,00000000000000000000000000000000,1,0,23c1,0,0,0,23c1,0,0,01ec0192ff90fe12,1,0,40f003f8,0,1,0,fee1fcb0fc21fdc0,1,0,"Active","Active","Active","Active","Active","Inactive","Inactive","Active","_","Active","Stream Beat","Stream Beat","Stream Beat","Stream Beat","Stream Beat","No Streams","No Streams","Stream Beat","_","Stream Beat"
81,81,0,0,0,0,00000004,00bafeabfe530013,03f8,1d9b,1,0,3fa61ff5,1,0,fc2300bafcb5feabfedbfe53fffa0013,1,1,0,1e5d0a171e5d0a171e5d0a171e5d0a17,1,0,00000000000000000000000000000000,1,0,23c1,0,0,0,23c1,0,0,00bafeabfe530013,1,0,40f003f8,0,1,0,fc23fcb5fedbfffa,1,0,"Active","Active","Active","Active","Active","Inactive","Inactive","Active","_","Active","Stream Beat","Stream Beat","Stream Beat","Stream Beat","Stream Beat","No Streams","No Streams","Stream Beat","_","Stream Beat"
82,82,0,0,0,0,00000004,fe28fee6012e0217,03f8,27d0,1,0,3f8f1031,1,0,fd9afe28ff9afee6ffba012efdd00217,1,1,0,1e5d0a171e5d0a171e5d0a171e5d0a17,1,0,00000000000000000000000000000000,1,0,23c1,0,0,0,23c1,0,0,fe28fee6012e0217,1,0,40f003f8,0,1,0,fd9aff9affbafdd0,1,0,"Active","Active","Active","Active","Active","Inactive","Inactive","Active","_","Active","Stream Beat","Stream Beat","Stream Beat","Stream Beat","Stream Beat","No Streams","No Streams","Stream Beat","_","Stream Beat"
83,83,0,0,0,0,00000004,fffd01e101b7ffb3,03f8,2a47,1,0,3f572012,1,0,0001fffdfef901e1fcd801b7fc1dffb3,1,1,0,1e5d0a171e5d0a171e5d0a171e5d0a17,1,0,00000000000000000000000000000000,1,0,23c1,0,0,0,23c1,0,0,fffd01e101b7ffb3,1,0,40f003f8,0,1,0,0001fef9fcd8fc1d,1,0,"Active","Active","Active","Active","Active","Inactive","Inactive","Active","_","Active","Stream Beat","Stream Beat","Stream Beat","Stream Beat","Stream Beat","No Streams","No Streams","Stream Beat","_","Stream Beat"
84,84,0,0,0,0,00000004,020000e7feb3fe45,03f8,1d8e,1,0,3f7a1fdc,1,0,fe150200fc3200e7fc5ffeb3feacfe45,1,1,0,1e5d0a171e5d0a171e5d0a171e5d0a17,1,0,00000000000000000000000000000000,1,0,23c1,0,0,0,23c1,0,0,020000e7feb3fe45,1,0,40f003f8,0,1,0,fe15fc32fc5ffeac,1,0,"Active","Active","Active","Active","Active","Inactive","Inactive","Active","_","Active","Stream Beat","Stream Beat","Stream Beat","Stream Beat","Stream Beat","No Streams","No Streams","Stream Beat","_","Stream Beat"
85,85,0,0,0,0,00000004,ffe3fe33fec30107,03f8,2362,1,0,3fab2005,1,0,fbfcffe3fd73fe33ff7bfec3ffd00107,1,1,0,1e5d0a171e5d0a171e5d0a171e5d0a17,1,0,00000000000000000000000000000000,1,0,23c1,0,0,0,23c1,0,0,ffe3fe33fec30107,1,0,40f003f8,0,1,0,fbfcfd73ff7bffd0,1,0,"Active","Active","Active","Active","Active","Inactive","Inactive","Active","_","Active","Stream Beat","Stream Beat","Stream Beat","Stream Beat","Stream Beat","No Streams","No Streams","Stream Beat","_","Stream Beat"
86,86,0,0,0,0,00000004,fe3affd601c201d5,03f8,2a48,1,0,2f7e2034,1,0,fe86fe3afff8ffd6ff2a01c2fcea01d5,1,1,0,1e5d0a171e5d0a171e5d0a171e5d0a17,1,0,00000000000000000000000000000000,1,0,23c1,0,0,0,23c1,0,0,fe3affd601c201d5,1,0,40f003f8,0,1,0,fe86fff8ff2afcea,1,0,"Active","Active","Active","Active","Active","Inactive","Inactive","Active","_","Active","Stream Beat","Stream Beat","Stream Beat","Stream Beat","Stream Beat","No Streams","No Streams","Stream Beat","_","Stream Beat"
87,87,0,0,0,0,00000004,00cf0227010bfeee,03f8,2343,1,0,3f551ffd,1,0,ffdf00cffe210227fc4b010bfc82feee,1,1,0,1e5d0a171e5d0a171e5d0a171e5d0a17,1,0,00000000000000000000000000000000,1,0,23c1,0,0,0,23c1,0,0,00cf0227010bfeee,1,0,40f003f8,0,1,0,ffdffe21fc4bfc82,1,0,"Active","Active","Active","Active","Active","Inactive","Inactive","Active","_","Active","Stream Beat","Stream Beat","Stream Beat","Stream Beat","Stream Beat","No Streams","No Streams","Stream Beat","_","Stream Beat"
88,88,0,0,0,0,00000004,01f00008fe40fea9,03f8,1d96,1,0,3f8b2fde,1,0,fd1b01f0fbee0008fd34fe40ff67fea9,1,1,0,1e5d0a171e5d0a171e5d0a171e5d0a17,1,0,00000000000000000000000000000000,1,0,23c1,0,0,0,23c1,0,0,01f00008fe40fea9,1,0,40f003f8,0,1,0,fd1bfbeefd34ff67,1,0,"Active","Active","Active","Active","Active","Inactive","Inactive","Active","_","Active","Stream Beat","Stream Beat","Stream Beat","Stream Beat","Stream Beat","No Streams","No Streams","Stream Beat","_","Stream Beat"
89,89,0,0,0,0,00000004,ff0bfe32ffa601a5,03f8,235c,1,0,3fa9201a,1,0,fc3fff0bfe5efe32ffefffa6ff4901a5,1,1,0,1e5d0a171e5d0a171e5d0a171e5d0a17,1,0,00000000000000000000000000000000,1,0,23c1,0,0,0,23c1,0,0,ff0bfe32ffa601a5,1,0,40f003f8,0,1,0,fc3ffe5effefff49,1,0,"Active","Active","Active","Active","Active","Inactive","Inactive","Active","_","Active","Stream Beat","Stream Beat","Stream Beat","Stream Beat","Stream Beat","No Streams","No Streams","Stream Beat","_","Stream Beat"
90,90,0,0,0,0,00000004,fe82009f02120132,03f8,2342,1,0,3f6c102e,1,0,ff3cfe82ffee009ffe5d0212fc580132,1,1,0,1e5d0a171e5d0a171e5d0a171e5d0a17,1,0,00000000000000000000000000000000,1,0,23c1,0,0,0,23c1,0,0,fe82009f02120132,1,0,40f003f8,0,1,0,ff3cffeefe5dfc58,1,0,"Active","Active","Active","Active","Active","Inactive","Inactive","Active","_","Active","Stream Beat","Stream Beat","Stream Beat","Stream Beat","Stream Beat","No Streams","No Streams","Stream Beat","_","Stream Beat"
91,91,0,0,0,0,00000004,018f0200003afe55,03f8,2349,1,0,3f5a1fee,1,0,ff68018ffd410200fc04003afd18fe55,1,1,0,1e5d0a171e5d0a171e5d0a171e5d0a17,1,0,00000000000000000000000000000000,1,0,23c1,0,0,0,23c1,0,0,018f0200003afe55,1,0,40f003f8,0,1,0,ff68fd41fc04fd18,1,0,"Active","Active","Active","Active","Active","Inactive","Inactive","Active","_","Active","Stream Beat","Stream Beat","Stream Beat","Stream Beat","Stream Beat","No Streams","No Streams","Stream Beat","_","Stream Beat"
92,92,0,0,0,0,00000004,0165ff2afe1dff6b,03f8,2363,1,0,3f9d2fe8,1,0,fc630165fc1cff2afe1bfe1dffe1ff6b,1,1,0,1e5d0a171e5d0a171e5d0a171e5d0a17,1,0,00000000000000000000000000000000,1,0,23c1,0,0,0,23c1,0,0,0165ff2afe1dff6b,1,0,40f003f8,0,1,0,fc63fc1cfe1bffe1,1,0,"Active","Active","Active","Active","Active","Inactive","Inactive","Active","_","Active","Stream Beat","Stream Beat","Stream Beat","Stream Beat","Stream Beat","No Streams","No Streams","Stream Beat","_","Stream Beat"
93,93,0,0,0,0,00000004,fe72fe67006f0202,03f8,2354,1,0,3f9d1026,1,0,fd09fe72ff0ffe67ffff006ffe840202,1,1,0,1e5d0a171e5d0a171e5d0a171e5d0a17,1,0,00000000000000000000000000000000,1,0,23c1,0,0,0,23c1,0,0,fe72fe67006f0202,1,0,40f003f8,0,1,0,fd09ff0ffffffe84,1,0,"Active","Active","Active","Active","Active","Inactive","Inactive","Active","_","Active","Stream Beat","Stream Beat","Stream Beat","Stream Beat","Stream Beat","No Streams","No Streams","Stream Beat","_","Stream Beat"
94,94,0,0,0,0,00000004,ff3e01720221006c,03f8,2a46,1,0,3f5c1021,1,0,ffcaff3eff8a0172fd4f0221fc0c006c,1,1,0,1e5d0a171e5d0a171e5d0a171e5d0a17,1,0,00000000000000000000000000000000,1,0,23c1,0,0,0,23c1,0,0,ff3e01720221006c,1,0,40f003f8,0,1,0,ffcaff8afd4ffc0c,1,0,"Active","Active","Active","Active","Active","Inactive","Inactive","Active","_","Active","Stream Beat","Stream Beat","Stream Beat","Stream Beat","Stream Beat","No Streams","No Streams","Stream Beat","_","Stream Beat"
95,95,0,0,0,0,00000004,01f6017dff5efe20,03f8,2352,1,0,3f672fe1,1,0,feb701f6fc8a017dfc26ff5efdf7fe20,1,1,0,1e5d0a171e5d0a171e5d0a171e5d0a17,1,0,00000000000000000000000000000000,1,0,23c1,0,0,0,23c1,0,0,01f6017dff5efe20,1,0,40f003f8,0,1,0,feb7fc8afc26fdf7,1,0,"Active","Active","Active","Active","Active","Inactive","Inactive","Active","_","Active","Stream Beat","Stream Beat","Stream Beat","Stream Beat","Stream Beat","No Streams","No Streams","Stream Beat","_","Stream Beat"
96,96,0,0,0,0,00000004,0090fe83fe5f006b,03f8,1d9c,1,0,3fa91ff4,1,0,fc120090fcbcfe83fefcfe5ffffb006b,1,1,0,1e5d0a171e5d0a171e5d0a171e5d0a17,1,0,00000000000000000000000000000000,1,0,23c1,0,0,0,23c1,0,0,0090fe83fe5f006b,1,0,40f003f8,0,1,0,fc12fcbcfefcfffb,1,0,"Active","Active","Active","Active","Active","Inactive","Inactive","Active","_","Active","Stream Beat","Stream Beat","Stream Beat","Stream Beat","Stream Beat","No Streams","No Streams","Stream Beat","_","Stream Beat"
97,97,0,0,0,0,00000004,fe30ff2d01570223,03f8,2a51,1,0,3f8a1033,1,0,fdd7fe30ffbfff2dff9d0157fd930223,1,1,0,1e5d0a171e5d0a171e5d0a171e5d0a17,1,0,00000000000000000000000000000000,1,0,23c1,0,0,0,23c1,0,0,fe30ff2d01570223,1,0,40f003f8,0,1,0,fdd7ffbfff9dfd93,1,0,"Active","Active","Active","Active","Active","Inactive","Inactive","Active","_","Active","Stream Beat","Stream Beat","Stream Beat","Stream Beat","Stream Beat","No Streams","No Streams","Stream Beat","_","Stream Beat"
98,98,0,0,0,0,00000004,001d01ec01a4ff88,03f8,2a47,1,0,3f55200f,1,0,fffa001dfee101ecfc9501a4fc00ff88,1,1,0,1e5d0a171e5d0a171e5d0a171e5d0a17,1,0,00000000000000000000000000000000,1,0,23c1,0,0,0,23c1,0,0,001d01ec01a4ff88,1,0,40f003f8,0,1,0,fffafee1fc95fc00,1,0,"Active","Active","Active","Active","Active","Inactive","Inactive","Active","_","Active","Stream Beat","Stream Beat","Stream Beat","Stream Beat","Stream Beat","No Streams","No Streams","Stream Beat","_","Stream Beat"
99,99,0,0,0,0,00000004,023100c5fea7fe41,03f8,1d8f,1,0,3f7c1fdd,1,0,fdb70231fbf100c5fca4fea7fecffe41,1,1,0,1e5d0a171e5d0a171e5d0a171e5d0a17,1,0,00000000000000000000000000000000,1,0,23c1,0,0,0,23c1,0,0,023100c5fea7fe41,1,0,40f003f8,0,1,0,fdb7fbf1fca4fecf,1,0,"Active","Active","Active","Active","Active","Inactive","Inactive","Active","_","Active","Stream Beat","Stream Beat","Stream Beat","Stream Beat","Stream Beat","No Streams","No Streams","Stream Beat","_","Stream Beat"
100,100,0,0,0,0,00000004,ffb3fe1fff06011a,03f8,2360,1,0,3fac200d,1,0,fc02ffb3fd8cfe1fffa4ff06ffbf011a,1,1,0,1e5d0a171e5d0a171e5d0a171e5d0a17,1,0,00000000000000000000000000000000,1,0,23c1,0,0,0,23c1,0,0,ffb3fe1fff06011a,1,0,40f003f8,0,1,0,fc02fd8cffa4ffbf,1,0,"Active","Active","Active","Active","Active","Inactive","Inactive","Active","_","Active","Stream Beat","Stream Beat","Stream Beat","Stream Beat","Stream Beat","No Streams","No Streams","Stream Beat","_","Stream Beat"
101,101,0,0,0,0,00000004,fe2affe301f801c0,03f8,2a48,1,0,3f771033,1,0,fea1fe2afff8ffe3fef301f8fcc501c0,1,1,0,1e5d0a171e5d0a171e5d0a171e5d0a17,1,0,00000000000000000000000000000000,1,0,23c1,0,0,0,23c1,0,0,fe2affe301f801c0,1,0,40f003f8,0,1,0,fea1fff8fef3fcc5,1,0,"Active","Active","Active","Active","Active","Inactive","Inactive","Active","_","Active","Stream Beat","Stream Beat","Stream Beat","Stream Beat","Stream Beat","No Streams","No Streams","Stream Beat","_","Stream Beat"
102,102,0,0,0,0,00000004,0104022d00e4fecb,03f8,2344,1,0,3f511ffd,1,0,ffc50104fdfb022dfc1900e4fc80fecb,1,1,0,1e5d0a171e5d0a171e5d0a171e5d0a17,1,0,00000000000000000000000000000000,1,0,23c1,0,0,0,23c1,0,0,0104022d00e4fecb,1,0,40f003f8,0,1,0,ffc5fdfbfc19fc80,1,0,"Active","Active","Active","Active","Active","Inactive","Inactive","Active","_","Active","Stream Beat","Stream Beat","Stream Beat","Stream Beat","Stream Beat","No Streams","No Streams","Stream Beat","_","Stream Beat"
103,103,0,0,0,0,00000004,01d4ffd9fe42fed6,03f8,2361,1,0,3f8f2fdf,1,0,fd0101d4fbfbffd9fd6ffe42ff90fed6,1,1,0,1e5d0a171e5d0a171e5d0a171e5d0a17,1,0,00000000000000000000000000000000,1,0,23c1,0,0,0,23c1,0,0,01d4ffd9fe42fed6,1,0,40f003f8,0,1,0,fd01fbfbfd6fff90,1,0,"Active","Active","Active","Active","Active","Inactive","Inactive","Active","_","Active","Stream Beat","Stream Beat","Stream Beat","Stream Beat","Stream Beat","No Streams","No Streams","Stream Beat","_","Stream Beat"
104,104,0,0,0,0,00000004,fee5fe1affca01c2,03f8,235a,1,0,3fa5201c,1,0,fc4cfee5fe6efe1afff8ffcaff2501c2,1,1,0,1e5d0a171e5d0a171e5d0a171e5d0a17,1,0,00000000000000000000000000000000,1,0,23c1,0,0,0,23c1,0,0,fee5fe1affca01c2,1,0,40f003f8,0,1,0,fc4cfe6efff8ff25,1,0,"Active","Active","Active","Active","Active","Inactive","Inactive","Active","_","Active","Stream Beat","Stream Beat","Stream Beat","Stream Beat","Stream Beat","No Streams","No Streams","Stream Beat","_","Stream Beat"
105,105,0,0,0,0,00000004,fea300b9020f0106,03f8,1f32,1,0,3f65102e,1,0,ff65fea3ffdf00b9fe3d020ffc4f0106,1,1,0,1e5d0a171e5d0a171e5d0a171e5d0a17,1,0,00000000000000000000000000000000,1,0,23c1,0,0,0,23c1,0,0,fea300b9020f0106,1,0,40f003f8,0,1,0,ff65ffdffe3dfc4f,1,0,"Active","Active","Active","Active","Active","Inactive","Inactive","Active","_","Active","Stream Beat","Stream Beat","Stream Beat","Stream Beat","Stream Beat","No Streams","No Streams","Stream Beat","_","Stream Beat"
106,106,0,0,0,0,00000004,01ba01f8000afe45,03f8,234c,1,0,3f5f2fec,1,0,ff3f01bafd1001f8fbfd000afd3bfe45,1,1,0,1e5d0a171e5d0a171e5d0a171e5d0a17,1,0,00000000000000000000000000000000,1,0,23c1,0,0,0,23c1,0,0,01ba01f8000afe45,1,0,40f003f8,0,1,0,ff3ffd10fbfdfd3b,1,0,"Active","Active","Active","Active","Active","Inactive","Inactive","Active","_","Active","Stream Beat","Stream Beat","Stream Beat","Stream Beat","Stream Beat","No Streams","No Streams","Stream Beat","_","Stream Beat"
107,107,0,0,0,0,00000004,0139ff0afe34ff94,03f8,1d9a,1,0,3f9d2fe8,1,0,fc530139fc46ff0afe57fe34ffefff94,1,1,0,1e5d0a171e5d0a171e5d0a171e5d0a17,1,0,00000000000000000000000000000000,1,0,23c1,0,0,0,23c1,0,0,0139ff0afe34ff94,1,0,40f003f8,0,1,0,fc53fc46fe57ffef,1,0,"Active","Active","Active","Active","Active","Inactive","Inactive","Active","_","Active","Stream Beat","Stream Beat","Stream Beat","Stream Beat","Stream Beat","No Streams","No Streams","Stream Beat","_","Stream Beat"
108,108,0,0,0,0,00000004,fe57fe9800960211,03f8,2352,1,0,3f9d1027,1,0,fd0efe57ff4afe98ffee0096fe5e0211,1,1,0,1e5d0a171e5d0a171e5d0a171e5d0a17,1,0,00000000000000000000000000000000,1,0,23c1,0,0,0,23c1,0,0,fe57fe9800960211,1,0,40f003f8,0,1,0,fd0eff4affeefe5e,1,0,"Active","Active","Active","Active","Active","Inactive","Inactive","Active","_","Active","Stream Beat","Stream Beat","Stream Beat","Stream Beat","Stream Beat","No Streams","No Streams","Stream Beat","_","Stream Beat"
109,109,0,0,0,0,00000004,ff5f017501f80036,03f8,2a45,1,0,3f581020,1,0,ffddff5fff710175fd5401f8fc050036,1,1,0,1e5d0a171e5d0a171e5d0a171e5d0a17,1,0,00000000000000000000000000000000,1,0,23c1,0,0,0,23c1,0,0,ff5f017501f80036,1,0,40f003f8,0,1,0,ffddff71fd54fc05,1,0,"Active","Active","Active","Active","Active","Inactive","Inactive","Active","_","Active","Stream Beat","Stream Beat","Stream Beat","Stream Beat","Stream Beat","No Streams","No Streams","Stream Beat","_","Stream Beat"
110,110,0,0,0,0,00000004,021b0151ff30fe18,03f8,2353,1,0,3f6d2fe0,1,0,fe82021bfc7f0151fc13ff30fe1afe18,1,1,0,1e5d0a171e5d0a171e5d0a171e5d0a17,1,0,00000000000000000000000000000000,1,0,23c1,0,0,0,23c1,0,0,021b0151ff30fe18,1,0,40f003f8,0,1,0,fe82fc7ffc13fe1a,1,0,"Active","Active","Active","Active","Active","Inactive","Inactive","Active","_","Active","Stream Beat","Stream Beat","Stream Beat","Stream Beat","Stream Beat","No Streams","No Streams","Stream Beat","_","Stream Beat"
111,111,0,0,0,0,00000004,006cfe76fe76008c,03f8,1d9b,1,0,3faa1ff9,1,0,fbff006cfcfdfe76ff23fe76fff1008c,1,1,0,1e5d0a171e5d0a171e5d0a171e5d0a17,1,0,00000000000000000000000000000000,1,0,23c1,0,0,0,23c1,0,0,006cfe76fe76008c,1,0,40f003f8,0,1,0,fbfffcfdff23fff1,1,0,"Active","Active","Active","Active","Active","Inactive","Inactive","Active","_","Active","Stream Beat","Stream Beat","Stream Beat","Stream Beat","Stream Beat","No Streams","No Streams","Stream Beat","_","Stream Beat"
112,112,0,0,0,0,00000004,fe14ff29015a0207,03f8,2a4f,1,0,3f8a1030,1,0,fdf5fe14ffbaff29ff9a015afd6e0207,1,1,0,1e5d0a171e5d0a171e5d0a171e5d0a17,1,0,00000000000000000000000000000000,1,0,23c1,0,0,0,23c1,0,0,fe14ff29015a0207,1,0,40f003f8,0,1,0,fdf5ffbaff9afd6e,1,0,"Active","Active","Active","Active","Active","Inactive","Inactive","Active","_","Active","Stream Beat","Stream Beat","Stream Beat","Stream Beat","Stream Beat","No Streams","No Streams","Stream Beat","_","Stream Beat"
113,113,0,0,0,0,00000004,004e0214017dff63,03f8,2a49,1,0,3f52200b,1,0,0000004efea20214fc89017dfc14ff63,1,1,0,1e5d0a171e5d0a171e5d0a171e5d0a17,1,0,00000000000000000000000000000000,1,0,23c1,0,0,0,23c1,0,0,004e0214017dff63,1,0,40f003f8,0,1,0,0000fea2fc89fc14,1,0,"Active","Active","Active","Active","Active","Inactive","Inactive","Active","_","Active","Stream Beat","Stream Beat","Stream Beat","Stream Beat","Stream Beat","No Streams","No Streams","Stream Beat","_","Stream Beat"
114,114,0,0,0,0,00000004,0218009bfe7cfe54,03f8,1d91,1,0,3f811fde,1,0,fd980218fc00009bfcbbfe7cfeecfe54,1,1,0,1e5d0a171e5d0a171e5d0a171e5d0a17,1,0,00000000000000000000000000000000,1,0,23c1,0,0,0,23c1,0,0,0218009bfe7cfe54,1,0,40f003f8,0,1,0,fd98fc00fcbbfeec,1,0,"Active","Active","Active","Active","Active","Inactive","Inactive","Active","_","Active","Stream Beat","Stream Beat","Stream Beat","Stream Beat","Stream Beat","No Streams","No Streams","Stream Beat","_","Stream Beat"
115,115,0,0,0,0,00000004,ff8afe2bff17016e,03f8,2361,1,0,3fab2009,1,0,fc21ff8afdd1fe2bffb4ff17ff9e016e,1,1,0,1e5d0a171e5d0a171e5d0a171e5d0a17,1,0,00000000000000000000000000000000,1,0,23c1,0,0,0,23c1,0,0,ff8afe2bff17016e,1,0,40f003f8,0,1,0,fc21fdd1ffb4ff9e,1,0,"Active","Active","Active","Active","Active","Inactive","Inactive","Active","_","Active","Stream Beat","Stream Beat","Stream Beat","Stream Beat","Stream Beat","No Streams","No Streams","Stream Beat","_","Stream Beat"
116,116,0,0,0,0,00000004,fe40001601d90195,03f8,2a46,1,0,2f731034,1,0,fec7fe4000010016fee401d9fcc60195,1,1,0,1e5d0a171e5d0a171e5d0a171e5d0a17,1,0,00000000000000000000000000000000,1,0,23c1,0,0,0,23c1,0,0,fe40001601d90195,1,0,40f003f8,0,1,0,fec70001fee4fcc6,1,0,"Active","Active","Active","Active","Active","Inactive","Inactive","Active","_","Active","Stream Beat","Stream Beat","Stream Beat","Stream Beat","Stream Beat","No Streams","No Streams","Stream Beat","_","Stream Beat"
117,117,0,0,0,0,00000004,0139022700c0fea9,03f8,2345,1,0,3f531ff8,1,0,ffb70139fdc40227fc1700c0fcb0fea9,1,1,0,1e5d0a171e5d0a171e5d0a171e5d0a17,1,0,00000000000000000000000000000000,1,0,23c1,0,0,0,23c1,0,0,0139022700c0fea9,1,0,40f003f8,0,1,0,ffb7fdc4fc17fcb0,1,0,"Active","Active","Active","Active","Active","Inactive","Inactive","Active","_","Active","Stream Beat","Stream Beat","Stream Beat","Stream Beat","Stream Beat","No Streams","No Streams","Stream Beat","_","Stream Beat"
118,118,0,0,0,0,00000004,01b5ffb6fe27feeb,03f8,2361,1,0,3f942fe3,1,0,fcd901b5fbf9ffb6fd97fe27ff9afeeb,1,1,0,1e5d0a171e5d0a171e5d0a171e5d0a17,1,0,00000000000000000000000000000000,1,0,23c1,0,0,0,23c1,0,0,01b5ffb6fe27feeb,1,0,40f003f8,0,1,0,fcd9fbf9fd97ff9a,1,0,"Active","Active","Active","Active","Active","Inactive","Inactive","Active","_","Active","Stream Beat","Stream Beat","Stream Beat","Stream Beat","Stream Beat","No Streams","No Streams","Stream Beat","_","Stream Beat"
119,119,0,0,0,0,00000004,fec8fe39000701c5,03f8,2357,1,0,2fa7101c,1,0,fc8dfec8fea5fe39fffe0007ff0f01c5,1,1,0,1e5d0a171e5d0a171e5d0a171e5d0a17,1,0,00000000000000000000000000000000,1,0,23c1,0,0,0,23c1,0,0,fec8fe39000701c5,1,0,40f003f8,0,1,0,fc8dfea5fffeff0f,1,0,"Active","Active","Active","Active","Active","Inactive","Inactive","Active","_","Active","Stream Beat","Stream Beat","Stream Beat","Stream Beat","Stream Beat","No Streams","No Streams","Stream Beat","_","Stream Beat"
120,120,0,0,0,0,00000004,fecd0106021900ed,03f8,2a44,1,0,3f64102c,1,0,ff7ffecdffd10106fdff0219fc2600ed,1,1,0,1e5d0a171e5d0a171e5d0a171e5d0a17,1,0,00000000000000000000000000000000,1,0,23c1,0,0,0,23c1,0,0,fecd0106021900ed,1,0,40f003f8,0,1,0,ff7fffd1fdfffc26,1,0,"Active","Active","Active","Active","Active","Inactive","Inactive","Active","_","Active","Stream Beat","Stream Beat","Stream Beat","Stream Beat","Stream Beat","No Streams","No Streams","Stream Beat","_","Stream Beat"
121,121,0,0,0,0,00000004,01dd01e4ffe3fe23,03f8,234b,1,0,3f602fe7,1,0,ff1b01ddfcdd01e4fbedffe3fd55fe23,1,1,0,1e5d0a171e5d0a171e5d0a171e5d0a17,1,0,00000000000000000000000000000000,1,0,23c1,0,0,0,23c1,0,0,01dd01e4ffe3fe23,1,0,40f003f8,0,1,0,ff1bfcddfbedfd55,1,0,"Active","Active","Active","Active","Active","Inactive","Inactive","Active","_","Active","Stream Beat","Stream Beat","Stream Beat","Stream Beat","Stream Beat","No Streams","No Streams","Stream Beat","_","Stream Beat"
122,122,0,0,0,0,00000004,011dfeeafe1effc3,03f8,1d9b,1,0,3fa31fec,1,0,fc23011dfc6ffeeafe6bfe1efff7ffc3,1,1,0,1e5d0a171e5d0a171e5d0a171e5d0a17,1,0,00000000000000000000000000000000,1,0,23c1,0,0,0,23c1,0,0,011dfeeafe1effc3,1,0,40f003f8,0,1,0,fc23fc6ffe6bfff7,1,0,"Active","Active","Active","Active","Active","Inactive","Inactive","Active","_","Active","Stream Beat","Stream Beat","Stream Beat","Stream Beat","Stream Beat","No Streams","No Streams","Stream Beat","_","Stream Beat"
123,123,0,0,0,0,00000004,fe39fe8c00b40214,03f8,2350,1,0,3f97102d,1,0,fd31fe39ff50fe8cffe900b4fe2e0214,1,1,0,1e5d0a171e5d0a171e5d0a171e5d0a17,1,0,00000000000000000000000000000000,1,0,23c1,0,0,0,23c1,0,0,fe39fe8c00b40214,1,0,40f003f8,0,1,0,fd31ff50ffe9fe2e,1,0,"Active","Active","Active","Active","Active","Inactive","Inactive","Active","_","Active","Stream Beat","Stream Beat","Stream Beat","Stream Beat","Stream Beat","No Streams","No Streams","Stream Beat","_","Stream Beat"
124,124,0,0,0,0,00000004,ff8901aa01f20010,03f8,2a44,1,0,3f53201c,1,0,fff1ff89ff4601aafd1801f2fc090010,1,1,0,1e5d0a171e5d0a171e5d0a171e5d0a17,1,0,00000000000000000000000000000000,1,0,23c1,0,0,0,23c1,0,0,ff8901aa01f20010,1,0,40f003f8,0,1,0,fff1ff46fd18fc09,1,0,"Active","Active","Active","Active","Active","Inactive","Inactive","Active","_","Active","Stream Beat","Stream Beat","Stream Beat","Stream Beat","Stream Beat","No Streams","No Streams","Stream Beat","_","Stream Beat"
125,125,0,0,0,0,00000004,022f0152ff02fe1a,03f8,1d8b,1,0,3f6f2fde,1,0,fe3d022ffc270152fc43ff02fe37fe1a,1,1,0,1e5d0a171e5d0a171e5d0a171e5d0a17,1,0,00000000000000000000000000000000,1,0,23c1,0,0,0,23c1,0,0,022f0152ff02fe1a,1,0,40f003f8,0,1,0,fe3dfc27fc43fe37,1,0,"Active","Active","Active","Active","Active","Inactive","Inactive","Active","_","Active","Stream Beat","Stream Beat","Stream Beat","Stream Beat","Stream Beat","No Streams","No Streams","Stream Beat","_","Stream Beat"
126,126,0,0,0,0,00000004,0037fe5afe930087,03f8,1d9b,1,0,3fa91ff8,1,0,fbf20037fd11fe5aff44fe93fff50087,1,1,0,1e5d0a171e5d0a171e5d0a171e5d0a17,1,0,00000000000000000000000000000000,1,0,23c1,0,0,0,23c1,0,0,0037fe5afe930087,1,0,40f003f8,0,1,0,fbf2fd11ff44fff5,1,0,"Active","Active","Active","Active","Active","Inactive","Inactive","Active","_","Active","Stream Beat","Stream Beat","Stream Beat","Stream Beat","Stream Beat","No Streams","No Streams","Stream Beat","_","Stream Beat"
127,127,0,0,0,0,00000004,fe2cff72017f0204,03f8,2a4e,1,0,3f851033,1,0,fe24fe2cffe5ff72ff6a017ffd4b0204,1,1,0,1e5d0a171e5d0a171e5d0a171e5d0a17,1,0,00000000000000000000000000000000,1,0,23c1,0,0,0,23c1,0,0,fe2cff72017f0204,1,0,40f003f8,0,1,0,fe24ffe5ff6afd4b,1,0,"Active","Active","Active","Active","Active","Inactive","Inactive","Active","_","Active","Stream Beat","Stream Beat","Stream Beat","Stream Beat","Stream Beat","No Streams","No Streams","Stream Beat","_","Stream Beat"
128,128,0,0,0,0,00000004,006d02170163ff31,03f8,2a49,1,0,3f4d2009,1,0,fff9006dfe7b0217fc6c0163fc2fff31,1,1,0,1e5d0a171e5d0a171e5d0a171e5d0a17,1,0,00000000000000000000000000000000,1,0,23c1,0,0,0,23c1,0,0,006d02170163ff31,1,0,40f003f8,0,1,0,fff9fe7bfc6cfc2f,1,0,"Active","Active","Active","Active","Active","Inactive","Inactive","Active","_","Active","Stream Beat","Stream Beat","Stream Beat","Stream Beat","Stream Beat","No Streams","No Streams","Stream Beat","_","Stream Beat"
129,129,0,0,0,0,00000004,02070066fe72fe62,03f8,1d92,1,0,3f831fda,1,0,fd7e0207fc0a0066fceffe72ff14fe62,1,1,0,1e5d0a171e5d0a171e5d0a171e5d0a17,1,0,00000000000000000000000000000000,1,0,23c1,0,0,0,23c1,0,0,02070066fe72fe62,1,0,40f003f8,0,1,0,fd7efc0afcefff14,1,0,"Active","Active","Active","Active","Active","Inactive","Inactive","Active","_","Active","Stream Beat","Stream Beat","Stream Beat","Stream Beat","Stream Beat","No Streams","No Streams","Stream Beat","_","Stream Beat"
130,130,0,0,0,0,00000004,ff65fe27ff3a0153,03f8,235f,1,0,3fab2012,1,0,fc21ff65fe00fe27ffc8ff3aff920153,1,1,0,1e5d0a171e5d0a171e5d0a171e5d0a17,1,0,00000000000000000000000000000000,1,0,23c1,0,0,0,23c1,0,0,ff65fe27ff3a0153,1,0,40f003f8,0,1,0,fc21fe00ffc8ff92,1,0,"Active","Active","Active","Active","Active","Inactive","Inactive","Active","_","Active","Stream Beat","Stream Beat","Stream Beat","Stream Beat","Stream Beat","No Streams","No Streams","Stream Beat","_","Stream Beat"
131,131,0,0,0,0,00000004,fe55004a02110183,03f8,2a48,1,0,3f701031,1,0,fef5fe55fff9004afead0211fc790183,1,1,0,1e5d0a171e5d0a171e5d0a171e5d0a17,1,0,00000000000000000000000000000000,1,0,23c1,0,0,0,23c1,0,0,fe55004a02110183,1,0,40f003f8,0,1,0,fef5fff9feadfc79,1,0,"Active","Active","Active","Active","Active","Inactive","Inactive","Active","_","Active","Stream Beat","Stream Beat","Stream Beat","Stream Beat","Stream Beat","No Streams","No Streams","Stream Beat","_","Stream Beat"
132,132,0,0,0,0,00000004,012701ff0094fe8c,03f8,2346,1,0,3f581ff4,1,0,ffae0127fdbe01fffc130094fcc9fe8c,1,1,0,1e5d0a171e5d0a171e5d0a171e5d0a17,1,0,00000000000000000000000000000000,1,0,23c1,0,0,0,23c1,0,0,012701ff0094fe8c,1,0,40f003f8,0,1,0,ffaefdbefc13fcc9,1,0,"Active","Active","Active","Active","Active","Inactive","Inactive","Active","_","Active","Stream Beat","Stream Beat","Stream Beat","Stream Beat","Stream Beat","No Streams","No Streams","Stream Beat","_","Stream Beat"
133,133,0,0,0,0,00000004,019eff8bfe20ff2e,03f8,2362,1,0,3f972fe1,1,0,fcb0019efc1aff8bfdc0fe20ffbfff2e,1,1,0,1e5d0a171e5d0a171e5d0a171e5d0a17,1,0,00000000000000000000000000000000,1,0,23c1,0,0,0,23c1,0,0,019eff8bfe20ff2e,1,0,40f003f8,0,1,0,fcb0fc1afdc0ffbf,1,0,"Active","Active","Active","Active","Active","Inactive","Inactive","Active","_","Active","Stream Beat","Stream Beat","Stream Beat","Stream Beat","Stream Beat","No Streams","No Streams","Stream Beat","_","Stream Beat"
134,134,0,0,0,0,00000004,feb0fe3b001401fe,03f8,2359,1,0,3fa11023,1,0,fcb5feb0fec8fe3bfffc0014fed401fe,1,1,0,1e5d0a171e5d0a171e5d0a171e5d0a17,1,0,00000000000000000000000000000000,1,0,23c1,0,0,0,23c1,0,0,feb0fe3b001401fe,1,0,40f003f8,0,1,0,fcb5fec8fffcfed4,1,0,"Active","Active","Active","Active","Active","Inactive","Inactive","Active","_","Active","Stream Beat","Stream Beat","Stream Beat","Stream Beat","Stream Beat","No Streams","No Streams","Stream Beat","_","Stream Beat"
135,135,0,0,0,0,00000004,fee9012e021300bf,03f8,27bb,1,0,3f641024,1,0,ff98fee9ffbc012efdd80213fc2600bf,1,1,0,1e5d0a171e5d0a171e5d0a171e5d0a17,1,0,00000000000000000000000000000000,1,0,23c1,0,0,0,23c1,0,0,fee9012e021300bf,1,0,40f003f8,0,1,0,ff98ffbcfdd8fc26,1,0,"Active","Active","Active","Active","Active","Inactive","Inactive","Active","_","Active","Stream Beat","Stream Beat","Stream Beat","Stream Beat","Stream Beat","No Streams","No Streams","Stream Beat","_","Stream Beat"
136,136,0,0,0,0,00000004,01de01bfffb8fe19,03f8,234e,1,0,3f642fe7,1,0,ff0301defccb01bffc0effb8fd82fe19,1,1,0,1e5d0a171e5d0a171e5d0a171e5d0a17,1,0,00000000000000000000000000000000,1,0,23c1,0,0,0,23c1,0,0,01de01bfffb8fe19,1,0,40f003f8,0,1,0,ff03fccbfc0efd82,1,0,"Active","Active","Active","Active","Active","Inactive","Inactive","Active","_","Active","Stream Beat","Stream Beat","Stream Beat","Stream Beat","Stream Beat","No Streams","No Streams","Stream Beat","_","Stream Beat"
137,137,0,0,0,0,00000004,00e2fecbfe32ffde,03f8,1d9b,1,0,3fa41fef,1,0,fc3e00e2fc80fecbfea2fe32fff9ffde,1,1,0,1e5d0a171e5d0a171e5d0a171e5d0a17,1,0,00000000000000000000000000000000,1,0,23c1,0,0,0,23c1,0,0,00e2fecbfe32ffde,1,0,40f003f8,0,1,0,fc3efc80fea2fff9,1,0,"Active","Active","Active","Active","Active","Inactive","Inactive","Active","_","Active","Stream Beat","Stream Beat","Stream Beat","Stream Beat","Stream Beat","No Streams","No Streams","Stream Beat","_","Stream Beat"
138,138,0,0,0,0,00000004,fe28fed201070235,03f8,27d4,1,0,3f95102e,1,0,fd5afe28ff83fed2ffce0107fdee0235,1,1,0,1e5d0a171e5d0a171e5d0a171e5d0a17,1,0,00000000000000000000000000000000,1,0,23c1,0,0,0,23c1,0,0,fe28fed201070235,1,0,40f003f8,0,1,0,fd5aff83ffcefdee,1,0,"Active","Active","Active","Active","Active","Inactive","Inactive","Active","_","Active","Stream Beat","Stream Beat","Stream Beat","Stream Beat","Stream Beat","No Streams","No Streams","Stream Beat","_","Stream Beat"
139,139,0,0,0,0,00000004,ffc401c101d1ffe7,03f8,2a45,1,0,3f552016,1,0,fff2ffc4ff2f01c1fcf901d1fbfcffe7,1,1,0,1e5d0a171e5d0a171e5d0a171e5d0a17,1,0,00000000000000000000000000000000,1,0,23c1,0,0,0,23c1,0,0,ffc401c101d1ffe7,1,0,40f003f8,0,1,0,fff2ff2ffcf9fbfc,1,0,"Active","Active","Active","Active","Active","Inactive","Inactive","Active","_","Active","Stream Beat","Stream Beat","Stream Beat","Stream Beat","Stream Beat","No Streams","No Streams","Stream Beat","_","Stream Beat"
140,140,0,0,0,0,00000004,02270111fef3fe2e,03f8,1d8d,1,0,3f752fdb,1,0,fe290227fc380111fc74fef3fe7ffe2e,1,1,0,1e5d0a171e5d0a171e5d0a171e5d0a17,1,0,00000000000000000000000000000000,1,0,23c1,0,0,0,23c1,0,0,02270111fef3fe2e,1,0,40f003f8,0,1,0,fe29fc38fc74fe7f,1,0,"Active","Active","Active","Active","Active","Inactive","Inactive","Active","_","Active","Stream Beat","Stream Beat","Stream Beat","Stream Beat","Stream Beat","No Streams","No Streams","Stream Beat","_","Stream Beat"
141,141,0,0,0,0,00000004,0013fe3bfe8c00cb,03f8,2363,1,0,3fa92003,1,0,fbe60013fd2efe3bff54fe8cffe000cb,1,1,0,1e5d0a171e5d0a171e5d0a171e5d0a17,1,0,00000000000000000000000000000000,1,0,23c1,0,0,0,23c1,0,0,0013fe3bfe8c00cb,1,0,40f003f8,0,1,0,fbe6fd2eff54ffe0,1,0,"Active","Active","Active","Active","Active","Inactive","Inactive","Active","_","Active","Stream Beat","Stream Beat","Stream Beat","Stream Beat","Stream Beat","No Streams","No Streams","Stream Beat","_","Stream Beat"
142,142,0,0,0,0,00000004,fe2aff94019d01e9,03f8,2a4b,1,0,3f812033,1,0,fe50fe2affebff94ff52019dfd2201e9,1,1,0,1e5d0a171e5d0a171e5d0a171e5d0a17,1,0,00000000000000000000000000000000,1,0,23c1,0,0,0,23c1,0,0,fe2aff94019d01e9,1,0,40f003f8,0,1,0,fe50ffebff52fd22,1,0,"Active","Active","Active","Active","Active","Inactive","Inactive","Active","_","Active","Stream Beat","Stream Beat","Stream Beat","Stream Beat","Stream Beat","No Streams","No Streams","Stream Beat","_","Stream Beat"
143,143,0,0,0,0,00000004,00b102230139ff0e,03f8,233f,1,0,3f552005,1,0,ffed00b1fe500223fc5d0139fc46ff0e,1,1,0,1e5d0a171e5d0a171e5d0a171e5d0a17,1,0,00000000000000000000000000000000,1,0,23c1,0,0,0,23c1,0,0,00b102230139ff0e,1,0,40f003f8,0,1,0,ffedfe50fc5dfc46,1,0,"Active","Active","Active","Active","Active","Inactive","Inactive","Active","_","Active","Stream Beat","Stream Beat","Stream Beat","Stream Beat","Stream Beat","No Streams","No Streams","Stream Beat","_","Stream Beat"
144,144,0,0,0,0,00000004,0214003bfe63fe84,03f8,1d94,1,0,3f841fda,1,0,fd390214fbe2003bfd20fe63ff3cfe84,1,1,0,1e5d0a171e5d0a171e5d0a171e5d0a17,1,0,00000000000000000000000000000000,1,0,23c1,0,0,0,23c1,0,0,0214003bfe63fe84,1,0,40f003f8,0,1,0,fd39fbe2fd20ff3c,1,0,"Active","Active","Active","Active","Active","Inactive","Inactive","Active","_","Active","Stream Beat","Stream Beat","Stream Beat","Stream Beat","Stream Beat","No Streams","No Streams","Stream Beat","_","Stream Beat"
145,145,0,0,0,0,00000004,ff2efe25ff49017e,03f8,235f,1,0,3faa2014,1,0,fc38ff2efe13fe25ffe1ff49ff69017e,1,1,0,1e5d0a171e5d0a171e5d0a171e5d0a17,1,0,00000000000000000000000000000000,1,0,23c1,0,0,0,23c1,0,0,ff2efe25ff49017e,1,0,40f003f8,0,1,0,fc38fe13ffe1ff69,1,0,"Active","Active","Active","Active","Active","Inactive","Inactive","Active","_","Active","Stream Beat","Stream Beat","Stream Beat","Stream Beat","Stream Beat","No Streams","No Streams","Stream Beat","_","Stream Beat"
146,146,0,0,0,0,00000004,fe5d005a021e016a,03f8,2a46,1,0,3f6e1031,1,0,ff0cfe5dffff005afe71021efc6e016a,1,1,0,1e5d0a171e5d0a171e5d0a171e5d0a17,1,0,00000000000000000000000000000000,1,0,23c1,0,0,0,23c1,0,0,fe5d005a021e016a,1,0,40f003f8,0,1,0,ff0cfffffe71fc6e,1,0,"Active","Active","Active","Active","Active","Inactive","Inactive","Active","_","Active","Stream Beat","Stream Beat","Stream Beat","Stream Beat","Stream Beat","No Streams","No Streams","Stream Beat","_","Stream Beat"
147,147,0,0,0,0,00000004,017702180065fe6e,03f8,2346,1,0,3f571ff3,1,0,ff7e0177fd720218fc140065fce6fe6e,1,1,0,1e5d0a171e5d0a171e5d0a171e5d0a17,1,0,00000000000000000000000000000000,1,0,23c1,0,0,0,23c1,0,0,017702180065fe6e,1,0,40f003f8,0,1,0,ff7efd72fc14fce6,1,0,"Active","Active","Active","Active","Active","Inactive","Inactive","Active","_","Active","Stream Beat","Stream Beat","Stream Beat","Stream Beat","Stream Beat","No Streams","No Streams","Stream Beat","_","Stream Beat"
148,148,0,0,0,0,00000004,0187ff56fe1cff3c,03f8,2364,1,0,3f992fe1,1,0,fc9a0187fc1aff56fdddfe1cffd5ff3c,1,1,0,1e5d0a171e5d0a171e5d0a171e5d0a17,1,0,00000000000000000000000000000000,1,0,23c1,0,0,0,23c1,0,0,0187ff56fe1cff3c,1,0,40f003f8,0,1,0,fc9afc1afdddffd5,1,0,"Active","Active","Active","Active","Active","Inactive","Inactive","Active","_","Active","Stream Beat","Stream Beat","Stream Beat","Stream Beat","Stream Beat","No Streams","No Streams","Stream Beat","_","Stream Beat"
149,149,0,0,0,0,00000004,fe83fe650052020e,03f8,2355,1,0,3f9e1023,1,0,fcb9fe83fef6fe6500040052fe9f020e,1,1,0,1e5d0a171e5d0a171e5d0a171e5d0a17,1,0,00000000000000000000000000000000,1,0,23c1,0,0,0,23c1,0,0,fe83fe650052020e,1,0,40f003f8,0,1,0,fcb9fef60004fe9f,1,0,"Active","Active","Active","Active","Active","Inactive","Inactive","Active","_","Active","Stream Beat","Stream Beat","Stream Beat","Stream Beat","Stream Beat","No Streams","No Streams","Stream Beat","_","Stream Beat"
150,150,0,0,0,0,00000004,ff03011a02090099,03f8,2a44,1,0,3f5e1026,1,0,ffb3ff03ffaf011afdb70209fc000099,1,1,0,1e5d0a171e5d0a171e5d0a171e5d0a17,1,0,00000000000000000000000000000000,1,0,23c1,0,0,0,23c1,0,0,ff03011a02090099,1,0,40f003f8,0,1,0,ffb3ffaffdb7fc00,1,0,"Active","Active","Active","Active","Active","Inactive","Inactive","Active","_","Active","Stream Beat","Stream Beat","Stream Beat","Stream Beat","Stream Beat","No Streams","No Streams","Stream Beat","_","Stream Beat"
151,151,0,0,0,0,00000004,01f401a2ff87fe28,03f8,2350,1,0,3f662fe3,1,0,fed901f4fcaf01a2fbf0ff87fdc4fe28,1,1,0,1e5d0a171e5d0a171e5d0a171e5d0a17,1,0,00000000000000000000000000000000,1,0,23c1,0,0,0,23c1,0,0,01f401a2ff87fe28,1,0,40f003f8,0,1,0,fed9fcaffbf0fdc4,1,0,"Active","Active","Active","Active","Active","Inactive","Inactive","Active","_","Active","Stream Beat","Stream Beat","Stream Beat","Stream Beat","Stream Beat","No Streams","No Streams","Stream Beat","_","Stream Beat"
152,152,0,0,0,0,00000004,00c7fe9efe33000f,03f8,1d9c,1,0,2fa51ff4,1,0,fc0f00c7fc89fe9efebffe33fffe000f,1,1,0,1e5d0a171e5d0a171e5d0a171e5d0a17,1,0,00000000000000000000000000000000,1,0,23c1,0,0,0,23c1,0,0,00c7fe9efe33000f,1,0,40f003f8,0,1,0,fc0ffc89febffffe,1,0,"Active","Active","Active","Active","Active","Inactive","Inactive","Active","_","Active","Stream Beat","Stream Beat","Stream Beat","Stream Beat","Stream Beat","No Streams","No Streams","Stream Beat","_","Stream Beat"
153,153,0,0,0,0,00000004,fe13fee3010c0221,03f8,2a51,1,0,3f91102b,1,0,fd7dfe13ff94fee3ffc6010cfdca0221,1,1,0,1e5d0a171e5d0a171e5d0a171e5d0a17,1,0,00000000000000000000000000000000,1,0,23c1,0,0,0,23c1,0,0,fe13fee3010c0221,1,0,40f003f8,0,1,0,fd7dff94ffc6fdca,1,0,"Active","Active","Active","Active","Active","Inactive","Inactive","Active","_","Active","Stream Beat","Stream Beat","Stream Beat","Stream Beat","Stream Beat","No Streams","No Streams","Stream Beat","_","Stream Beat"
154,154,0,0,0,0,00000004,ffe901e901b3ffbd,03f8,2a49,1,0,3f532014,1,0,fffaffe9ff0001e9fcdd01b3fc04ffbd,1,1,0,1e5d0a171e5d0a171e5d0a171e5d0a17,1,0,00000000000000000000000000000000,1,0,23c1,0,0,0,23c1,0,0,ffe901e901b3ffbd,1,0,40f003f8,0,1,0,fffaff00fcddfc04,1,0,"Active","Active","Active","Active","Active","Inactive","Inactive","Active","_","Active","Stream Beat","Stream Beat","Stream Beat","Stream Beat","Stream Beat","No Streams","No Streams","Stream Beat","_","Stream Beat"
155,155,0,0,0,0,00000004,022100f4fec5fe34,03f8,1d8e,1,0,3f751fda,1,0,fdf40221fc2600f4fc81fec5fe9dfe34,1,1,0,1e5d0a171e5d0a171e5d0a171e5d0a17,1,0,00000000000000000000000000000000,1,0,23c1,0,0,0,23c1,0,0,022100f4fec5fe34,1,0,40f003f8,0,1,0,fdf4fc26fc81fe9d,1,0,"Active","Active","Active","Active","Active","Inactive","Inactive","Active","_","Active","Stream Beat","Stream Beat","Stream Beat","Stream Beat","Stream Beat","No Streams","No Streams","Stream Beat","_","Stream Beat"
156,156,0,0,0,0,00000004,ffe9fe3cfeda00fa,03f8,2362,1,0,3faa2002,1,0,fc04ffe9fd7afe3cff7efedaffd900fa,1,1,0,1e5d0a171e5d0a171e5d0a171e5d0a17,1,0,00000000000000000000000000000000,1,0,23c1,0,0,0,23c1,0,0,ffe9fe3cfeda00fa,1,0,40f003f8,0,1,0,fc04fd7aff7effd9,1,0,"Active","Active","Active","Active","Active","Inactive","Inactive","Active","_","Active","Stream Beat","Stream Beat","Stream Beat","Stream Beat","Stream Beat","No Streams","No Streams","Stream Beat","_","Stream Beat"
157,157,0,0,0,0,00000004,fe0dffab01b401cf,03f8,2a4a,1,0,3f7d2034,1,0,fe58fe0dfff5ffabff3101b4fd0201cf,1,1,0,1e5d0a171e5d0a171e5d0a171e5d0a17,1,0,00000000000000000000000000000000,1,0,23c1,0,0,0,23c1,0,0,fe0dffab01b401cf,1,0,40f003f8,0,1,0,fe58fff5ff31fd02,1,0,"Active","Active","Active","Active","Active","Inactive","Inactive","Active","_","Active","Stream Beat","Stream Beat","Stream Beat","Stream Beat","Stream Beat","No Streams","No Streams","Stream Beat","_","Stream Beat"
158,158,0,0,0,0,00000004,00ba02210116fee3,03f8,2342,1,0,3f532000,1,0,ffe800bafe250221fc4c0116fc5afee3,1,1,0,1e5d0a171e5d0a171e5d0a171e5d0a17,1,0,00000000000000000000000000000000,1,0,23c1,0,0,0,23c1,0,0,00ba02210116fee3,1,0,40f003f8,0,1,0,ffe8fe25fc4cfc5a,1,0,"Active","Active","Active","Active","Active","Inactive","Inactive","Active","_","Active","Stream Beat","Stream Beat","Stream Beat","Stream Beat","Stream Beat","No Streams","No Streams","Stream Beat","_","Stream Beat"
159,159,0,0,0,0,00000004,01ee0012fe57febd,03f8,1d96,1,0,3f8d2fdf,1,0,fd2001eefbfe0012fd58fe57ff68febd,1,1,0,1e5d0a171e5d0a171e5d0a171e5d0a17,1,0,00000000000000000000000000000000,1,0,23c1,0,0,0,23c1,0,0,01ee0012fe57febd,1,0,40f003f8,0,1,0,fd20fbfefd58ff68,1,0,"Active","Active","Active","Active","Active","Inactive","Inactive","Active","_","Active","Stream Beat","Stream Beat","Stream Beat","Stream Beat","Stream Beat","No Streams","No Streams","Stream Beat","_","Stream Beat"
160,160,0,0,0,0,00000004,ff15fe26ff9501bc,03f8,235b,1,0,3fa82013,1,0,fc56ff15fe4cfe26ffebff95ff4501bc,1,1,0,1e5d0a171e5d0a171e5d0a171e5d0a17,1,0,00000000000000000000000000000000,1,0,23c1,0,0,0,23c1,0,0,ff15fe26ff9501bc,1,0,40f003f8,0,1,0,fc56fe4cffebff45,1,0,"Active","Active","Active","Active","Active","Inactive","Inactive","Active","_","Active","Stream Beat","Stream Beat","Stream Beat","Stream Beat","Stream Beat","No Streams","No Streams","Stream Beat","_","Stream Beat"
161,161,0,0,0,0,00000004,fe87009002040146,03f8,233f,1,0,3f6b102d,1,0,ff3efe87ffef0090fe6d0204fc360146,1,1,0,1e5d0a171e5d0a171e5d0a171e5d0a17,1,0,00000000000000000000000000000000,1,0,23c1,0,0,0,23c1,0,0,fe87009002040146,1,0,40f003f8,0,1,0,ff3effeffe6dfc36,1,0,"Active","Active","Active","Active","Active","Inactive","Inactive","Active","_","Active","Stream Beat","Stream Beat","Stream Beat","Stream Beat","Stream Beat","No Streams","No Streams","Stream Beat","_","Stream Beat"
162,162,0,0,0,0,00000004,018801fd003ffe5f,03f8,2349,1,0,3f5d1ff1,1,0,ff6d0188fd5201fdfbdc003ffd18fe5f,1,1,0,1e5d0a171e5d0a171e5d0a171e5d0a17,1,0,00000000000000000000000000000000,1,0,23c1,0,0,0,23c1,0,0,018801fd003ffe5f,1,0,40f003f8,0,1,0,ff6dfd52fbdcfd18,1,0,"Active","Active","Active","Active","Active","Inactive","Inactive","Active","_","Active","Stream Beat","Stream Beat","Stream Beat","Stream Beat","Stream Beat","No Streams","No Streams","Stream Beat","_","Stream Beat"
163,163,0,0,0,0,00000004,015dff33fe26ff83,03f8,2364,1,0,3f9d2fe8,1,0,fc84015dfc26ff33fe1ffe26ffe5ff83,1,1,0,1e5d0a171e5d0a171e5d0a171e5d0a17,1,0,00000000000000000000000000000000,1,0,23c1,0,0,0,23c1,0,0,015dff33fe26ff83,1,0,40f003f8,0,1,0,fc84fc26fe1fffe5,1,0,"Active","Active","Active","Active","Active","Inactive","Inactive","Active","_","Active","Stream Beat","Stream Beat","Stream Beat","Stream Beat","Stream Beat","No Streams","No Streams","Stream Beat","_","Stream Beat"
164,164,0,0,0,0,00000004,fe73fe6a00550214,03f8,2354,1,0,3f9d1026,1,0,fcf5fe73ff12fe6afffd0055fe7f0214,1,1,0,1e5d0a171e5d0a171e5d0a171e5d0a17,1,0,00000000000000000000000000000000,1,0,23c1,0,0,0,23c1,0,0,fe73fe6a00550214,1,0,40f003f8,0,1,0,fcf5ff12fffdfe7f,1,0,"Active","Active","Active","Active","Active","Inactive","Inactive","Active","_","Active","Stream Beat","Stream Beat","Stream Beat","Stream Beat","Stream Beat","No Streams","No Streams","Stream Beat","_","Stream Beat"
165,165,0,0,0,0,00000004,ff56017502100073,03f8,2a44,1,0,3f5b1022,1,0,ffd2ff56ff880175fd720210fbda0073,1,1,0,1e5d0a171e5d0a171e5d0a171e5d0a17,1,0,00000000000000000000000000000000,1,0,23c1,0,0,0,23c1,0,0,ff56017502100073,1,0,40f003f8,0,1,0,ffd2ff88fd72fbda,1,0,"Active","Active","Active","Active","Active","Inactive","Inactive","Active","_","Active","Stream Beat","Stream Beat","Stream Beat","Stream Beat","Stream Beat","No Streams","No Streams","Stream Beat","_","Stream Beat"
166,166,0,0,0,0,00000004,01f80189ff5dfe3f,03f8,2351,1,0,3f6a2fe3,1,0,feb701f8fc890189fc0dff5dfe0efe3f,1,1,0,1e5d0a171e5d0a171e5d0a171e5d0a17,1,0,00000000000000000000000000000000,1,0,23c1,0,0,0,23c1,0,0,01f80189ff5dfe3f,1,0,40f003f8,0,1,0,feb7fc89fc0dfe0e,1,0,"Active","Active","Active","Active","Active","Inactive","Inactive","Active","_","Active","Stream Beat","Stream Beat","Stream Beat","Stream Beat","Stream Beat","No Streams","No Streams","Stream Beat","_","Stream Beat"
167,167,0,0,0,0,00000004,0094fe86fe3f001d,03f8,1d9d,1,0,3fa81ff4,1,0,fc080094fcaffe86fee4fe3ffffe001d,1,1,0,1e5d0a171e5d0a171e5d0a171e5d0a17,1,0,00000000000000000000000000000000,1,0,23c1,0,0,0,23c1,0,0,0094fe86fe3f001d,1,0,40f003f8,0,1,0,fc08fcaffee4fffe,1,0,"Active","Active","Active","Active","Active","Inactive","Inactive","Active","_","Active","Stream Beat","Stream Beat","Stream Beat","Stream Beat","Stream Beat","No Streams","No Streams","Stream Beat","_","Stream Beat"
168,168,0,0,0,0,00000004,fe31ff2101520222,03f8,2a50,1,0,3f8a1034,1,0,fdcafe31ffbeff21ff9d0152fda20222,1,1,0,1e5d0a171e5d0a171e5d0a171e5d0a17,1,0,00000000000000000000000000000000,1,0,23c1,0,0,0,23c1,0,0,fe31ff2101520222,1,0,40f003f8,0,1,0,fdcaffbeff9dfda2,1,0,"Active","Active","Active","Active","Active","Inactive","Inactive","Active","_","Active","Stream Beat","Stream Beat","Stream Beat","Stream Beat","Stream Beat","No Streams","No Streams","Stream Beat","_","Stream Beat"
169,169,0,0,0,0,00000004,002601f2019cff8e,03f8,2a47,1,0,3f552011,1,0,ffff0026fedb01f2fcc0019cfc2fff8e,1,1,0,1e5d0a171e5d0a171e5d0a171e5d0a17,1,0,00000000000000000000000000000000,1,0,23c1,0,0,0,23c1,0,0,002601f2019cff8e,1,0,40f003f8,0,1,0,fffffedbfcc0fc2f,1,0,"Active","Active","Active","Active","Active","Inactive","Inactive","Active","_","Active","Stream Beat","Stream Beat","Stream Beat","Stream Beat","Stream Beat","No Streams","No Streams","Stream Beat","_","Stream Beat"
170,170,0,0,0,0,00000004,022e00cbfea4fe42,03f8,1d90,1,0,3f791fd7,1,0,fdc5022efbed00cbfc8ffea4fec9fe42,1,1,0,1e5d0a171e5d0a171e5d0a171e5d0a17,1,0,00000000000000000000000000000000,1,0,23c1,0,0,0,23c1,0,0,022e00cbfea4fe42,1,0,40f003f8,0,1,0,fdc5fbedfc8ffec9,1,0,"Active","Active","Active","Active","Active","Inactive","Inactive","Active","_","Active","Stream Beat","Stream Beat","Stream Beat","Stream Beat","Stream Beat","No Streams","No Streams","Stream Beat","_","Stream Beat"
171,171,0,0,0,0,00000004,ffbbfe38fef5011b,03f8,1f5c,1,0,3fac200c,1,0,fc0cffbbfda4fe38ff9efef5ffbe011b,1,1,0,1e5d0a171e5d0a171e5d0a171e5d0a17,1,0,00000000000000000000000000000000,1,0,23c1,0,0,0,23c1,0,0,ffbbfe38fef5011b,1,0,40f003f8,0,1,0,fc0cfda4ff9effbe,1,0,"Active","Active","Active","Active","Active","Inactive","Inactive","Active","_","Active","Stream Beat","Stream Beat","Stream Beat","Stream Beat","Stream Beat","No Streams","No Streams","Stream Beat","_","Stream Beat"
172,172,0,0,0,0,00000004,fe24ffe201de01bc,03f8,2a4b,1,0,3f7c1034,1,0,fe91fe24fffbffe2ff0401defcd801bc,1,1,0,1e5d0a171e5d0a171e5d0a171e5d0a17,1,0,00000000000000000000000000000000,1,0,23c1,0,0,0,23c1,0,0,fe24ffe201de01bc,1,0,40f003f8,0,1,0,fe91fffbff04fcd8,1,0,"Active","Active","Active","Active","Active","Inactive","Inactive","Active","_","Active","Stream Beat","Stream Beat","Stream Beat","Stream Beat","Stream Beat","No Streams","No Streams","Stream Beat","_","Stream Beat"
173,173,0,0,0,0,00000004,00fc022700e9fec8,03f8,2343,1,0,3f501ffd,1,0,ffce00fcfdfd0227fc3d00e9fc7dfec8,1,1,0,1e5d0a171e5d0a171e5d0a171e5d0a17,1,0,00000000000000000000000000000000,1,0,23c1,0,0,0,23c1,0,0,00fc022700e9fec8,1,0,40f003f8,0,1,0,ffcefdfdfc3dfc7d,1,0,"Active","Active","Active","Active","Active","Inactive","Inactive","Active","_","Active","Stream Beat","Stream Beat","Stream Beat","Stream Beat","Stream Beat","No Streams","No Streams","Stream Beat","_","Stream Beat"
174,174,0,0,0,0,00000004,01dbffe0fe36fece,03f8,2361,1,0,3f902fe0,1,0,fcfe01dbfbf7ffe0fd5bfe36ff86fece,1,1,0,1e5d0a171e5d0a171e5d0a171e5d0a17,1,0,00000000000000000000000000000000,1,0,23c1,0,0,0,23c1,0,0,01dbffe0fe36fece,1,0,40f003f8,0,1,0,fcfefbf7fd5bff86,1,0,"Active","Active","Active","Active","Active","Inactive","Inactive","Active","_","Active","Stream Beat","Stream Beat","Stream Beat","Stream Beat","Stream Beat","No Streams","No Streams","Stream Beat","_","Stream Beat"
175,175,0,0,0,0,00000004,fef3fe23ffa201c9,03f8,235b,1,0,3fa6201a,1,0,fc78fef3fe6cfe23fff4ffa2ff2301c9,1,1,0,1e5d0a171e5d0a171e5d0a171e5d0a17,1,0,00000000000000000000000000000000,1,0,23c1,0,0,0,23c1,0,0,fef3fe23ffa201c9,1,0,40f003f8,0,1,0,fc78fe6cfff4ff23,1,0,"Active","Active","Active","Active","Active","Inactive","Inactive","Active","_","Active","Stream Beat","Stream Beat","Stream Beat","Stream Beat","Stream Beat","No Streams","No Streams","Stream Beat","_","Stream Beat"
176,176,0,0,0,0,00000004,feb000c202360117,03f8,233e,1,0,3f68102d,1,0,ff68feb0ffe100c2fe1e0236fc3a0117,1,1,0,1e5d0a171e5d0a171e5d0a171e5d0a17,1,0,00000000000000000000000000000000,1,0,23c1,0,0,0,23c1,0,0,feb000c202360117,1,0,40f003f8,0,1,0,ff68ffe1fe1efc3a,1,0,"Active","Active","Active","Active","Active","Inactive","Inactive","Active","_","Active","Stream Beat","Stream Beat","Stream Beat","Stream Beat","Stream Beat","No Streams","No Streams","Stream Beat","_","Stream Beat"
177,177,0,0,0,0,00000004,01bb01fc000ffe53,03f8,234b,1,0,3f5d2feb,1,0,ff4201bbfd1501fcfbfd000ffd44fe53,1,1,0,1e5d0a171e5d0a171e5d0a171e5d0a17,1,0,00000000000000000000000000000000,1,0,23c1,0,0,0,23c1,0,0,01bb01fc000ffe53,1,0,40f003f8,0,1,0,ff42fd15fbfdfd44,1,0,"Active","Active","Active","Active","Active","Inactive","Inactive","Active","_","Active","Stream Beat","Stream Beat","Stream Beat","Stream Beat","Stream Beat","No Streams","No Streams","Stream Beat","_","Stream Beat"
178,178,0,0,0,0,00000004,0143ff14fe1eff93,03f8,1d9b,1,0,3f9f2fe8,1,0,fc530143fc5bff14fe40fe1effeeff93,1,1,0,1e5d0a171e5d0a171e5d0a171e5d0a17,1,0,00000000000000000000000000000000,1,0,23c1,0,0,0,23c1,0,0,0143ff14fe1eff93,1,0,40f003f8,0,1,0,fc53fc5bfe40ffee,1,0,"Active","Active","Active","Active","Active","Inactive","Inactive","Active","_","Active","Stream Beat","Stream Beat","Stream Beat","Stream Beat","Stream Beat","No Streams","No Streams","Stream Beat","_","Stream Beat"
179,179,0,0,0,0,00000004,fe5ffe8f0089021a,03f8,2354,1,0,3f9a102b,1,0,fd19fe5fff3dfe8ffff50089fe55021a,1,1,0,1e5d0a171e5d0a171e5d0a171e5d0a17,1,0,00000000000000000000000000000000,1,0,23c1,0,0,0,23c1,0,0,fe5ffe8f0089021a,1,0,40f003f8,0,1,0,fd19ff3dfff5fe55,1,0,"Active","Active","Active","Active","Active","Inactive","Inactive","Active","_","Active","Stream Beat","Stream Beat","Stream Beat","Stream Beat","Stream Beat","No Streams","No Streams","Stream Beat","_","Stream Beat"
180,180,0,0,0,0,00000004,ff6e017a02000041,03f8,2a46,1,0,3f591021,1,0,ffe1ff6eff71017afd500200fbef0041,1,1,0,1e5d0a171e5d0a171e5d0a171e5d0a17,1,0,00000000000000000000000000000000,1,0,23c1,0,0,0,23c1,0,0,ff6e017a02000041,1,0,40f003f8,0,1,0,ffe1ff71fd50fbef,1,0,"Active","Active","Active","Active","Active","Inactive","Inactive","Active","_","Active","Stream Beat","Stream Beat","Stream Beat","Stream Beat","Stream Beat","No Streams","No Streams","Stream Beat","_","Stream Beat"
181,181,0,0,0,0,00000004,02070162ff38fe15,03f8,2353,1,0,3f6d2fe0,1,0,fe900207fc6f0162fc27ff38fe0efe15,1,1,0,1e5d0a171e5d0a171e5d0a171e5d0a17,1,0,00000000000000000000000000000000,1,0,23c1,0,0,0,23c1,0,0,02070162ff38fe15,1,0,40f003f8,0,1,0,fe90fc6ffc27fe0e,1,0,"Active","Active","Active","Active","Active","Inactive","Inactive","Active","_","Active","Stream Beat","Stream Beat","Stream Beat","Stream Beat","Stream Beat","No Streams","No Streams","Stream Beat","_","Stream Beat"
182,182,0,0,0,0,00000004,006bfe76fe5c006e,03f8,1d9b,1,0,3faa1ff9,1,0,fbe1006bfce3fe76ff14fe5cfff5006e,1,1,0,1e5d0a171e5d0a171e5d0a171e5d0a17,1,0,00000000000000000000000000000000,1,0,23c1,0,0,0,23c1,0,0,006bfe76fe5c006e,1,0,40f003f8,0,1,0,fbe1fce3ff14fff5,1,0,"Active","Active","Active","Active","Active","Inactive","Inactive","Active","_","Active","Stream Beat","Stream Beat","Stream Beat","Stream Beat","Stream Beat","No Streams","No Streams","Stream Beat","_","Stream Beat"
183,183,0,0,0,0,00000004,fe24ff4301730217,03f8,2a4f,1,0,3f891032,1,0,fdecfe24ffd0ff43ff830173fd780217,1,1,0,1e5d0a171e5d0a171e5d0a171e5d0a17,1,0,00000000000000000000000000000000,1,0,23c1,0,0,0,23c1,0,0,fe24ff4301730217,1,0,40f003f8,0,1,0,fdecffd0ff83fd78,1,0,"Active","Active","Active","Active","Active","Inactive","Inactive","Active","_","Active","Stream Beat","Stream Beat","Stream Beat","Stream Beat","Stream Beat","No Streams","No Streams","Stream Beat","_","Stream Beat"
184,184,0,0,0,0,00000004,004602010192ff61,03f8,2a49,1,0,3f53200b,1,0,00050046fead0201fc7b0192fc26ff61,1,1,0,1e5d0a171e5d0a171e5d0a171e5d0a17,1,0,00000000000000000000000000000000,1,0,23c1,0,0,0,23c1,0,0,004602010192ff61,1,0,40f003f8,0,1,0,0005feadfc7bfc26,1,0,"Active","Active","Active","Active","Active","Inactive","Inactive","Active","_","Active","Stream Beat","Stream Beat","Stream Beat","Stream Beat","Stream Beat","No Streams","No Streams","Stream Beat","_","Stream Beat"
185,185,0,0,0,0,00000004,021e009dfe82fe64,03f8,1d91,1,0,3f7c1fda,1,0,fd9d021efc0f009dfcbafe82fef1fe64,1,1,0,1e5d0a171e5d0a171e5d0a171e5d0a17,1,0,00000000000000000000000000000000,1,0,23c1,0,0,0,23c1,0,0,021e009dfe82fe64,1,0,40f003f8,0,1,0,fd9dfc0ffcbafef1,1,0,"Active","Active","Active","Active","Active","Inactive","Inactive","Active","_","Active","Stream Beat","Stream Beat","Stream Beat","Stream Beat","Stream Beat","No Streams","No Streams","Stream Beat","_","Stream Beat"
186,186,0,0,0,0,00000004,ff8bfe23ff2f014e,03f8,2361,1,0,3fab200f,1,0,fc17ff8bfdb8fe23ffbfff2fffa3014e,1,1,0,1e5d0a171e5d0a171e5d0a171e5d0a17,1,0,00000000000000000000000000000000,1,0,23c1,0,0,0,23c1,0,0,ff8bfe23ff2f014e,1,0,40f003f8,0,1,0,fc17fdb8ffbfffa3,1,0,"Active","Active","Active","Active","Active","Inactive","Inactive","Active","_","Active","Stream Beat","Stream Beat","Stream Beat","Stream Beat","Stream Beat","No Streams","No Streams","Stream Beat","_","Stream Beat"
187,187,0,0,0,0,00000004,fe36000601ec01a5,03f8,2a46,1,0,2f751033,1,0,feb8fe3600030006feda01ecfcb901a5,1,1,0,1e5d0a171e5d0a171e5d0a171e5d0a17,1,0,00000000000000000000000000000000,1,0,23c1,0,0,0,23c1,0,0,fe36000601ec01a5,1,0,40f003f8,0,1,0,feb80003fedafcb9,1,0,"Active","Active","Active","Active","Active","Inactive","Inactive","Active","_","Active","Stream Beat","Stream Beat","Stream Beat","Stream Beat","Stream Beat","No Streams","No Streams","Stream Beat","_","Stream Beat"
188,188,0,0,0,0,00000004,0111022b00cafeab,03f8,2344,1,0,3f551ffa,1,0,ffc00111fdc6022bfc1000cafcabfeab,1,1,0,1e5d0a171e5d0a171e5d0a171e5d0a17,1,0,00000000000000000000000000000000,1,0,23c1,0,0,0,23c1,0,0,0111022b00cafeab,1,0,40f003f8,0,1,0,ffc0fdc6fc10fcab,1,0,"Active","Active","Active","Active","Active","Inactive","Inactive","Active","_","Active","Stream Beat","Stream Beat","Stream Beat","Stream Beat","Stream Beat","No Streams","No Streams","Stream Beat","_","Stream Beat"
189,189,0,0,0,0,00000004,01b7ffb9fe3dfede,03f8,2363,1,0,3f932fe2,1,0,fcee01b7fc1dffb9fda4fe3dff98fede,1,1,0,1e5d0a171e5d0a171e5d0a171e5d0a17,1,0,00000000000000000000000000000000,1,0,23c1,0,0,0,23c1,0,0,01b7ffb9fe3dfede,1,0,40f003f8,0,1,0,fceefc1dfda4ff98,1,0,"Active","Active","Active","Active","Active","Inactive","Inactive","Active","_","Active","Stream Beat","Stream Beat","Stream Beat","Stream Beat","Stream Beat","No Streams","No Streams","Stream Beat","_","Stream Beat"
190,190,0,0,0,0,00000004,fec1fe27ffe201cf,03f8,2358,1,0,2fa4101c,1,0,fc7afec1fe8afe270002ffe2ff0601cf,1,1,0,1e5d0a171e5d0a171e5d0a171e5d0a17,1,0,00000000000000000000000000000000,1,0,23c1,0,0,0,23c1,0,0,fec1fe27ffe201cf,1,0,40f003f8,0,1,0,fc7afe8a0002ff06,1,0,"Active","Active","Active","Active","Active","Inactive","Inactive","Active","_","Active","Stream Beat","Stream Beat","Stream Beat","Stream Beat","Stream Beat","No Streams","No Streams","Stream Beat","_","Stream Beat"
191,191,0,0,0,0,00000004,fecd00ec021200f8,03f8,2a44,1,0,3f64102b,1,0,ff7dfecdffd900ecfe070212fc2700f8,1,1,0,1e5d0a171e5d0a171e5d0a171e5d0a17,1,0,00000000000000000000000000000000,1,0,23c1,0,0,0,23c1,0,0,fecd00ec021200f8,1,0,40f003f8,0,1,0,ff7dffd9fe07fc27,1,0,"Active","Active","Active","Active","Active","Inactive","Inactive","Active","_","Active","Stream Beat","Stream Beat","Stream Beat","Stream Beat","Stream Beat","No Streams","No Streams","Stream Beat","_","Stream Beat"
192,192,0,0,0,0,00000004,01c401ddffe8fe26,03f8,234b,1,0,3f642fe8,1,0,ff2701c4fcfa01ddfc12ffe8fd4dfe26,1,1,0,1e5d0a171e5d0a171e5d0a171e5d0a17,1,0,00000000000000000000000000000000,1,0,23c1,0,0,0,23c1,0,0,01c401ddffe8fe26,1,0,40f003f8,0,1,0,ff27fcfafc12fd4d,1,0,"Active","Active","Active","Active","Active","Inactive","Inactive","Active","_","Active","Stream Beat","Stream Beat","Stream Beat","Stream Beat","Stream Beat","No Streams","No Streams","Stream Beat","_","Stream Beat"
193,193,0,0,0,0,00000004,011bfef0fe2fffb9,03f8,1d9b,1,0,2fa02fe9,1,0,fc3d011bfc71fef0fe72fe2ffff8ffb9,1,1,0,1e5d0a171e5d0a171e5d0a171e5d0a17,1,0,00000000000000000000000000000000,1,0,23c1,0,0,0,23c1,0,0,011bfef0fe2fffb9,1,0,40f003f8,0,1,0,fc3dfc71fe72fff8,1,0,"Active","Active","Active","Active","Active","Inactive","Inactive","Active","_","Active","Stream Beat","Stream Beat","Stream Beat","Stream Beat","Stream Beat","No Streams","No Streams","Stream Beat","_","Stream Beat"
194,194,0,0,0,0,00000004,fe39fe9c00d0020e,03f8,2351,1,0,3f98102c,1,0,fd1dfe39ff5bfe9cffe200d0fe3d020e,1,1,0,1e5d0a171e5d0a171e5d0a171e5d0a17,1,0,00000000000000000000000000000000,1,0,23c1,0,0,0,23c1,0,0,fe39fe9c00d0020e,1,0,40f003f8,0,1,0,fd1dff5bffe2fe3d,1,0,"Active","Active","Active","Active","Active","Inactive","Inactive","Active","_","Active","Stream Beat","Stream Beat","Stream Beat","Stream Beat","Stream Beat","No Streams","No Streams","Stream Beat","_","Stream Beat"
195,195,0,0,0,0,00000004,ff82019901e70013,03f8,2a45,1,0,3f58201a,1,0,ffebff82ff510199fd3501e7fbe20013,1,1,0,1e5d0a171e5d0a171e5d0a171e5d0a17,1,0,00000000000000000000000000000000,1,0,23c1,0,0,0,23c1,0,0,ff82019901e70013,1,0,40f003f8,0,1,0,ffebff51fd35fbe2,1,0,"Active","Active","Active","Active","Active","Inactive","Inactive","Active","_","Active","Stream Beat","Stream Beat","Stream Beat","Stream Beat","Stream Beat","No Streams","No Streams","Stream Beat","_","Stream Beat"
196,196,0,0,0,0,00000004,02120137ff16fe22,03f8,1d8b,1,0,3f712fdf,1,0,fe640212fc6d0137fc54ff16fe43fe22,1,1,0,1e5d0a171e5d0a171e5d0a171e5d0a17,1,0,00000000000000000000000000000000,1,0,23c1,0,0,0,23c1,0,0,02120137ff16fe22,1,0,40f003f8,0,1,0,fe64fc6dfc54fe43,1,0,"Active","Active","Active","Active","Active","Inactive","Inactive","Active","_","Active","Stream Beat","Stream Beat","Stream Beat","Stream Beat","Stream Beat","No Streams","No Streams","Stream Beat","_","Stream Beat"
197,197,0,0,0,0,00000004,003cfe5dfe92009b,03f8,1d9c,1,0,3fa91ffb,1,0,fbf9003cfd06fe5dff46fe92ffed009b,1,1,0,1e5d0a171e5d0a171e5d0a171e5d0a17,1,0,00000000000000000000000000000000,1,0,23c1,0,0,0,23c1,0,0,003cfe5dfe92009b,1,0,40f003f8,0,1,0,fbf9fd06ff46ffed,1,0,"Active","Active","Active","Active","Active","Inactive","Inactive","Active","_","Active","Stream Beat","Stream Beat","Stream Beat","Stream Beat","Stream Beat","No Streams","No Streams","Stream Beat","_","Stream Beat"
198,198,0,0,0,0,00000004,fe2bff7701790202,03f8,2a4c,1,0,3f851031,1,0,fe22fe2bffe3ff77ff700179fd560202,1,1,0,1e5d0a171e5d0a171e5d0a171e5d0a17,1,0,00000000000000000000000000000000,1,0,23c1,0,0,0,23c1,0,0,fe2bff7701790202,1,0,40f003f8,0,1,0,fe22ffe3ff70fd56,1,0,"Active","Active","Active","Active","Active","Inactive","Inactive","Active","_","Active","Stream Beat","Stream Beat","Stream Beat","Stream Beat","Stream Beat","No Streams","No Streams","Stream Beat","_","Stream Beat"
199,199,0,0,0,0,00000004,006e02150171ff38,03f8,2a49,1,0,3f562008,1,0,fffa006efe850215fc510171fc22ff38,1,1,0,1e5d0a171e5d0a171e5d0a171e5d0a17,1,0,00000000000000000000000000000000,1,0,23c1,0,0,0,23c1,0,0,006e02150171ff38,1,0,40f003f8,0,1,0,fffafe85fc51fc22,1,0,"Active","Active","Active","Active","Active","Inactive","Inactive","Active","_","Active","Stream Beat","Stream Beat","Stream Beat","Stream Beat","Stream Beat","No Streams","No Streams","Stream Beat","_","Stream Beat"
200,200,0,0,0,0,00000004,02160070fe6efe79,03f8,1d92,1,0,3f831fdc,1,0,fd700216fc0a0070fce1fe6eff1bfe79,1,1,0,1e5d0a171e5d0a171e5d0a171e5d0a17,1,0,00000000000000000000000000000000,1,0,23c1,0,0,0,23c1,0,0,02160070fe6efe79,1,0,40f003f8,0,1,0,fd70fc0afce1ff1b,1,0,"Active","Active","Active","Active","Active","Inactive","Inactive","Active","_","Active","Stream Beat","Stream Beat","Stream Beat","Stream Beat","Stream Beat","No Streams","No Streams","Stream Beat","_","Stream Beat"
201,201,0,0,0,0,00000004,ff61fe12ff60017d,03f8,235f,1,0,3fac2011,1,0,fc18ff61fdd7fe12ffd4ff60ff86017d,1,1,0,1e5d0a171e5d0a171e5d0a171e5d0a17,1,0,00000000000000000000000000000000,1,0,23c1,0,0,0,23c1,0,0,ff61fe12ff60017d,1,0,40f003f8,0,1,0,fc18fdd7ffd4ff86,1,0,"Active","Active","Active","Active","Active","Inactive","Inactive","Active","_","Active","Stream Beat","Stream Beat","Stream Beat","Stream Beat","Stream Beat","No Streams","No Streams","Stream Beat","_","Stream Beat"
202,202,0,0,0,0,00000004,fe73003a0212018a,03f8,2a47,1,0,3f6f1032,1,0,fefefe730001003afea60212fc90018a,1,1,0,1e5d0a171e5d0a171e5d0a171e5d0a17,1,0,00000000000000000000000000000000,1,0,23c1,0,0,0,23c1,0,0,fe73003a0212018a,1,0,40f003f8,0,1,0,fefe0001fea6fc90,1,0,"Active","Active","Active","Active","Active","Inactive","Inactive","Active","_","Active","Stream Beat","Stream Beat","Stream Beat","Stream Beat","Stream Beat","No Streams","No Streams","Stream Beat","_","Stream Beat"
203,203,0,0,0,0,00000004,012a022700a2fe8f,03f8,2346,1,0,3f571ff6,1,0,ffae012afd950227fbeb00a2fcc9fe8f,1,1,0,1e5d0a171e5d0a171e5d0a171e5d0a17,1,0,00000000000000000000000000000000,1,0,23c1,0,0,0,23c1,0,0,012a022700a2fe8f,1,0,40f003f8,0,1,0,ffaefd95fbebfcc9,1,0,"Active","Active","Active","Active","Active","Inactive","Inactive","Active","_","Active","Stream Beat","Stream Beat","Stream Beat","Stream Beat","Stream Beat","No Streams","No Streams","Stream Beat","_","Stream Beat"
204,204,0,0,0,0,00000004,019cff92fe1cff0f,03f8,2362,1,0,3f942fe5,1,0,fcc6019cfc28ff92fdb2fe1cffb4ff0f,1,1,0,1e5d0a171e5d0a171e5d0a171e5d0a17,1,0,00000000000000000000000000000000,1,0,23c1,0,0,0,23c1,0,0,019cff92fe1cff0f,1,0,40f003f8,0,1,0,fcc6fc28fdb2ffb4,1,0,"Active","Active","Active","Active","Active","Inactive","Inactive","Active","_","Active","Stream Beat","Stream Beat","Stream Beat","Stream Beat","Stream Beat","No Streams","No Streams","Stream Beat","_","Stream Beat"
205,205,0,0,0,0,00000004,feaefe40001f0217,03f8,2356,1,0,2fa31024,1,0,fc9ffeaefec5fe40fffe001ffec70217,1,1,0,1e5d0a171e5d0a171e5d0a171e5d0a17,1,0,00000000000000000000000000000000,1,0,23c1,0,0,0,23c1,0,0,feaefe40001f0217,1,0,40f003f8,0,1,0,fc9ffec5fffefec7,1,0,"Active","Active","Active","Active","Active","Inactive","Inactive","Active","_","Active","Stream Beat","Stream Beat","Stream Beat","Stream Beat","Stream Beat","No Streams","No Streams","Stream Beat","_","Stream Beat"
206,206,0,0,0,0,00000004,fefc0125022800c5,03f8,27bc,1,0,3f5f1028,1,0,ffa2fefcffbb0125fdcf0228fc1800c5,1,1,0,1e5d0a171e5d0a171e5d0a171e5d0a17,1,0,00000000000000000000000000000000,1,0,23c1,0,0,0,23c1,0,0,fefc0125022800c5,1,0,40f003f8,0,1,0,ffa2ffbbfdcffc18,1,0,"Active","Active","Active","Active","Active","Inactive","Inactive","Active","_","Active","Stream Beat","Stream Beat","Stream Beat","Stream Beat","Stream Beat","No Streams","No Streams","Stream Beat","_","Stream Beat"
207,207,0,0,0,0,00000004,01da01b6ffbbfe2c,03f8,234d,1,0,3f652fe5,1,0,ff0301dafcf101b6fc10ffbbfd8cfe2c,1,1,0,1e5d0a171e5d0a171e5d0a171e5d0a17,1,0,00000000000000000000000000000000,1,0,23c1,0,0,0,23c1,0,0,01da01b6ffbbfe2c,1,0,40f003f8,0,1,0,ff03fcf1fc10fd8c,1,0,"Active","Active","Active","Active","Active","Inactive","Inactive","Active","_","Active","Stream Beat","Stream Beat","Stream Beat","Stream Beat","Stream Beat","No Streams","No Streams","Stream Beat","_","Stream Beat"
208,208,0,0,0,0,00000004,00f1fec2fe3affde,03f8,1d9b,1,0,3fa21ff2,1,0,fc3400f1fc6cfec2fe9afe3affffffde,1,1,0,1e5d0a171e5d0a171e5d0a171e5d0a17,1,0,00000000000000000000000000000000,1,0,23c1,0,0,0,23c1,0,0,00f1fec2fe3affde,1,0,40f003f8,0,1,0,fc34fc6cfe9affff,1,0,"Active","Active","Active","Active","Active","Inactive","Inactive","Active","_","Active","Stream Beat","Stream Beat","Stream Beat","Stream Beat","Stream Beat","No Streams","No Streams","Stream Beat","_","Stream Beat"
209,209,0,0,0,0,00000004,fe3ffecb00e9021c,03f8,27d4,1,0,3f941030,1,0,fd5ffe3fff85fecbffd200e9fe08021c,1,1,0,1e5d0a171e5d0a171e5d0a171e5d0a17,1,0,00000000000000000000000000000000,1,0,23c1,0,0,0,23c1,0,0,fe3ffecb00e9021c,1,0,40f003f8,0,1,0,fd5fff85ffd2fe08,1,0,"Active","Active","Active","Active","Active","Inactive","Inactive","Active","_","Active","Stream Beat","Stream Beat","Stream Beat","Stream Beat","Stream Beat","No Streams","No Streams","Stream Beat","_","Stream Beat"
210,210,0,0,0,0,00000004,ffa901a901d4ffe0,03f8,2a46,1,0,3f592017,1,0,fffbffa9ff2e01a9fd1a01d4fc05ffe0,1,1,0,1e5d0a171e5d0a171e5d0a171e5d0a17,1,0,00000000000000000000000000000000,1,0,23c1,0,0,0,23c1,0,0,ffa901a901d4ffe0,1,0,40f003f8,0,1,0,fffbff2efd1afc05,1,0,"Active","Active","Active","Active","Active","Inactive","Inactive","Active","_","Active","Stream Beat","Stream Beat","Stream Beat","Stream Beat","Stream Beat","No Streams","No Streams","Stream Beat","_","Stream Beat"
211,211,0,0,0,0,00000004,02260118fee7fe30,03f8,1d8e,1,0,3f732fdc,1,0,fe2b0226fc470118fc51fee7fe6ffe30,1,1,0,1e5d0a171e5d0a171e5d0a171e5d0a17,1,0,00000000000000000000000000000000,1,0,23c1,0,0,0,23c1,0,0,02260118fee7fe30,1,0,40f003f8,0,1,0,fe2bfc47fc51fe6f,1,0,"Active","Active","Active","Active","Active","Inactive","Inactive","Active","_","Active","Stream Beat","Stream Beat","Stream Beat","Stream Beat","Stream Beat","No Streams","No Streams","Stream Beat","_","Stream Beat"
212,212,0,0,0,0,00000004,0013fe5cfeaf00bd,03f8,1909,1,0,3fab2000,1,0,fbe90013fd4ffe5cff66feafffe200bd,1,1,0,1e5d0a171e5d0a171e5d0a171e5d0a17,1,0,00000000000000000000000000000000,1,0,23c1,0,0,0,23c1,0,0,0013fe5cfeaf00bd,1,0,40f003f8,0,1,0,fbe9fd4fff66ffe2,1,0,"Active","Active","Active","Active","Active","Inactive","Inactive","Active","_","Active","Stream Beat","Stream Beat","Stream Beat","Stream Beat","Stream Beat","No Streams","No Streams","Stream Beat","_","Stream Beat"
213,213,0,0,0,0,00000004,fe1aff8a019c01e9,03f8,2a4b,1,0,3f842030,1,0,fe3bfe1affebff8aff51019cfd3501e9,1,1,0,1e5d0a171e5d0a171e5d0a171e5d0a17,1,0,00000000000000000000000000000000,1,0,23c1,0,0,0,23c1,0,0,fe1aff8a019c01e9,1,0,40f003f8,0,1,0,fe3bffebff51fd35,1,0,"Active","Active","Active","Active","Active","Inactive","Inactive","Active","_","Active","Stream Beat","Stream Beat","Stream Beat","Stream Beat","Stream Beat","No Streams","No Streams","Stream Beat","_","Stream Beat"
214,214,0,0,0,0,00000004,009802350141ff17,03f8,2341,1,0,3f532005,1,0,fff00098fe480235fc5a0141fc55ff17,1,1,0,1e5d0a171e5d0a171e5d0a171e5d0a17,1,0,00000000000000000000000000000000,1,0,23c1,0,0,0,23c1,0,0,009802350141ff17,1,0,40f003f8,0,1,0,fff0fe48fc5afc55,1,0,"Active","Active","Active","Active","Active","Inactive","Inactive","Active","_","Active","Stream Beat","Stream Beat","Stream Beat","Stream Beat","Stream Beat","No Streams","No Streams","Stream Beat","_","Stream Beat"
215,215,0,0,0,0,00000004,0204003ffe68fe91,03f8,1d94,1,0,3f881fdd,1,0,fd520204fc19003ffd1ffe68ff41fe91,1,1,0,1e5d0a171e5d0a171e5d0a171e5d0a17,1,0,00000000000000000000000000000000,1,0,23c1,0,0,0,23c1,0,0,0204003ffe68fe91,1,0,40f003f8,0,1,0,fd52fc19fd1fff41,1,0,"Active","Active","Active","Active","Active","Inactive","Inactive","Active","_","Active","Stream Beat","Stream Beat","Stream Beat","Stream Beat","Stream Beat","No Streams","No Streams","Stream Beat","_","Stream Beat"
216,216,0,0,0,0,00000004,ff38fe1cff5f0176,03f8,235e,1,0,3faa2012,1,0,fc1bff38fe12fe1cffddff5fff730176,1,1,0,1e5d0a171e5d0a171e5d0a171e5d0a17,1,0,00000000000000000000000000000000,1,0,23c1,0,0,0,23c1,0,0,ff38fe1cff5f0176,1,0,40f003f8,0,1,0,fc1bfe12ffddff73,1,0,"Active","Active","Active","Active","Active","Inactive","Inactive","Active","_","Active","Stream Beat","Stream Beat","Stream Beat","Stream Beat","Stream Beat","No Streams","No Streams","Stream Beat","_","Stream Beat"
217,217,0,0,0,0,00000004,fe8a006f01fe0174,03f8,2a47,1,0,3f6e1032,1,0,ff27fe8afff9006ffe9801fefc4b0174,1,1,0,1e5d0a171e5d0a171e5d0a171e5d0a17,1,0,00000000000000000000000000000000,1,0,23c1,0,0,0,23c1,0,0,fe8a006f01fe0174,1,0,40980390,1,1,0,ff27fff9fe98fc4b,1,0,"Active","Active","Active","Active","Active","Inactive","Inactive","Active","Active","Active","Stream Beat","Stream Beat","Stream Beat","Stream Beat","Stream Beat","No Streams","No Streams","Stream Beat","Stream Beat","Stream Beat"
218,218,0,0,0,0,00000004,0164021f0074fe79,0390,2348,1,0,3f5c1ff3,1,0,ff930164fd65021ffbf40074fcf4fe79,1,1,0,1e5d0a171e5d0a171e5d0a171e5d0a17,1,0,00000000000000000000000000000000,1,0,23c1,0,0,0,23c1,0,0,0164021f0074fe79,1,0,40980390,0,1,0,ff93fd65fbf4fcf4,1,0,"Active","Active","Active","Active","Active","Inactive","Inactive","Active","_","Active","Stream Beat","Stream Beat","Stream Beat","Stream Beat","Stream Beat","No Streams","No Streams","Stream Beat","_","Stream Beat"
219,219,0,0,0,0,00000004,0184ff6bfe15ff1b,0390,2363,1,0,3f972fe2,1,0,fc920184fc22ff6bfde3fe15ffbcff1b,1,1,0,1e5d0a171e5d0a171e5d0a171e5d0a17,1,0,00000000000000000000000000000000,1,0,23c1,0,0,0,23c1,0,0,0184ff6bfe15ff1b,1,0,40980390,0,1,0,fc92fc22fde3ffbc,1,0,"Active","Active","Active","Active","Active","Inactive","Inactive","Active","_","Active","Stream Beat","Stream Beat","Stream Beat","Stream Beat","Stream Beat","No Streams","No Streams","Stream Beat","_","Stream Beat"
220,220,0,0,0,0,00000004,fe8efe6400350213,0390,2356,1,0,3fa01026,1,0,fcb8fe8efef9fe64fffc0035fead0213,1,1,0,1e5d0a171e5d0a171e5d0a171e5d0a17,1,0,00000000000000000000000000000000,1,0,23c1,0,0,0,23c1,0,0,fe8efe6400350213,1,0,40980390,0,1,0,fcb8fef9fffcfead,1,0,"Active","Active","Active","Active","Active","Inactive","Inactive","Active","_","Active","Stream Beat","Stream Beat","Stream Beat","Stream Beat","Stream Beat","No Streams","No Streams","Stream Beat","_","Stream Beat"
221,221,0,0,0,0,00000004,ff07013f0223009a,0390,2a44,1,0,3f5e1027,1,0,ffb2ff07ffa5013ffda50223fc07009a,1,1,0,1e5d0a171e5d0a171e5d0a171e5d0a17,1,0,00000000000000000000000000000000,1,0,23c1,0,0,0,23c1,0,0,ff07013f0223009a,1,0,40980390,0,1,0,ffb2ffa5fda5fc07,1,0,"Active","Active","Active","Active","Active","Inactive","Inactive","Active","_","Active","Stream Beat","Stream Beat","Stream Beat","Stream Beat","Stream Beat","No Streams","No Streams","Stream Beat","_","Stream Beat"
222,222,0,0,0,0,00000004,01ed019fff95fe16,0390,234f,1,0,3f652fe1,1,0,fee601edfcb8019ffc0fff95fdabfe16,1,1,0,1e5d0a171e5d0a171e5d0a171e5d0a17,1,0,00000000000000000000000000000000,1,0,23c1,0,0,0,23c1,0,0,01ed019fff95fe16,1,0,40980390,0,1,0,fee6fcb8fc0ffdab,1,0,"Active","Active","Active","Active","Active","Inactive","Inactive","Active","_","Active","Stream Beat","Stream Beat","Stream Beat","Stream Beat","Stream Beat","No Streams","No Streams","Stream Beat","_","Stream Beat"
223,223,0,0,0,0,00000004,00c4feb0fe500012,0390,1d9a,1,0,3fa51ff3,1,0,fc2900c4fca0feb0fed3fe50fffa0012,1,1,0,1e5d0a171e5d0a171e5d0a171e5d0a17,1,0,00000000000000000000000000000000,1,0,23c1,0,0,0,23c1,0,0,00c4feb0fe500012,1,0,40980390,0,1,0,fc29fca0fed3fffa,1,0,"Active","Active","Active","Active","Active","Inactive","Inactive","Active","_","Active","Stream Beat","Stream Beat","Stream Beat","Stream Beat","Stream Beat","No Streams","No Streams","Stream Beat","_","Stream Beat"
224,224,0,0,0,0,00000004,fe21fede0113021d,0390,27cf,1,0,3f901030,1,0,fd7bfe21ff96fedeffc00113fdda021d,1,1,0,1e5d0a171e5d0a171e5d0a171e5d0a17,1,0,00000000000000000000000000000000,1,0,23c1,0,0,0,23c1,0,0,fe21fede0113021d,1,0,40980390,0,1,0,fd7bff96ffc0fdda,1,0,"Active","Active","Active","Active","Active","Inactive","Inactive","Active","_","Active","Stream Beat","Stream Beat","Stream Beat","Stream Beat","Stream Beat","No Streams","No Streams","Stream Beat","_","Stream Beat"
225,225,0,0,0,0,00000004,ffea01d301c2ffba,0390,2a46,1,0,3f552013,1,0,ffffffeaff0801d3fcdd01c2fbebffba,1,1,0,1e5d0a171e5d0a171e5d0a171e5d0a17,1,0,00000000000000000000000000000000,1,0,23c1,0,0,0,23c1,0,0,ffea01d301c2ffba,1,0,40980390,0,1,0,ffffff08fcddfbeb,1,0,"Active","Active","Active","Active","Active","Inactive","Inactive","Active","_","Active","Stream Beat","Stream Beat","Stream Beat","Stream Beat","Stream Beat","No Streams","No Streams","Stream Beat","_","Stream Beat"
226,226,0,0,0,0,00000004,021e00f3fecefe3a,0390,1d8f,1,0,3f791fdd,1,0,fe03021efc3800f3fc8afecefe9afe3a,1,1,0,1e5d0a171e5d0a171e5d0a171e5d0a17,1,0,00000000000000000000000000000000,1,0,23c1,0,0,0,23c1,0,0,021e00f3fecefe3a,1,0,40980390,0,1,0,fe03fc38fc8afe9a,1,0,"Active","Active","Active","Active","Active","Inactive","Inactive","Active","_","Active","Stream Beat","Stream Beat","Stream Beat","Stream Beat","Stream Beat","No Streams","No Streams","Stream Beat","_","Stream Beat"
227,227,0,0,0,0,00000004,ffe8fe2cfedd00eb,0390,2360,1,0,3faa2002,1,0,fc02ffe8fd4dfe2cff86feddffd700eb,1,1,0,1e5d0a171e5d0a171e5d0a171e5d0a17,1,0,00000000000000000000000000000000,1,0,23c1,0,0,0,23c1,0,0,ffe8fe2cfedd00eb,1,0,40980390,0,1,0,fc02fd4dff86ffd7,1,0,"Active","Active","Active","Active","Active","Inactive","Inactive","Active","_","Active","Stream Beat","Stream Beat","Stream Beat","Stream Beat","Stream Beat","No Streams","No Streams","Stream Beat","_","Stream Beat"
228,228,0,0,0,0,00000004,fe2bffb401c901e0,0390,2a49,1,0,3f7c2033,1,0,fe67fe2bfffbffb4ff2201c9fcff01e0,1,1,0,1e5d0a171e5d0a171e5d0a171e5d0a17,1,0,00000000000000000000000000000000,1,0,23c1,0,0,0,23c1,0,0,fe2bffb401c901e0,1,0,40980390,0,1,0,fe67fffbff22fcff,1,0,"Active","Active","Active","Active","Active","Inactive","Inactive","Active","_","Active","Stream Beat","Stream Beat","Stream Beat","Stream Beat","Stream Beat","No Streams","No Streams","Stream Beat","_","Stream Beat"
229,229,0,0,0,0,00000004,00d102090117fef0,0390,2343,1,0,3f552001,1,0,ffe500d1fe400209fc610117fc77fef0,1,1,0,1e5d0a171e5d0a171e5d0a171e5d0a17,1,0,00000000000000000000000000000000,1,0,23c1,0,0,0,23c1,0,0,00d102090117fef0,1,0,40980390,0,1,0,ffe5fe40fc61fc77,1,0,"Active","Active","Active","Active","Active","Inactive","Inactive","Active","_","Active","Stream Beat","Stream Beat","Stream Beat","Stream Beat","Stream Beat","No Streams","No Streams","Stream Beat","_","Stream Beat"
230,230,0,0,0,0,00000004,01f50013fe53feb6,0390,1d95,1,0,3f8a2fdd,1,0,fd2d01f5fc030013fd41fe53ff65feb6,1,1,0,1e5d0a171e5d0a171e5d0a171e5d0a17,1,0,00000000000000000000000000000000,1,0,23c1,0,0,0,23c1,0,0,01f50013fe53feb6,1,0,40980390,0,1,0,fd2dfc03fd41ff65,1,0,"Active","Active","Active","Active","Active","Inactive","Inactive","Active","_","Active","Stream Beat","Stream Beat","Stream Beat","Stream Beat","Stream Beat","No Streams","No Streams","Stream Beat","_","Stream Beat"
231,231,0,0,0,0,00000004,ff15fe1dff9401d3,0390,235c,1,0,3fa82018,1,0,fc43ff15fe38fe1dfff1ff94ff3601d3,1,1,0,1e5d0a171e5d0a171e5d0a171e5d0a17,1,0,00000000000000000000000000000000,1,0,23c1,0,0,0,23c1,0,0,ff15fe1dff9401d3,1,0,40980390,0,1,0,fc43fe38fff1ff36,1,0,"Active","Active","Active","Active","Active","Inactive","Inactive","Active","_","Active","Stream Beat","Stream Beat","Stream Beat","Stream Beat","Stream Beat","No Streams","No Streams","Stream Beat","_","Stream Beat"
232,232,0,0,0,0,00000004,fe710090021b0136,0390,2341,1,0,3f6f102e,1,0,ff36fe71ffeb0090fe64021bfc730136,1,1,0,1e5d0a171e5d0a171e5d0a171e5d0a17,1,0,00000000000000000000000000000000,1,0,23c1,0,0,0,23c1,0,0,fe710090021b0136,1,0,40980390,0,1,0,ff36ffebfe64fc73,1,0,"Active","Active","Active","Active","Active","Inactive","Inactive","Active","_","Active","Stream Beat","Stream Beat","Stream Beat","Stream Beat","Stream Beat","No Streams","No Streams","Stream Beat","_","Stream Beat"
233,233,0,0,0,0,00000004,0195020c003efe62,0390,2349,1,0,3f5d1ff1,1,0,ff670195fd4d020cfc0c003efd07fe62,1,1,0,1e5d0a171e5d0a171e5d0a171e5d0a17,1,0,00000000000000000000000000000000,1,0,23c1,0,0,0,23c1,0,0,0195020c003efe62,1,0,40980390,0,1,0,ff67fd4dfc0cfd07,1,0,"Active","Active","Active","Active","Active","Inactive","Inactive","Active","_","Active","Stream Beat","Stream Beat","Stream Beat","Stream Beat","Stream Beat","No Streams","No Streams","Stream Beat","_","Stream Beat"
234,234,0,0,0,0,00000004,015eff44fe10ff5a,0390,2363,1,0,3f9a2fe9,1,0,fc8d015efc57ff44fe00fe10ffddff5a,1,1,0,1e5d0a171e5d0a171e5d0a171e5d0a17,1,0,00000000000000000000000000000000,1,0,23c1,0,0,0,23c1,0,0,015eff44fe10ff5a,1,0,40980390,0,1,0,fc8dfc57fe00ffdd,1,0,"Active","Active","Active","Active","Active","Inactive","Inactive","Active","_","Active","Stream Beat","Stream Beat","Stream Beat","Stream Beat","Stream Beat","No Streams","No Streams","Stream Beat","_","Stream Beat"
235,235,0,0,0,0,00000004,fe76fe6b006e020b,0390,2355,1,0,3f9f1025,1,0,fcdefe76ff17fe6bfff8006efe8e020b,1,1,0,1e5d0a171e5d0a171e5d0a171e5d0a17,1,0,00000000000000000000000000000000,1,0,23c1,0,0,0,23c1,0,0,fe76fe6b006e020b,1,0,40980390,0,1,0,fcdeff17fff8fe8e,1,0,"Active","Active","Active","Active","Active","Inactive","Inactive","Active","_","Active","Stream Beat","Stream Beat","Stream Beat","Stream Beat","Stream Beat","No Streams","No Streams","Stream Beat","_","Stream Beat"
236,236,0,0,0,0,00000004,ff340160020e006f,0390,2a44,1,0,3f5c1024,1,0,ffc4ff34ff910160fd83020efc04006f,1,1,0,1e5d0a171e5d0a171e5d0a171e5d0a17,1,0,00000000000000000000000000000000,1,0,23c1,0,0,0,23c1,0,0,ff340160020e006f,1,0,40980390,0,1,0,ffc4ff91fd83fc04,1,0,"Active","Active","Active","Active","Active","Inactive","Inactive","Active","_","Active","Stream Beat","Stream Beat","Stream Beat","Stream Beat","Stream Beat","No Streams","No Streams","Stream Beat","_","Stream Beat"
237,237,0,0,0,0,00000004,01f70188ff71fe1a,0390,2352,1,0,3f6c2fe0,1,0,fec401f7fc830188fc2cff71fde8fe1a,1,1,0,1e5d0a171e5d0a171e5d0a171e5d0a17,1,0,00000000000000000000000000000000,1,0,23c1,0,0,0,23c1,0,0,01f70188ff71fe1a,1,0,40980390,0,1,0,fec4fc83fc2cfde8,1,0,"Active","Active","Active","Active","Active","Inactive","Inactive","Active","_","Active","Stream Beat","Stream Beat","Stream Beat","Stream Beat","Stream Beat","No Streams","No Streams","Stream Beat","_","Stream Beat"
238,238,0,0,0,0,00000004,009afe8efe67002d,0390,1d9c,1,0,3fa71ff5,1,0,fc17009afcb4fe8efefcfe67fffa002d,1,1,0,1e5d0a171e5d0a171e5d0a171e5d0a17,1,0,00000000000000000000000000000000,1,0,23c1,0,0,0,23c1,0,0,009afe8efe67002d,1,0,40980390,0,1,0,fc17fcb4fefcfffa,1,0,"Active","Active","Active","Active","Active","Inactive","Inactive","Active","_","Active","Stream Beat","Stream Beat","Stream Beat","Stream Beat","Stream Beat","No Streams","No Streams","Stream Beat","_","Stream Beat"
239,239,0,0,0,0,00000004,fe2cff25013f020d,0390,2a4f,1,0,3f8d1031,1,0,fdc4fe2cffb9ff25ffa8013ffdbc020d,1,1,0,1e5d0a171e5d0a171e5d0a171e5d0a17,1,0,00000000000000000000000000000000,1,0,23c1,0,0,0,23c1,0,0,fe2cff25013f020d,1,0,40980390,0,1,0,fdc4ffb9ffa8fdbc,1,0,"Active","Active","Active","Active","Active","Inactive","Inactive","Active","_","Active","Stream Beat","Stream Beat","Stream Beat","Stream Beat","Stream Beat","No Streams","No Streams","Stream Beat","_","Stream Beat"
240,240,0,0,0,0,00000004,fff901eb01b2ff95,0390,2a47,1,0,3f552010,1,0,fffdfff9fee401ebfc9b01b2fc13ff95,1,1,0,1e5d0a171e5d0a171e5d0a171e5d0a17,1,0,00000000000000000000000000000000,1,0,23c1,0,0,0,23c1,0,0,fff901eb01b2ff95,1,0,40980390,0,1,0,fffdfee4fc9bfc13,1,0,"Active","Active","Active","Active","Active","Inactive","Inactive","Active","_","Active","Stream Beat","Stream Beat","Stream Beat","Stream Beat","Stream Beat","No Streams","No Streams","Stream Beat","_","Stream Beat"
241,241,0,0,0,0,00000004,021a00cbfeb1fe3c,0390,1d90,1,0,3f7c1fdb,1,0,fddd021afc1a00cbfcaafeb1febefe3c,1,1,0,1e5d0a171e5d0a171e5d0a171e5d0a17,1,0,00000000000000000000000000000000,1,0,23c1,0,0,0,23c1,0,0,021a00cbfeb1fe3c,1,0,40980390,0,1,0,fdddfc1afcaafebe,1,0,"Active","Active","Active","Active","Active","Inactive","Inactive","Active","_","Active","Stream Beat","Stream Beat","Stream Beat","Stream Beat","Stream Beat","No Streams","No Streams","Stream Beat","_","Stream Beat"
242,242,0,0,0,0,00000004,ffb9fe37fee80117,0390,2360,1,0,3fae2009,1,0,fbfbffb9fd92fe37ff9bfee8ffc00117,1,1,0,1e5d0a171e5d0a171e5d0a171e5d0a17,1,0,00000000000000000000000000000000,1,0,23c1,0,0,0,23c1,0,0,ffb9fe37fee80117,1,0,40980390,0,1,0,fbfbfd92ff9bffc0,1,0,"Active","Active","Active","Active","Active","Inactive","Inactive","Active","_","Active","Stream Beat","Stream Beat","Stream Beat","Stream Beat","Stream Beat","No Streams","No Streams","Stream Beat","_","Stream Beat"
243,243,0,0,0,0,00000004,fe2affd201d601ca,0390,2a48,1,0,3f782032,1,0,fe8cfe2affffffd2ff0301d6fcd901ca,1,1,0,1e5d0a171e5d0a171e5d0a171e5d0a17,1,0,00000000000000000000000000000000,1,0,23c1,0,0,0,23c1,0,0,fe2affd201d601ca,1,0,40980390,0,1,0,fe8cffffff03fcd9,1,0,"Active","Active","Active","Active","Active","Inactive","Inactive","Active","_","Active","Stream Beat","Stream Beat","Stream Beat","Stream Beat","Stream Beat","No Streams","No Streams","Stream Beat","_","Stream Beat"
244,244,0,0,0,0,00000004,00d7022700f5fed0,0390,2343,1,0,3f551ffd,1,0,ffda00d7fe000227fc2d00f5fc8bfed0,1,1,0,1e5d0a171e5d0a171e5d0a171e5d0a17,1,0,00000000000000000000000000000000,1,0,23c1,0,0,0,23c1,0,0,00d7022700f5fed0,1,0,40980390,0,1,0,ffdafe00fc2dfc8b,1,0,"Active","Active","Active","Active","Active","Inactive","Inactive","Active","_","Active","Stream Beat","Stream Beat","Stream Beat","Stream Beat","Stream Beat","No Streams","No Streams","Stream Beat","_","Stream Beat"
245,245,0,0,0,0,00000004,01d8ffeafe25febe,0390,2360,1,0,3f8e2fde,1,0,fd0d01d8fbeeffeafd40fe25ff78febe,1,1,0,1e5d0a171e5d0a171e5d0a171e5d0a17,1,0,00000000000000000000000000000000,1,0,23c1,0,0,0,23c1,0,0,01d8ffeafe25febe,1,0,40980390,0,1,0,fd0dfbeefd40ff78,1,0,"Active","Active","Active","Active","Active","Inactive","Inactive","Active","_","Active","Stream Beat","Stream Beat","Stream Beat","Stream Beat","Stream Beat","No Streams","No Streams","Stream Beat","_","Stream Beat"
246,246,0,0,0,0,00000004,fef2fe37ffcf01a2,0390,235b,1,0,3fa62019,1,0,fc6dfef2fe74fe37fffcffcfff3801a2,1,1,0,1e5d0a171e5d0a171e5d0a171e5d0a17,1,0,00000000000000000000000000000000,1,0,23c1,0,0,0,23c1,0,0,fef2fe37ffcf01a2,1,0,40980390,0,1,0,fc6dfe74fffcff38,1,0,"Active","Active","Active","Active","Active","Inactive","Inactive","Active","_","Active","Stream Beat","Stream Beat","Stream Beat","Stream Beat","Stream Beat","No Streams","No Streams","Stream Beat","_","Stream Beat"
247,247,0,0,0,0,00000004,fe9c00d0021c011c,0390,233e,1,0,3f69102c,1,0,ff51fe9cffe900d0fe31021cfc53011c,1,1,0,1e5d0a171e5d0a171e5d0a171e5d0a17,1,0,00000000000000000000000000000000,1,0,23c1,0,0,0,23c1,0,0,fe9c00d0021c011c,1,0,40980390,0,1,0,ff51ffe9fe31fc53,1,0,"Active","Active","Active","Active","Active","Inactive","Inactive","Active","_","Active","Stream Beat","Stream Beat","Stream Beat","Stream Beat","Stream Beat","No Streams","No Streams","Stream Beat","_","Stream Beat"
248,248,0,0,0,0,00000004,019001e2001efe38,0390,234b,1,0,3f5b2fea,1,0,ff580190fd3c01e2fbfa001efd23fe38,1,1,0,1e5d0a171e5d0a171e5d0a171e5d0a17,1,0,00000000000000000000000000000000,1,0,23c1,0,0,0,23c1,0,0,019001e2001efe38,1,0,40980390,0,1,0,ff58fd3cfbfafd23,1,0,"Active","Active","Active","Active","Active","Inactive","Inactive","Active","_","Active","Stream Beat","Stream Beat","Stream Beat","Stream Beat","Stream Beat","No Streams","No Streams","Stream Beat","_","Stream Beat"
249,249,0,0,0,0,00000004,013eff11fe21ff8f,0390,1d9a,1,0,3fa12fe9,1,0,fc7a013efc48ff11fe35fe21ffefff8f,1,1,0,1e5d0a171e5d0a171e5d0a171e5d0a17,1,0,00000000000000000000000000000000,1,0,23c1,0,0,0,23c1,0,0,013eff11fe21ff8f,1,0,40980390,0,1,0,fc7afc48fe35ffef,1,0,"Active","Active","Active","Active","Active","Inactive","Inactive","Active","_","Active","Stream Beat","Stream Beat","Stream Beat","Stream Beat","Stream Beat","No Streams","No Streams","Stream Beat","_","Stream Beat"
250,250,0,0,0,0,00000004,fe5afe710097021c,0390,2352,1,0,3f9b102a,1,0,fd06fe5aff2bfe71fff40097fe59021c,1,1,0,1e5d0a171e5d0a171e5d0a171e5d0a17,1,0,00000000000000000000000000000000,1,0,23c1,0,0,0,23c1,0,0,fe5afe710097021c,1,0,40980390,0,1,0,fd06ff2bfff4fe59,1,0,"Active","Active","Active","Active","Active","Inactive","Inactive","Active","_","Active","Stream Beat","Stream Beat","Stream Beat","Stream Beat","Stream Beat","No Streams","No Streams","Stream Beat","_","Stream Beat"
251,251,0,0,0,0,00000004,ff6a018a0216004a,0390,2a46,1,0,3f5b101c,1,0,ffd7ff6aff75018afd340216fbf1004a,1,1,0,1e5d0a171e5d0a171e5d0a171e5d0a17,1,0,00000000000000000000000000000000,1,0,23c1,0,0,0,23c1,0,0,ff6a018a0216004a,1,0,40980390,0,1,0,ffd7ff75fd34fbf1,1,0,"Active","Active","Active","Active","Active","Inactive","Inactive","Active","_","Active","Stream Beat","Stream Beat","Stream Beat","Stream Beat","Stream Beat","No Streams","No Streams","Stream Beat","_","Stream Beat"
252,252,0,0,0,0,00000004,021b0162ff4bfe16,0390,2353,1,0,3f6e2fdf,1,0,fe8a021bfc740162fc4eff4bfe12fe16,1,1,0,1e5d0a171e5d0a171e5d0a171e5d0a17,1,0,00000000000000000000000000000000,1,0,23c1,0,0,0,23c1,0,0,021b0162ff4bfe16,1,0,40980390,0,1,0,fe8afc74fc4efe12,1,0,"Active","Active","Active","Active","Active","Inactive","Inactive","Active","_","Active","Stream Beat","Stream Beat","Stream Beat","Stream Beat","Stream Beat","No Streams","No Streams","Stream Beat","_","Stream Beat"
253,253,0,0,0,0,00000004,0073fe7efe650064,0390,1d9a,1,0,3fa71ff7,1,0,fc050073fcf0fe7eff12fe65fff60064,1,1,0,1e5d0a171e5d0a171e5d0a171e5d0a17,1,0,00000000000000000000000000000000,1,0,23c1,0,0,0,23c1,0,0,0073fe7efe650064,1,0,40980390,0,1,0,fc05fcf0ff12fff6,1,0,"Active","Active","Active","Active","Active","Inactive","Inactive","Active","_","Active","Stream Beat","Stream Beat","Stream Beat","Stream Beat","Stream Beat","No Streams","No Streams","Stream Beat","_","Stream Beat"
254,254,0,0,0,0,00000004,fe24ff2a01410203,0390,2a4f,1,0,3f871035,1,0,fdeffe24ffc1ff2aff9d0141fd8e0203,1,1,0,1e5d0a171e5d0a171e5d0a171e5d0a17,1,0,00000000000000000000000000000000,1,0,23c1,0,0,0,23c1,0,0,fe24ff2a01410203,1,0,40980390,0,1,0,fdefffc1ff9dfd8e,1,0,"Active","Active","Active","Active","Active","Inactive","Inactive","Active","_","Active","Stream Beat","Stream Beat","Stream Beat","Stream Beat","Stream Beat","No Streams","No Streams","Stream Beat","_","Stream Beat"
255,255,0,0,0,0,00000004,00340205018bff6d,0390,2a48,1,0,3f55200d,1,0,fffe0034feb60205fc8b018bfc24ff6d,1,1,0,1e5d0a171e5d0a171e5d0a171e5d0a17,1,0,00000000000000000000000000000000,1,0,23c1,0,0,0,23c1,0,0,00340205018bff6d,1,0,40980390,0,1,0,fffefeb6fc8bfc24,1,0,"Active","Active","Active","Active","Active","Inactive","Inactive","Active","_","Active","Stream Beat","Stream Beat","Stream Beat","Stream Beat","Stream Beat","No Streams","No Streams","Stream Beat","_","Stream Beat"
256,256,0,0,0,0,00000004,0216009ffe8efe5d,0390,1d92,1,0,3f7f1fdb,1,0,fdb10216fc0f009ffcb7fe8efef0fe5d,1,1,0,1e5d0a171e5d0a171e5d0a171e5d0a17,1,0,00000000000000000000000000000000,1,0,23c1,0,0,0,23c1,0,0,0216009ffe8efe5d,1,0,40980390,0,1,0,fdb1fc0ffcb7fef0,1,0,"Active","Active","Active","Active","Active","Inactive","Inactive","Active","_","Active","Stream Beat","Stream Beat","Stream Beat","Stream Beat","Stream Beat","No Streams","No Streams","Stream Beat","_","Stream Beat"
257,257,0,0,0,0,00000004,ff96fe29ff050161,0390,2360,1,0,3fad2009,1,0,fc11ff96fdbffe29ffaeff05ffa10161,1,1,0,1e5d0a171e5d0a171e5d0a171e5d0a17,1,0,00000000000000000000000000000000,1,0,23c1,0,0,0,23c1,0,0,ff96fe29ff050161,1,0,40980390,0,1,0,fc11fdbfffaeffa1,1,0,"Active","Active","Active","Active","Active","Inactive","Inactive","Active","_","Active","Stream Beat","Stream Beat","Stream Beat","Stream Beat","Stream Beat","No Streams","No Streams","Stream Beat","_","Stream Beat"
258,258,0,0,0,0,00000004,fe3ffffe01e101a8,0390,2a48,1,0,3f761033,1,0,feb4fe3f0004fffefee601e1fcb701a8,1,1,0,1e5d0a171e5d0a171e5d0a171e5d0a17,1,0,00000000000000000000000000000000,1,0,23c1,0,0,0,23c1,0,0,fe3ffffe01e101a8,1,0,40980390,0,1,0,feb40004fee6fcb7,1,0,"Active","Active","Active","Active","Active","Inactive","Inactive","Active","_","Active","Stream Beat","Stream Beat","Stream Beat","Stream Beat","Stream Beat","No Streams","No Streams","Stream Beat","_","Stream Beat"
259,259,0,0,0,0,00000004,0111021200d5fe9c,0390,2345,1,0,3f561ffa,1,0,ffca0111fddb0212fc2100d5fc87fe9c,1,1,0,1e5d0a171e5d0a171e5d0a171e5d0a17,1,0,00000000000000000000000000000000,1,0,23c1,0,0,0,23c1,0,0,0111021200d5fe9c,1,0,40980390,0,1,0,ffcafddbfc21fc87,1,0,"Active","Active","Active","Active","Active","Inactive","Inactive","Active","_","Active","Stream Beat","Stream Beat","Stream Beat","Stream Beat","Stream Beat","No Streams","No Streams","Stream Beat","_","Stream Beat"
260,260,0,0,0,0,00000004,01b7ffc3fe2cfee7,0390,2362,1,0,3f912fe2,1,0,fcee01b7fc14ffc3fd8dfe2cff92fee7,1,1,0,1e5d0a171e5d0a171e5d0a171e5d0a17,1,0,00000000000000000000000000000000,1,0,23c1,0,0,0,23c1,0,0,01b7ffc3fe2cfee7,1,0,40980390,0,1,0,fceefc14fd8dff92,1,0,"Active","Active","Active","Active","Active","Inactive","Inactive","Active","_","Active","Stream Beat","Stream Beat","Stream Beat","Stream Beat","Stream Beat","No Streams","No Streams","Stream Beat","_","Stream Beat"
261,261,0,0,0,0,00000004,fed7fe1dffd501d0,0390,2359,1,0,2fa5201c,1,0,fc82fed7fe8afe1dfff7ffd5ff1101d0,1,1,0,1e5d0a171e5d0a171e5d0a171e5d0a17,1,0,00000000000000000000000000000000,1,0,23c1,0,0,0,23c1,0,0,fed7fe1dffd501d0,1,0,40980390,0,1,0,fc82fe8afff7ff11,1,0,"Active","Active","Active","Active","Active","Inactive","Inactive","Active","_","Active","Stream Beat","Stream Beat","Stream Beat","Stream Beat","Stream Beat","No Streams","No Streams","Stream Beat","_","Stream Beat"
262,262,0,0,0,0,00000004,fecc00ec021600f1,0390,233e,1,0,3f641029,1,0,ff7ffeccffd300ecfe170216fc2b00f1,1,1,0,1e5d0a171e5d0a171e5d0a171e5d0a17,1,0,00000000000000000000000000000000,1,0,23c1,0,0,0,23c1,0,0,fecc00ec021600f1,1,0,40980390,0,1,0,ff7fffd3fe17fc2b,1,0,"Active","Active","Active","Active","Active","Inactive","Inactive","Active","_","Active","Stream Beat","Stream Beat","Stream Beat","Stream Beat","Stream Beat","No Streams","No Streams","Stream Beat","_","Stream Beat"
263,263,0,0,0,0,00000004,01c001dbfff0fe48,0390,234c,1,0,3f622fe8,1,0,ff3301c0fcfe01dbfc22fff0fd73fe48,1,1,0,1e5d0a171e5d0a171e5d0a171e5d0a17,1,0,00000000000000000000000000000000,1,0,23c1,0,0,0,23c1,0,0,01c001dbfff0fe48,1,0,40980390,0,1,0,ff33fcfefc22fd73,1,0,"Active","Active","Active","Active","Active","Inactive","Inactive","Active","_","Active","Stream Beat","Stream Beat","Stream Beat","Stream Beat","Stream Beat","No Streams","No Streams","Stream Beat","_","Stream Beat"
264,264,0,0,0,0,00000004,0121fef2fe26ff9b,0390,1d9b,1,0,3fa12fe9,1,0,fc310121fc52fef2fe6efe26ffecff9b,1,1,0,1e5d0a171e5d0a171e5d0a171e5d0a17,1,0,00000000000000000000000000000000,1,0,23c1,0,0,0,23c1,0,0,0121fef2fe26ff9b,1,0,40980390,0,1,0,fc31fc52fe6effec,1,0,"Active","Active","Active","Active","Active","Inactive","Inactive","Active","_","Active","Stream Beat","Stream Beat","Stream Beat","Stream Beat","Stream Beat","No Streams","No Streams","Stream Beat","_","Stream Beat"
265,265,0,0,0,0,00000004,fe48fe8500a9022f,0390,2351,1,0,3f99102b,1,0,fd35fe48ff49fe85ffea00a9fe27022f,1,1,0,1e5d0a171e5d0a171e5d0a171e5d0a17,1,0,00000000000000000000000000000000,1,0,23c1,0,0,0,23c1,0,0,fe48fe8500a9022f,1,0,40980390,0,1,0,fd35ff49ffeafe27,1,0,"Active","Active","Active","Active","Active","Inactive","Inactive","Active","_","Active","Stream Beat","Stream Beat","Stream Beat","Stream Beat","Stream Beat","No Streams","No Streams","Stream Beat","_","Stream Beat"
266,266,0,0,0,0,00000004,ff8c019e01f1001d,0390,2a46,1,0,3f5c201d,1,0,ffeaff8cff55019efd2a01f1fbf5001d,1,1,0,1e5d0a171e5d0a171e5d0a171e5d0a17,1,0,00000000000000000000000000000000,1,0,23c1,0,0,0,23c1,0,0,ff8c019e01f1001d,1,0,40980390,0,1,0,ffeaff55fd2afbf5,1,0,"Active","Active","Active","Active","Active","Inactive","Inactive","Active","_","Active","Stream Beat","Stream Beat","Stream Beat","Stream Beat","Stream Beat","No Streams","No Streams","Stream Beat","_","Stream Beat"
267,267,0,0,0,0,00000004,0221013eff13fe24,0390,1d8b,1,0,3f6d2fdd,1,0,fe5d0221fc6a013efc2dff13fe40fe24,1,1,0,1e5d0a171e5d0a171e5d0a171e5d0a17,1,0,00000000000000000000000000000000,1,0,23c1,0,0,0,23c1,0,0,0221013eff13fe24,1,0,40980390,0,1,0,fe5dfc6afc2dfe40,1,0,"Active","Active","Active","Active","Active","Inactive","Inactive","Active","_","Active","Stream Beat","Stream Beat","Stream Beat","Stream Beat","Stream Beat","No Streams","No Streams","Stream Beat","_","Stream Beat"
268,268,0,0,0,0,00000004,004bfe60fe930088,0390,1d9c,1,0,3fa81ffa,1,0,fc02004bfd0efe60ff3ffe93fff20088,1,1,0,1e5d0a171e5d0a171e5d0a171e5d0a17,1,0,00000000000000000000000000000000,1,0,23c1,0,0,0,23c1,0,0,004bfe60fe930088,1,0,40980390,0,1,0,fc02fd0eff3ffff2,1,0,"Active","Active","Active","Active","Active","Inactive","Inactive","Active","_","Active","Stream Beat","Stream Beat","Stream Beat","Stream Beat","Stream Beat","No Streams","No Streams","Stream Beat","_","Stream Beat"
269,269,0,0,0,0,00000004,fe1eff4b01740202,0390,2a4d,1,0,3f851033,1,0,fe1cfe1effceff4bff800174fd500202,1,1,0,1e5d0a171e5d0a171e5d0a171e5d0a17,1,0,00000000000000000000000000000000,1,0,23c1,0,0,0,23c1,0,0,fe1eff4b01740202,1,0,40980390,0,1,0,fe1cffceff80fd50,1,0,"Active","Active","Active","Active","Active","Inactive","Inactive","Active","_","Active","Stream Beat","Stream Beat","Stream Beat","Stream Beat","Stream Beat","No Streams","No Streams","Stream Beat","_","Stream Beat"
270,270,0,0,0,0,00000004,00600213016bff47,0390,2a4c,1,0,3f532009,1,0,fffa0060fe8f0213fc5e016bfc21ff47,1,1,0,1e5d0a171e5d0a171e5d0a171e5d0a17,1,0,00000000000000000000000000000000,1,0,23c1,0,0,0,23c1,0,0,00600213016bff47,1,0,40980390,0,1,0,fffafe8ffc5efc21,1,0,"Active","Active","Active","Active","Active","Inactive","Inactive","Active","_","Active","Stream Beat","Stream Beat","Stream Beat","Stream Beat","Stream Beat","No Streams","No Streams","Stream Beat","_","Stream Beat"
271,271,0,0,0,0,00000004,02060079fe79fe6a,0390,1d93,1,0,3f841fdc,1,0,fd860206fc0d0079fcf2fe79ff0efe6a,1,1,0,1e5d0a171e5d0a171e5d0a171e5d0a17,1,0,00000000000000000000000000000000,1,0,23c1,0,0,0,23c1,0,0,02060079fe79fe6a,1,0,40980390,0,1,0,fd86fc0dfcf2ff0e,1,0,"Active","Active","Active","Active","Active","Inactive","Inactive","Active","_","Active","Stream Beat","Stream Beat","Stream Beat","Stream Beat","Stream Beat","No Streams","No Streams","Stream Beat","_","Stream Beat"
272,272,0,0,0,0,00000004,ff6afe17ff310153,0390,235f,1,0,3fab200d,1,0,fc1aff6afdd9fe17ffc5ff31ff990153,1,1,0,1e5d0a171e5d0a171e5d0a171e5d0a17,1,0,00000000000000000000000000000000,1,0,23c1,0,0,0,23c1,0,0,ff6afe17ff310153,1,0,40980390,0,1,0,fc1afdd9ffc5ff99,1,0,"Active","Active","Active","Active","Active","Inactive","Inactive","Active","_","Active","Stream Beat","Stream Beat","Stream Beat","Stream Beat","Stream Beat","No Streams","No Streams","Stream Beat","_","Stream Beat"
273,273,0,0,0,0,00000004,fe5000430200018e,0390,2a45,1,0,3f701032,1,0,fee4fe5000010043feb70200fc91018e,1,1,0,1e5d0a171e5d0a171e5d0a171e5d0a17,1,0,00000000000000000000000000000000,1,0,23c1,0,0,0,23c1,0,0,fe5000430200018e,1,0,40980390,0,1,0,fee40001feb7fc91,1,0,"Active","Active","Active","Active","Active","Inactive","Inactive","Active","_","Active","Stream Beat","Stream Beat","Stream Beat","Stream Beat","Stream Beat","No Streams","No Streams","Stream Beat","_","Stream Beat"
274,274,0,0,0,0,00000004,01340214009efe8f,0390,2346,1,0,3f591ff6,1,0,ffab0134fdb60214fc29009efcbafe8f,1,1,0,1e5d0a171e5d0a171e5d0a171e5d0a17,1,0,00000000000000000000000000000000,1,0,23c1,0,0,0,23c1,0,0,01340214009efe8f,1,0,40980390,0,1,0,ffabfdb6fc29fcba,1,0,"Active","Active","Active","Active","Active","Inactive","Inactive","Active","_","Active","Stream Beat","Stream Beat","Stream Beat","Stream Beat","Stream Beat","No Streams","No Streams","Stream Beat","_","Stream Beat"
275,275,0,0,0,0,00000004,01b6ff92fe25ff14,0390,2362,1,0,3f952fe0,1,0,fca601b6fc0dff92fdaffe25ffb7ff14,1,1,0,1e5d0a171e5d0a171e5d0a171e5d0a17,1,0,00000000000000000000000000000000,1,0,23c1,0,0,0,23c1,0,0,01b6ff92fe25ff14,1,0,40980390,0,1,0,fca6fc0dfdafffb7,1,0,"Active","Active","Active","Active","Active","Inactive","Inactive","Active","_","Active","Stream Beat","Stream Beat","Stream Beat","Stream Beat","Stream Beat","No Streams","No Streams","Stream Beat","_","Stream Beat"
276,276,0,0,0,0,00000004,feb7fe48002101fa,0390,2359,1,0,2fa21022,1,0,fcb4feb7fec2fe4800030021fed901fa,1,1,0,1e5d0a171e5d0a171e5d0a171e5d0a17,1,0,00000000000000000000000000000000,1,0,23c1,0,0,0,23c1,0,0,feb7fe48002101fa,1,0,40980390,0,1,0,fcb4fec20003fed9,1,0,"Active","Active","Active","Active","Active","Inactive","Inactive","Active","_","Active","Stream Beat","Stream Beat","Stream Beat","Stream Beat","Stream Beat","No Streams","No Streams","Stream Beat","_","Stream Beat"
277,277,0,0,0,0,00000004,fee200ed021e00ce,0390,2a44,1,0,3f641027,1,0,ff93fee2ffcd00edfdda021efc2100ce,1,1,0,1e5d0a171e5d0a171e5d0a171e5d0a17,1,0,00000000000000000000000000000000,1,0,23c1,0,0,0,23c1,0,0,fee200ed021e00ce,1,0,40980390,0,1,0,ff93ffcdfddafc21,1,0,"Active","Active","Active","Active","Active","Inactive","Inactive","Active","_","Active","Stream Beat","Stream Beat","Stream Beat","Stream Beat","Stream Beat","No Streams","No Streams","Stream Beat","_","Stream Beat"
278,278,0,0,0,0,00000004,01da01bcffc2fe36,0390,234e,1,0,3f612fe8,1,0,ff0801dafcf001bcfc09ffc2fd94fe36,1,1,0,1e5d0a171e5d0a171e5d0a171e5d0a17,1,0,00000000000000000000000000000000,1,0,23c1,0,0,0,23c1,0,0,01da01bcffc2fe36,1,0,40980390,0,1,0,ff08fcf0fc09fd94,1,0,"Active","Active","Active","Active","Active","Inactive","Inactive","Active","_","Active","Stream Beat","Stream Beat","Stream Beat","Stream Beat","Stream Beat","No Streams","No Streams","Stream Beat","_","Stream Beat"
279,279,0,0,0,0,00000004,00f4fecbfe31fff1,0390,1d9b,1,0,2fa51ff1,1,0,fc2d00f4fc69fecbfe92fe31fffffff1,1,1,0,1e5d0a171e5d0a171e5d0a171e5d0a17,1,0,00000000000000000000000000000000,1,0,23c1,0,0,0,23c1,0,0,00f4fecbfe31fff1,1,0,40980390,0,1,0,fc2dfc69fe92ffff,1,0,"Active","Active","Active","Active","Active","Inactive","Inactive","Active","_","Active","Stream Beat","Stream Beat","Stream Beat","Stream Beat","Stream Beat","No Streams","No Streams","Stream Beat","_","Stream Beat"
280,280,0,0,0,0,00000004,fe3efedb00e5022b,0390,1f49,1,0,3f95102b,1,0,fd59fe3eff89fedbffd200e5fe06022b,1,1,0,1e5d0a171e5d0a171e5d0a171e5d0a17,1,0,00000000000000000000000000000000,1,0,23c1,0,0,0,23c1,0,0,fe3efedb00e5022b,1,0,40980390,0,1,0,fd59ff89ffd2fe06,1,0,"Active","Active","Active","Active","Active","Inactive","Inactive","Active","_","Active","Stream Beat","Stream Beat","Stream Beat","Stream Beat","Stream Beat","No Streams","No Streams","Stream Beat","_","Stream Beat"
281,281,0,0,0,0,00000004,ffaf01c301e4ffea,0390,2a47,1,0,3f592018,1,0,fffbffafff2801c3fd0301e4fc0effea,1,1,0,1e5d0a171e5d0a171e5d0a171e5d0a17,1,0,00000000000000000000000000000000,1,0,23c1,0,0,0,23c1,0,0,ffaf01c301e4ffea,1,0,40980390,0,1,0,fffbff28fd03fc0e,1,0,"Active","Active","Active","Active","Active","Inactive","Inactive","Active","_","Active","Stream Beat","Stream Beat","Stream Beat","Stream Beat","Stream Beat","No Streams","No Streams","Stream Beat","_","Stream Beat"
282,282,0,0,0,0,00000004,0221012dfeedfe1f,0390,1d8d,1,0,3f722fde,1,0,fe260221fc40012dfc6efeedfe55fe1f,1,1,0,1e5d0a171e5d0a171e5d0a171e5d0a17,1,0,00000000000000000000000000000000,1,0,23c1,0,0,0,23c1,0,0,0221012dfeedfe1f,1,0,40980390,0,1,0,fe26fc40fc6efe55,1,0,"Active","Active","Active","Active","Active","Inactive","Inactive","Active","_","Active","Stream Beat","Stream Beat","Stream Beat","Stream Beat","Stream Beat","No Streams","No Streams","Stream Beat","_","Stream Beat"
283,283,0,0,0,0,00000004,001cfe4bfeb500c0,0390,1d9c,1,0,3fab2002,1,0,fc06001cfd35fe4bff5dfeb5ffef00c0,1,1,0,1e5d0a171e5d0a171e5d0a171e5d0a17,1,0,00000000000000000000000000000000,1,0,23c1,0,0,0,23c1,0,0,001cfe4bfeb500c0,1,0,40980390,0,1,0,fc06fd35ff5dffef,1,0,"Active","Active","Active","Active","Active","Inactive","Inactive","Active","_","Active","Stream Beat","Stream Beat","Stream Beat","Stream Beat","Stream Beat","No Streams","No Streams","Stream Beat","_","Stream Beat"
284,284,0,0,0,0,00000004,fe1bff80019901ea,0390,2a4c,1,0,3f832034,1,0,fe35fe1bffe8ff80ff560199fd3a01ea,1,1,0,1e5d0a171e5d0a171e5d0a171e5d0a17,1,0,00000000000000000000000000000000,1,0,23c1,0,0,0,23c1,0,0,fe1bff80019901ea,1,0,40980390,0,1,0,fe35ffe8ff56fd3a,1,0,"Active","Active","Active","Active","Active","Inactive","Inactive","Active","_","Active","Stream Beat","Stream Beat","Stream Beat","Stream Beat","Stream Beat","No Streams","No Streams","Stream Beat","_","Stream Beat"
285,285,0,0,0,0,00000004,008602100142ff1a,0390,2341,1,0,3f522005,1,0,fff40086fe690210fc6a0142fc48ff1a,1,1,0,1e5d0a171e5d0a171e5d0a171e5d0a17,1,0,00000000000000000000000000000000,1,0,23c1,0,0,0,23c1,0,0,008602100142ff1a,1,0,40980390,0,1,0,fff4fe69fc6afc48,1,0,"Active","Active","Active","Active","Active","Inactive","Inactive","Active","_","Active","Stream Beat","Stream Beat","Stream Beat","Stream Beat","Stream Beat","No Streams","No Streams","Stream Beat","_","Stream Beat"
286,286,0,0,0,0,00000004,01f90046fe61fe91,0390,1d93,1,0,3f881fdd,1,0,fd6801f9fc120046fd09fe61ff3dfe91,1,1,0,1e5d0a171e5d0a171e5d0a171e5d0a17,1,0,00000000000000000000000000000000,1,0,23c1,0,0,0,23c1,0,0,01f90046fe61fe91,1,0,40980390,0,1,0,fd68fc12fd09ff3d,1,0,"Active","Active","Active","Active","Active","Inactive","Inactive","Active","_","Active","Stream Beat","Stream Beat","Stream Beat","Stream Beat","Stream Beat","No Streams","No Streams","Stream Beat","_","Stream Beat"
287,287,0,0,0,0,00000004,ff41fe0dff4c0194,0390,235e,1,0,3faa2011,1,0,fc3eff41fdfafe0dffd7ff4cff6c0194,1,1,0,1e5d0a171e5d0a171e5d0a171e5d0a17,1,0,00000000000000000000000000000000,1,0,23c1,0,0,0,23c1,0,0,ff41fe0dff4c0194,1,0,40980390,0,1,0,fc3efdfaffd7ff6c,1,0,"Active","Active","Active","Active","Active","Inactive","Inactive","Active","_","Active","Stream Beat","Stream Beat","Stream Beat","Stream Beat","Stream Beat","No Streams","No Streams","Stream Beat","_","Stream Beat"
288,288,0,0,0,0,00000004,fe6d005201fd017b,0390,2a46,1,0,3f70102f,1,0,ff06fe6d00050052fe9101fdfc5e017b,1,1,0,1e5d0a171e5d0a171e5d0a171e5d0a17,1,0,00000000000000000000000000000000,1,0,23c1,0,0,0,23c1,0,0,fe6d005201fd017b,1,0,40980390,0,1,0,ff060005fe91fc5e,1,0,"Active","Active","Active","Active","Active","Inactive","Inactive","Active","_","Active","Stream Beat","Stream Beat","Stream Beat","Stream Beat","Stream Beat","No Streams","No Streams","Stream Beat","_","Stream Beat"
289,289,0,0,0,0,00000004,014e02130080fe6d,0390,2347,1,0,3f5c1ff3,1,0,ff9d014efd750213fc020080fce2fe6d,1,1,0,1e5d0a171e5d0a171e5d0a171e5d0a17,1,0,00000000000000000000000000000000,1,0,23c1,0,0,0,23c1,0,0,014e02130080fe6d,1,0,40980390,0,1,0,ff9dfd75fc02fce2,1,0,"Active","Active","Active","Active","Active","Inactive","Inactive","Active","_","Active","Stream Beat","Stream Beat","Stream Beat","Stream Beat","Stream Beat","No Streams","No Streams","Stream Beat","_","Stream Beat"
290,290,0,0,0,0,00000004,0183ff6ffe19ff18,0390,2363,1,0,3f972fe2,1,0,fcad0183fc36ff6ffddbfe19ffbcff18,1,1,0,1e5d0a171e5d0a171e5d0a171e5d0a17,1,0,00000000000000000000000000000000,1,0,23c1,0,0,0,23c1,0,0,0183ff6ffe19ff18,1,0,40980390,0,1,0,fcadfc36fddbffbc,1,0,"Active","Active","Active","Active","Active","Inactive","Inactive","Active","_","Active","Stream Beat","Stream Beat","Stream Beat","Stream Beat","Stream Beat","No Streams","No Streams","Stream Beat","_","Stream Beat"
291,291,0,0,0,0,00000004,fe8afe57003a01f8,0390,2357,1,0,2f9f1023,1,0,fca9fe8afee9fe570000003afebd01f8,1,1,0,1e5d0a171e5d0a171e5d0a171e5d0a17,1,0,00000000000000000000000000000000,1,0,23c1,0,0,0,23c1,0,0,fe8afe57003a01f8,1,0,40980390,0,1,0,fca9fee90000febd,1,0,"Active","Active","Active","Active","Active","Inactive","Inactive","Active","_","Active","Stream Beat","Stream Beat","Stream Beat","Stream Beat","Stream Beat","No Streams","No Streams","Stream Beat","_","Stream Beat"
292,292,0,0,0,0,00000004,ff1e0139022200a9,0390,2a44,1,0,3f5f1024,1,0,ffb7ff1effac0139fda90222fbe700a9,1,1,0,1e5d0a171e5d0a171e5d0a171e5d0a17,1,0,00000000000000000000000000000000,1,0,23c1,0,0,0,23c1,0,0,ff1e0139022200a9,1,0,40980390,0,1,0,ffb7ffacfda9fbe7,1,0,"Active","Active","Active","Active","Active","Inactive","Inactive","Active","_","Active","Stream Beat","Stream Beat","Stream Beat","Stream Beat","Stream Beat","No Streams","No Streams","Stream Beat","_","Stream Beat"
293,293,0,0,0,0,00000004,01eb01b4ff94fe27,0390,2350,1,0,3f672fe2,1,0,fee201ebfcab01b4fc01ff94fdb5fe27,1,1,0,1e5d0a171e5d0a171e5d0a171e5d0a17,1,0,00000000000000000000000000000000,1,0,23c1,0,0,0,23c1,0,0,01eb01b4ff94fe27,1,0,40980390,0,1,0,fee2fcabfc01fdb5,1,0,"Active","Active","Active","Active","Active","Inactive","Inactive","Active","_","Active","Stream Beat","Stream Beat","Stream Beat","Stream Beat","Stream Beat","No Streams","No Streams","Stream Beat","_","Stream Beat"
294,294,0,0,0,0,00000004,00d7feaafe270000,0390,1d9c,1,0,2fa41ff1,1,0,fc1700d7fc98feaafea6fe2700030000,1,1,0,1e5d0a171e5d0a171e5d0a171e5d0a17,1,0,00000000000000000000000000000000,1,0,23c1,0,0,0,23c1,0,0,00d7feaafe270000,1,0,40980390,0,1,0,fc17fc98fea60003,1,0,"Active","Active","Active","Active","Active","Inactive","Inactive","Active","_","Active","Stream Beat","Stream Beat","Stream Beat","Stream Beat","Stream Beat","No Streams","No Streams","Stream Beat","_","Stream Beat"
295,295,0,0,0,0,00000004,fe36fed600f90209,0390,27d0,1,0,3f8f1032,1,0,fd9bfe36ff89fed6ffd000f9fde90209,1,1,0,1e5d0a171e5d0a171e5d0a171e5d0a17,1,0,00000000000000000000000000000000,1,0,23c1,0,0,0,23c1,0,0,fe36fed600f90209,1,0,40980390,0,1,0,fd9bff89ffd0fde9,1,0,"Active","Active","Active","Active","Active","Inactive","Inactive","Active","_","Active","Stream Beat","Stream Beat","Stream Beat","Stream Beat","Stream Beat","No Streams","No Streams","Stream Beat","_","Stream Beat"
296,296,0,0,0,0,00000004,ffdd01e101c7ffc7,0390,2a47,1,0,3f542015,1,0,fffcffddff0701e1fcd701c7fbffffc7,1,1,0,1e5d0a171e5d0a171e5d0a171e5d0a17,1,0,00000000000000000000000000000000,1,0,23c1,0,0,0,23c1,0,0,ffdd01e101c7ffc7,1,0,40980390,0,1,0,fffcff07fcd7fbff,1,0,"Active","Active","Active","Active","Active","Inactive","Inactive","Active","_","Active","Stream Beat","Stream Beat","Stream Beat","Stream Beat","Stream Beat","No Streams","No Streams","Stream Beat","_","Stream Beat"
297,297,0,0,0,0,00000004,022300f6fed3fe27,0390,1d8d,1,0,2f751fda,1,0,fe0a0223fc3c00f6fc85fed3fe89fe27,1,1,0,1e5d0a171e5d0a171e5d0a171e5d0a17,1,0,00000000000000000000000000000000,1,0,23c1,0,0,0,23c1,0,0,022300f6fed3fe27,1,0,40980390,0,1,0,fe0afc3cfc85fe89,1,0,"Active","Active","Active","Active","Active","Inactive","Inactive","Active","_","Active","Stream Beat","Stream Beat","Stream Beat","Stream Beat","Stream Beat","No Streams","No Streams","Stream Beat","_","Stream Beat"
298,298,0,0,0,0,00000004,ffebfe4cfec500c8,0390,1f5d,1,0,3fad2000,1,0,fbe5ffebfd6dfe4cff7dfec5ffda00c8,1,1,0,1e5d0a171e5d0a171e5d0a171e5d0a17,1,0,00000000000000000000000000000000,1,0,23c1,0,0,0,23c1,0,0,ffebfe4cfec500c8,1,0,40980390,0,1,0,fbe5fd6dff7dffda,1,0,"Active","Active","Active","Active","Active","Inactive","Inactive","Active","_","Active","Stream Beat","Stream Beat","Stream Beat","Stream Beat","Stream Beat","No Streams","No Streams","Stream Beat","_","Stream Beat"
299,299,0,0,0,0,00000004,fe21ffb901c001e7,0390,2a4b,1,0,3f7d2034,1,0,fe58fe21fffcffb9ff2a01c0fd0101e7,1,1,0,1e5d0a171e5d0a171e5d0a171e5d0a17,1,0,00000000000000000000000000000000,1,0,23c1,0,0,0,23c1,0,0,fe21ffb901c001e7,1,0,40980390,0,1,0,fe58fffcff2afd01,1,0,"Active","Active","Active","Active","Active","Inactive","Inactive","Active","_","Active","Stream Beat","Stream Beat","Stream Beat","Stream Beat","Stream Beat","No Streams","No Streams","Stream Beat","_","Stream Beat"
300,300,0,0,0,0,00000004,00b90220012cfeef,0390,2342,1,0,3f552001,1,0,ffec00b9fe2e0220fc39012cfc65feef,1,1,0,1e5d0a171e5d0a171e5d0a171e5d0a17,1,0,00000000000000000000000000000000,1,0,23c1,0,0,0,23c1,0,0,00b90220012cfeef,1,0,40980390,0,1,0,ffecfe2efc39fc65,1,0,"Active","Active","Active","Active","Active","Inactive","Inactive","Active","_","Active","Stream Beat","Stream Beat","Stream Beat","Stream Beat","Stream Beat","No Streams","No Streams","Stream Beat","_","Stream Beat"
301,301,0,0,0,0,00000004,01fa001dfe4bfeb7,0390,1d94,1,0,3f8a2fdc,1,0,fd2501fafbff001dfd32fe4bff5ffeb7,1,1,0,1e5d0a171e5d0a171e5d0a171e5d0a17,1,0,00000000000000000000000000000000,1,0,23c1,0,0,0,23c1,0,0,01fa001dfe4bfeb7,1,0,40980390,0,1,0,fd25fbfffd32ff5f,1,0,"Active","Active","Active","Active","Active","Inactive","Inactive","Active","_","Active","Stream Beat","Stream Beat","Stream Beat","Stream Beat","Stream Beat","No Streams","No Streams","Stream Beat","_","Stream Beat"
302,302,0,0,0,0,00000004,ff1ffe23ff6d0199,0390,235c,1,0,3fa72018,1,0,fc4cff1ffe3efe23ffe4ff6dff570199,1,1,0,1e5d0a171e5d0a171e5d0a171e5d0a17,1,0,00000000000000000000000000000000,1,0,23c1,0,0,0,23c1,0,0,ff1ffe23ff6d0199,1,0,40980390,0,1,0,fc4cfe3effe4ff57,1,0,"Active","Active","Active","Active","Active","Inactive","Inactive","Active","_","Active","Stream Beat","Stream Beat","Stream Beat","Stream Beat","Stream Beat","No Streams","No Streams","Stream Beat","_","Stream Beat"
303,303,0,0,0,0,00000004,fe8400a10215014c,0390,233f,1,0,3f6b102f,1,0,ff33fe84fff200a1fe690215fc48014c,1,1,0,1e5d0a171e5d0a171e5d0a171e5d0a17,1,0,00000000000000000000000000000000,1,0,23c1,0,0,0,23c1,0,0,fe8400a10215014c,1,0,40980390,0,1,0,ff33fff2fe69fc48,1,0,"Active","Active","Active","Active","Active","Inactive","Inactive","Active","_","Active","Stream Beat","Stream Beat","Stream Beat","Stream Beat","Stream Beat","No Streams","No Streams","Stream Beat","_","Stream Beat"
304,304,0,0,0,0,00000004,016101fb0051fe5b,0390,2348,1,0,3f5b1ff1,1,0,ff830161fd5e01fbfbe50051fd04fe5b,1,1,0,1e5d0a171e5d0a171e5d0a171e5d0a17,1,0,00000000000000000000000000000000,1,0,23c1,0,0,0,23c1,0,0,016101fb0051fe5b,1,0,40980390,0,1,0,ff83fd5efbe5fd04,1,0,"Active","Active","Active","Active","Active","Inactive","Inactive","Active","_","Active","Stream Beat","Stream Beat","Stream Beat","Stream Beat","Stream Beat","No Streams","No Streams","Stream Beat","_","Stream Beat"
305,305,0,0,0,0,00000004,016fff41fe1bff66,0390,2363,1,0,3f9c2fe4,1,0,fc7f016ffc35ff41fe07fe1bffdbff66,1,1,0,1e5d0a171e5d0a171e5d0a171e5d0a17,1,0,00000000000000000000000000000000,1,0,23c1,0,0,0,23c1,0,0,016fff41fe1bff66,1,0,40980390,0,1,0,fc7ffc35fe07ffdb,1,0,"Active","Active","Active","Active","Active","Inactive","Inactive","Active","_","Active","Stream Beat","Stream Beat","Stream Beat","Stream Beat","Stream Beat","No Streams","No Streams","Stream Beat","_","Stream Beat"
306,306,0,0,0,0,00000004,fe69fe6a00610207,0390,2355,1,0,3f9d1028,1,0,fcd2fe69ff05fe6a00030061fe8d0207,1,1,0,1e5d0a171e5d0a171e5d0a171e5d0a17,1,0,00000000000000000000000000000000,1,0,23c1,0,0,0,23c1,0,0,fe69fe6a00610207,1,0,40980390,0,1,0,fcd2ff050003fe8d,1,0,"Active","Active","Active","Active","Active","Inactive","Inactive","Active","_","Active","Stream Beat","Stream Beat","Stream Beat","Stream Beat","Stream Beat","No Streams","No Streams","Stream Beat","_","Stream Beat"
307,307,0,0,0,0,00000004,ff38016f0214007d,0390,2a45,1,0,3f5c1020,1,0,ffc4ff38ff93016ffd770214fc15007d,1,1,0,1e5d0a171e5d0a171e5d0a171e5d0a17,1,0,00000000000000000000000000000000,1,0,23c1,0,0,0,23c1,0,0,ff38016f0214007d,1,0,40980390,0,1,0,ffc4ff93fd77fc15,1,0,"Active","Active","Active","Active","Active","Inactive","Inactive","Active","_","Active","Stream Beat","Stream Beat","Stream Beat","Stream Beat","Stream Beat","No Streams","No Streams","Stream Beat","_","Stream Beat"
308,308,0,0,0,0,00000004,0208018eff71fe22,0390,2352,1,0,3f692fe3,1,0,feb80208fc91018efc28ff71fde6fe22,1,1,0,1e5d0a171e5d0a171e5d0a171e5d0a17,1,0,00000000000000000000000000000000,1,0,23c1,0,0,0,23c1,0,0,0208018eff71fe22,1,0,40980390,0,1,0,feb8fc91fc28fde6,1,0,"Active","Active","Active","Active","Active","Inactive","Inactive","Active","_","Active","Stream Beat","Stream Beat","Stream Beat","Stream Beat","Stream Beat","No Streams","No Streams","Stream Beat","_","Stream Beat"
309,309,0,0,0,0,00000004,00a1fe96fe4a003d,0390,1d9c,1,0,2fa61ff3,1,0,fc1600a1fcb8fe96fee5fe4afffc003d,1,1,0,1e5d0a171e5d0a171e5d0a171e5d0a17,1,0,00000000000000000000000000000000,1,0,23c1,0,0,0,23c1,0,0,00a1fe96fe4a003d,1,0,40980390,0,1,0,fc16fcb8fee5fffc,1,0,"Active","Active","Active","Active","Active","Inactive","Inactive","Active","_","Active","Stream Beat","Stream Beat","Stream Beat","Stream Beat","Stream Beat","No Streams","No Streams","Stream Beat","_","Stream Beat"
310,310,0,0,0,0,00000004,fe2cff0c013b0212,0390,27cf,1,0,3f8e1033,1,0,fdb9fe2cffb0ff0cffac013bfdbd0212,1,1,0,1e5d0a171e5d0a171e5d0a171e5d0a17,1,0,00000000000000000000000000000000,1,0,23c1,0,0,0,23c1,0,0,fe2cff0c013b0212,1,0,40980390,0,1,0,fdb9ffb0ffacfdbd,1,0,"Active","Active","Active","Active","Active","Inactive","Inactive","Active","_","Active","Stream Beat","Stream Beat","Stream Beat","Stream Beat","Stream Beat","No Streams","No Streams","Stream Beat","_","Stream Beat"
311,311,0,0,0,0,00000004,002401d101adff99,0390,2a48,1,0,3f552012,1,0,000a0024feec01d1fcc201adfc2aff99,1,1,0,1e5d0a171e5d0a171e5d0a171e5d0a17,1,0,00000000000000000000000000000000,1,0,23c1,0,0,0,23c1,0,0,002401d101adff99,1,0,40980390,0,1,0,000afeecfcc2fc2a,1,0,"Active","Active","Active","Active","Active","Inactive","Inactive","Active","_","Active","Stream Beat","Stream Beat","Stream Beat","Stream Beat","Stream Beat","No Streams","No Streams","Stream Beat","_","Stream Beat"
312,312,0,0,0,0,00000004,021b00d4fea8fe4a,0390,1d90,1,0,3f7a1fdb,1,0,fddd021bfc2900d4fc96fea8feb8fe4a,1,1,0,1e5d0a171e5d0a171e5d0a171e5d0a17,1,0,00000000000000000000000000000000,1,0,23c1,0,0,0,23c1,0,0,021b00d4fea8fe4a,1,0,40980390,0,1,0,fdddfc29fc96feb8,1,0,"Active","Active","Active","Active","Active","Inactive","Inactive","Active","_","Active","Stream Beat","Stream Beat","Stream Beat","Stream Beat","Stream Beat","No Streams","No Streams","Stream Beat","_","Stream Beat"
313,313,0,0,0,0,00000004,ffbefe1dfebc0129,0390,1f5d,1,0,3fad2008,1,0,fbf8ffbefd68fe1dff86febcffc10129,1,1,0,1e5d0a171e5d0a171e5d0a171e5d0a17,1,0,00000000000000000000000000000000,1,0,23c1,0,0,0,23c1,0,0,ffbefe1dfebc0129,1,0,40980390,0,1,0,fbf8fd68ff86ffc1,1,0,"Active","Active","Active","Active","Active","Inactive","Inactive","Active","_","Active","Stream Beat","Stream Beat","Stream Beat","Stream Beat","Stream Beat","No Streams","No Streams","Stream Beat","_","Stream Beat"
314,314,0,0,0,0,00000004,fe35ffd401cf01d6,0390,2a48,1,0,2f7e1033,1,0,fe88fe350006ffd4ff0501cffcd501d6,1,1,0,1e5d0a171e5d0a171e5d0a171e5d0a17,1,0,00000000000000000000000000000000,1,0,23c1,0,0,0,23c1,0,0,fe35ffd401cf01d6,1,0,40980390,0,1,0,fe880006ff05fcd5,1,0,"Active","Active","Active","Active","Active","Inactive","Inactive","Active","_","Active","Stream Beat","Stream Beat","Stream Beat","Stream Beat","Stream Beat","No Streams","No Streams","Stream Beat","_","Stream Beat"
315,315,0,0,0,0,00000004,00c8021300f9fecc,0390,2342,1,0,3f551ffe,1,0,ffd800c8fe1c0213fc3e00f9fc7bfecc,1,1,0,1e5d0a171e5d0a171e5d0a171e5d0a17,1,0,00000000000000000000000000000000,1,0,23c1,0,0,0,23c1,0,0,00c8021300f9fecc,1,0,40980390,0,1,0,ffd8fe1cfc3efc7b,1,0,"Active","Active","Active","Active","Active","Inactive","Inactive","Active","_","Active","Stream Beat","Stream Beat","Stream Beat","Stream Beat","Stream Beat","No Streams","No Streams","Stream Beat","_","Stream Beat"
316,316,0,0,0,0,00000004,01daffeefe43feac,0390,1f59,1,0,3f8a2fdc,1,0,fd0e01dafc04ffeefd59fe43ff76feac,1,1,0,1e5d0a171e5d0a171e5d0a171e5d0a17,1,0,00000000000000000000000000000000,1,0,23c1,0,0,0,23c1,0,0,01daffeefe43feac,1,0,40980390,0,1,0,fd0efc04fd59ff76,1,0,"Active","Active","Active","Active","Active","Inactive","Inactive","Active","_","Active","Stream Beat","Stream Beat","Stream Beat","Stream Beat","Stream Beat","No Streams","No Streams","Stream Beat","_","Stream Beat"
317,317,0,0,0,0,00000004,ff00fe1cff9f01d3,0390,235d,1,0,2fa6201a,1,0,fc61ff00fe67fe1cffeaff9fff2d01d3,1,1,0,1e5d0a171e5d0a171e5d0a171e5d0a17,1,0,00000000000000000000000000000000,1,0,23c1,0,0,0,23c1,0,0,ff00fe1cff9f01d3,1,0,40980390,0,1,0,fc61fe67ffeaff2d,1,0,"Active","Active","Active","Active","Active","Inactive","Inactive","Active","_","Active","Stream Beat","Stream Beat","Stream Beat","Stream Beat","Stream Beat","No Streams","No Streams","Stream Beat","_","Stream Beat"
318,318,0,0,0,0,00000004,fea300bf02150121,0390,233e,1,0,3f6a102a,1,0,ff55fea3ffe700bffe460215fc320121,1,1,0,1e5d0a171e5d0a171e5d0a171e5d0a17,1,0,00000000000000000000000000000000,1,0,23c1,0,0,0,23c1,0,0,fea300bf02150121,1,0,40980390,0,1,0,ff55ffe7fe46fc32,1,0,"Active","Active","Active","Active","Active","Inactive","Inactive","Active","_","Active","Stream Beat","Stream Beat","Stream Beat","Stream Beat","Stream Beat","No Streams","No Streams","Stream Beat","_","Stream Beat"
319,319,0,0,0,0,00000004,017d01f50026fe4a,0390,234b,1,0,3f5e2feb,1,0,ff6e017dfd2101f5fbec0026fd34fe4a,1,1,0,1e5d0a171e5d0a171e5d0a171e5d0a17,1,0,00000000000000000000000000000000,1,0,23c1,0,0,0,23c1,0,0,017d01f50026fe4a,1,0,40980390,0,1,0,ff6efd21fbecfd34,1,0,"Active","Active","Active","Active","Active","Inactive","Inactive","Active","_","Active","Stream Beat","Stream Beat","Stream Beat","Stream Beat","Stream Beat","No Streams","No Streams","Stream Beat","_","Stream Beat"
320,320,0,0,0,0,00000004,013eff27fe1fff76,0390,1d9b,1,0,3f9d2fe8,1,0,fc69013efc49ff27fe44fe1fffdcff76,1,1,0,1e5d0a171e5d0a171e5d0a171e5d0a17,1,0,00000000000000000000000000000000,1,0,23c1,0,0,0,23c1,0,0,013eff27fe1fff76,1,0,40980390,0,1,0,fc69fc49fe44ffdc,1,0,"Active","Active","Active","Active","Active","Inactive","Inactive","Active","_","Active","Stream Beat","Stream Beat","Stream Beat","Stream Beat","Stream Beat","No Streams","No Streams","Stream Beat","_","Stream Beat"
321,321,0,0,0,0,00000004,fe5afe77009b0229,0390,2352,1,0,3f9b1029,1,0,fd03fe5aff29fe77fff3009bfe5c0229,1,1,0,1e5d0a171e5d0a171e5d0a171e5d0a17,1,0,00000000000000000000000000000000,1,0,23c1,0,0,0,23c1,0,0,fe5afe77009b0229,1,0,40980390,0,1,0,fd03ff29fff3fe5c,1,0,"Active","Active","Active","Active","Active","Inactive","Inactive","Active","_","Active","Stream Beat","Stream Beat","Stream Beat","Stream Beat","Stream Beat","No Streams","No Streams","Stream Beat","_","Stream Beat"
322,322,0,0,0,0,00000004,ff4b01820208004f,0390,2a45,1,0,3f5a101e,1,0,ffd4ff4bff780182fd500208fc1b004f,1,1,0,1e5d0a171e5d0a171e5d0a171e5d0a17,1,0,00000000000000000000000000000000,1,0,23c1,0,0,0,23c1,0,0,ff4b01820208004f,1,0,40980390,0,1,0,ffd4ff78fd50fc1b,1,0,"Active","Active","Active","Active","Active","Inactive","Inactive","Active","_","Active","Stream Beat","Stream Beat","Stream Beat","Stream Beat","Stream Beat","No Streams","No Streams","Stream Beat","_","Stream Beat"
323,323,0,0,0,0,00000004,020e0171ff44fe0e,0390,2352,1,0,3f6d2fdf,1,0,fe95020efc680171fc20ff44fdfdfe0e,1,1,0,1e5d0a171e5d0a171e5d0a171e5d0a17,1,0,00000000000000000000000000000000,1,0,23c1,0,0,0,23c1,0,0,020e0171ff44fe0e,1,0,40980390,0,1,0,fe95fc68fc20fdfd,1,0,"Active","Active","Active","Active","Active","Inactive","Inactive","Active","_","Active","Stream Beat","Stream Beat","Stream Beat","Stream Beat","Stream Beat","No Streams","No Streams","Stream Beat","_","Stream Beat"
324,324,0,0,0,0,00000004,007afe77fe63005e,0390,1d9d,1,0,3fa71ff9,1,0,fc1a007afcdefe77ff0afe63fffa005e,1,1,0,1e5d0a171e5d0a171e5d0a171e5d0a17,1,0,00000000000000000000000000000000,1,0,23c1,0,0,0,23c1,0,0,007afe77fe63005e,1,0,40980390,0,1,0,fc1afcdeff0afffa,1,0,"Active","Active","Active","Active","Active","Inactive","Inactive","Active","_","Active","Stream Beat","Stream Beat","Stream Beat","Stream Beat","Stream Beat","No Streams","No Streams","Stream Beat","_","Stream Beat"
325,325,0,0,0,0,00000004,fe18ff44015f0205,0390,2a4e,1,0,3f8b1032,1,0,fddafe18ffc7ff44ff98015ffd900205,1,1,0,1e5d0a171e5d0a171e5d0a171e5d0a17,1,0,00000000000000000000000000000000,1,0,23c1,0,0,0,23c1,0,0,fe18ff44015f0205,1,0,40980390,0,1,0,fddaffc7ff98fd90,1,0,"Active","Active","Active","Active","Active","Inactive","Inactive","Active","_","Active","Stream Beat","Stream Beat","Stream Beat","Stream Beat","Stream Beat","No Streams","No Streams","Stream Beat","_","Stream Beat"
326,326,0,0,0,0,00000004,003801f70194ff6f,0390,2a4a,1,0,3f51200d,1,0,00020038fec001f7fc8a0194fc11ff6f,1,1,0,1e5d0a171e5d0a171e5d0a171e5d0a17,1,0,00000000000000000000000000000000,1,0,23c1,0,0,0,23c1,0,0,003801f70194ff6f,1,0,40980390,0,1,0,0002fec0fc8afc11,1,0,"Active","Active","Active","Active","Active","Inactive","Inactive","Active","_","Active","Stream Beat","Stream Beat","Stream Beat","Stream Beat","Stream Beat","No Streams","No Streams","Stream Beat","_","Stream Beat"
327,327,0,0,0,0,00000004,021900abfe91fe52,0390,1d90,1,0,3f7f1fdb,1,0,fdac0219fc1400abfcbefe91fee1fe52,1,1,0,1e5d0a171e5d0a171e5d0a171e5d0a17,1,0,00000000000000000000000000000000,1,0,23c1,0,0,0,23c1,0,0,021900abfe91fe52,1,0,40980390,0,1,0,fdacfc14fcbefee1,1,0,"Active","Active","Active","Active","Active","Inactive","Inactive","Active","_","Active","Stream Beat","Stream Beat","Stream Beat","Stream Beat","Stream Beat","No Streams","No Streams","Stream Beat","_","Stream Beat"
328,328,0,0,0,0,00000004,ff9cfe1bfef2013e,0390,1f5d,1,0,3fac200c,1,0,fbf5ff9cfdacfe1bffa1fef2ffb2013e,1,1,0,1e5d0a171e5d0a171e5d0a171e5d0a17,1,0,00000000000000000000000000000000,1,0,23c1,0,0,0,23c1,0,0,ff9cfe1bfef2013e,1,0,40980390,0,1,0,fbf5fdacffa1ffb2,1,0,"Active","Active","Active","Active","Active","Inactive","Inactive","Active","_","Active","Stream Beat","Stream Beat","Stream Beat","Stream Beat","Stream Beat","No Streams","No Streams","Stream Beat","_","Stream Beat"
329,329,0,0,0,0,00000004,fe3dffff01e901a8,0390,2a47,1,0,2f751033,1,0,febdfe3dfffcfffffeec01e9fcbc01a8,1,1,0,1e5d0a171e5d0a171e5d0a171e5d0a17,1,0,00000000000000000000000000000000,1,0,23c1,0,0,0,23c1,0,0,fe3dffff01e901a8,1,0,40980390,0,1,0,febdfffcfeecfcbc,1,0,"Active","Active","Active","Active","Active","Inactive","Inactive","Active","_","Active","Stream Beat","Stream Beat","Stream Beat","Stream Beat","Stream Beat","No Streams","No Streams","Stream Beat","_","Stream Beat"
330,330,0,0,0,0,00000004,0108022500cffeae,0390,2344,1,0,3f551ffa,1,0,ffc20108fde20225fc1600cffc81feae,1,1,0,1e5d0a171e5d0a171e5d0a171e5d0a17,1,0,00000000000000000000000000000000,1,0,23c1,0,0,0,23c1,0,0,0108022500cffeae,1,0,40980390,0,1,0,ffc2fde2fc16fc81,1,0,"Active","Active","Active","Active","Active","Inactive","Inactive","Active","_","Active","Stream Beat","Stream Beat","Stream Beat","Stream Beat","Stream Beat","No Streams","No Streams","Stream Beat","_","Stream Beat"
331,331,0,0,0,0,00000004,01c8ffc8fe39fee1,0390,2361,1,0,3f8f2fde,1,0,fcdd01c8fc0dffc8fd91fe39ff97fee1,1,1,0,1e5d0a171e5d0a171e5d0a171e5d0a17,1,0,00000000000000000000000000000000,1,0,23c1,0,0,0,23c1,0,0,01c8ffc8fe39fee1,1,0,40980390,0,1,0,fcddfc0dfd91ff97,1,0,"Active","Active","Active","Active","Active","Inactive","Inactive","Active","_","Active","Stream Beat","Stream Beat","Stream Beat","Stream Beat","Stream Beat","No Streams","No Streams","Stream Beat","_","Stream Beat"
332,332,0,0,0,0,00000004,fecbfe31ffe901d5,0390,235a,1,0,3fa6201c,1,0,fc6cfecbfe8cfe31fffdffe9ff1001d5,1,1,0,1e5d0a171e5d0a171e5d0a171e5d0a17,1,0,00000000000000000000000000000000,1,0,23c1,0,0,0,23c1,0,0,fecbfe31ffe901d5,1,0,40980390,0,1,0,fc6cfe8cfffdff10,1,0,"Active","Active","Active","Active","Active","Inactive","Inactive","Active","_","Active","Stream Beat","Stream Beat","Stream Beat","Stream Beat","Stream Beat","No Streams","No Streams","Stream Beat","_","Stream Beat"
333,333,0,0,0,0,00000004,feba00e2022d0100,0390,27be,1,0,3f63102a,1,0,ff70febaffdd00e2fdfc022dfc340100,1,1,0,1e5d0a171e5d0a171e5d0a171e5d0a17,1,0,00000000000000000000000000000000,1,0,23c1,0,0,0,23c1,0,0,feba00e2022d0100,1,0,40980390,0,1,0,ff70ffddfdfcfc34,1,0,"Active","Active","Active","Active","Active","Inactive","Inactive","Active","_","Active","Stream Beat","Stream Beat","Stream Beat","Stream Beat","Stream Beat","No Streams","No Streams","Stream Beat","_","Stream Beat"
334,334,0,0,0,0,00000004,01ba01e6fff5fe43,0390,234c,1,0,3f612fea,1,0,ff3601bafcfb01e6fc0cfff5fd67fe43,1,1,0,1e5d0a171e5d0a171e5d0a171e5d0a17,1,0,00000000000000000000000000000000,1,0,23c1,0,0,0,23c1,0,0,01ba01e6fff5fe43,1,0,40980390,0,1,0,ff36fcfbfc0cfd67,1,0,"Active","Active","Active","Active","Active","Inactive","Inactive","Active","_","Active","Stream Beat","Stream Beat","Stream Beat","Stream Beat","Stream Beat","No Streams","No Streams","Stream Beat","_","Stream Beat"
335,335,0,0,0,0,00000004,0122fef1fe33ffb7,0390,1d9b,1,0,3fa02feb,1,0,fc4d0122fc44fef1fe6ffe33fff4ffb7,1,1,0,1e5d0a171e5d0a171e5d0a171e5d0a17,1,0,00000000000000000000000000000000,1,0,23c1,0,0,0,23c1,0,0,0122fef1fe33ffb7,1,0,40980390,0,1,0,fc4dfc44fe6ffff4,1,0,"Active","Active","Active","Active","Active","Inactive","Inactive","Active","_","Active","Stream Beat","Stream Beat","Stream Beat","Stream Beat","Stream Beat","No Streams","No Streams","Stream Beat","_","Stream Beat"
336,336,0,0,0,0,00000004,fe4afe9d00aa0215,0390,1f4b,1,0,3f97102c,1,0,fd30fe4aff52fe9dffec00aafe420215,1,1,0,1e5d0a171e5d0a171e5d0a171e5d0a17,1,0,00000000000000000000000000000000,1,0,23c1,0,0,0,23c1,0,0,fe4afe9d00aa0215,1,0,40980390,0,1,0,fd30ff52ffecfe42,1,0,"Active","Active","Active","Active","Active","Inactive","Inactive","Active","_","Active","Stream Beat","Stream Beat","Stream Beat","Stream Beat","Stream Beat","No Streams","No Streams","Stream Beat","_","Stream Beat"
337,337,0,0,0,0,00000004,ff89019501f50026,0390,2a47,1,0,3f5a201d,1,0,ffe6ff89ff5e0195fd2a01f5fbdf0026,1,1,0,1e5d0a171e5d0a171e5d0a171e5d0a17,1,0,00000000000000000000000000000000,1,0,23c1,0,0,0,23c1,0,0,ff89019501f50026,1,0,40980390,0,1,0,ffe6ff5efd2afbdf,1,0,"Active","Active","Active","Active","Active","Inactive","Inactive","Active","_","Active","Stream Beat","Stream Beat","Stream Beat","Stream Beat","Stream Beat","No Streams","No Streams","Stream Beat","_","Stream Beat"
338,338,0,0,0,0,00000004,022b014eff27fe27,0390,1d8b,1,0,3f6f2fdf,1,0,fe5b022bfc50014efc63ff27fe3ffe27,1,1,0,1e5d0a171e5d0a171e5d0a171e5d0a17,1,0,00000000000000000000000000000000,1,0,23c1,0,0,0,23c1,0,0,022b014eff27fe27,1,0,40980390,0,1,0,fe5bfc50fc63fe3f,1,0,"Active","Active","Active","Active","Active","Inactive","Inactive","Active","_","Active","Stream Beat","Stream Beat","Stream Beat","Stream Beat","Stream Beat","No Streams","No Streams","Stream Beat","_","Stream Beat"
339,339,0,0,0,0,00000004,0049fe5cfe84007a,0390,1d9b,1,0,3fab1ffa,1,0,fbfd0049fceffe5cff38fe84fff2007a,1,1,0,1e5d0a171e5d0a171e5d0a171e5d0a17,1,0,00000000000000000000000000000000,1,0,23c1,0,0,0,23c1,0,0,0049fe5cfe84007a,1,0,40980390,0,1,0,fbfdfcefff38fff2,1,0,"Active","Active","Active","Active","Active","Inactive","Inactive","Active","_","Active","Stream Beat","Stream Beat","Stream Beat","Stream Beat","Stream Beat","No Streams","No Streams","Stream Beat","_","Stream Beat"
340,340,0,0,0,0,00000004,fe2eff550176020a,0390,2a4d,1,0,3f841033,1,0,fe1cfe2effd8ff55ff780176fd5c020a,1,1,0,1e5d0a171e5d0a171e5d0a171e5d0a17,1,0,00000000000000000000000000000000,1,0,23c1,0,0,0,23c1,0,0,fe2eff550176020a,1,0,40980390,0,1,0,fe1cffd8ff78fd5c,1,0,"Active","Active","Active","Active","Active","Inactive","Inactive","Active","_","Active","Stream Beat","Stream Beat","Stream Beat","Stream Beat","Stream Beat","No Streams","No Streams","Stream Beat","_","Stream Beat"
341,341,0,0,0,0,00000004,007502250171ff47,0390,2a4a,1,0,3f54200c,1,0,fff80075fe870225fc6c0171fc25ff47,1,1,0,1e5d0a171e5d0a171e5d0a171e5d0a17,1,0,00000000000000000000000000000000,1,0,23c1,0,0,0,23c1,0,0,007502250171ff47,1,0,40980390,0,1,0,fff8fe87fc6cfc25,1,0,"Active","Active","Active","Active","Active","Inactive","Inactive","Active","_","Active","Stream Beat","Stream Beat","Stream Beat","Stream Beat","Stream Beat","No Streams","No Streams","Stream Beat","_","Stream Beat"
342,342,0,0,0,0,00000004,0204007cfe77fe5d,0390,1d93,1,0,3f811fda,1,0,fd990204fbf9007cfcd3fe77ff08fe5d,1,1,0,1e5d0a171e5d0a171e5d0a171e5d0a17,1,0,00000000000000000000000000000000,1,0,23c1,0,0,0,23c1,0,0,0204007cfe77fe5d,1,0,40980390,0,1,0,fd99fbf9fcd3ff08,1,0,"Active","Active","Active","Active","Active","Inactive","Inactive","Active","_","Active","Stream Beat","Stream Beat","Stream Beat","Stream Beat","Stream Beat","No Streams","No Streams","Stream Beat","_","Stream Beat"
343,343,0,0,0,0,00000004,ff71fe23ff40015e,0390,235e,1,0,3fac2010,1,0,fc20ff71fde1fe23ffc9ff40ff94015e,1,1,0,1e5d0a171e5d0a171e5d0a171e5d0a17,1,0,00000000000000000000000000000000,1,0,23c1,0,0,0,23c1,0,0,ff71fe23ff40015e,1,0,40980390,0,1,0,fc20fde1ffc9ff94,1,0,"Active","Active","Active","Active","Active","Inactive","Inactive","Active","_","Active","Stream Beat","Stream Beat","Stream Beat","Stream Beat","Stream Beat","No Streams","No Streams","Stream Beat","_","Stream Beat"
344,344,0,0,0,0,00000004,fe47002001f8018c,0390,2a47,1,0,3f711035,1,0,fee0fe47fffd0020fec401f8fc9e018c,1,1,0,1e5d0a171e5d0a171e5d0a171e5d0a17,1,0,00000000000000000000000000000000,1,0,23c1,0,0,0,23c1,0,0,fe47002001f8018c,1,0,40980390,0,1,0,fee0fffdfec4fc9e,1,0,"Active","Active","Active","Active","Active","Inactive","Inactive","Active","_","Active","Stream Beat","Stream Beat","Stream Beat","Stream Beat","Stream Beat","No Streams","No Streams","Stream Beat","_","Stream Beat"
345,345,0,0,0,0,00000004,0143022200acfe92,0390,2345,1,0,3f561ff5,1,0,ffad0143fdad0222fbee00acfca9fe92,1,1,0,1e5d0a171e5d0a171e5d0a171e5d0a17,1,0,00000000000000000000000000000000,1,0,23c1,0,0,0,23c1,0,0,0143022200acfe92,1,0,40980390,0,1,0,ffadfdadfbeefca9,1,0,"Active","Active","Active","Active","Active","Inactive","Inactive","Active","_","Active","Stream Beat","Stream Beat","Stream Beat","Stream Beat","Stream Beat","No Streams","No Streams","Stream Beat","_","Stream Beat"
346,346,0,0,0,0,00000004,01aeff9bfe26fefd,0390,2362,1,0,3f952fe3,1,0,fcc401aefc0eff9bfdb2fe26ffa9fefd,1,1,0,1e5d0a171e5d0a171e5d0a171e5d0a17,1,0,00000000000000000000000000000000,1,0,23c1,0,0,0,23c1,0,0,01aeff9bfe26fefd,1,0,40980390,0,1,0,fcc4fc0efdb2ffa9,1,0,"Active","Active","Active","Active","Active","Inactive","Inactive","Active","_","Active","Stream Beat","Stream Beat","Stream Beat","Stream Beat","Stream Beat","No Streams","No Streams","Stream Beat","_","Stream Beat"
347,347,0,0,0,0,00000004,feabfe46000401d8,0390,2358,1,0,3fa3101e,1,0,fc97feabfeb3fe4600070004feec01d8,1,1,0,1e5d0a171e5d0a171e5d0a171e5d0a17,1,0,00000000000000000000000000000000,1,0,23c1,0,0,0,23c1,0,0,feabfe46000401d8,1,0,40980390,0,1,0,fc97feb30007feec,1,0,"Active","Active","Active","Active","Active","Inactive","Inactive","Active","_","Active","Stream Beat","Stream Beat","Stream Beat","Stream Beat","Stream Beat","No Streams","No Streams","Stream Beat","_","Stream Beat"
348,348,0,0,0,0,00000004,fecc011b022700d6,0390,27bc,1,0,3f5f102a,1,0,ff85feccffc9011bfdd20227fc3500d6,1,1,0,1e5d0a171e5d0a171e5d0a171e5d0a17,1,0,00000000000000000000000000000000,1,0,23c1,0,0,0,23c1,0,0,fecc011b022700d6,1,0,40980390,0,1,0,ff85ffc9fdd2fc35,1,0,"Active","Active","Active","Active","Active","Inactive","Inactive","Active","_","Active","Stream Beat","Stream Beat","Stream Beat","Stream Beat","Stream Beat","No Streams","No Streams","Stream Beat","_","Stream Beat"
349,349,0,0,0,0,00000004,01d801beffcffe2b,0390,234d,1,0,3f622fe6,1,0,ff1801d8fce501befc0bffcffd86fe2b,1,1,0,1e5d0a171e5d0a171e5d0a171e5d0a17,1,0,00000000000000000000000000000000,1,0,23c1,0,0,0,23c1,0,0,01d801beffcffe2b,1,0,40980390,0,1,0,ff18fce5fc0bfd86,1,0,"Active","Active","Active","Active","Active","Inactive","Inactive","Active","_","Active","Stream Beat","Stream Beat","Stream Beat","Stream Beat","Stream Beat","No Streams","No Streams","Stream Beat","_","Stream Beat"
350,350,0,0,0,0,00000004,00fffed6fe1effc5,0390,1d9b,1,0,2fa31fec,1,0,fc1400fffc63fed6fe8afe1efff0ffc5,1,1,0,1e5d0a171e5d0a171e5d0a171e5d0a17,1,0,00000000000000000000000000000000,1,0,23c1,0,0,0,23c1,0,0,00fffed6fe1effc5,1,0,40980390,0,1,0,fc14fc63fe8afff0,1,0,"Active","Active","Active","Active","Active","Inactive","Inactive","Active","_","Active","Stream Beat","Stream Beat","Stream Beat","Stream Beat","Stream Beat","No Streams","No Streams","Stream Beat","_","Stream Beat"
351,351,0,0,0,0,00000004,fe43fedf00f7021f,0390,2350,1,0,3f95102e,1,0,fd59fe43ff87fedfffd200f7fe16021f,1,1,0,1e5d0a171e5d0a171e5d0a171e5d0a17,1,0,00000000000000000000000000000000,1,0,23c1,0,0,0,23c1,0,0,fe43fedf00f7021f,1,0,40980390,0,1,0,fd59ff87ffd2fe16,1,0,"Active","Active","Active","Active","Active","Inactive","Inactive","Active","_","Active","Stream Beat","Stream Beat","Stream Beat","Stream Beat","Stream Beat","No Streams","No Streams","Stream Beat","_","Stream Beat"
352,352,0,0,0,0,00000004,ff99019f01e0fff0,0390,2a46,1,0,3f582019,1,0,fff7ff99ff3b019ffd1401e0fc02fff0,1,1,0,1e5d0a171e5d0a171e5d0a171e5d0a17,1,0,00000000000000000000000000000000,1,0,23c1,0,0,0,23c1,0,0,ff99019f01e0fff0,1,0,40980390,0,1,0,fff7ff3bfd14fc02,1,0,"Active","Active","Active","Active","Active","Inactive","Inactive","Active","_","Active","Stream Beat","Stream Beat","Stream Beat","Stream Beat","Stream Beat","No Streams","No Streams","Stream Beat","_","Stream Beat"
353,353,0,0,0,0,00000004,021f0138feeffe34,0390,1d8c,1,0,3f6f2fdb,1,0,fe2c021ffc300138fc5bfeeffe63fe34,1,1,0,1e5d0a171e5d0a171e5d0a171e5d0a17,1,0,00000000000000000000000000000000,1,0,23c1,0,0,0,23c1,0,0,021f0138feeffe34,1,0,40980390,0,1,0,fe2cfc30fc5bfe63,1,0,"Active","Active","Active","Active","Active","Inactive","Inactive","Active","_","Active","Stream Beat","Stream Beat","Stream Beat","Stream Beat","Stream Beat","No Streams","No Streams","Stream Beat","_","Stream Beat"
354,354,0,0,0,0,00000004,0029fe53fea900cf,0390,1d9b,1,0,3fac2003,1,0,fc060029fd46fe53ff4dfea9fff200cf,1,1,0,1e5d0a171e5d0a171e5d0a171e5d0a17,1,0,00000000000000000000000000000000,1,0,23c1,0,0,0,23c1,0,0,0029fe53fea900cf,1,0,40980390,0,1,0,fc06fd46ff4dfff2,1,0,"Active","Active","Active","Active","Active","Inactive","Inactive","Active","_","Active","Stream Beat","Stream Beat","Stream Beat","Stream Beat","Stream Beat","No Streams","No Streams","Stream Beat","_","Stream Beat"
355,355,0,0,0,0,00000004,fe26ff9901ae01ee,0390,2a4b,1,0,3f842030,1,0,fe3cfe26ffebff99ff5301aefd3601ee,1,1,0,1e5d0a171e5d0a171e5d0a171e5d0a17,1,0,00000000000000000000000000000000,1,0,23c1,0,0,0,23c1,0,0,fe26ff9901ae01ee,1,0,40980390,0,1,0,fe3cffebff53fd36,1,0,"Active","Active","Active","Active","Active","Inactive","Inactive","Active","_","Active","Stream Beat","Stream Beat","Stream Beat","Stream Beat","Stream Beat","No Streams","No Streams","Stream Beat","_","Stream Beat"
356,356,0,0,0,0,00000004,00a702220149ff1f,0390,2340,1,0,3f512007,1,0,fff500a7fe5f0222fc660149fc41ff1f,1,1,0,1e5d0a171e5d0a171e5d0a171e5d0a17,1,0,00000000000000000000000000000000,1,0,23c1,0,0,0,23c1,0,0,00a702220149ff1f,1,0,40980390,0,1,0,fff5fe5ffc66fc41,1,0,"Active","Active","Active","Active","Active","Inactive","Inactive","Active","_","Active","Stream Beat","Stream Beat","Stream Beat","Stream Beat","Stream Beat","No Streams","No Streams","Stream Beat","_","Stream Beat"
357,357,0,0,0,0,00000004,01fb0052fe5cfe87,0390,1d93,1,0,3f881fdf,1,0,fd6501fbfc1f0052fd01fe5cff2ffe87,1,1,0,1e5d0a171e5d0a171e5d0a171e5d0a17,1,0,00000000000000000000000000000000,1,0,23c1,0,0,0,23c1,0,0,01fb0052fe5cfe87,1,0,40980390,0,1,0,fd65fc1ffd01ff2f,1,0,"Active","Active","Active","Active","Active","Inactive","Inactive","Active","_","Active","Stream Beat","Stream Beat","Stream Beat","Stream Beat","Stream Beat","No Streams","No Streams","Stream Beat","_","Stream Beat"
358,358,0,0,0,0,00000004,ff42fe22ff61016f,0390,235f,1,0,3fab2015,1,0,fc23ff42fe09fe22ffdaff61ff80016f,1,1,0,1e5d0a171e5d0a171e5d0a171e5d0a17,1,0,00000000000000000000000000000000,1,0,23c1,0,0,0,23c1,0,0,ff42fe22ff61016f,1,0,40980390,0,1,0,fc23fe09ffdaff80,1,0,"Active","Active","Active","Active","Active","Inactive","Inactive","Active","_","Active","Stream Beat","Stream Beat","Stream Beat","Stream Beat","Stream Beat","No Streams","No Streams","Stream Beat","_","Stream Beat"
359,359,0,0,0,0,00000004,fe700085020a0172,0390,2a46,1,0,3f6f1033,1,0,ff09fe7000000085fe90020afc820172,1,1,0,1e5d0a171e5d0a171e5d0a171e5d0a17,1,0,00000000000000000000000000000000,1,0,23c1,0,0,0,23c1,0,0,fe700085020a0172,1,0,40980390,0,1,0,ff090000fe90fc82,1,0,"Active","Active","Active","Active","Active","Inactive","Inactive","Active","_","Active","Stream Beat","Stream Beat","Stream Beat","Stream Beat","Stream Beat","No Streams","No Streams","Stream Beat","_","Stream Beat"
360,360,0,0,0,0,00000004,0157020b0082fe6d,0390,2346,1,0,3f5b1ff3,1,0,ff9a0157fd8a020bfc0b0082fccdfe6d,1,1,0,1e5d0a171e5d0a171e5d0a171e5d0a17,1,0,00000000000000000000000000000000,1,0,23c1,0,0,0,23c1,0,0,0157020b0082fe6d,1,0,40980390,0,1,0,ff9afd8afc0bfccd,1,0,"Active","Active","Active","Active","Active","Inactive","Inactive","Active","_","Active","Stream Beat","Stream Beat","Stream Beat","Stream Beat","Stream Beat","No Streams","No Streams","Stream Beat","_","Stream Beat"
361,361,0,0,0,0,00000004,018eff72fe21ff36,0390,2363,1,0,3f982fe3,1,0,fca2018efc1dff72fdddfe21ffc4ff36,1,1,0,1e5d0a171e5d0a171e5d0a171e5d0a17,1,0,00000000000000000000000000000000,1,0,23c1,0,0,0,23c1,0,0,018eff72fe21ff36,1,0,40980390,0,1,0,fca2fc1dfdddffc4,1,0,"Active","Active","Active","Active","Active","Inactive","Inactive","Active","_","Active","Stream Beat","Stream Beat","Stream Beat","Stream Beat","Stream Beat","No Streams","No Streams","Stream Beat","_","Stream Beat"
362,362,0,0,0,0,00000004,fe93fe4600330209,0390,2356,1,0,2fa11027,1,0,fcb6fe93fed7fe4600020033feb60209,1,1,0,1e5d0a171e5d0a171e5d0a171e5d0a17,1,0,00000000000000000000000000000000,1,0,23c1,0,0,0,23c1,0,0,fe93fe4600330209,1,0,40980390,0,1,0,fcb6fed70002feb6,1,0,"Active","Active","Active","Active","Active","Inactive","Inactive","Active","_","Active","Stream Beat","Stream Beat","Stream Beat","Stream Beat","Stream Beat","No Streams","No Streams","Stream Beat","_","Stream Beat"
363,363,0,0,0,0,00000004,ff0b014a021a00a8,0390,2a42,1,0,3f5f1025,1,0,ffb4ff0bffa7014afdb8021afc2000a8,1,1,0,1e5d0a171e5d0a171e5d0a171e5d0a17,1,0,00000000000000000000000000000000,1,0,23c1,0,0,0,23c1,0,0,ff0b014a021a00a8,1,0,40980390,0,1,0,ffb4ffa7fdb8fc20,1,0,"Active","Active","Active","Active","Active","Inactive","Inactive","Active","_","Active","Stream Beat","Stream Beat","Stream Beat","Stream Beat","Stream Beat","No Streams","No Streams","Stream Beat","_","Stream Beat"
364,364,0,0,0,0,00000004,01eb01bcff98fe21,0390,2350,1,0,3f662fe5,1,0,fee101ebfcb501bcfc27ff98fd9dfe21,1,1,0,1e5d0a171e5d0a171e5d0a171e5d0a17,1,0,00000000000000000000000000000000,1,0,23c1,0,0,0,23c1,0,0,01eb01bcff98fe21,1,0,40980390,0,1,0,fee1fcb5fc27fd9d,1,0,"Active","Active","Active","Active","Active","Inactive","Inactive","Active","_","Active","Stream Beat","Stream Beat","Stream Beat","Stream Beat","Stream Beat","No Streams","No Streams","Stream Beat","_","Stream Beat"
365,365,0,0,0,0,00000004,00dffeabfe34fffd,0390,1d9b,1,0,2fa41ff1,1,0,fc1100dffc8ffeabfea8fe340005fffd,1,1,0,1e5d0a171e5d0a171e5d0a171e5d0a17,1,0,00000000000000000000000000000000,1,0,23c1,0,0,0,23c1,0,0,00dffeabfe34fffd,1,0,40980390,0,1,0,fc11fc8ffea80005,1,0,"Active","Active","Active","Active","Active","Inactive","Inactive","Active","_","Active","Stream Beat","Stream Beat","Stream Beat","Stream Beat","Stream Beat","No Streams","No Streams","Stream Beat","_","Stream Beat"
366,366,0,0,0,0,00000004,fe20fef000f4021b,0390,2a53,1,0,3f931031,1,0,fd6dfe20ff92fef0ffd300f4fddd021b,1,1,0,1e5d0a171e5d0a171e5d0a171e5d0a17,1,0,00000000000000000000000000000000,1,0,23c1,0,0,0,23c1,0,0,fe20fef000f4021b,1,0,40980390,0,1,0,fd6dff92ffd3fddd,1,0,"Active","Active","Active","Active","Active","Inactive","Inactive","Active","_","Active","Stream Beat","Stream Beat","Stream Beat","Stream Beat","Stream Beat","No Streams","No Streams","Stream Beat","_","Stream Beat"
367,367,0,0,0,0,00000004,ffc301c301ceffc8,0390,2a45,1,0,3f552016,1,0,0002ffc3ff1001c3fce701cefc08ffc8,1,1,0,1e5d0a171e5d0a171e5d0a171e5d0a17,1,0,00000000000000000000000000000000,1,0,23c1,0,0,0,23c1,0,0,ffc301c301ceffc8,1,0,40980390,0,1,0,0002ff10fce7fc08,1,0,"Active","Active","Active","Active","Active","Inactive","Inactive","Active","_","Active","Stream Beat","Stream Beat","Stream Beat","Stream Beat","Stream Beat","No Streams","No Streams","Stream Beat","_","Stream Beat"
368,368,0,0,0,0,00000004,02280103fed5fe35,0390,1d8e,1,0,2f742fdb,1,0,fe080228fc2d0103fc87fed5fe86fe35,1,1,0,1e5d0a171e5d0a171e5d0a171e5d0a17,1,0,00000000000000000000000000000000,1,0,23c1,0,0,0,23c1,0,0,02280103fed5fe35,1,0,40980390,0,1,0,fe08fc2dfc87fe86,1,0,"Active","Active","Active","Active","Active","Inactive","Inactive","Active","_","Active","Stream Beat","Stream Beat","Stream Beat","Stream Beat","Stream Beat","No Streams","No Streams","Stream Beat","_","Stream Beat"
369,369,0,0,0,0,00000004,fff3fe3cfec500e1,0390,1f5f,1,0,3faa2001,1,0,fc0bfff3fd4efe3cff79fec5ffda00e1,1,1,0,1e5d0a171e5d0a171e5d0a171e5d0a17,1,0,00000000000000000000000000000000,1,0,23c1,0,0,0,23c1,0,0,fff3fe3cfec500e1,1,0,40980390,0,1,0,fc0bfd4eff79ffda,1,0,"Active","Active","Active","Active","Active","Inactive","Inactive","Active","_","Active","Stream Beat","Stream Beat","Stream Beat","Stream Beat","Stream Beat","No Streams","No Streams","Stream Beat","_","Stream Beat"
370,370,0,0,0,0,00000004,fe2dffad01b101ce,0390,2a4a,1,0,2f802031,1,0,fe5bfe2dfffcffadff3201b1fd3401ce,1,1,0,1e5d0a171e5d0a171e5d0a171e5d0a17,1,0,00000000000000000000000000000000,1,0,23c1,0,0,0,23c1,0,0,fe2dffad01b101ce,1,0,40980390,0,1,0,fe5bfffcff32fd34,1,0,"Active","Active","Active","Active","Active","Inactive","Inactive","Active","_","Active","Stream Beat","Stream Beat","Stream Beat","Stream Beat","Stream Beat","No Streams","No Streams","Stream Beat","_","Stream Beat"
371,371,0,0,0,0,00000004,00b602280129feef,0390,2342,1,0,3f542003,1,0,ffea00b6fe310228fc540129fc4ffeef,1,1,0,1e5d0a171e5d0a171e5d0a171e5d0a17,1,0,00000000000000000000000000000000,1,0,23c1,0,0,0,23c1,0,0,00b602280129feef,1,0,40980390,0,1,0,ffeafe31fc54fc4f,1,0,"Active","Active","Active","Active","Active","Inactive","Inactive","Active","_","Active","Stream Beat","Stream Beat","Stream Beat","Stream Beat","Stream Beat","No Streams","No Streams","Stream Beat","_","Stream Beat"
372,372,0,0,0,0,00000004,01f70021fe4efe94,0390,1d95,1,0,3f8a2fdd,1,0,fd3601f7fbfe0021fd28fe4eff4ffe94,1,1,0,1e5d0a171e5d0a171e5d0a171e5d0a17,1,0,00000000000000000000000000000000,1,0,23c1,0,0,0,23c1,0,0,01f70021fe4efe94,1,0,40980390,0,1,0,fd36fbfefd28ff4f,1,0,"Active","Active","Active","Active","Active","Inactive","Inactive","Active","_","Active","Stream Beat","Stream Beat","Stream Beat","Stream Beat","Stream Beat","No Streams","No Streams","Stream Beat","_","Stream Beat"
373,373,0,0,0,0,00000004,ff26fe1cff7b019e,0390,235b,1,0,3fab2015,1,0,fc45ff26fe33fe1cffe6ff7bff57019e,1,1,0,1e5d0a171e5d0a171e5d0a171e5d0a17,1,0,00000000000000000000000000000000,1,0,23c1,0,0,0,23c1,0,0,ff26fe1cff7b019e,1,0,40980390,0,1,0,fc45fe33ffe6ff57,1,0,"Active","Active","Active","Active","Active","Inactive","Inactive","Active","_","Active","Stream Beat","Stream Beat","Stream Beat","Stream Beat","Stream Beat","No Streams","No Streams","Stream Beat","_","Stream Beat"
374,374,0,0,0,0,00000004,fe47006702250145,0390,2341,1,0,3f6b102f,1,0,ff13fe47fff20067fe670225fc640145,1,1,0,1e5d0a171e5d0a171e5d0a171e5d0a17,1,0,00000000000000000000000000000000,1,0,23c1,0,0,0,23c1,0,0,fe47006702250145,1,0,40980390,0,1,0,ff13fff2fe67fc64,1,0,"Active","Active","Active","Active","Active","Inactive","Inactive","Active","_","Active","Stream Beat","Stream Beat","Stream Beat","Stream Beat","Stream Beat","No Streams","No Streams","Stream Beat","_","Stream Beat"
375,375,0,0,0,0,00000004,017e02140054fe61,0390,2347,1,0,3f5a1fef,1,0,ff75017efd4e0214fbd50054fcfbfe61,1,1,0,1e5d0a171e5d0a171e5d0a171e5d0a17,1,0,00000000000000000000000000000000,1,0,23c1,0,0,0,23c1,0,0,017e02140054fe61,1,0,40980390,0,1,0,ff75fd4efbd5fcfb,1,0,"Active","Active","Active","Active","Active","Inactive","Inactive","Active","_","Active","Stream Beat","Stream Beat","Stream Beat","Stream Beat","Stream Beat","No Streams","No Streams","Stream Beat","_","Stream Beat"
376,376,0,0,0,0,00000004,0180ff3efe38ff71,0390,2363,1,0,3f9b2fe5,1,0,fc750180fc28ff3efe16fe38ffe3ff71,1,1,0,1e5d0a171e5d0a171e5d0a171e5d0a17,1,0,00000000000000000000000000000000,1,0,23c1,0,0,0,23c1,0,0,0180ff3efe38ff71,1,0,40980390,0,1,0,fc75fc28fe16ffe3,1,0,"Active","Active","Active","Active","Active","Inactive","Inactive","Active","_","Active","Stream Beat","Stream Beat","Stream Beat","Stream Beat","Stream Beat","No Streams","No Streams","Stream Beat","_","Stream Beat"
377,377,0,0,0,0,00000004,fe72fe6a004001f8,0390,2354,1,0,3f9d1021,1,0,fcccfe72ff04fe6a00060040fe9701f8,1,1,0,1e5d0a171e5d0a171e5d0a171e5d0a17,1,0,00000000000000000000000000000000,1,0,23c1,0,0,0,23c1,0,0,fe72fe6a004001f8,1,0,40980390,0,1,0,fcccff040006fe97,1,0,"Active","Active","Active","Active","Active","Inactive","Inactive","Active","_","Active","Stream Beat","Stream Beat","Stream Beat","Stream Beat","Stream Beat","No Streams","No Streams","Stream Beat","_","Stream Beat"
378,378,0,0,0,0,00000004,ff3601500215007d,0390,2a43,1,0,3f591024,1,0,ffcdff36ff930150fd900215fc02007d,1,1,0,1e5d0a171e5d0a171e5d0a171e5d0a17,1,0,00000000000000000000000000000000,1,0,23c1,0,0,0,23c1,0,0,ff3601500215007d,1,0,40980390,0,1,0,ffcdff93fd90fc02,1,0,"Active","Active","Active","Active","Active","Inactive","Inactive","Active","_","Active","Stream Beat","Stream Beat","Stream Beat","Stream Beat","Stream Beat","No Streams","No Streams","Stream Beat","_","Stream Beat"
379,379,0,0,0,0,00000004,0201018fff6ffe36,0390,2351,1,0,3f692fe6,1,0,fec00201fca4018ffc1aff6ffde8fe36,1,1,0,1e5d0a171e5d0a171e5d0a171e5d0a17,1,0,00000000000000000000000000000000,1,0,23c1,0,0,0,23c1,0,0,0201018fff6ffe36,1,0,40980390,0,1,0,fec0fca4fc1afde8,1,0,"Active","Active","Active","Active","Active","Inactive","Inactive","Active","_","Active","Stream Beat","Stream Beat","Stream Beat","Stream Beat","Stream Beat","No Streams","No Streams","Stream Beat","_","Stream Beat"
380,380,0,0,0,0,00000004,00adfea0fe480034,0390,1d9c,1,0,2fa61ff1,1,0,fbfb00adfcc6fea0fedffe48fffd0034,1,1,0,1e5d0a171e5d0a171e5d0a171e5d0a17,1,0,00000000000000000000000000000000,1,0,23c1,0,0,0,23c1,0,0,00adfea0fe480034,1,0,40980390,0,1,0,fbfbfcc6fedffffd,1,0,"Active","Active","Active","Active","Active","Inactive","Inactive","Active","_","Active","Stream Beat","Stream Beat","Stream Beat","Stream Beat","Stream Beat","No Streams","No Streams","Stream Beat","_","Stream Beat"
381,381,0,0,0,0,00000004,fe34ff080128021b,0390,27cd,1,0,3f8f1031,1,0,fdb9fe34ffaeff08ffb20128fdb9021b,1,1,0,1e5d0a171e5d0a171e5d0a171e5d0a17,1,0,00000000000000000000000000000000,1,0,23c1,0,0,0,23c1,0,0,fe34ff080128021b,1,0,40980390,0,1,0,fdb9ffaeffb2fdb9,1,0,"Active","Active","Active","Active","Active","Inactive","Inactive","Active","_","Active","Stream Beat","Stream Beat","Stream Beat","Stream Beat","Stream Beat","No Streams","No Streams","Stream Beat","_","Stream Beat"
382,382,0,0,0,0,00000004,ffee01f101aeff9b,0390,2a48,1,0,3f562013,1,0,0002ffeefee101f1fccc01aefc0eff9b,1,1,0,1e5d0a171e5d0a171e5d0a171e5d0a17,1,0,00000000000000000000000000000000,1,0,23c1,0,0,0,23c1,0,0,ffee01f101aeff9b,1,0,40980390,0,1,0,0002fee1fcccfc0e,1,0,"Active","Active","Active","Active","Active","Inactive","Inactive","Active","_","Active","Stream Beat","Stream Beat","Stream Beat","Stream Beat","Stream Beat","No Streams","No Streams","Stream Beat","_","Stream Beat"
383,383,0,0,0,0,00000004,023300dafeadfe3b,0390,1d8f,1,0,3f791fdc,1,0,fdd10233fc1300dafc83feadfeb1fe3b,1,1,0,1e5d0a171e5d0a171e5d0a171e5d0a17,1,0,00000000000000000000000000000000,1,0,23c1,0,0,0,23c1,0,0,023300dafeadfe3b,1,0,40980390,0,1,0,fdd1fc13fc83feb1,1,0,"Active","Active","Active","Active","Active","Inactive","Inactive","Active","_","Active","Stream Beat","Stream Beat","Stream Beat","Stream Beat","Stream Beat","No Streams","No Streams","Stream Beat","_","Stream Beat"
384,384,0,0,0,0,00000004,ffc8fe36fec8012d,0390,1f5d,1,0,3fad2007,1,0,fc1fffc8fd83fe36ff8afec8ffc0012d,1,1,0,1e5d0a171e5d0a171e5d0a171e5d0a17,1,0,00000000000000000000000000000000,1,0,23c1,0,0,0,23c1,0,0,ffc8fe36fec8012d,1,0,40980390,0,1,0,fc1ffd83ff8affc0,1,0,"Active","Active","Active","Active","Active","Inactive","Inactive","Active","_","Active","Stream Beat","Stream Beat","Stream Beat","Stream Beat","Stream Beat","No Streams","No Streams","Stream Beat","_","Stream Beat"
385,385,0,0,0,0,00000004,fe34ffd501c201cd,0390,2a48,1,0,2f7b2032,1,0,fe7ffe340006ffd5ff1101c2fced01cd,1,1,0,1e5d0a171e5d0a171e5d0a171e5d0a17,1,0,00000000000000000000000000000000,1,0,23c1,0,0,0,23c1,0,0,fe34ffd501c201cd,1,0,40980390,0,1,0,fe7f0006ff11fced,1,0,"Active","Active","Active","Active","Active","Inactive","Inactive","Active","_","Active","Stream Beat","Stream Beat","Stream Beat","Stream Beat","Stream Beat","No Streams","No Streams","Stream Beat","_","Stream Beat"
386,386,0,0,0,0,00000004,00d0020b010bfecb,0390,2342,1,0,3f511fff,1,0,ffe600d0fe19020bfc30010bfc75fecb,1,1,0,1e5d0a171e5d0a171e5d0a171e5d0a17,1,0,00000000000000000000000000000000,1,0,23c1,0,0,0,23c1,0,0,00d0020b010bfecb,1,0,40980390,0,1,0,ffe6fe19fc30fc75,1,0,"Active","Active","Active","Active","Active","Inactive","Inactive","Active","_","Active","Stream Beat","Stream Beat","Stream Beat","Stream Beat","Stream Beat","No Streams","No Streams","Stream Beat","_","Stream Beat"
387,387,0,0,0,0,00000004,01defffdfe3ffec1,0390,18ff,1,0,3f8e2fdf,1,0,fd0a01defc01fffdfd61fe3fff6efec1,1,1,0,1e5d0a171e5d0a171e5d0a171e5d0a17,1,0,00000000000000000000000000000000,1,0,23c1,0,0,0,23c1,0,0,01defffdfe3ffec1,1,0,40980390,0,1,0,fd0afc01fd61ff6e,1,0,"Active","Active","Active","Active","Active","Inactive","Inactive","Active","_","Active","Stream Beat","Stream Beat","Stream Beat","Stream Beat","Stream Beat","No Streams","No Streams","Stream Beat","_","Stream Beat"
388,388,0,0,0,0,00000004,fefbfe1aff9b01cb,0390,235c,1,0,2fa82019,1,0,fc5efefbfe55fe1affefff9bff3301cb,1,1,0,1e5d0a171e5d0a171e5d0a171e5d0a17,1,0,00000000000000000000000000000000,1,0,23c1,0,0,0,23c1,0,0,fefbfe1aff9b01cb,1,0,40980390,0,1,0,fc5efe55ffefff33,1,0,"Active","Active","Active","Active","Active","Inactive","Inactive","Active","_","Active","Stream Beat","Stream Beat","Stream Beat","Stream Beat","Stream Beat","No Streams","No Streams","Stream Beat","_","Stream Beat"
389,389,0,0,0,0,00000004,fea100be020f012c,0390,1f34,1,0,3f6a102b,1,0,ff4ffea1ffed00befe47020ffc45012c,1,1,0,1e5d0a171e5d0a171e5d0a171e5d0a17,1,0,00000000000000000000000000000000,1,0,23c1,0,0,0,23c1,0,0,fea100be020f012c,1,0,40980390,0,1,0,ff4fffedfe47fc45,1,0,"Active","Active","Active","Active","Active","Inactive","Inactive","Active","_","Active","Stream Beat","Stream Beat","Stream Beat","Stream Beat","Stream Beat","No Streams","No Streams","Stream Beat","_","Stream Beat"
390,390,0,0,0,0,00000004,019e01f6002bfe4e,0390,234a,1,0,3f5d2fed,1,0,ff5d019efd2e01f6fbfe002bfd31fe4e,1,1,0,1e5d0a171e5d0a171e5d0a171e5d0a17,1,0,00000000000000000000000000000000,1,0,23c1,0,0,0,23c1,0,0,019e01f6002bfe4e,1,0,40980390,0,1,0,ff5dfd2efbfefd31,1,0,"Active","Active","Active","Active","Active","Inactive","Inactive","Active","_","Active","Stream Beat","Stream Beat","Stream Beat","Stream Beat","Stream Beat","No Streams","No Streams","Stream Beat","_","Stream Beat"
391,391,0,0,0,0,00000004,0158ff1bfe25ff7d,0390,1d9a,1,0,3f9d2fe7,1,0,fc5a0158fc34ff1bfe34fe25ffe5ff7d,1,1,0,1e5d0a171e5d0a171e5d0a171e5d0a17,1,0,00000000000000000000000000000000,1,0,23c1,0,0,0,23c1,0,0,0158ff1bfe25ff7d,1,0,40980390,0,1,0,fc5afc34fe34ffe5,1,0,"Active","Active","Active","Active","Active","Inactive","Inactive","Active","_","Active","Stream Beat","Stream Beat","Stream Beat","Stream Beat","Stream Beat","No Streams","No Streams","Stream Beat","_","Stream Beat"
392,392,0,0,0,0,00000004,fe54fe70008a0214,0390,2354,1,0,3f9c1029,1,0,fcebfe54ff1efe70fffd008afe640214,1,1,0,1e5d0a171e5d0a171e5d0a171e5d0a17,1,0,00000000000000000000000000000000,1,0,23c1,0,0,0,23c1,0,0,fe54fe70008a0214,1,0,40980390,0,1,0,fcebff1efffdfe64,1,0,"Active","Active","Active","Active","Active","Inactive","Inactive","Active","_","Active","Stream Beat","Stream Beat","Stream Beat","Stream Beat","Stream Beat","No Streams","No Streams","Stream Beat","_","Stream Beat"
393,393,0,0,0,0,00000004,ff460180020f0055,0390,2a45,1,0,3f5b1020,1,0,ffd9ff46ff740180fd57020ffbf80055,1,1,0,1e5d0a171e5d0a171e5d0a171e5d0a17,1,0,00000000000000000000000000000000,1,0,23c1,0,0,0,23c1,0,0,ff460180020f0055,1,0,40980390,0,1,0,ffd9ff74fd57fbf8,1,0,"Active","Active","Active","Active","Active","Inactive","Inactive","Active","_","Active","Stream Beat","Stream Beat","Stream Beat","Stream Beat","Stream Beat","No Streams","No Streams","Stream Beat","_","Stream Beat"
394,394,0,0,0,0,00000004,02190180ff43fe19,0390,2353,1,0,3f6a2fe1,1,0,fe8e0219fc640180fc20ff43fdf6fe19,1,1,0,1e5d0a171e5d0a171e5d0a171e5d0a17,1,0,00000000000000000000000000000000,1,0,23c1,0,0,0,23c1,0,0,02190180ff43fe19,1,0,40980390,0,1,0,fe8efc64fc20fdf6,1,0,"Active","Active","Active","Active","Active","Inactive","Inactive","Active","_","Active","Stream Beat","Stream Beat","Stream Beat","Stream Beat","Stream Beat","No Streams","No Streams","Stream Beat","_","Stream Beat"
395,395,0,0,0,0,00000004,007bfe7cfe660052,0390,1d9c,1,0,3fa61ff6,1,0,fc07007bfccefe7cff0cfe66fffb0052,1,1,0,1e5d0a171e5d0a171e5d0a171e5d0a17,1,0,00000000000000000000000000000000,1,0,23c1,0,0,0,23c1,0,0,007bfe7cfe660052,1,0,40980390,0,1,0,fc07fcceff0cfffb,1,0,"Active","Active","Active","Active","Active","Inactive","Inactive","Active","_","Active","Stream Beat","Stream Beat","Stream Beat","Stream Beat","Stream Beat","No Streams","No Streams","Stream Beat","_","Stream Beat"
396,396,0,0,0,0,00000004,fe21ff26015d020a,0390,2a51,1,0,3f891032,1,0,fdd3fe21ffc5ff26ff91015dfd9f020a,1,1,0,1e5d0a171e5d0a171e5d0a171e5d0a17,1,0,00000000000000000000000000000000,1,0,23c1,0,0,0,23c1,0,0,fe21ff26015d020a,1,0,40980390,0,1,0,fdd3ffc5ff91fd9f,1,0,"Active","Active","Active","Active","Active","Inactive","Inactive","Active","_","Active","Stream Beat","Stream Beat","Stream Beat","Stream Beat","Stream Beat","No Streams","No Streams","Stream Beat","_","Stream Beat"
397,397,0,0,0,0,00000004,002401e10191ff74,0390,2a48,1,0,3f50200f,1,0,ffff0024fed201e1fca60191fc2fff74,1,1,0,1e5d0a171e5d0a171e5d0a171e5d0a17,1,0,00000000000000000000000000000000,1,0,23c1,0,0,0,23c1,0,0,002401e10191ff74,1,0,40980390,0,1,0,fffffed2fca6fc2f,1,0,"Active","Active","Active","Active","Active","Inactive","Inactive","Active","_","Active","Stream Beat","Stream Beat","Stream Beat","Stream Beat","Stream Beat","No Streams","No Streams","Stream Beat","_","Stream Beat"
398,398,0,0,0,0,00000004,022400a6fe9efe4f,0390,1d90,1,0,3f7d1fda,1,0,fdbb0224fc0d00a6fcb5fe9efee3fe4f,1,1,0,1e5d0a171e5d0a171e5d0a171e5d0a17,1,0,00000000000000000000000000000000,1,0,23c1,0,0,0,23c1,0,0,022400a6fe9efe4f,1,0,40980390,0,1,0,fdbbfc0dfcb5fee3,1,0,"Active","Active","Active","Active","Active","Inactive","Inactive","Active","_","Active","Stream Beat","Stream Beat","Stream Beat","Stream Beat","Stream Beat","No Streams","No Streams","Stream Beat","_","Stream Beat"
399,399,0,0,0,0,00000004,ff9cfe27fee80137,0390,1f5e,1,0,3fac200a,1,0,fc07ff9cfda4fe27ffa8fee8ffa90137,1,1,0,1e5d0a171e5d0a171e5d0a171e5d0a17,1,0,00000000000000000000000000000000,1,0,23c1,0,0,0,23c1,0,0,ff9cfe27fee80137,1,0,40980390,0,1,0,fc07fda4ffa8ffa9,1,0,"Active","Active","Active","Active","Active","Inactive","Inactive","Active","_","Active","Stream Beat","Stream Beat","Stream Beat","Stream Beat","Stream Beat","No Streams","No Streams","Stream Beat","_","Stream Beat"
400,400,0,0,0,0,00000004,fe2fffff01e301b9,0390,2a48,1,0,3f7a1030,1,0,feaafe2f0000fffffeee01e3fcb501b9,1,1,0,1e5d0a171e5d0a171e5d0a171e5d0a17,1,0,00000000000000000000000000000000,1,0,23c1,0,0,0,23c1,0,0,fe2fffff01e301b9,1,0,40980390,0,1,0,feaa0000feeefcb5,1,0,"Active","Active","Active","Active","Active","Inactive","Inactive","Active","_","Active","Stream Beat","Stream Beat","Stream Beat","Stream Beat","Stream Beat","No Streams","No Streams","Stream Beat","_","Stream Beat"
401,401,0,0,0,0,00000004,010e021300d5feb2,0390,2344,1,0,3f561ffb,1,0,ffc8010efdf40213fc2700d5fc86feb2,1,1,0,1e5d0a171e5d0a171e5d0a171e5d0a17,1,0,00000000000000000000000000000000,1,0,23c1,0,0,0,23c1,0,0,010e021300d5feb2,1,0,40980390,0,1,0,ffc8fdf4fc27fc86,1,0,"Active","Active","Active","Active","Active","Inactive","Inactive","Active","_","Active","Stream Beat","Stream Beat","Stream Beat","Stream Beat","Stream Beat","No Streams","No Streams","Stream Beat","_","Stream Beat"
402,402,0,0,0,0,00000004,01cfffcffe28fed4,0390,2361,1,0,3f8f2fde,1,0,fcdc01cffbf3ffcffd77fe28ff8afed4,1,1,0,1e5d0a171e5d0a171e5d0a171e5d0a17,1,0,00000000000000000000000000000000,1,0,23c1,0,0,0,23c1,0,0,01cfffcffe28fed4,1,0,40980390,0,1,0,fcdcfbf3fd77ff8a,1,0,"Active","Active","Active","Active","Active","Inactive","Inactive","Active","_","Active","Stream Beat","Stream Beat","Stream Beat","Stream Beat","Stream Beat","No Streams","No Streams","Stream Beat","_","Stream Beat"
403,403,0,0,0,0,00000004,fed4fe27ffd201c7,0390,235a,1,0,2fa4201c,1,0,fc6efed4fe7ffe27fffcffd2ff1901c7,1,1,0,1e5d0a171e5d0a171e5d0a171e5d0a17,1,0,00000000000000000000000000000000,1,0,23c1,0,0,0,23c1,0,0,fed4fe27ffd201c7,1,0,40980390,0,1,0,fc6efe7ffffcff19,1,0,"Active","Active","Active","Active","Active","Inactive","Inactive","Active","_","Active","Stream Beat","Stream Beat","Stream Beat","Stream Beat","Stream Beat","No Streams","No Streams","Stream Beat","_","Stream Beat"
404,404,0,0,0,0,00000004,febc00d102290102,0390,1f32,1,0,3f66102a,1,0,ff78febcffda00d1fe0d0229fc340102,1,1,0,1e5d0a171e5d0a171e5d0a171e5d0a17,1,0,00000000000000000000000000000000,1,0,23c1,0,0,0,23c1,0,0,febc00d102290102,1,0,40980390,0,1,0,ff78ffdafe0dfc34,1,0,"Active","Active","Active","Active","Active","Inactive","Inactive","Active","_","Active","Stream Beat","Stream Beat","Stream Beat","Stream Beat","Stream Beat","No Streams","No Streams","Stream Beat","_","Stream Beat"
405,405,0,0,0,0,00000004,01bf01e8fff4fe38,0390,234b,1,0,3f5d2fe9,1,0,ff2f01bffd1201e8fbfcfff4fd3efe38,1,1,0,1e5d0a171e5d0a171e5d0a171e5d0a17,1,0,00000000000000000000000000000000,1,0,23c1,0,0,0,23c1,0,0,01bf01e8fff4fe38,1,0,40980390,0,1,0,ff2ffd12fbfcfd3e,1,0,"Active","Active","Active","Active","Active","Inactive","Inactive","Active","_","Active","Stream Beat","Stream Beat","Stream Beat","Stream Beat","Stream Beat","No Streams","No Streams","Stream Beat","_","Stream Beat"
406,406,0,0,0,0,00000004,012cfefefe3affa4,0390,1d9b,1,0,3fa02fe9,1,0,fc50012cfc6ffefefe69fe3afff6ffa4,1,1,0,1e5d0a171e5d0a171e5d0a171e5d0a17,1,0,00000000000000000000000000000000,1,0,23c1,0,0,0,23c1,0,0,012cfefefe3affa4,1,0,40980390,0,1,0,fc50fc6ffe69fff6,1,0,"Active","Active","Active","Active","Active","Inactive","Inactive","Active","_","Active","Stream Beat","Stream Beat","Stream Beat","Stream Beat","Stream Beat","No Streams","No Streams","Stream Beat","_","Stream Beat"
407,407,0,0,0,0,00000004,fe3afe9500ba0204,0390,1f4c,1,0,3f99102b,1,0,fd0cfe3aff49fe95ffee00bafe4f0204,1,1,0,1e5d0a171e5d0a171e5d0a171e5d0a17,1,0,00000000000000000000000000000000,1,0,23c1,0,0,0,23c1,0,0,fe3afe9500ba0204,1,0,40980390,0,1,0,fd0cff49ffeefe4f,1,0,"Active","Active","Active","Active","Active","Inactive","Inactive","Active","_","Active","Stream Beat","Stream Beat","Stream Beat","Stream Beat","Stream Beat","No Streams","No Streams","Stream Beat","_","Stream Beat"
408,408,0,0,0,0,00000004,ff85019d01fb002a,0390,2a46,1,0,3f57201d,1,0,ffe8ff85ff5b019dfd2f01fbfbe8002a,1,1,0,1e5d0a171e5d0a171e5d0a171e5d0a17,1,0,00000000000000000000000000000000,1,0,23c1,0,0,0,23c1,0,0,ff85019d01fb002a,1,0,40980390,0,1,0,ffe8ff5bfd2ffbe8,1,0,"Active","Active","Active","Active","Active","Inactive","Inactive","Active","_","Active","Stream Beat","Stream Beat","Stream Beat","Stream Beat","Stream Beat","No Streams","No Streams","Stream Beat","_","Stream Beat"
409,409,0,0,0,0,00000004,0221014aff22fe22,0390,1d8a,1,0,3f712fe0,1,0,fe640221fc74014afc41ff22fe30fe22,1,1,0,1e5d0a171e5d0a171e5d0a171e5d0a17,1,0,00000000000000000000000000000000,1,0,23c1,0,0,0,23c1,0,0,0221014aff22fe22,1,0,40980390,0,1,0,fe64fc74fc41fe30,1,0,"Active","Active","Active","Active","Active","Inactive","Inactive","Active","_","Active","Stream Beat","Stream Beat","Stream Beat","Stream Beat","Stream Beat","No Streams","No Streams","Stream Beat","_","Stream Beat"
410,410,0,0,0,0,00000004,0053fe57fe850086,0390,1d9c,1,0,3fa91ff8,1,0,fc030053fce3fe57ff31fe85fff60086,1,1,0,1e5d0a171e5d0a171e5d0a171e5d0a17,1,0,00000000000000000000000000000000,1,0,23c1,0,0,0,23c1,0,0,0053fe57fe850086,1,0,40980390,0,1,0,fc03fce3ff31fff6,1,0,"Active","Active","Active","Active","Active","Inactive","Inactive","Active","_","Active","Stream Beat","Stream Beat","Stream Beat","Stream Beat","Stream Beat","No Streams","No Streams","Stream Beat","_","Stream Beat"
411,411,0,0,0,0,00000004,fe27ff48017c0206,0390,2a4d,1,0,3f851034,1,0,fe0cfe27ffd4ff48ff79017cfd650206,1,1,0,1e5d0a171e5d0a171e5d0a171e5d0a17,1,0,00000000000000000000000000000000,1,0,23c1,0,0,0,23c1,0,0,fe27ff48017c0206,1,0,40980390,0,1,0,fe0cffd4ff79fd65,1,0,"Active","Active","Active","Active","Active","Inactive","Inactive","Active","_","Active","Stream Beat","Stream Beat","Stream Beat","Stream Beat","Stream Beat","No Streams","No Streams","Stream Beat","_","Stream Beat"
412,412,0,0,0,0,00000004,005c02050173ff4e,0390,2a4a,1,0,3f54200a,1,0,fffd005cfe9c0205fc830173fc3bff4e,1,1,0,1e5d0a171e5d0a171e5d0a171e5d0a17,1,0,00000000000000000000000000000000,1,0,23c1,0,0,0,23c1,0,0,005c02050173ff4e,1,0,40980390,0,1,0,fffdfe9cfc83fc3b,1,0,"Active","Active","Active","Active","Active","Inactive","Inactive","Active","_","Active","Stream Beat","Stream Beat","Stream Beat","Stream Beat","Stream Beat","No Streams","No Streams","Stream Beat","_","Stream Beat"
413,413,0,0,0,0,00000004,022b007efe7efe5c,0390,1d91,1,0,3f801fdb,1,0,fd7c022bfbf9007efcd2fe7eff02fe5c,1,1,0,1e5d0a171e5d0a171e5d0a171e5d0a17,1,0,00000000000000000000000000000000,1,0,23c1,0,0,0,23c1,0,0,022b007efe7efe5c,1,0,40980390,0,1,0,fd7cfbf9fcd2ff02,1,0,"Active","Active","Active","Active","Active","Inactive","Inactive","Active","_","Active","Stream Beat","Stream Beat","Stream Beat","Stream Beat","Stream Beat","No Streams","No Streams","Stream Beat","_","Stream Beat"
414,414,0,0,0,0,00000004,ff70fe18ff0f0160,0390,235f,1,0,3fab200f,1,0,fbf9ff70fdc6fe18ffc1ff0fff8e0160,1,1,0,1e5d0a171e5d0a171e5d0a171e5d0a17,1,0,00000000000000000000000000000000,1,0,23c1,0,0,0,23c1,0,0,ff70fe18ff0f0160,1,0,40980390,0,1,0,fbf9fdc6ffc1ff8e,1,0,"Active","Active","Active","Active","Active","Inactive","Inactive","Active","_","Active","Stream Beat","Stream Beat","Stream Beat","Stream Beat","Stream Beat","No Streams","No Streams","Stream Beat","_","Stream Beat"
415,415,0,0,0,0,00000004,fe48004f01ea0198,0390,2a47,1,0,3f751032,1,0,fed4fe480002004ffece01eafc990198,1,1,0,1e5d0a171e5d0a171e5d0a171e5d0a17,1,0,00000000000000000000000000000000,1,0,23c1,0,0,0,23c1,0,0,fe48004f01ea0198,1,0,40980390,0,1,0,fed40002fecefc99,1,0,"Active","Active","Active","Active","Active","Inactive","Inactive","Active","_","Active","Stream Beat","Stream Beat","Stream Beat","Stream Beat","Stream Beat","No Streams","No Streams","Stream Beat","_","Stream Beat"
416,416,0,0,0,0,00000004,0140021b00b0fe92,0390,2344,1,0,3f541ff8,1,0,ffb30140fdb2021bfc2f00b0fcb4fe92,1,1,0,1e5d0a171e5d0a171e5d0a171e5d0a17,1,0,00000000000000000000000000000000,1,0,23c1,0,0,0,23c1,0,0,0140021b00b0fe92,1,0,40980390,0,1,0,ffb3fdb2fc2ffcb4,1,0,"Active","Active","Active","Active","Active","Inactive","Inactive","Active","_","Active","Stream Beat","Stream Beat","Stream Beat","Stream Beat","Stream Beat","No Streams","No Streams","Stream Beat","_","Stream Beat"
417,417,0,0,0,0,00000004,01caff9afe21ff09,0390,2362,1,0,3f902fdf,1,0,fca201cafbf3ff9afd9efe21ffacff09,1,1,0,1e5d0a171e5d0a171e5d0a171e5d0a17,1,0,00000000000000000000000000000000,1,0,23c1,0,0,0,23c1,0,0,01caff9afe21ff09,1,0,40980390,0,1,0,fca2fbf3fd9effac,1,0,"Active","Active","Active","Active","Active","Inactive","Inactive","Active","_","Active","Stream Beat","Stream Beat","Stream Beat","Stream Beat","Stream Beat","No Streams","No Streams","Stream Beat","_","Stream Beat"
418,418,0,0,0,0,00000004,feaafe43000101e0,0390,2359,1,0,2fa31021,1,0,fc77feaafeb3fe4300050001fee901e0,1,1,0,1e5d0a171e5d0a171e5d0a171e5d0a17,1,0,00000000000000000000000000000000,1,0,23c1,0,0,0,23c1,0,0,feaafe43000101e0,1,0,40980390,0,1,0,fc77feb30005fee9,1,0,"Active","Active","Active","Active","Active","Inactive","Inactive","Active","_","Active","Stream Beat","Stream Beat","Stream Beat","Stream Beat","Stream Beat","No Streams","No Streams","Stream Beat","_","Stream Beat"
419,419,0,0,0,0,00000004,fede0120022200de,0390,2a46,1,0,3f641029,1,0,ff88fedeffca0120fde00222fc1a00de,1,1,0,1e5d0a171e5d0a171e5d0a171e5d0a17,1,0,00000000000000000000000000000000,1,0,23c1,0,0,0,23c1,0,0,fede0120022200de,1,0,40980390,0,1,0,ff88ffcafde0fc1a,1,0,"Active","Active","Active","Active","Active","Inactive","Inactive","Active","_","Active","Stream Beat","Stream Beat","Stream Beat","Stream Beat","Stream Beat","No Streams","No Streams","Stream Beat","_","Stream Beat"
420,420,0,0,0,0,00000004,01d901d2ffd7fe28,0390,234d,1,0,3f5d2fe8,1,0,ff1601d9fcd301d2fc29ffd7fd7dfe28,1,1,0,1e5d0a171e5d0a171e5d0a171e5d0a17,1,0,00000000000000000000000000000000,1,0,23c1,0,0,0,23c1,0,0,01d901d2ffd7fe28,1,0,40980390,0,1,0,ff16fcd3fc29fd7d,1,0,"Active","Active","Active","Active","Active","Inactive","Inactive","Active","_","Active","Stream Beat","Stream Beat","Stream Beat","Stream Beat","Stream Beat","No Streams","No Streams","Stream Beat","_","Stream Beat"
421,421,0,0,0,0,00000004,00fffedbfe27ffba,0390,1d9b,1,0,2fa11fec,1,0,fc2500fffc61fedbfe89fe27fff3ffba,1,1,0,1e5d0a171e5d0a171e5d0a171e5d0a17,1,0,00000000000000000000000000000000,1,0,23c1,0,0,0,23c1,0,0,00fffedbfe27ffba,1,0,40980390,0,1,0,fc25fc61fe89fff3,1,0,"Active","Active","Active","Active","Active","Inactive","Inactive","Active","_","Active","Stream Beat","Stream Beat","Stream Beat","Stream Beat","Stream Beat","No Streams","No Streams","Stream Beat","_","Stream Beat"
422,422,0,0,0,0,00000004,fe3cfeb400e3022c,0390,1f49,1,0,3f94102f,1,0,fd48fe3cff73feb4ffd400e3fe15022c,1,1,0,1e5d0a171e5d0a171e5d0a171e5d0a17,1,0,00000000000000000000000000000000,1,0,23c1,0,0,0,23c1,0,0,fe3cfeb400e3022c,1,0,40980390,0,1,0,fd48ff73ffd4fe15,1,0,"Active","Active","Active","Active","Active","Inactive","Inactive","Active","_","Active","Stream Beat","Stream Beat","Stream Beat","Stream Beat","Stream Beat","No Streams","No Streams","Stream Beat","_","Stream Beat"
423,423,0,0,0,0,00000004,ffc101ba01fafffb,0390,2a46,1,0,3f58201a,1,0,fff7ffc1ff3801bafceb01fafbecfffb,1,1,0,1e5d0a171e5d0a171e5d0a171e5d0a17,1,0,00000000000000000000000000000000,1,0,23c1,0,0,0,23c1,0,0,ffc101ba01fafffb,1,0,40980390,0,1,0,fff7ff38fcebfbec,1,0,"Active","Active","Active","Active","Active","Inactive","Inactive","Active","_","Active","Stream Beat","Stream Beat","Stream Beat","Stream Beat","Stream Beat","No Streams","No Streams","Stream Beat","_","Stream Beat"
424,424,0,0,0,0,00000004,021a0134ff01fe3d,0390,1d8c,1,0,3f702fdb,1,0,fe42021afc370134fc6eff01fe6efe3d,1,1,0,1e5d0a171e5d0a171e5d0a171e5d0a17,1,0,00000000000000000000000000000000,1,0,23c1,0,0,0,23c1,0,0,021a0134ff01fe3d,1,0,40980390,0,1,0,fe42fc37fc6efe6e,1,0,"Active","Active","Active","Active","Active","Inactive","Inactive","Active","_","Active","Stream Beat","Stream Beat","Stream Beat","Stream Beat","Stream Beat","No Streams","No Streams","Stream Beat","_","Stream Beat"
425,425,0,0,0,0,00000004,002dfe58fea4008d,0390,1d9c,1,0,3faa1fff,1,0,fbfd002dfd39fe58ff51fea4fff1008d,1,1,0,1e5d0a171e5d0a171e5d0a171e5d0a17,1,0,00000000000000000000000000000000,1,0,23c1,0,0,0,23c1,0,0,002dfe58fea4008d,1,0,40980390,0,1,0,fbfdfd39ff51fff1,1,0,"Active","Active","Active","Active","Active","Inactive","Inactive","Active","_","Active","Stream Beat","Stream Beat","Stream Beat","Stream Beat","Stream Beat","No Streams","No Streams","Stream Beat","_","Stream Beat"
426,426,0,0,0,0,00000004,fe1cff8b01a101df,0390,2a4c,1,0,3f802037,1,0,fe2dfe1cffe5ff8bff5e01a1fd5301df,1,1,0,1e5d0a171e5d0a171e5d0a171e5d0a17,1,0,00000000000000000000000000000000,1,0,23c1,0,0,0,23c1,0,0,fe1cff8b01a101df,1,0,40980390,0,1,0,fe2dffe5ff5efd53,1,0,"Active","Active","Active","Active","Active","Inactive","Inactive","Active","_","Active","Stream Beat","Stream Beat","Stream Beat","Stream Beat","Stream Beat","No Streams","No Streams","Stream Beat","_","Stream Beat"
427,427,0,0,0,0,00000004,00970207014cff1f,0390,2340,1,0,3f552008,1,0,fffb0097fe730207fc7b014cfc2dff1f,1,1,0,1e5d0a171e5d0a171e5d0a171e5d0a17,1,0,00000000000000000000000000000000,1,0,23c1,0,0,0,23c1,0,0,00970207014cff1f,1,0,40980390,0,1,0,fffbfe73fc7bfc2d,1,0,"Active","Active","Active","Active","Active","Inactive","Inactive","Active","_","Active","Stream Beat","Stream Beat","Stream Beat","Stream Beat","Stream Beat","No Streams","No Streams","Stream Beat","_","Stream Beat"
428,428,0,0,0,0,00000004,02050058fe53fe8a,0390,1d93,1,0,3f871fdb,1,0,fd620205fc1b0058fce6fe53ff2cfe8a,1,1,0,1e5d0a171e5d0a171e5d0a171e5d0a17,1,0,00000000000000000000000000000000,1,0,23c1,0,0,0,23c1,0,0,02050058fe53fe8a,1,0,40980390,0,1,0,fd62fc1bfce6ff2c,1,0,"Active","Active","Active","Active","Active","Inactive","Inactive","Active","_","Active","Stream Beat","Stream Beat","Stream Beat","Stream Beat","Stream Beat","No Streams","No Streams","Stream Beat","_","Stream Beat"
429,429,0,0,0,0,00000004,ff4efe09ff2c0175,0390,235f,1,0,3fac2012,1,0,fc28ff4efdedfe09ffcaff2cff800175,1,1,0,1e5d0a171e5d0a171e5d0a171e5d0a17,1,0,00000000000000000000000000000000,1,0,23c1,0,0,0,23c1,0,0,ff4efe09ff2c0175,1,0,40980390,0,1,0,fc28fdedffcaff80,1,0,"Active","Active","Active","Active","Active","Inactive","Inactive","Active","_","Active","Stream Beat","Stream Beat","Stream Beat","Stream Beat","Stream Beat","No Streams","No Streams","Stream Beat","_","Stream Beat"
430,430,0,0,0,0,00000004,fe75006802120181,0390,2a45,1,0,3f711030,1,0,ff11fe75fffb0068fe970212fc600181,1,1,0,1e5d0a171e5d0a171e5d0a171e5d0a17,1,0,00000000000000000000000000000000,1,0,23c1,0,0,0,23c1,0,0,fe75006802120181,1,0,40980390,0,1,0,ff11fffbfe97fc60,1,0,"Active","Active","Active","Active","Active","Inactive","Inactive","Active","_","Active","Stream Beat","Stream Beat","Stream Beat","Stream Beat","Stream Beat","No Streams","No Streams","Stream Beat","_","Stream Beat"
431,431,0,0,0,0,00000004,015702050080fe86,0390,2347,1,0,3f581ff3,1,0,ff900157fdac0205fbf70080fce1fe86,1,1,0,1e5d0a171e5d0a171e5d0a171e5d0a17,1,0,00000000000000000000000000000000,1,0,23c1,0,0,0,23c1,0,0,015702050080fe86,1,0,40980390,0,1,0,ff90fdacfbf7fce1,1,0,"Active","Active","Active","Active","Active","Inactive","Inactive","Active","_","Active","Stream Beat","Stream Beat","Stream Beat","Stream Beat","Stream Beat","No Streams","No Streams","Stream Beat","_","Stream Beat"
432,432,0,0,0,0,00000004,01a0ff6bfe2eff18,0390,2363,1,0,3f952fdf,1,0,fc9d01a0fbfcff6bfdd6fe2effc6ff18,1,1,0,1e5d0a171e5d0a171e5d0a171e5d0a17,1,0,00000000000000000000000000000000,1,0,23c1,0,0,0,23c1,0,0,01a0ff6bfe2eff18,1,0,40980390,0,1,0,fc9dfbfcfdd6ffc6,1,0,"Active","Active","Active","Active","Active","Inactive","Inactive","Active","_","Active","Stream Beat","Stream Beat","Stream Beat","Stream Beat","Stream Beat","No Streams","No Streams","Stream Beat","_","Stream Beat"
433,433,0,0,0,0,00000004,fe92fe49003201dc,0390,2356,1,0,3fa01027,1,0,fcb6fe92fecefe4900090032fecf01dc,1,1,0,1e5d0a171e5d0a171e5d0a171e5d0a17,1,0,00000000000000000000000000000000,1,0,23c1,0,0,0,23c1,0,0,fe92fe49003201dc,1,0,40980390,0,1,0,fcb6fece0009fecf,1,0,"Active","Active","Active","Active","Active","Inactive","Inactive","Active","_","Active","Stream Beat","Stream Beat","Stream Beat","Stream Beat","Stream Beat","No Streams","No Streams","Stream Beat","_","Stream Beat"
434,434,0,0,0,0,00000004,fef00117022a00b5,0390,2a44,1,0,3f611026,1,0,ffa1fef0ffbe0117fda3022afc2200b5,1,1,0,1e5d0a171e5d0a171e5d0a171e5d0a17,1,0,00000000000000000000000000000000,1,0,23c1,0,0,0,23c1,0,0,fef00117022a00b5,1,0,40980390,0,1,0,ffa1ffbefda3fc22,1,0,"Active","Active","Active","Active","Active","Inactive","Inactive","Active","_","Active","Stream Beat","Stream Beat","Stream Beat","Stream Beat","Stream Beat","No Streams","No Streams","Stream Beat","_","Stream Beat"
435,435,0,0,0,0,00000004,01f501b5ffa3fe28,0390,234e,1,0,3f632fe5,1,0,fee501f5fcc201b5fc10ffa3fdaafe28,1,1,0,1e5d0a171e5d0a171e5d0a171e5d0a17,1,0,00000000000000000000000000000000,1,0,23c1,0,0,0,23c1,0,0,01f501b5ffa3fe28,1,0,40980390,0,1,0,fee5fcc2fc10fdaa,1,0,"Active","Active","Active","Active","Active","Inactive","Inactive","Active","_","Active","Stream Beat","Stream Beat","Stream Beat","Stream Beat","Stream Beat","No Streams","No Streams","Stream Beat","_","Stream Beat"
436,436,0,0,0,0,00000004,00d8feb8fe31ffec,0390,1d9b,1,0,2fa51fee,1,0,fc1b00d8fc88feb8feaafe31ffffffec,1,1,0,1e5d0a171e5d0a171e5d0a171e5d0a17,1,0,00000000000000000000000000000000,1,0,23c1,0,0,0,23c1,0,0,00d8feb8fe31ffec,1,0,40980390,0,1,0,fc1bfc88feaaffff,1,0,"Active","Active","Active","Active","Active","Inactive","Inactive","Active","_","Active","Stream Beat","Stream Beat","Stream Beat","Stream Beat","Stream Beat","No Streams","No Streams","Stream Beat","_","Stream Beat"
437,437,0,0,0,0,00000004,fe32fed400f40220,0390,27d1,1,0,3f92102e,1,0,fd72fe32ff92fed4ffc600f4fdf10220,1,1,0,1e5d0a171e5d0a171e5d0a171e5d0a17,1,0,00000000000000000000000000000000,1,0,23c1,0,0,0,23c1,0,0,fe32fed400f40220,1,0,40980390,0,1,0,fd72ff92ffc6fdf1,1,0,"Active","Active","Active","Active","Active","Inactive","Inactive","Active","_","Active","Stream Beat","Stream Beat","Stream Beat","Stream Beat","Stream Beat","No Streams","No Streams","Stream Beat","_","Stream Beat"
438,438,0,0,0,0,00000004,ffcc01d201d5ffcb,0390,2a47,1,0,3f562017,1,0,fffbffccff1301d2fce101d5fc00ffcb,1,1,0,1e5d0a171e5d0a171e5d0a171e5d0a17,1,0,00000000000000000000000000000000,1,0,23c1,0,0,0,23c1,0,0,ffcc01d201d5ffcb,1,0,40980390,0,1,0,fffbff13fce1fc00,1,0,"Active","Active","Active","Active","Active","Inactive","Inactive","Active","_","Active","Stream Beat","Stream Beat","Stream Beat","Stream Beat","Stream Beat","No Streams","No Streams","Stream Beat","_","Stream Beat"
439,439,0,0,0,0,00000004,022d0105fedffe29,0390,1d8c,1,0,3f742fda,1,0,fe0a022dfc360105fc83fedffe80fe29,1,1,0,1e5d0a171e5d0a171e5d0a171e5d0a17,1,0,00000000000000000000000000000000,1,0,23c1,0,0,0,23c1,0,0,022d0105fedffe29,1,0,40980390,0,1,0,fe0afc36fc83fe80,1,0,"Active","Active","Active","Active","Active","Inactive","Inactive","Active","_","Active","Stream Beat","Stream Beat","Stream Beat","Stream Beat","Stream Beat","No Streams","No Streams","Stream Beat","_","Stream Beat"
440,440,0,0,0,0,00000004,fffafe46feaa00ca,0390,1f5e,1,0,3fab2001,1,0,fbf0fffafd58fe46ff69feaaffe000ca,1,1,0,1e5d0a171e5d0a171e5d0a171e5d0a17,1,0,00000000000000000000000000000000,1,0,23c1,0,0,0,23c1,0,0,fffafe46feaa00ca,1,0,40980390,0,1,0,fbf0fd58ff69ffe0,1,0,"Active","Active","Active","Active","Active","Inactive","Inactive","Active","_","Active","Stream Beat","Stream Beat","Stream Beat","Stream Beat","Stream Beat","No Streams","No Streams","Stream Beat","_","Stream Beat"
441,441,0,0,0,0,00000004,fe29ffa601b601ee,0390,2a49,1,0,3f7e2033,1,0,fe56fe29fff7ffa6ff3601b6fd0801ee,1,1,0,1e5d0a171e5d0a171e5d0a171e5d0a17,1,0,00000000000000000000000000000000,1,0,23c1,0,0,0,23c1,0,0,fe29ffa601b601ee,1,0,40980390,0,1,0,fe56fff7ff36fd08,1,0,"Active","Active","Active","Active","Active","Inactive","Inactive","Active","_","Active","Stream Beat","Stream Beat","Stream Beat","Stream Beat","Stream Beat","No Streams","No Streams","Stream Beat","_","Stream Beat"
442,442,0,0,0,0,00000004,00ae02230128fef8,0390,2341,1,0,3f542003,1,0,ffea00aefe3d0223fc600128fc4bfef8,1,1,0,1e5d0a171e5d0a171e5d0a171e5d0a17,1,0,00000000000000000000000000000000,1,0,23c1,0,0,0,23c1,0,0,00ae02230128fef8,1,0,40980390,0,1,0,ffeafe3dfc60fc4b,1,0,"Active","Active","Active","Active","Active","Inactive","Inactive","Active","_","Active","Stream Beat","Stream Beat","Stream Beat","Stream Beat","Stream Beat","No Streams","No Streams","Stream Beat","_","Stream Beat"
443,443,0,0,0,0,00000004,020f0025fe4dfe98,0390,1d95,1,0,3f892fdb,1,0,fd22020ffbfe0025fd16fe4dff51fe98,1,1,0,1e5d0a171e5d0a171e5d0a171e5d0a17,1,0,00000000000000000000000000000000,1,0,23c1,0,0,0,23c1,0,0,020f0025fe4dfe98,1,0,40980390,0,1,0,fd22fbfefd16ff51,1,0,"Active","Active","Active","Active","Active","Inactive","Inactive","Active","_","Active","Stream Beat","Stream Beat","Stream Beat","Stream Beat","Stream Beat","No Streams","No Streams","Stream Beat","_","Stream Beat"
444,444,0,0,0,0,00000004,ff2afe2fff7001b9,0390,235d,1,0,3fa82017,1,0,fc4dff2afe3bfe2fffe6ff70ff4c01b9,1,1,0,1e5d0a171e5d0a171e5d0a171e5d0a17,1,0,00000000000000000000000000000000,1,0,23c1,0,0,0,23c1,0,0,ff2afe2fff7001b9,1,0,40980390,0,1,0,fc4dfe3bffe6ff4c,1,0,"Active","Active","Active","Active","Active","Inactive","Inactive","Active","_","Active","Stream Beat","Stream Beat","Stream Beat","Stream Beat","Stream Beat","No Streams","No Streams","Stream Beat","_","Stream Beat"
445,445,0,0,0,0,00000004,fe810082020c0152,0390,233e,1,0,3f6d102f,1,0,ff2afe81fff60082fe79020cfc600152,1,1,0,1e5d0a171e5d0a171e5d0a171e5d0a17,1,0,00000000000000000000000000000000,1,0,23c1,0,0,0,23c1,0,0,fe810082020c0152,1,0,40980390,0,1,0,ff2afff6fe79fc60,1,0,"Active","Active","Active","Active","Active","Inactive","Inactive","Active","_","Active","Stream Beat","Stream Beat","Stream Beat","Stream Beat","Stream Beat","No Streams","No Streams","Stream Beat","_","Stream Beat"
446,446,0,0,0,0,00000004,0185020a005efe59,0390,2348,1,0,3f581ff1,1,0,ff800185fd57020afbf8005efcecfe59,1,1,0,1e5d0a171e5d0a171e5d0a171e5d0a17,1,0,00000000000000000000000000000000,1,0,23c1,0,0,0,23c1,0,0,0185020a005efe59,1,0,40980390,0,1,0,ff80fd57fbf8fcec,1,0,"Active","Active","Active","Active","Active","Inactive","Inactive","Active","_","Active","Stream Beat","Stream Beat","Stream Beat","Stream Beat","Stream Beat","No Streams","No Streams","Stream Beat","_","Stream Beat"
447,447,0,0,0,0,00000004,0181ff51fe09ff49,0390,2364,1,0,3f9b2fe8,1,0,fc720181fc3cff51fdecfe09ffceff49,1,1,0,1e5d0a171e5d0a171e5d0a171e5d0a17,1,0,00000000000000000000000000000000,1,0,23c1,0,0,0,23c1,0,0,0181ff51fe09ff49,1,0,40980390,0,1,0,fc72fc3cfdecffce,1,0,"Active","Active","Active","Active","Active","Inactive","Inactive","Active","_","Active","Stream Beat","Stream Beat","Stream Beat","Stream Beat","Stream Beat","No Streams","No Streams","Stream Beat","_","Stream Beat"
448,448,0,0,0,0,00000004,fe73fe71006401fc,0390,2355,1,0,3f9f1026,1,0,fccffe73ff01fe7100060064fe9d01fc,1,1,0,1e5d0a171e5d0a171e5d0a171e5d0a17,1,0,00000000000000000000000000000000,1,0,23c1,0,0,0,23c1,0,0,fe73fe71006401fc,1,0,40980390,0,1,0,fccfff010006fe9d,1,0,"Active","Active","Active","Active","Active","Inactive","Inactive","Active","_","Active","Stream Beat","Stream Beat","Stream Beat","Stream Beat","Stream Beat","No Streams","No Streams","Stream Beat","_","Stream Beat"
449,449,0,0,0,0,00000004,ff08015d0215008a,0390,2a45,1,0,3f5b1024,1,0,ffb8ff08ff99015dfd8a0215fc11008a,1,1,0,1e5d0a171e5d0a171e5d0a171e5d0a17,1,0,00000000000000000000000000000000,1,0,23c1,0,0,0,23c1,0,0,ff08015d0215008a,1,0,40980390,0,1,0,ffb8ff99fd8afc11,1,0,"Active","Active","Active","Active","Active","Inactive","Inactive","Active","_","Active","Stream Beat","Stream Beat","Stream Beat","Stream Beat","Stream Beat","No Streams","No Streams","Stream Beat","_","Stream Beat"
450,450,0,0,0,0,00000004,020501a1ff73fe0d,0390,2351,1,0,3f662fe2,1,0,feb60205fc9a01a1fc10ff73fdb8fe0d,1,1,0,1e5d0a171e5d0a171e5d0a171e5d0a17,1,0,00000000000000000000000000000000,1,0,23c1,0,0,0,23c1,0,0,020501a1ff73fe0d,1,0,40980390,0,1,0,feb6fc9afc10fdb8,1,0,"Active","Active","Active","Active","Active","Inactive","Inactive","Active","_","Active","Stream Beat","Stream Beat","Stream Beat","Stream Beat","Stream Beat","No Streams","No Streams","Stream Beat","_","Stream Beat"
451,451,0,0,0,0,00000004,00b1fe98fe4a0028,0390,1d9c,1,0,2fa71ff4,1,0,fc2100b1fcb9fe98fed0fe4a00080028,1,1,0,1e5d0a171e5d0a171e5d0a171e5d0a17,1,0,00000000000000000000000000000000,1,0,23c1,0,0,0,23c1,0,0,00b1fe98fe4a0028,1,0,40980390,0,1,0,fc21fcb9fed00008,1,0,"Active","Active","Active","Active","Active","Inactive","Inactive","Active","_","Active","Stream Beat","Stream Beat","Stream Beat","Stream Beat","Stream Beat","No Streams","No Streams","Stream Beat","_","Stream Beat"
452,452,0,0,0,0,00000004,fe2cff020137021a,0390,2a4f,1,0,3f8e1030,1,0,fda4fe2cffaeff02ffaf0137fdc0021a,1,1,0,1e5d0a171e5d0a171e5d0a171e5d0a17,1,0,00000000000000000000000000000000,1,0,23c1,0,0,0,23c1,0,0,fe2cff020137021a,1,0,40980390,0,1,0,fda4ffaeffaffdc0,1,0,"Active","Active","Active","Active","Active","Inactive","Inactive","Active","_","Active","Stream Beat","Stream Beat","Stream Beat","Stream Beat","Stream Beat","No Streams","No Streams","Stream Beat","_","Stream Beat"
453,453,0,0,0,0,00000004,000101e501b4ffa0,0390,2a48,1,0,3f512012,1,0,fffb0001fef201e5fcc701b4fc03ffa0,1,1,0,1e5d0a171e5d0a171e5d0a171e5d0a17,1,0,00000000000000000000000000000000,1,0,23c1,0,0,0,23c1,0,0,000101e501b4ffa0,1,0,40980390,0,1,0,fffbfef2fcc7fc03,1,0,"Active","Active","Active","Active","Active","Inactive","Inactive","Active","_","Active","Stream Beat","Stream Beat","Stream Beat","Stream Beat","Stream Beat","No Streams","No Streams","Stream Beat","_","Stream Beat"
454,454,0,0,0,0,00000004,022e00d8febcfe32,0390,1d8e,1,0,2f7b1fdb,1,0,fde4022efc1b00d8fc80febcfeb1fe32,1,1,0,1e5d0a171e5d0a171e5d0a171e5d0a17,1,0,00000000000000000000000000000000,1,0,23c1,0,0,0,23c1,0,0,022e00d8febcfe32,1,0,40980390,0,1,0,fde4fc1bfc80feb1,1,0,"Active","Active","Active","Active","Active","Inactive","Inactive","Active","_","Active","Stream Beat","Stream Beat","Stream Beat","Stream Beat","Stream Beat","No Streams","No Streams","Stream Beat","_","Stream Beat"
455,455,0,0,0,0,00000004,ffd4fe21fedd00fc,0390,1f5f,1,0,3fac2007,1,0,fc19ffd4fd65fe21ff8efeddffca00fc,1,1,0,1e5d0a171e5d0a171e5d0a171e5d0a17,1,0,00000000000000000000000000000000,1,0,23c1,0,0,0,23c1,0,0,ffd4fe21fedd00fc,1,0,40980390,0,1,0,fc19fd65ff8effca,1,0,"Active","Active","Active","Active","Active","Inactive","Inactive","Active","_","Active","Stream Beat","Stream Beat","Stream Beat","Stream Beat","Stream Beat","No Streams","No Streams","Stream Beat","_","Stream Beat"
456,456,0,0,0,0,00000004,fe2effdf01d201c7,0390,2a4a,1,0,3f7b1033,1,0,fe80fe2efffeffdfff1601d2fcf401c7,1,1,0,1e5d0a171e5d0a171e5d0a171e5d0a17,1,0,00000000000000000000000000000000,1,0,23c1,0,0,0,23c1,0,0,fe2effdf01d201c7,1,0,40980390,0,1,0,fe80fffeff16fcf4,1,0,"Active","Active","Active","Active","Active","Inactive","Inactive","Active","_","Active","Stream Beat","Stream Beat","Stream Beat","Stream Beat","Stream Beat","No Streams","No Streams","Stream Beat","_","Stream Beat"
457,457,0,0,0,0,00000004,00d9022c010ffed8,0390,2342,1,0,3f531fff,1,0,ffe000d9fe09022cfc23010ffc72fed8,1,1,0,1e5d0a171e5d0a171e5d0a171e5d0a17,1,0,00000000000000000000000000000000,1,0,23c1,0,0,0,23c1,0,0,00d9022c010ffed8,1,0,40980390,0,1,0,ffe0fe09fc23fc72,1,0,"Active","Active","Active","Active","Active","Inactive","Inactive","Active","_","Active","Stream Beat","Stream Beat","Stream Beat","Stream Beat","Stream Beat","No Streams","No Streams","Stream Beat","_","Stream Beat"
458,458,0,0,0,0,00000004,01ecfffefe35feb6,0390,1d96,1,0,3f8d2fdc,1,0,fd0901ecfbf4fffefd3efe35ff6cfeb6,1,1,0,1e5d0a171e5d0a171e5d0a171e5d0a17,1,0,00000000000000000000000000000000,1,0,23c1,0,0,0,23c1,0,0,01ecfffefe35feb6,1,0,40980390,0,1,0,fd09fbf4fd3eff6c,1,0,"Active","Active","Active","Active","Active","Inactive","Inactive","Active","_","Active","Stream Beat","Stream Beat","Stream Beat","Stream Beat","Stream Beat","No Streams","No Streams","Stream Beat","_","Stream Beat"
459,459,0,0,0,0,00000004,ff05fe3dff9601b0,0390,235c,1,0,3fa8201a,1,0,fc6dff05fe6bfe3dfff1ff96ff3d01b0,1,1,0,1e5d0a171e5d0a171e5d0a171e5d0a17,1,0,00000000000000000000000000000000,1,0,23c1,0,0,0,23c1,0,0,ff05fe3dff9601b0,1,0,40980390,0,1,0,fc6dfe6bfff1ff3d,1,0,"Active","Active","Active","Active","Active","Inactive","Inactive","Active","_","Active","Stream Beat","Stream Beat","Stream Beat","Stream Beat","Stream Beat","No Streams","No Streams","Stream Beat","_","Stream Beat"
460,460,0,0,0,0,00000004,fe99008c021d012f,0390,233f,1,0,3f67102e,1,0,ff4bfe99fff1008cfe43021dfc4d012f,1,1,0,1e5d0a171e5d0a171e5d0a171e5d0a17,1,0,00000000000000000000000000000000,1,0,23c1,0,0,0,23c1,0,0,fe99008c021d012f,1,0,40980390,0,1,0,ff4bfff1fe43fc4d,1,0,"Active","Active","Active","Active","Active","Inactive","Inactive","Active","_","Active","Stream Beat","Stream Beat","Stream Beat","Stream Beat","Stream Beat","No Streams","No Streams","Stream Beat","_","Stream Beat"
461,461,0,0,0,0,00000004,019c01f60031fe4f,0390,234a,1,0,3f5a2fed,1,0,ff64019cfd3401f6fc000031fd25fe4f,1,1,0,1e5d0a171e5d0a171e5d0a171e5d0a17,1,0,00000000000000000000000000000000,1,0,23c1,0,0,0,23c1,0,0,019c01f60031fe4f,1,0,40980390,0,1,0,ff64fd34fc00fd25,1,0,"Active","Active","Active","Active","Active","Inactive","Inactive","Active","_","Active","Stream Beat","Stream Beat","Stream Beat","Stream Beat","Stream Beat","No Streams","No Streams","Stream Beat","_","Stream Beat"
462,462,0,0,0,0,00000004,0156ff29fe10ff70,0390,1d9b,1,0,3fa02fe8,1,0,fc5e0156fc3fff29fe23fe10ffddff70,1,1,0,1e5d0a171e5d0a171e5d0a171e5d0a17,1,0,00000000000000000000000000000000,1,0,23c1,0,0,0,23c1,0,0,0156ff29fe10ff70,1,0,40e803f8,1,1,0,fc5efc3ffe23ffdd,1,0,"Active","Active","Active","Active","Active","Inactive","Inactive","Active","Active","Active","Stream Beat","Stream Beat","Stream Beat","Stream Beat","Stream Beat","No Streams","No Streams","Stream Beat","Stream Beat","Stream Beat"
463,463,0,0,0,0,00000004,fe70fe8800860230,03f8,2353,1,0,3f9c1027,1,0,fd0cfe70ff2ffe88fff80086fe5c0230,1,1,0,1e5d0a171e5d0a171e5d0a171e5d0a17,1,0,00000000000000000000000000000000,1,0,23c1,0,0,0,23c1,0,0,fe70fe8800860230,1,0,40e803f8,0,1,0,fd0cff2ffff8fe5c,1,0,"Active","Active","Active","Active","Active","Inactive","Inactive","Active","_","Active","Stream Beat","Stream Beat","Stream Beat","Stream Beat","Stream Beat","No Streams","No Streams","Stream Beat","_","Stream Beat"
464,464,0,0,0,0,00000004,ff55017202070055,03f8,2a45,1,0,3f5b1021,1,0,ffdaff55ff7c0172fd6e0207fc1c0055,1,1,0,1e5d0a171e5d0a171e5d0a171e5d0a17,1,0,00000000000000000000000000000000,1,0,23c1,0,0,0,23c1,0,0,ff55017202070055,1,0,40e803f8,0,1,0,ffdaff7cfd6efc1c,1,0,"Active","Active","Active","Active","Active","Inactive","Inactive","Active","_","Active","Stream Beat","Stream Beat","Stream Beat","Stream Beat","Stream Beat","No Streams","No Streams","Stream Beat","_","Stream Beat"
465,465,0,0,0,0,00000004,0204017fff49fe2f,03f8,2352,1,0,3f692fdf,1,0,fe9e0204fc77017ffc19ff49fe0afe2f,1,1,0,1e5d0a171e5d0a171e5d0a171e5d0a17,1,0,00000000000000000000000000000000,1,0,23c1,0,0,0,23c1,0,0,0204017fff49fe2f,1,0,40e803f8,0,1,0,fe9efc77fc19fe0a,1,0,"Active","Active","Active","Active","Active","Inactive","Inactive","Active","_","Active","Stream Beat","Stream Beat","Stream Beat","Stream Beat","Stream Beat","No Streams","No Streams","Stream Beat","_","Stream Beat"
466,466,0,0,0,0,00000004,0089fe74fe5d0054,03f8,1d9b,1,0,3fa81ffa,1,0,fbf70089fcbefe74fefcfe5d00000054,1,1,0,1e5d0a171e5d0a171e5d0a171e5d0a17,1,0,00000000000000000000000000000000,1,0,23c1,0,0,0,23c1,0,0,0089fe74fe5d0054,1,0,40e803f8,0,1,0,fbf7fcbefefc0000,1,0,"Active","Active","Active","Active","Active","Inactive","Inactive","Active","_","Active","Stream Beat","Stream Beat","Stream Beat","Stream Beat","Stream Beat","No Streams","No Streams","Stream Beat","_","Stream Beat"
467,467,0,0,0,0,00000004,fe1fff1b01540216,03f8,2a4f,1,0,3f8e1032,1,0,fdd2fe1fffbbff1bff9b0154fd910216,1,1,0,1e5d0a171e5d0a171e5d0a171e5d0a17,1,0,00000000000000000000000000000000,1,0,23c1,0,0,0,23c1,0,0,fe1fff1b01540216,1,0,40e803f8,0,1,0,fdd2ffbbff9bfd91,1,0,"Active","Active","Active","Active","Active","Inactive","Inactive","Active","_","Active","Stream Beat","Stream Beat","Stream Beat","Stream Beat","Stream Beat","No Streams","No Streams","Stream Beat","_","Stream Beat"
468,468,0,0,0,0,00000004,0039020e019dff7e,03f8,2a48,1,0,3f53200f,1,0,fffe0039fec1020efc8f019dfc19ff7e,1,1,0,1e5d0a171e5d0a171e5d0a171e5d0a17,1,0,00000000000000000000000000000000,1,0,23c1,0,0,0,23c1,0,0,0039020e019dff7e,1,0,40e803f8,0,1,0,fffefec1fc8ffc19,1,0,"Active","Active","Active","Active","Active","Inactive","Inactive","Active","_","Active","Stream Beat","Stream Beat","Stream Beat","Stream Beat","Stream Beat","No Streams","No Streams","Stream Beat","_","Stream Beat"
469,469,0,0,0,0,00000004,021600b5fe94fe42,03f8,1d90,1,0,2f7b1fda,1,0,fdc40216fc0b00b5fc9dfe94fed4fe42,1,1,0,1e5d0a171e5d0a171e5d0a171e5d0a17,1,0,00000000000000000000000000000000,1,0,23c1,0,0,0,23c1,0,0,021600b5fe94fe42,1,0,40e803f8,0,1,0,fdc4fc0bfc9dfed4,1,0,"Active","Active","Active","Active","Active","Inactive","Inactive","Active","_","Active","Stream Beat","Stream Beat","Stream Beat","Stream Beat","Stream Beat","No Streams","No Streams","Stream Beat","_","Stream Beat"
470,470,0,0,0,0,00000004,ffa2fe1ffefa0137,03f8,1f5c,1,0,3fab200a,1,0,fc0effa2fd94fe1fffa8fefaffb20137,1,1,0,1e5d0a171e5d0a171e5d0a171e5d0a17,1,0,00000000000000000000000000000000,1,0,23c1,0,0,0,23c1,0,0,ffa2fe1ffefa0137,1,0,40e803f8,0,1,0,fc0efd94ffa8ffb2,1,0,"Active","Active","Active","Active","Active","Inactive","Inactive","Active","_","Active","Stream Beat","Stream Beat","Stream Beat","Stream Beat","Stream Beat","No Streams","No Streams","Stream Beat","_","Stream Beat"
471,471,0,0,0,0,00000004,fe39fff701fa01ab,03f8,2a48,1,0,3f761036,1,0,feb0fe39fffffff7fee301fafce001ab,1,1,0,1e5d0a171e5d0a171e5d0a171e5d0a17,1,0,00000000000000000000000000000000,1,0,23c1,0,0,0,23c1,0,0,fe39fff701fa01ab,1,0,40e803f8,0,1,0,feb0fffffee3fce0,1,0,"Active","Active","Active","Active","Active","Inactive","Inactive","Active","_","Active","Stream Beat","Stream Beat","Stream Beat","Stream Beat","Stream Beat","No Streams","No Streams","Stream Beat","_","Stream Beat"
472,472,0,0,0,0,00000004,010b022e00e2feb5,03f8,2343,1,0,3f541ffa,1,0,ffcb010bfde1022efc0100e2fc75feb5,1,1,0,1e5d0a171e5d0a171e5d0a171e5d0a17,1,0,00000000000000000000000000000000,1,0,23c1,0,0,0,23c1,0,0,010b022e00e2feb5,1,0,40e803f8,0,1,0,ffcbfde1fc01fc75,1,0,"Active","Active","Active","Active","Active","Inactive","Inactive","Active","_","Active","Stream Beat","Stream Beat","Stream Beat","Stream Beat","Stream Beat","No Streams","No Streams","Stream Beat","_","Stream Beat"
473,473,0,0,0,0,00000004,01c4ffdcfe22feda,03f8,1f5a,1,0,3f8f2fdf,1,0,fce901c4fbfdffdcfd6efe22ff88feda,1,1,0,1e5d0a171e5d0a171e5d0a171e5d0a17,1,0,00000000000000000000000000000000,1,0,23c1,0,0,0,23c1,0,0,01c4ffdcfe22feda,1,0,40e803f8,0,1,0,fce9fbfdfd6eff88,1,0,"Active","Active","Active","Active","Active","Inactive","Inactive","Active","_","Active","Stream Beat","Stream Beat","Stream Beat","Stream Beat","Stream Beat","No Streams","No Streams","Stream Beat","_","Stream Beat"
474,474,0,0,0,0,00000004,fedafe2cffec01e9,03f8,235a,1,0,3fa7201d,1,0,fc67fedafe87fe2cfff6ffecff1601e9,1,1,0,1e5d0a171e5d0a171e5d0a171e5d0a17,1,0,00000000000000000000000000000000,1,0,23c1,0,0,0,23c1,0,0,fedafe2cffec01e9,1,0,40e803f8,0,1,0,fc67fe87fff6ff16,1,0,"Active","Active","Active","Active","Active","Inactive","Inactive","Active","_","Active","Stream Beat","Stream Beat","Stream Beat","Stream Beat","Stream Beat","No Streams","No Streams","Stream Beat","_","Stream Beat"
475,475,0,0,0,0,00000004,fecc00e102180102,03f8,2a45,1,0,3f62102d,1,0,ff6efeccffe400e1fe1a0218fc560102,1,1,0,1e5d0a171e5d0a171e5d0a171e5d0a17,1,0,00000000000000000000000000000000,1,0,23c1,0,0,0,23c1,0,0,fecc00e102180102,1,0,40e803f8,0,1,0,ff6effe4fe1afc56,1,0,"Active","Active","Active","Active","Active","Inactive","Inactive","Active","_","Active","Stream Beat","Stream Beat","Stream Beat","Stream Beat","Stream Beat","No Streams","No Streams","Stream Beat","_","Stream Beat"
476,476,0,0,0,0,00000004,01b901e30007fe3e,03f8,234b,1,0,3f5d2fe9,1,0,ff3f01b9fd0e01e3fbf30007fd58fe3e,1,1,0,1e5d0a171e5d0a171e5d0a171e5d0a17,1,0,00000000000000000000000000000000,1,0,23c1,0,0,0,23c1,0,0,01b901e30007fe3e,1,0,40e803f8,0,1,0,ff3ffd0efbf3fd58,1,0,"Active","Active","Active","Active","Active","Inactive","Inactive","Active","_","Active","Stream Beat","Stream Beat","Stream Beat","Stream Beat","Stream Beat","No Streams","No Streams","Stream Beat","_","Stream Beat"
477,477,0,0,0,0,00000004,0138ff00fe27ff97,03f8,1d9c,1,0,3f9f2fed,1,0,fc3d0138fc5aff00fe58fe27ffeeff97,1,1,0,1e5d0a171e5d0a171e5d0a171e5d0a17,1,0,00000000000000000000000000000000,1,0,23c1,0,0,0,23c1,0,0,0138ff00fe27ff97,1,0,40e803f8,0,1,0,fc3dfc5afe58ffee,1,0,"Active","Active","Active","Active","Active","Inactive","Inactive","Active","_","Active","Stream Beat","Stream Beat","Stream Beat","Stream Beat","Stream Beat","No Streams","No Streams","Stream Beat","_","Stream Beat"
478,478,0,0,0,0,00000004,fe4dfeb000c00228,03f8,2351,1,0,3f9c102c,1,0,fd1ffe4dff53feb0ffef00c0fe370228,1,1,0,1e5d0a171e5d0a171e5d0a171e5d0a17,1,0,00000000000000000000000000000000,1,0,23c1,0,0,0,23c1,0,0,fe4dfeb000c00228,1,0,40e803f8,0,1,0,fd1fff53ffeffe37,1,0,"Active","Active","Active","Active","Active","Inactive","Inactive","Active","_","Active","Stream Beat","Stream Beat","Stream Beat","Stream Beat","Stream Beat","No Streams","No Streams","Stream Beat","_","Stream Beat"
479,479,0,0,0,0,00000004,ff7e018e01e7002e,03f8,2a45,1,0,3f59101e,1,0,ffe7ff7eff62018efd5601e7fc24002e,1,1,0,1e5d0a171e5d0a171e5d0a171e5d0a17,1,0,00000000000000000000000000000000,1,0,23c1,0,0,0,23c1,0,0,ff7e018e01e7002e,1,0,40e803f8,0,1,0,ffe7ff62fd56fc24,1,0,"Active","Active","Active","Active","Active","Inactive","Inactive","Active","_","Active","Stream Beat","Stream Beat","Stream Beat","Stream Beat","Stream Beat","No Streams","No Streams","Stream Beat","_","Stream Beat"
480,480,0,0,0,0,00000004,0211015bff23fe1c,03f8,1d8a,1,0,3f6d2fdf,1,0,fe720211fc59015bfc2bff23fe24fe1c,1,1,0,1e5d0a171e5d0a171e5d0a171e5d0a17,1,0,00000000000000000000000000000000,1,0,23c1,0,0,0,23c1,0,0,0211015bff23fe1c,1,0,40e803f8,0,1,0,fe72fc59fc2bfe24,1,0,"Active","Active","Active","Active","Active","Inactive","Inactive","Active","_","Active","Stream Beat","Stream Beat","Stream Beat","Stream Beat","Stream Beat","No Streams","No Streams","Stream Beat","_","Stream Beat"
481,481,0,0,0,0,00000004,0063fe64fe8f0089,03f8,1d9c,1,0,3fa91ffe,1,0,fc110063fd05fe64ff2afe8ffffc0089,1,1,0,1e5d0a171e5d0a171e5d0a171e5d0a17,1,0,00000000000000000000000000000000,1,0,23c1,0,0,0,23c1,0,0,0063fe64fe8f0089,1,0,40e803f8,0,1,0,fc11fd05ff2afffc,1,0,"Active","Active","Active","Active","Active","Inactive","Inactive","Active","_","Active","Stream Beat","Stream Beat","Stream Beat","Stream Beat","Stream Beat","No Streams","No Streams","Stream Beat","_","Stream Beat"
482,482,0,0,0,0,00000004,fe22ff3e015f01fb,03f8,2a4e,1,0,3f8c1032,1,0,fe01fe22ffccff3eff8e015ffd6b01fb,1,1,0,1e5d0a171e5d0a171e5d0a171e5d0a17,1,0,00000000000000000000000000000000,1,0,23c1,0,0,0,23c1,0,0,fe22ff3e015f01fb,1,0,40e803f8,0,1,0,fe01ffccff8efd6b,1,0,"Active","Active","Active","Active","Active","Inactive","Inactive","Active","_","Active","Stream Beat","Stream Beat","Stream Beat","Stream Beat","Stream Beat","No Streams","No Streams","Stream Beat","_","Stream Beat"
483,483,0,0,0,0,00000004,004801fa017bff4f,03f8,2a49,1,0,3f51200a,1,0,00010048fea501fafc85017bfc29ff4f,1,1,0,1e5d0a171e5d0a171e5d0a171e5d0a17,1,0,00000000000000000000000000000000,1,0,23c1,0,0,0,23c1,0,0,004801fa017bff4f,1,0,40e803f8,0,1,0,0001fea5fc85fc29,1,0,"Active","Active","Active","Active","Active","Inactive","Inactive","Active","_","Active","Stream Beat","Stream Beat","Stream Beat","Stream Beat","Stream Beat","No Streams","No Streams","Stream Beat","_","Stream Beat"
484,484,0,0,0,0,00000004,02190083fe86fe78,03f8,1d92,1,0,3f831fdd,1,0,fd9b0219fc030083fcd7fe86ff0efe78,1,1,0,1e5d0a171e5d0a171e5d0a171e5d0a17,1,0,00000000000000000000000000000000,1,0,23c1,0,0,0,23c1,0,0,02190083fe86fe78,1,0,40e803f8,0,1,0,fd9bfc03fcd7ff0e,1,0,"Active","Active","Active","Active","Active","Inactive","Inactive","Active","_","Active","Stream Beat","Stream Beat","Stream Beat","Stream Beat","Stream Beat","No Streams","No Streams","Stream Beat","_","Stream Beat"
485,485,0,0,0,0,00000004,ff79fe27ff130148,03f8,235e,1,0,3fac200b,1,0,fc14ff79fdcefe27ffc2ff13ff960148,1,1,0,1e5d0a171e5d0a171e5d0a171e5d0a17,1,0,00000000000000000000000000000000,1,0,23c1,0,0,0,23c1,0,0,ff79fe27ff130148,1,0,40e803f8,0,1,0,fc14fdceffc2ff96,1,0,"Active","Active","Active","Active","Active","Inactive","Inactive","Active","_","Active","Stream Beat","Stream Beat","Stream Beat","Stream Beat","Stream Beat","No Streams","No Streams","Stream Beat","_","Stream Beat"
486,486,0,0,0,0,00000004,fe4f002c020601a5,03f8,2a47,1,0,2f751030,1,0,fee7fe4ffff7002cfec90206fc8501a5,1,1,0,1e5d0a171e5d0a171e5d0a171e5d0a17,1,0,00000000000000000000000000000000,1,0,23c1,0,0,0,23c1,0,0,fe4f002c020601a5,1,0,40e803f8,0,1,0,fee7fff7fec9fc85,1,0,"Active","Active","Active","Active","Active","Inactive","Inactive","Active","_","Active","Stream Beat","Stream Beat","Stream Beat","Stream Beat","Stream Beat","No Streams","No Streams","Stream Beat","_","Stream Beat"
487,487,0,0,0,0,00000004,011c021400adfeab,03f8,2345,1,0,3f581ff9,1,0,ffb8011cfdd10214fc0c00adfcb4feab,1,1,0,1e5d0a171e5d0a171e5d0a171e5d0a17,1,0,00000000000000000000000000000000,1,0,23c1,0,0,0,23c1,0,0,011c021400adfeab,1,0,40e803f8,0,1,0,ffb8fdd1fc0cfcb4,1,0,"Active","Active","Active","Active","Active","Inactive","Inactive","Active","_","Active","Stream Beat","Stream Beat","Stream Beat","Stream Beat","Stream Beat","No Streams","No Streams","Stream Beat","_","Stream Beat"
488,488,0,0,0,0,00000004,01c2ffabfe2cfeee,03f8,1f5b,1,0,3f932fdf,1,0,fcac01c2fc0effabfdadfe2cffa0feee,1,1,0,1e5d0a171e5d0a171e5d0a171e5d0a17,1,0,00000000000000000000000000000000,1,0,23c1,0,0,0,23c1,0,0,01c2ffabfe2cfeee,1,0,40e803f8,0,1,0,fcacfc0efdadffa0,1,0,"Active","Active","Active","Active","Active","Inactive","Inactive","Active","_","Active","Stream Beat","Stream Beat","Stream Beat","Stream Beat","Stream Beat","No Streams","No Streams","Stream Beat","_","Stream Beat"
489,489,0,0,0,0,00000004,febefe52fffa01e5,03f8,2358,1,0,3fa21022,1,0,fc9efebefebafe520001fffafef301e5,1,1,0,1e5d0a171e5d0a171e5d0a171e5d0a17,1,0,00000000000000000000000000000000,1,0,23c1,0,0,0,23c1,0,0,febefe52fffa01e5,1,0,40e803f8,0,1,0,fc9efeba0001fef3,1,0,"Active","Active","Active","Active","Active","Inactive","Inactive","Active","_","Active","Stream Beat","Stream Beat","Stream Beat","Stream Beat","Stream Beat","No Streams","No Streams","Stream Beat","_","Stream Beat"
490,490,0,0,0,0,00000004,fec700f4021e00e3,03f8,2a43,1,0,3f641028,1,0,ff80fec7ffd300f4fdea021efc2500e3,1,1,0,1e5d0a171e5d0a171e5d0a171e5d0a17,1,0,00000000000000000000000000000000,1,0,23c1,0,0,0,23c1,0,0,fec700f4021e00e3,1,0,40e803f8,0,1,0,ff80ffd3fdeafc25,1,0,"Active","Active","Active","Active","Active","Inactive","Inactive","Active","_","Active","Stream Beat","Stream Beat","Stream Beat","Stream Beat","Stream Beat","No Streams","No Streams","Stream Beat","_","Stream Beat"
491,491,0,0,0,0,00000004,01cb01d4ffd7fe31,03f8,234d,1,0,3f602fe8,1,0,ff1d01cbfce101d4fbfbffd7fd7afe31,1,1,0,1e5d0a171e5d0a171e5d0a171e5d0a17,1,0,00000000000000000000000000000000,1,0,23c1,0,0,0,23c1,0,0,01cb01d4ffd7fe31,1,0,40e803f8,0,1,0,ff1dfce1fbfbfd7a,1,0,"Active","Active","Active","Active","Active","Inactive","Inactive","Active","_","Active","Stream Beat","Stream Beat","Stream Beat","Stream Beat","Stream Beat","No Streams","No Streams","Stream Beat","_","Stream Beat"
492,492,0,0,0,0,00000004,010efedffe3bffc0,03f8,1d9b,1,0,2fa42fee,1,0,fc2e010efc7afedffe8bfe3bfff8ffc0,1,1,0,1e5d0a171e5d0a171e5d0a171e5d0a17,1,0,00000000000000000000000000000000,1,0,23c1,0,0,0,23c1,0,0,010efedffe3bffc0,1,0,40e803f8,0,1,0,fc2efc7afe8bfff8,1,0,"Active","Active","Active","Active","Active","Inactive","Inactive","Active","_","Active","Stream Beat","Stream Beat","Stream Beat","Stream Beat","Stream Beat","No Streams","No Streams","Stream Beat","_","Stream Beat"
493,493,0,0,0,0,00000004,fe33fea000d10225,03f8,2350,1,0,3f96102b,1,0,fd3bfe33ff5ffea0ffe200d1fe120225,1,1,0,1e5d0a171e5d0a171e5d0a171e5d0a17,1,0,00000000000000000000000000000000,1,0,23c1,0,0,0,23c1,0,0,fe33fea000d10225,1,0,40e803f8,0,1,0,fd3bff5fffe2fe12,1,0,"Active","Active","Active","Active","Active","Inactive","Inactive","Active","_","Active","Stream Beat","Stream Beat","Stream Beat","Stream Beat","Stream Beat","No Streams","No Streams","Stream Beat","_","Stream Beat"
494,494,0,0,0,0,00000004,ffaf01a501e70003,03f8,2a44,1,0,3f57201a,1,0,fff3ffafff4501a5fd1201e7fc020003,1,1,0,1e5d0a171e5d0a171e5d0a171e5d0a17,1,0,00000000000000000000000000000000,1,0,23c1,0,0,0,23c1,0,0,ffaf01a501e70003,1,0,40e803f8,0,1,0,fff3ff45fd12fc02,1,0,"Active","Active","Active","Active","Active","Inactive","Inactive","Active","_","Active","Stream Beat","Stream Beat","Stream Beat","Stream Beat","Stream Beat","No Streams","No Streams","Stream Beat","_","Stream Beat"
495,495,0,0,0,0,00000004,0221012cff0bfe31,03f8,1d8c,1,0,3f722fde,1,0,fe490221fc51012cfc6bff0bfe62fe31,1,1,0,1e5d0a171e5d0a171e5d0a171e5d0a17,1,0,00000000000000000000000000000000,1,0,23c1,0,0,0,23c1,0,0,0221012cff0bfe31,1,0,40e803f8,0,1,0,fe49fc51fc6bfe62,1,0,"Active","Active","Active","Active","Active","Inactive","Inactive","Active","_","Active","Stream Beat","Stream Beat","Stream Beat","Stream Beat","Stream Beat","No Streams","No Streams","Stream Beat","_","Stream Beat"
496,496,0,0,0,0,00000004,002ffe4dfe7600be,03f8,1d9a,1,0,3fa81ffc,1,0,fbf0002ffd13fe4dff3dfe76ffe700be,1,1,0,1e5d0a171e5d0a171e5d0a171e5d0a17,1,0,00000000000000000000000000000000,1,0,23c1,0,0,0,23c1,0,0,002ffe4dfe7600be,1,0,40e803f8,0,1,0,fbf0fd13ff3dffe7,1,0,"Active","Active","Active","Active","Active","Inactive","Inactive","Active","_","Active","Stream Beat","Stream Beat","Stream Beat","Stream Beat","Stream Beat","No Streams","No Streams","Stream Beat","_","Stream Beat"
497,497,0,0,0,0,00000004,fe1eff7d018c01f3,03f8,2a4c,1,0,3f841033,1,0,fe25fe1effe6ff7dff65018cfd4801f3,1,1,0,1e5d0a171e5d0a171e5d0a171e5d0a17,1,0,00000000000000000000000000000000,1,0,23c1,0,0,0,23c1,0,0,fe1eff7d018c01f3,1,0,40e803f8,0,1,0,fe25ffe6ff65fd48,1,0,"Active","Active","Active","Active","Active","Inactive","Inactive","Active","_","Active","Stream Beat","Stream Beat","Stream Beat","Stream Beat","Stream Beat","No Streams","No Streams","Stream Beat","_","Stream Beat"
498,498,0,0,0,0,00000004,0087022d0159ff25,03f8,2a4a,1,0,3f562008,1,0,fffb0087fe5d022dfc690159fc35ff25,1,1,0,1e5d0a171e5d0a171e5d0a171e5d0a17,1,0,00000000000000000000000000000000,1,0,23c1,0,0,0,23c1,0,0,0087022d0159ff25,1,0,40e803f8,0,1,0,fffbfe5dfc69fc35,1,0,"Active","Active","Active","Active","Active","Inactive","Inactive","Active","_","Active","Stream Beat","Stream Beat","Stream Beat","Stream Beat","Stream Beat","No Streams","No Streams","Stream Beat","_","Stream Beat"
499,499,0,0,0,0,00000004,020a005ffe65fe65,03f8,1d93,1,0,3f821fdb,1,0,fd67020afc02005ffcf9fe65ff16fe65,1,1,0,1e5d0a171e5d0a171e5d0a171e5d0a17,1,0,00000000000000000000000000000000,1,0,23c1,0,0,0,23c1,0,0,020a005ffe65fe65,1,0,40e803f8,0,1,0,fd67fc02fcf9ff16,1,0,"Active","Active","Active","Active","Active","Inactive","Inactive","Active","_","Active","Stream Beat","Stream Beat","Stream Beat","Stream Beat","Stream Beat","No Streams","No Streams","Stream Beat","_","Stream Beat"
500,500,0,0,0,0,00000004,ff4dfe2eff45016f,03f8,235d,1,0,3fab2011,1,0,fc20ff4dfe07fe2effd4ff45ff81016f,1,1,0,1e5d0a171e5d0a171e5d0a171e5d0a17,1,0,00000000000000000000000000000000,1,0,23c1,0,0,0,23c1,0,0,ff4dfe2eff45016f,1,0,40e803f8,0,1,0,fc20fe07ffd4ff81,1,0,"Active","Active","Active","Active","Active","Inactive","Inactive","Active","_","Active","Stream Beat","Stream Beat","Stream Beat","Stream Beat","Stream Beat","No Streams","No Streams","Stream Beat","_","Stream Beat"
501,501,0,0,0,0,00000004,fe5a004102160186,03f8,2a47,1,0,3f6f1033,1,0,fef8fe5a00010041fe940216fc6e0186,1,1,0,1e5d0a171e5d0a171e5d0a171e5d0a17,1,0,00000000000000000000000000000000,1,0,23c1,0,0,0,23c1,0,0,fe5a004102160186,1,0,40e803f8,0,1,0,fef80001fe94fc6e,1,0,"Active","Active","Active","Active","Active","Inactive","Inactive","Active","_","Active","Stream Beat","Stream Beat","Stream Beat","Stream Beat","Stream Beat","No Streams","No Streams","Stream Beat","_","Stream Beat"
502,502,0,0,0,0,00000004,0157020c008dfe79,03f8,2346,1,0,3f571ff3,1,0,ff9d0157fd9d020cfc02008dfcc5fe79,1,1,0,1e5d0a171e5d0a171e5d0a171e5d0a17,1,0,00000000000000000000000000000000,1,0,23c1,0,0,0,23c1,0,0,0157020c008dfe79,1,0,40e803f8,0,1,0,ff9dfd9dfc02fcc5,1,0,"Active","Active","Active","Active","Active","Inactive","Inactive","Active","_","Active","Stream Beat","Stream Beat","Stream Beat","Stream Beat","Stream Beat","No Streams","No Streams","Stream Beat","_","Stream Beat"
503,503,0,0,0,0,00000004,01a3ff7dfe21ff22,03f8,2362,1,0,3f972fe2,1,0,fc9101a3fc17ff7dfdcdfe21ffbeff22,1,1,0,1e5d0a171e5d0a171e5d0a171e5d0a17,1,0,00000000000000000000000000000000,1,0,23c1,0,0,0,23c1,0,0,01a3ff7dfe21ff22,1,0,40e803f8,0,1,0,fc91fc17fdcdffbe,1,0,"Active","Active","Active","Active","Active","Inactive","Inactive","Active","_","Active","Stream Beat","Stream Beat","Stream Beat","Stream Beat","Stream Beat","No Streams","No Streams","Stream Beat","_","Stream Beat"
504,504,0,0,0,0,00000004,fe9ffe44002a0215,03f8,2358,1,0,2f9f1023,1,0,fcaefe9ffed4fe44ffff002afebb0215,1,1,0,1e5d0a171e5d0a171e5d0a171e5d0a17,1,0,00000000000000000000000000000000,1,0,23c1,0,0,0,23c1,0,0,fe9ffe44002a0215,1,0,40e803f8,0,1,0,fcaefed4fffffebb,1,0,"Active","Active","Active","Active","Active","Inactive","Inactive","Active","_","Active","Stream Beat","Stream Beat","Stream Beat","Stream Beat","Stream Beat","No Streams","No Streams","Stream Beat","_","Stream Beat"
505,505,0,0,0,0,00000004,ff0a011a021e00b6,03f8,27be,1,0,3f601026,1,0,ffa4ff0affbf011afdbd021efc1800b6,1,1,0,1e5d0a171e5d0a171e5d0a171e5d0a17,1,0,00000000000000000000000000000000,1,0,23c1,0,0,0,23c1,0,0,ff0a011a021e00b6,1,0,40e803f8,0,1,0,ffa4ffbffdbdfc18,1,0,"Active","Active","Active","Active","Active","Inactive","Inactive","Active","_","Active","Stream Beat","Stream Beat","Stream Beat","Stream Beat","Stream Beat","No Streams","No Streams","Stream Beat","_","Stream Beat"
506,506,0,0,0,0,00000004,01fc01adffaffe1c,03f8,234e,1,0,3f632fe6,1,0,fee701fcfcd601adfc1dffaffd9bfe1c,1,1,0,1e5d0a171e5d0a171e5d0a171e5d0a17,1,0,00000000000000000000000000000000,1,0,23c1,0,0,0,23c1,0,0,01fc01adffaffe1c,1,0,40e803f8,0,1,0,fee7fcd6fc1dfd9b,1,0,"Active","Active","Active","Active","Active","Inactive","Inactive","Active","_","Active","Stream Beat","Stream Beat","Stream Beat","Stream Beat","Stream Beat","No Streams","No Streams","Stream Beat","_","Stream Beat"
507,507,0,0,0,0,00000004,00e5feb1fe360007,03f8,1d9c,1,0,3fa31ff2,1,0,fc2b00e5fc7dfeb1fea3fe3600030007,1,1,0,1e5d0a171e5d0a171e5d0a171e5d0a17,1,0,00000000000000000000000000000000,1,0,23c1,0,0,0,23c1,0,0,00e5feb1fe360007,1,0,40e803f8,0,1,0,fc2bfc7dfea30003,1,0,"Active","Active","Active","Active","Active","Inactive","Inactive","Active","_","Active","Stream Beat","Stream Beat","Stream Beat","Stream Beat","Stream Beat","No Streams","No Streams","Stream Beat","_","Stream Beat"
508,508,0,0,0,0,00000004,fe24fec701140227,03f8,2a51,1,0,3f93102f,1,0,fd65fe24ff7ffec7ffce0114fde10227,1,1,0,1e5d0a171e5d0a171e5d0a171e5d0a17,1,0,00000000000000000000000000000000,1,0,23c1,0,0,0,23c1,0,0,fe24fec701140227,1,0,40e803f8,0,1,0,fd65ff7fffcefde1,1,0,"Active","Active","Active","Active","Active","Inactive","Inactive","Active","_","Active","Stream Beat","Stream Beat","Stream Beat","Stream Beat","Stream Beat","No Streams","No Streams","Stream Beat","_","Stream Beat"
509,509,0,0,0,0,00000004,ffb901c201d5ffd8,03f8,2a47,1,0,3f572017,1,0,fff9ffb9ff2001c2fce601d5fbfcffd8,1,1,0,1e5d0a171e5d0a171e5d0a171e5d0a17,1,0,00000000000000000000000000000000,1,0,23c1,0,0,0,23c1,0,0,ffb901c201d5ffd8,1,0,40e803f8,0,1,0,fff9ff20fce6fbfc,1,0,"Active","Active","Active","Active","Active","Inactive","Inactive","Active","_","Active","Stream Beat","Stream Beat","Stream Beat","Stream Beat","Stream Beat","No Streams","No Streams","Stream Beat","_","Stream Beat"
510,510,0,0,0,0,00000004,021d0104fed7fe29,03f8,1d8d,1,0,2f741fdd,1,0,fe21021dfc4c0104fc56fed7fe7bfe29,1,1,0,1e5d0a171e5d0a171e5d0a171e5d0a17,1,0,00000000000000000000000000000000,1,0,23c1,0,0,0,23c1,0,0,021d0104fed7fe29,1,0,40e803f8,0,1,0,fe21fc4cfc56fe7b,1,0,"Active","Active","Active","Active","Active","Inactive","Inactive","Active","_","Active","Stream Beat","Stream Beat","Stream Beat","Stream Beat","Stream Beat","No Streams","No Streams","Stream Beat","_","Stream Beat"
511,511,0,0,0,0,00000004,0004fe42feaf00d2,03f8,1908,1,0,3fa92002,1,0,fbe80004fd4afe42ff69feafffdf00d2,1,1,0,1e5d0a171e5d0a171e5d0a171e5d0a17,1,0,00000000000000000000000000000000,1,0,23c1,0,0,0,23c1,0,0,0004fe42feaf00d2,1,0,40e803f8,0,1,0,fbe8fd4aff69ffdf,1,0,"Active","Active","Active","Active","Active","Inactive","Inactive","Active","_","Active","Stream Beat","Stream Beat","Stream Beat","Stream Beat","Stream Beat","No Streams","No Streams","Stream Beat","_","Stream Beat"
512,512,0,0,0,0,00000004,fe25ff9601be01f0,03f8,2a4c,1,0,3f7f2032,1,0,fe4efe25fff2ff96ff3901befd0801f0,1,1,0,1e5d0a171e5d0a171e5d0a171e5d0a17,1,0,00000000000000000000000000000000,1,0,23c1,0,0,0,23c1,0,0,fe25ff9601be01f0,1,0,40e803f8,0,1,0,fe4efff2ff39fd08,1,0,"Active","Active","Active","Active","Active","Inactive","Inactive","Active","_","Active","Stream Beat","Stream Beat","Stream Beat","Stream Beat","Stream Beat","No Streams","No Streams","Stream Beat","_","Stream Beat"
513,513,0,0,0,0,00000004,00b2020a0133ff07,03f8,2341,1,0,3f532002,1,0,fff300b2fe4f020afc600133fc75ff07,1,1,0,1e5d0a171e5d0a171e5d0a171e5d0a17,1,0,00000000000000000000000000000000,1,0,23c1,0,0,0,23c1,0,0,00b2020a0133ff07,1,0,40e803f8,0,1,0,fff3fe4ffc60fc75,1,0,"Active","Active","Active","Active","Active","Inactive","Inactive","Active","_","Active","Stream Beat","Stream Beat","Stream Beat","Stream Beat","Stream Beat","No Streams","No Streams","Stream Beat","_","Stream Beat"
514,514,0,0,0,0,00000004,01f90033fe54fe98,03f8,1d94,1,0,3f871fdc,1,0,fd3f01f9fc060033fd29fe54ff44fe98,1,1,0,1e5d0a171e5d0a171e5d0a171e5d0a17,1,0,00000000000000000000000000000000,1,0,23c1,0,0,0,23c1,0,0,01f90033fe54fe98,1,0,40e803f8,0,1,0,fd3ffc06fd29ff44,1,0,"Active","Active","Active","Active","Active","Inactive","Inactive","Active","_","Active","Stream Beat","Stream Beat","Stream Beat","Stream Beat","Stream Beat","No Streams","No Streams","Stream Beat","_","Stream Beat"
515,515,0,0,0,0,00000004,ff2afe1fff6d018c,03f8,235d,1,0,3fa82016,1,0,fc2cff2afe29fe1fffe0ff6dff66018c,1,1,0,1e5d0a171e5d0a171e5d0a171e5d0a17,1,0,00000000000000000000000000000000,1,0,23c1,0,0,0,23c1,0,0,ff2afe1fff6d018c,1,0,40e803f8,0,1,0,fc2cfe29ffe0ff66,1,0,"Active","Active","Active","Active","Active","Inactive","Inactive","Active","_","Active","Stream Beat","Stream Beat","Stream Beat","Stream Beat","Stream Beat","No Streams","No Streams","Stream Beat","_","Stream Beat"
516,516,0,0,0,0,00000004,fe800089021b0163,03f8,2a46,1,0,3f71102f,1,0,ff2dfe80fff30089fe74021bfc410163,1,1,0,1e5d0a171e5d0a171e5d0a171e5d0a17,1,0,00000000000000000000000000000000,1,0,23c1,0,0,0,23c1,0,0,fe800089021b0163,1,0,40e803f8,0,1,0,ff2dfff3fe74fc41,1,0,"Active","Active","Active","Active","Active","Inactive","Inactive","Active","_","Active","Stream Beat","Stream Beat","Stream Beat","Stream Beat","Stream Beat","No Streams","No Streams","Stream Beat","_","Stream Beat"
517,517,0,0,0,0,00000004,017f020f005cfe6f,03f8,2348,1,0,3f5b1ff1,1,0,ff7e017ffd66020ffc07005cfcfcfe6f,1,1,0,1e5d0a171e5d0a171e5d0a171e5d0a17,1,0,00000000000000000000000000000000,1,0,23c1,0,0,0,23c1,0,0,017f020f005cfe6f,1,0,40e803f8,0,1,0,ff7efd66fc07fcfc,1,0,"Active","Active","Active","Active","Active","Inactive","Inactive","Active","_","Active","Stream Beat","Stream Beat","Stream Beat","Stream Beat","Stream Beat","No Streams","No Streams","Stream Beat","_","Stream Beat"
518,518,0,0,0,0,00000004,017aff56fe14ff68,03f8,2363,1,0,3f992fe4,1,0,fc7d017afc21ff56fdf3fe14ffd8ff68,1,1,0,1e5d0a171e5d0a171e5d0a171e5d0a17,1,0,00000000000000000000000000000000,1,0,23c1,0,0,0,23c1,0,0,017aff56fe14ff68,1,0,40e803f8,0,1,0,fc7dfc21fdf3ffd8,1,0,"Active","Active","Active","Active","Active","Inactive","Inactive","Active","_","Active","Stream Beat","Stream Beat","Stream Beat","Stream Beat","Stream Beat","No Streams","No Streams","Stream Beat","_","Stream Beat"
519,519,0,0,0,0,00000004,fe82fe5d005b020a,03f8,2356,1,0,3f9d1028,1,0,fcd0fe82fefcfe5dfffc005bfea3020a,1,1,0,1e5d0a171e5d0a171e5d0a171e5d0a17,1,0,00000000000000000000000000000000,1,0,23c1,0,0,0,23c1,0,0,fe82fe5d005b020a,1,0,40e803f8,0,1,0,fcd0fefcfffcfea3,1,0,"Active","Active","Active","Active","Active","Inactive","Inactive","Active","_","Active","Stream Beat","Stream Beat","Stream Beat","Stream Beat","Stream Beat","No Streams","No Streams","Stream Beat","_","Stream Beat"
520,520,0,0,0,0,00000004,ff1a0152021a008a,03f8,2a43,1,0,3f5e1025,1,0,ffbbff1aff9e0152fd90021afc18008a,1,1,0,1e5d0a171e5d0a171e5d0a171e5d0a17,1,0,00000000000000000000000000000000,1,0,23c1,0,0,0,23c1,0,0,ff1a0152021a008a,1,0,40e803f8,0,1,0,ffbbff9efd90fc18,1,0,"Active","Active","Active","Active","Active","Inactive","Inactive","Active","_","Active","Stream Beat","Stream Beat","Stream Beat","Stream Beat","Stream Beat","No Streams","No Streams","Stream Beat","_","Stream Beat"
521,521,0,0,0,0,00000004,01eb01a7ff7ffe22,03f8,2351,1,0,3f662fe4,1,0,fed001ebfc9201a7fc24ff7ffdccfe22,1,1,0,1e5d0a171e5d0a171e5d0a171e5d0a17,1,0,00000000000000000000000000000000,1,0,23c1,0,0,0,23c1,0,0,01eb01a7ff7ffe22,1,0,40e803f8,0,1,0,fed0fc92fc24fdcc,1,0,"Active","Active","Active","Active","Active","Inactive","Inactive","Active","_","Active","Stream Beat","Stream Beat","Stream Beat","Stream Beat","Stream Beat","No Streams","No Streams","Stream Beat","_","Stream Beat"
522,522,0,0,0,0,00000004,00bbfea0fe3e0007,03f8,1d9c,1,0,3fa61ff4,1,0,fc1500bbfcbafea0fec6fe3e00040007,1,1,0,1e5d0a171e5d0a171e5d0a171e5d0a17,1,0,00000000000000000000000000000000,1,0,23c1,0,0,0,23c1,0,0,00bbfea0fe3e0007,1,0,40e803f8,0,1,0,fc15fcbafec60004,1,0,"Active","Active","Active","Active","Active","Inactive","Inactive","Active","_","Active","Stream Beat","Stream Beat","Stream Beat","Stream Beat","Stream Beat","No Streams","No Streams","Stream Beat","_","Stream Beat"
523,523,0,0,0,0,00000004,fe1cfeeb013b021a,03f8,27cf,1,0,3f901031,1,0,fd87fe1cffa2feebffb3013bfdc4021a,1,1,0,1e5d0a171e5d0a171e5d0a171e5d0a17,1,0,00000000000000000000000000000000,1,0,23c1,0,0,0,23c1,0,0,fe1cfeeb013b021a,1,0,40e803f8,0,1,0,fd87ffa2ffb3fdc4,1,0,"Active","Active","Active","Active","Active","Inactive","Inactive","Active","_","Active","Stream Beat","Stream Beat","Stream Beat","Stream Beat","Stream Beat","No Streams","No Streams","Stream Beat","_","Stream Beat"
524,524,0,0,0,0,00000004,ffe501da01baffa3,03f8,2a48,1,0,3f552013,1,0,0005ffe5fef101dafcd501bafc05ffa3,1,1,0,1e5d0a171e5d0a171e5d0a171e5d0a17,1,0,00000000000000000000000000000000,1,0,23c1,0,0,0,23c1,0,0,ffe501da01baffa3,1,0,40e803f8,0,1,0,0005fef1fcd5fc05,1,0,"Active","Active","Active","Active","Active","Inactive","Inactive","Active","_","Active","Stream Beat","Stream Beat","Stream Beat","Stream Beat","Stream Beat","No Streams","No Streams","Stream Beat","_","Stream Beat"
525,525,0,0,0,0,00000004,020e00e9feb1fe4d,03f8,1d8e,1,0,2f791fda,1,0,fdf7020efc2600e9fc7bfeb1feb0fe4d,1,1,0,1e5d0a171e5d0a171e5d0a171e5d0a17,1,0,00000000000000000000000000000000,1,0,23c1,0,0,0,23c1,0,0,020e00e9feb1fe4d,1,0,40e803f8,0,1,0,fdf7fc26fc7bfeb0,1,0,"Active","Active","Active","Active","Active","Inactive","Inactive","Active","_","Active","Stream Beat","Stream Beat","Stream Beat","Stream Beat","Stream Beat","No Streams","No Streams","Stream Beat","_","Stream Beat"
526,526,0,0,0,0,00000004,ffe2fe2dfecd0108,03f8,2360,1,0,3faa2005,1,0,fbf2ffe2fd7dfe2dff7bfecdffd50108,1,1,0,1e5d0a171e5d0a171e5d0a171e5d0a17,1,0,00000000000000000000000000000000,1,0,23c1,0,0,0,23c1,0,0,ffe2fe2dfecd0108,1,0,40e803f8,0,1,0,fbf2fd7dff7bffd5,1,0,"Active","Active","Active","Active","Active","Inactive","Inactive","Active","_","Active","Stream Beat","Stream Beat","Stream Beat","Stream Beat","Stream Beat","No Streams","No Streams","Stream Beat","_","Stream Beat"
527,527,0,0,0,0,00000004,fe30ffbc01c601c8,03f8,2a49,1,0,2f7d2031,1,0,fe86fe30fff1ffbcff2901c6fceb01c8,1,1,0,1e5d0a171e5d0a171e5d0a171e5d0a17,1,0,00000000000000000000000000000000,1,0,23c1,0,0,0,23c1,0,0,fe30ffbc01c601c8,1,0,40e803f8,0,1,0,fe86fff1ff29fceb,1,0,"Active","Active","Active","Active","Active","Inactive","Inactive","Active","_","Active","Stream Beat","Stream Beat","Stream Beat","Stream Beat","Stream Beat","No Streams","No Streams","Stream Beat","_","Stream Beat"
528,528,0,0,0,0,00000004,00d902310118fedc,03f8,2342,1,0,3f541fff,1,0,ffe200d9fe0c0231fc110118fc5cfedc,1,1,0,1e5d0a171e5d0a171e5d0a171e5d0a17,1,0,00000000000000000000000000000000,1,0,23c1,0,0,0,23c1,0,0,00d902310118fedc,1,0,40e803f8,0,1,0,ffe2fe0cfc11fc5c,1,0,"Active","Active","Active","Active","Active","Inactive","Inactive","Active","_","Active","Stream Beat","Stream Beat","Stream Beat","Stream Beat","Stream Beat","No Streams","No Streams","Stream Beat","_","Stream Beat"
529,529,0,0,0,0,00000004,01f00002fe34febe,03f8,1f57,1,0,3f8b2fde,1,0,fd1401f0fc0a0002fd33fe34ff6cfebe,1,1,0,1e5d0a171e5d0a171e5d0a171e5d0a17,1,0,00000000000000000000000000000000,1,0,23c1,0,0,0,23c1,0,0,01f00002fe34febe,1,0,40e803f8,0,1,0,fd14fc0afd33ff6c,1,0,"Active","Active","Active","Active","Active","Inactive","Inactive","Active","_","Active","Stream Beat","Stream Beat","Stream Beat","Stream Beat","Stream Beat","No Streams","No Streams","Stream Beat","_","Stream Beat"
530,530,0,0,0,0,00000004,fefdfe25ff8a01a7,03f8,235b,1,0,3fa82017,1,0,fc3dfefdfe4cfe25fff3ff8aff3f01a7,1,1,0,1e5d0a171e5d0a171e5d0a171e5d0a17,1,0,00000000000000000000000000000000,1,0,23c1,0,0,0,23c1,0,0,fefdfe25ff8a01a7,1,0,40e803f8,0,1,0,fc3dfe4cfff3ff3f,1,0,"Active","Active","Active","Active","Active","Inactive","Inactive","Active","_","Active","Stream Beat","Stream Beat","Stream Beat","Stream Beat","Stream Beat","No Streams","No Streams","Stream Beat","_","Stream Beat"
531,531,0,0,0,0,00000004,fea100d4021e0133,03f8,233f,1,0,3f65102f,1,0,ff52fea1ffe700d4fe4b021efc500133,1,1,0,1e5d0a171e5d0a171e5d0a171e5d0a17,1,0,00000000000000000000000000000000,1,0,23c1,0,0,0,23c1,0,0,fea100d4021e0133,1,0,40e803f8,0,1,0,ff52ffe7fe4bfc50,1,0,"Active","Active","Active","Active","Active","Inactive","Inactive","Active","_","Active","Stream Beat","Stream Beat","Stream Beat","Stream Beat","Stream Beat","No Streams","No Streams","Stream Beat","_","Stream Beat"
532,532,0,0,0,0,00000004,017e01fd002ffe58,03f8,234a,1,0,3f5b1fee,1,0,ff68017efd4401fdfc0d002ffd1ffe58,1,1,0,1e5d0a171e5d0a171e5d0a171e5d0a17,1,0,00000000000000000000000000000000,1,0,23c1,0,0,0,23c1,0,0,017e01fd002ffe58,1,0,40e803f8,0,1,0,ff68fd44fc0dfd1f,1,0,"Active","Active","Active","Active","Active","Inactive","Inactive","Active","_","Active","Stream Beat","Stream Beat","Stream Beat","Stream Beat","Stream Beat","No Streams","No Streams","Stream Beat","_","Stream Beat"
533,533,0,0,0,0,00000004,015cff24fe0eff59,03f8,2364,1,0,3f9b2fe5,1,0,fc61015cfc1dff24fe11fe0effe0ff59,1,1,0,1e5d0a171e5d0a171e5d0a171e5d0a17,1,0,00000000000000000000000000000000,1,0,23c1,0,0,0,23c1,0,0,015cff24fe0eff59,1,0,40e803f8,0,1,0,fc61fc1dfe11ffe0,1,0,"Active","Active","Active","Active","Active","Inactive","Inactive","Active","_","Active","Stream Beat","Stream Beat","Stream Beat","Stream Beat","Stream Beat","No Streams","No Streams","Stream Beat","_","Stream Beat"
534,534,0,0,0,0,00000004,fe64fe800086021b,03f8,2353,1,0,3f9d102c,1,0,fcebfe64ff27fe80fff80086fe72021b,1,1,0,1e5d0a171e5d0a171e5d0a171e5d0a17,1,0,00000000000000000000000000000000,1,0,23c1,0,0,0,23c1,0,0,fe64fe800086021b,1,0,40e803f8,0,1,0,fcebff27fff8fe72,1,0,"Active","Active","Active","Active","Active","Inactive","Inactive","Active","_","Active","Stream Beat","Stream Beat","Stream Beat","Stream Beat","Stream Beat","No Streams","No Streams","Stream Beat","_","Stream Beat"
535,535,0,0,0,0,00000004,ff29017001f5005f,03f8,2a45,1,0,3f5d1020,1,0,ffccff29ff810170fd8701f5fc16005f,1,1,0,1e5d0a171e5d0a171e5d0a171e5d0a17,1,0,00000000000000000000000000000000,1,0,23c1,0,0,0,23c1,0,0,ff29017001f5005f,1,0,40e803f8,0,1,0,ffccff81fd87fc16,1,0,"Active","Active","Active","Active","Active","Inactive","Inactive","Active","_","Active","Stream Beat","Stream Beat","Stream Beat","Stream Beat","Stream Beat","No Streams","No Streams","Stream Beat","_","Stream Beat"
536,536,0,0,0,0,00000004,02050181ff50fe01,03f8,2352,1,0,3f662fde,1,0,fea10205fc850181fc1cff50fdd2fe01,1,1,0,1e5d0a171e5d0a171e5d0a171e5d0a17,1,0,00000000000000000000000000000000,1,0,23c1,0,0,0,23c1,0,0,02050181ff50fe01,1,0,40e803f8,0,1,0,fea1fc85fc1cfdd2,1,0,"Active","Active","Active","Active","Active","Inactive","Inactive","Active","_","Active","Stream Beat","Stream Beat","Stream Beat","Stream Beat","Stream Beat","No Streams","No Streams","Stream Beat","_","Stream Beat"
537,537,0,0,0,0,00000004,008afe8bfe660075,03f8,1d9c,1,0,3fa71ff8,1,0,fc15008afcdffe8bff00fe66ffff0075,1,1,0,1e5d0a171e5d0a171e5d0a171e5d0a17,1,0,00000000000000000000000000000000,1,0,23c1,0,0,0,23c1,0,0,008afe8bfe660075,1,0,40e803f8,0,1,0,fc15fcdfff00ffff,1,0,"Active","Active","Active","Active","Active","Inactive","Inactive","Active","_","Active","Stream Beat","Stream Beat","Stream Beat","Stream Beat","Stream Beat","No Streams","No Streams","Stream Beat","_","Stream Beat"
538,538,0,0,0,0,00000004,fe29ff20014a0207,03f8,2a4e,1,0,3f8e102e,1,0,fdc6fe29ffc3ff20ff9b014afdae0207,1,1,0,1e5d0a171e5d0a171e5d0a171e5d0a17,1,0,00000000000000000000000000000000,1,0,23c1,0,0,0,23c1,0,0,fe29ff20014a0207,1,0,40e803f8,0,1,0,fdc6ffc3ff9bfdae,1,0,"Active","Active","Active","Active","Active","Inactive","Inactive","Active","_","Active","Stream Beat","Stream Beat","Stream Beat","Stream Beat","Stream Beat","No Streams","No Streams","Stream Beat","_","Stream Beat"
539,539,0,0,0,0,00000004,00150208019cff77,03f8,2a48,1,0,3f51200d,1,0,00080015feb80208fcbd019cfc18ff77,1,1,0,1e5d0a171e5d0a171e5d0a171e5d0a17,1,0,00000000000000000000000000000000,1,0,23c1,0,0,0,23c1,0,0,00150208019cff77,1,0,40e803f8,0,1,0,0008feb8fcbdfc18,1,0,"Active","Active","Active","Active","Active","Inactive","Inactive","Active","_","Active","Stream Beat","Stream Beat","Stream Beat","Stream Beat","Stream Beat","No Streams","No Streams","Stream Beat","_","Stream Beat"
540,540,0,0,0,0,00000004,021300bdfe9bfe51,03f8,1d8f,1,0,3f7f1fdf,1,0,fdc70213fc1f00bdfcb0fe9bfecffe51,1,1,0,1e5d0a171e5d0a171e5d0a171e5d0a17,1,0,00000000000000000000000000000000,1,0,23c1,0,0,0,23c1,0,0,021300bdfe9bfe51,1,0,40e803f8,0,1,0,fdc7fc1ffcb0fecf,1,0,"Active","Active","Active","Active","Active","Inactive","Inactive","Active","_","Active","Stream Beat","Stream Beat","Stream Beat","Stream Beat","Stream Beat","No Streams","No Streams","Stream Beat","_","Stream Beat"
541,541,0,0,0,0,00000004,ffb4fe1ffef60129,03f8,2360,1,0,3fad2009,1,0,fbf7ffb4fda2fe1fff9afef6ffbf0129,1,1,0,1e5d0a171e5d0a171e5d0a171e5d0a17,1,0,00000000000000000000000000000000,1,0,23c1,0,0,0,23c1,0,0,ffb4fe1ffef60129,1,0,40e803f8,0,1,0,fbf7fda2ff9affbf,1,0,"Active","Active","Active","Active","Active","Inactive","Inactive","Active","_","Active","Stream Beat","Stream Beat","Stream Beat","Stream Beat","Stream Beat","No Streams","No Streams","Stream Beat","_","Stream Beat"
542,542,0,0,0,0,00000004,fe3dffff01f301b5,03f8,2a48,1,0,2f791033,1,0,feaefe3dfffbfffffef601f3fcbf01b5,1,1,0,1e5d0a171e5d0a171e5d0a171e5d0a17,1,0,00000000000000000000000000000000,1,0,23c1,0,0,0,23c1,0,0,fe3dffff01f301b5,1,0,40e803f8,0,1,0,feaefffbfef6fcbf,1,0,"Active","Active","Active","Active","Active","Inactive","Inactive","Active","_","Active","Stream Beat","Stream Beat","Stream Beat","Stream Beat","Stream Beat","No Streams","No Streams","Stream Beat","_","Stream Beat"
543,543,0,0,0,0,00000004,00de021300e5fec2,03f8,2343,1,0,3f561ffb,1,0,ffd000defe020213fc1f00e5fc8ffec2,1,1,0,1e5d0a171e5d0a171e5d0a171e5d0a17,1,0,00000000000000000000000000000000,1,0,23c1,0,0,0,23c1,0,0,00de021300e5fec2,1,0,40e803f8,0,1,0,ffd0fe02fc1ffc8f,1,0,"Active","Active","Active","Active","Active","Inactive","Inactive","Active","_","Active","Stream Beat","Stream Beat","Stream Beat","Stream Beat","Stream Beat","No Streams","No Streams","Stream Beat","_","Stream Beat"
544,544,0,0,0,0,00000004,01d7ffcefe3afec5,03f8,1f5a,1,0,3f8f2fdf,1,0,fd0201d7fc27ffcefd6afe3aff89fec5,1,1,0,1e5d0a171e5d0a171e5d0a171e5d0a17,1,0,00000000000000000000000000000000,1,0,23c1,0,0,0,23c1,0,0,01d7ffcefe3afec5,1,0,40e803f8,0,1,0,fd02fc27fd6aff89,1,0,"Active","Active","Active","Active","Active","Inactive","Inactive","Active","_","Active","Stream Beat","Stream Beat","Stream Beat","Stream Beat","Stream Beat","No Streams","No Streams","Stream Beat","_","Stream Beat"
545,545,0,0,0,0,00000004,fedafe2cffb801ba,03f8,235a,1,0,3fa5201e,1,0,fc66fedafe71fe2c0003ffb8ff1701ba,1,1,0,1e5d0a171e5d0a171e5d0a171e5d0a17,1,0,00000000000000000000000000000000,1,0,23c1,0,0,0,23c1,0,0,fedafe2cffb801ba,1,0,40e803f8,0,1,0,fc66fe710003ff17,1,0,"Active","Active","Active","Active","Active","Inactive","Inactive","Active","_","Active","Stream Beat","Stream Beat","Stream Beat","Stream Beat","Stream Beat","No Streams","No Streams","Stream Beat","_","Stream Beat"
546,546,0,0,0,0,00000004,fe8f00d502390115,03f8,1f33,1,0,3f681029,1,0,ff60fe8fffdb00d5fe0c0239fc230115,1,1,0,1e5d0a171e5d0a171e5d0a171e5d0a17,1,0,00000000000000000000000000000000,1,0,23c1,0,0,0,23c1,0,0,fe8f00d502390115,1,0,40e803f8,0,1,0,ff60ffdbfe0cfc23,1,0,"Active","Active","Active","Active","Active","Inactive","Inactive","Active","_","Active","Stream Beat","Stream Beat","Stream Beat","Stream Beat","Stream Beat","No Streams","No Streams","Stream Beat","_","Stream Beat"
547,547,0,0,0,0,00000004,01ac01f30000fe36,03f8,234b,1,0,3f612fea,1,0,ff4201acfd1101f3fbe60000fd26fe36,1,1,0,1e5d0a171e5d0a171e5d0a171e5d0a17,1,0,00000000000000000000000000000000,1,0,23c1,0,0,0,23c1,0,0,01ac01f30000fe36,1,0,40e803f8,0,1,0,ff42fd11fbe6fd26,1,0,"Active","Active","Active","Active","Active","Inactive","Inactive","Active","_","Active","Stream Beat","Stream Beat","Stream Beat","Stream Beat","Stream Beat","No Streams","No Streams","Stream Beat","_","Stream Beat"
548,548,0,0,0,0,00000004,013aff05fe1bff8b,03f8,1d9a,1,0,2f9f2fe7,1,0,fc4a013afc51ff05fe48fe1bffedff8b,1,1,0,1e5d0a171e5d0a171e5d0a171e5d0a17,1,0,00000000000000000000000000000000,1,0,23c1,0,0,0,23c1,0,0,013aff05fe1bff8b,1,0,40e803f8,0,1,0,fc4afc51fe48ffed,1,0,"Active","Active","Active","Active","Active","Inactive","Inactive","Active","_","Active","Stream Beat","Stream Beat","Stream Beat","Stream Beat","Stream Beat","No Streams","No Streams","Stream Beat","_","Stream Beat"
549,549,0,0,0,0,00000004,fe3ffe9b00950218,03f8,2353,1,0,3f96102b,1,0,fd0cfe3fff40fe9bfff80095fe480218,1,1,0,1e5d0a171e5d0a171e5d0a171e5d0a17,1,0,00000000000000000000000000000000,1,0,23c1,0,0,0,23c1,0,0,fe3ffe9b00950218,1,0,40e803f8,0,1,0,fd0cff40fff8fe48,1,0,"Active","Active","Active","Active","Active","Inactive","Inactive","Active","_","Active","Stream Beat","Stream Beat","Stream Beat","Stream Beat","Stream Beat","No Streams","No Streams","Stream Beat","_","Stream Beat"
550,550,0,0,0,0,00000004,ff85018701e90040,03f8,2a44,1,0,3f55101d,1,0,ffdfff85ff730187fd4a01e9fbe50040,1,1,0,1e5d0a171e5d0a171e5d0a171e5d0a17,1,0,00000000000000000000000000000000,1,0,23c1,0,0,0,23c1,0,0,ff85018701e90040,1,0,40e803f8,0,1,0,ffdfff73fd4afbe5,1,0,"Active","Active","Active","Active","Active","Inactive","Inactive","Active","_","Active","Stream Beat","Stream Beat","Stream Beat","Stream Beat","Stream Beat","No Streams","No Streams","Stream Beat","_","Stream Beat"
551,551,0,0,0,0,00000004,0216015fff2afe10,03f8,2353,1,0,3f6d2fde,1,0,fe760216fc5b015ffc1aff2afe1bfe10,1,1,0,1e5d0a171e5d0a171e5d0a171e5d0a17,1,0,00000000000000000000000000000000,1,0,23c1,0,0,0,23c1,0,0,0216015fff2afe10,1,0,40e803f8,0,1,0,fe76fc5bfc1afe1b,1,0,"Active","Active","Active","Active","Active","Inactive","Inactive","Active","_","Active","Stream Beat","Stream Beat","Stream Beat","Stream Beat","Stream Beat","No Streams","No Streams","Stream Beat","_","Stream Beat"
552,552,0,0,0,0,00000004,0064fe61fe97008a,03f8,1d9c,1,0,3fa81ff8,1,0,fc0e0064fcecfe61ff30fe97fffa008a,1,1,0,1e5d0a171e5d0a171e5d0a171e5d0a17,1,0,00000000000000000000000000000000,1,0,23c1,0,0,0,23c1,0,0,0064fe61fe97008a,1,0,40e803f8,0,1,0,fc0efcecff30fffa,1,0,"Active","Active","Active","Active","Active","Inactive","Inactive","Active","_","Active","Stream Beat","Stream Beat","Stream Beat","Stream Beat","Stream Beat","No Streams","No Streams","Stream Beat","_","Stream Beat"
553,553,0,0,0,0,00000004,fe17ff2b016e020c,03f8,2a4c,1,0,3f881033,1,0,fdf0fe17ffc7ff2bff89016efd66020c,1,1,0,1e5d0a171e5d0a171e5d0a171e5d0a17,1,0,00000000000000000000000000000000,1,0,23c1,0,0,0,23c1,0,0,fe17ff2b016e020c,1,0,40e803f8,0,1,0,fdf0ffc7ff89fd66,1,0,"Active","Active","Active","Active","Active","Inactive","Inactive","Active","_","Active","Stream Beat","Stream Beat","Stream Beat","Stream Beat","Stream Beat","No Streams","No Streams","Stream Beat","_","Stream Beat"
554,554,0,0,0,0,00000004,00570202017cff58,03f8,2a4a,1,0,3f50200a,1,0,00030057fea30202fc8f017cfc32ff58,1,1,0,1e5d0a171e5d0a171e5d0a171e5d0a17,1,0,00000000000000000000000000000000,1,0,23c1,0,0,0,23c1,0,0,00570202017cff58,1,0,40e803f8,0,1,0,0003fea3fc8ffc32,1,0,"Active","Active","Active","Active","Active","Inactive","Inactive","Active","_","Active","Stream Beat","Stream Beat","Stream Beat","Stream Beat","Stream Beat","No Streams","No Streams","Stream Beat","_","Stream Beat"
555,555,0,0,0,0,00000004,021d0099fe82fe65,03f8,1d91,1,0,3f821fde,1,0,fd88021dfbee0099fcd9fe82fef9fe65,1,1,0,1e5d0a171e5d0a171e5d0a171e5d0a17,1,0,00000000000000000000000000000000,1,0,23c1,0,0,0,23c1,0,0,021d0099fe82fe65,1,0,40e803f8,0,1,0,fd88fbeefcd9fef9,1,0,"Active","Active","Active","Active","Active","Inactive","Inactive","Active","_","Active","Stream Beat","Stream Beat","Stream Beat","Stream Beat","Stream Beat","No Streams","No Streams","Stream Beat","_","Stream Beat"
556,556,0,0,0,0,00000004,ff89fe19ff1e014b,03f8,235f,1,0,3faa200b,1,0,fc14ff89fdc9fe19ffb4ff1effa8014b,1,1,0,1e5d0a171e5d0a171e5d0a171e5d0a17,1,0,00000000000000000000000000000000,1,0,23c1,0,0,0,23c1,0,0,ff89fe19ff1e014b,1,0,40e803f8,0,1,0,fc14fdc9ffb4ffa8,1,0,"Active","Active","Active","Active","Active","Inactive","Inactive","Active","_","Active","Stream Beat","Stream Beat","Stream Beat","Stream Beat","Stream Beat","No Streams","No Streams","Stream Beat","_","Stream Beat"
557,557,0,0,0,0,00000004,fe36ffff01ef0197,03f8,2a49,1,0,2f761032,1,0,fec7fe36fffcfffffeda01effca50197,1,1,0,1e5d0a171e5d0a171e5d0a171e5d0a17,1,0,00000000000000000000000000000000,1,0,23c1,0,0,0,23c1,0,0,fe36ffff01ef0197,1,0,40e803f8,0,1,0,fec7fffcfedafca5,1,0,"Active","Active","Active","Active","Active","Inactive","Inactive","Active","_","Active","Stream Beat","Stream Beat","Stream Beat","Stream Beat","Stream Beat","No Streams","No Streams","Stream Beat","_","Stream Beat"
558,558,0,0,0,0,00000004,011f021800bafe98,03f8,2345,1,0,3f541ff9,1,0,ffbf011ffdc70218fc1900bafc92fe98,1,1,0,1e5d0a171e5d0a171e5d0a171e5d0a17,1,0,00000000000000000000000000000000,1,0,23c1,0,0,0,23c1,0,0,011f021800bafe98,1,0,40e803f8,0,1,0,ffbffdc7fc19fc92,1,0,"Active","Active","Active","Active","Active","Inactive","Inactive","Active","_","Active","Stream Beat","Stream Beat","Stream Beat","Stream Beat","Stream Beat","No Streams","No Streams","Stream Beat","_","Stream Beat"
559,559,0,0,0,0,00000004,01c3ffaefe16fee2,03f8,2361,1,0,3f932fe0,1,0,fcbe01c3fbfaffaefd8afe16ff97fee2,1,1,0,1e5d0a171e5d0a171e5d0a171e5d0a17,1,0,00000000000000000000000000000000,1,0,23c1,0,0,0,23c1,0,0,01c3ffaefe16fee2,1,0,40e803f8,0,1,0,fcbefbfafd8aff97,1,0,"Active","Active","Active","Active","Active","Inactive","Inactive","Active","_","Active","Stream Beat","Stream Beat","Stream Beat","Stream Beat","Stream Beat","No Streams","No Streams","Stream Beat","_","Stream Beat"
560,560,0,0,0,0,00000004,fec0fe3fffec01d2,03f8,2359,1,0,3fa4201b,1,0,fc9ffec0fea2fe3f0005ffecfefc01d2,1,1,0,1e5d0a171e5d0a171e5d0a171e5d0a17,1,0,00000000000000000000000000000000,1,0,23c1,0,0,0,23c1,0,0,fec0fe3fffec01d2,1,0,40e803f8,0,1,0,fc9ffea20005fefc,1,0,"Active","Active","Active","Active","Active","Inactive","Inactive","Active","_","Active","Stream Beat","Stream Beat","Stream Beat","Stream Beat","Stream Beat","No Streams","No Streams","Stream Beat","_","Stream Beat"
561,561,0,0,0,0,00000004,fed50109022800ef,03f8,27bd,1,0,3f631028,1,0,ff89fed5ffcd0109fde70228fc1800ef,1,1,0,1e5d0a171e5d0a171e5d0a171e5d0a17,1,0,00000000000000000000000000000000,1,0,23c1,0,0,0,23c1,0,0,fed50109022800ef,1,0,40e803f8,0,1,0,ff89ffcdfde7fc18,1,0,"Active","Active","Active","Active","Active","Inactive","Inactive","Active","_","Active","Stream Beat","Stream Beat","Stream Beat","Stream Beat","Stream Beat","No Streams","No Streams","Stream Beat","_","Stream Beat"
562,562,0,0,0,0,00000004,01ca01d4ffd7fe3a,03f8,234d,1,0,3f5d2fe6,1,0,ff1f01cafcf401d4fbeeffd7fd75fe3a,1,1,0,1e5d0a171e5d0a171e5d0a171e5d0a17,1,0,00000000000000000000000000000000,1,0,23c1,0,0,0,23c1,0,0,01ca01d4ffd7fe3a,1,0,40e803f8,0,1,0,ff1ffcf4fbeefd75,1,0,"Active","Active","Active","Active","Active","Inactive","Inactive","Active","_","Active","Stream Beat","Stream Beat","Stream Beat","Stream Beat","Stream Beat","No Streams","No Streams","Stream Beat","_","Stream Beat"
563,563,0,0,0,0,00000004,0112fedafe05ffc9,03f8,1d9b,1,0,2fa42feb,1,0,fc2a0112fc4cfedafe5dfe05fff8ffc9,1,1,0,1e5d0a171e5d0a171e5d0a171e5d0a17,1,0,00000000000000000000000000000000,1,0,23c1,0,0,0,23c1,0,0,0112fedafe05ffc9,1,0,40e803f8,0,1,0,fc2afc4cfe5dfff8,1,0,"Active","Active","Active","Active","Active","Inactive","Inactive","Active","_","Active","Stream Beat","Stream Beat","Stream Beat","Stream Beat","Stream Beat","No Streams","No Streams","Stream Beat","_","Stream Beat"
564,564,0,0,0,0,00000004,fe41feb900ce0224,03f8,234f,1,0,3f95102f,1,0,fd46fe41ff6afeb9ffe100cefe1e0224,1,1,0,1e5d0a171e5d0a171e5d0a171e5d0a17,1,0,00000000000000000000000000000000,1,0,23c1,0,0,0,23c1,0,0,fe41feb900ce0224,1,0,40e803f8,0,1,0,fd46ff6affe1fe1e,1,0,"Active","Active","Active","Active","Active","Inactive","Inactive","Active","_","Active","Stream Beat","Stream Beat","Stream Beat","Stream Beat","Stream Beat","No Streams","No Streams","Stream Beat","_","Stream Beat"
565,565,0,0,0,0,00000004,ffa301b701e3000a,03f8,2a47,1,0,3f57201a,1,0,ffefffa3ff4301b7fd2001e3fc02000a,1,1,0,1e5d0a171e5d0a171e5d0a171e5d0a17,1,0,00000000000000000000000000000000,1,0,23c1,0,0,0,23c1,0,0,ffa301b701e3000a,1,0,40e803f8,0,1,0,ffefff43fd20fc02,1,0,"Active","Active","Active","Active","Active","Inactive","Inactive","Active","_","Active","Stream Beat","Stream Beat","Stream Beat","Stream Beat","Stream Beat","No Streams","No Streams","Stream Beat","_","Stream Beat"
566,566,0,0,0,0,00000004,02170138ff0bfe1c,03f8,1d8c,1,0,3f6c2fdb,1,0,fe520217fc4a0138fc5bff0bfe4afe1c,1,1,0,1e5d0a171e5d0a171e5d0a171e5d0a17,1,0,00000000000000000000000000000000,1,0,23c1,0,0,0,23c1,0,0,02170138ff0bfe1c,1,0,40e803f8,0,1,0,fe52fc4afc5bfe4a,1,0,"Active","Active","Active","Active","Active","Inactive","Inactive","Active","_","Active","Stream Beat","Stream Beat","Stream Beat","Stream Beat","Stream Beat","No Streams","No Streams","Stream Beat","_","Stream Beat"
567,567,0,0,0,0,00000004,0037fe52feb30091,03f8,1909,1,0,3faa1ffe,1,0,fbdb0037fd13fe52ff57feb3fff00091,1,1,0,1e5d0a171e5d0a171e5d0a171e5d0a17,1,0,00000000000000000000000000000000,1,0,23c1,0,0,0,23c1,0,0,0037fe52feb30091,1,0,40e803f8,0,1,0,fbdbfd13ff57fff0,1,0,"Active","Active","Active","Active","Active","Inactive","Inactive","Active","_","Active","Stream Beat","Stream Beat","Stream Beat","Stream Beat","Stream Beat","No Streams","No Streams","Stream Beat","_","Stream Beat"
568,568,0,0,0,0,00000004,fe23ff6101b3020f,03f8,2a4c,1,0,3f851034,1,0,fe22fe23ffe0ff61ff5801b3fd2a020f,1,1,0,1e5d0a171e5d0a171e5d0a171e5d0a17,1,0,00000000000000000000000000000000,1,0,23c1,0,0,0,23c1,0,0,fe23ff6101b3020f,1,0,40e803f8,0,1,0,fe22ffe0ff58fd2a,1,0,"Active","Active","Active","Active","Active","Inactive","Inactive","Active","_","Active","Stream Beat","Stream Beat","Stream Beat","Stream Beat","Stream Beat","No Streams","No Streams","Stream Beat","_","Stream Beat"
569,569,0,0,0,0,00000004,007101f9015eff2d,03f8,2a4a,1,0,3f542007,1,0,fffd0071fe8701f9fc75015efc46ff2d,1,1,0,1e5d0a171e5d0a171e5d0a171e5d0a17,1,0,00000000000000000000000000000000,1,0,23c1,0,0,0,23c1,0,0,007101f9015eff2d,1,0,40e803f8,0,1,0,fffdfe87fc75fc46,1,0,"Active","Active","Active","Active","Active","Inactive","Inactive","Active","_","Active","Stream Beat","Stream Beat","Stream Beat","Stream Beat","Stream Beat","No Streams","No Streams","Stream Beat","_","Stream Beat"
570,570,0,0,0,0,00000004,01fb0062fe6ffe9c,03f8,1d93,1,0,3f831fdc,1,0,fd8301fbfc0c0062fcfafe6fff33fe9c,1,1,0,1e5d0a171e5d0a171e5d0a171e5d0a17,1,0,00000000000000000000000000000000,1,0,23c1,0,0,0,23c1,0,0,01fb0062fe6ffe9c,1,0,40e803f8,0,1,0,fd83fc0cfcfaff33,1,0,"Active","Active","Active","Active","Active","Inactive","Inactive","Active","_","Active","Stream Beat","Stream Beat","Stream Beat","Stream Beat","Stream Beat","No Streams","No Streams","Stream Beat","_","Stream Beat"
571,571,0,0,0,0,00000004,ff59fe15ff56017a,03f8,235f,1,0,3fa82014,1,0,fc1eff59fdeffe15ffd2ff56ff83017a,1,1,0,1e5d0a171e5d0a171e5d0a171e5d0a17,1,0,00000000000000000000000000000000,1,0,23c1,0,0,0,23c1,0,0,ff59fe15ff56017a,1,0,40e803f8,0,1,0,fc1efdefffd2ff83,1,0,"Active","Active","Active","Active","Active","Inactive","Inactive","Active","_","Active","Stream Beat","Stream Beat","Stream Beat","Stream Beat","Stream Beat","No Streams","No Streams","Stream Beat","_","Stream Beat"
572,572,0,0,0,0,00000004,fe7600650223017b,03f8,2a46,1,0,3f73102f,1,0,ff09fe76fffe0065fe930223fc8e017b,1,1,0,1e5d0a171e5d0a171e5d0a171e5d0a17,1,0,00000000000000000000000000000000,1,0,23c1,0,0,0,23c1,0,0,fe7600650223017b,1,0,40e803f8,0,1,0,ff09fffefe93fc8e,1,0,"Active","Active","Active","Active","Active","Inactive","Inactive","Active","_","Active","Stream Beat","Stream Beat","Stream Beat","Stream Beat","Stream Beat","No Streams","No Streams","Stream Beat","_","Stream Beat"
573,573,0,0,0,0,00000004,01420222008afe79,03f8,2346,1,0,3f5b1ff6,1,0,ff9f0142fd940222fc1b008afcaefe79,1,1,0,1e5d0a171e5d0a171e5d0a171e5d0a17,1,0,00000000000000000000000000000000,1,0,23c1,0,0,0,23c1,0,0,01420222008afe79,1,0,40e803f8,0,1,0,ff9ffd94fc1bfcae,1,0,"Active","Active","Active","Active","Active","Inactive","Inactive","Active","_","Active","Stream Beat","Stream Beat","Stream Beat","Stream Beat","Stream Beat","No Streams","No Streams","Stream Beat","_","Stream Beat"
574,574,0,0,0,0,00000004,019dff7efe1fff1b,03f8,2362,1,0,3f962fe3,1,0,fcaf019dfc03ff7efdbefe1fffbeff1b,1,1,0,1e5d0a171e5d0a171e5d0a171e5d0a17,1,0,00000000000000000000000000000000,1,0,23c1,0,0,0,23c1,0,0,019dff7efe1fff1b,1,0,40e803f8,0,1,0,fcaffc03fdbeffbe,1,0,"Active","Active","Active","Active","Active","Inactive","Inactive","Active","_","Active","Stream Beat","Stream Beat","Stream Beat","Stream Beat","Stream Beat","No Streams","No Streams","Stream Beat","_","Stream Beat"
575,575,0,0,0,0,00000004,fea7fe46002901f2,03f8,2358,1,0,3fa21027,1,0,fcb9fea7feccfe4600030029fed001f2,1,1,0,1e5d0a171e5d0a171e5d0a171e5d0a17,1,0,00000000000000000000000000000000,1,0,23c1,0,0,0,23c1,0,0,fea7fe46002901f2,1,0,40e803f8,0,1,0,fcb9fecc0003fed0,1,0,"Active","Active","Active","Active","Active","Inactive","Inactive","Active","_","Active","Stream Beat","Stream Beat","Stream Beat","Stream Beat","Stream Beat","No Streams","No Streams","Stream Beat","_","Stream Beat"
576,576,0,0,0,0,00000004,fee30129021f00b8,03f8,27bd,1,0,3f5f1026,1,0,ff9efee3ffb70129fdc8021ffc2d00b8,1,1,0,1e5d0a171e5d0a171e5d0a171e5d0a17,1,0,00000000000000000000000000000000,1,0,23c1,0,0,0,23c1,0,0,fee30129021f00b8,1,0,40e803f8,0,1,0,ff9effb7fdc8fc2d,1,0,"Active","Active","Active","Active","Active","Inactive","Inactive","Active","_","Active","Stream Beat","Stream Beat","Stream Beat","Stream Beat","Stream Beat","No Streams","No Streams","Stream Beat","_","Stream Beat"
577,577,0,0,0,0,00000004,01e601ccffabfe20,03f8,234e,1,0,3f622fe5,1,0,fef501e6fcb201ccfbfdffabfd89fe20,1,1,0,1e5d0a171e5d0a171e5d0a171e5d0a17,1,0,00000000000000000000000000000000,1,0,23c1,0,0,0,23c1,0,0,01e601ccffabfe20,1,0,40e803f8,0,1,0,fef5fcb2fbfdfd89,1,0,"Active","Active","Active","Active","Active","Inactive","Inactive","Active","_","Active","Stream Beat","Stream Beat","Stream Beat","Stream Beat","Stream Beat","No Streams","No Streams","Stream Beat","_","Stream Beat"
578,578,0,0,0,0,00000004,00e9febefe24fff6,03f8,1d9c,1,0,2fa51ff0,1,0,fc2000e9fc80febefe95fe240001fff6,1,1,0,1e5d0a171e5d0a171e5d0a171e5d0a17,1,0,00000000000000000000000000000000,1,0,23c1,0,0,0,23c1,0,0,00e9febefe24fff6,1,0,40e803f8,0,1,0,fc20fc80fe950001,1,0,"Active","Active","Active","Active","Active","Inactive","Inactive","Active","_","Active","Stream Beat","Stream Beat","Stream Beat","Stream Beat","Stream Beat","No Streams","No Streams","Stream Beat","_","Stream Beat"
579,579,0,0,0,0,00000004,fe33fed500fd0229,03f8,2350,1,0,3f94102e,1,0,fd70fe33ff86fed5ffd000fdfdec0229,1,1,0,1e5d0a171e5d0a171e5d0a171e5d0a17,1,0,00000000000000000000000000000000,1,0,23c1,0,0,0,23c1,0,0,fe33fed500fd0229,1,0,40e803f8,0,1,0,fd70ff86ffd0fdec,1,0,"Active","Active","Active","Active","Active","Inactive","Inactive","Active","_","Active","Stream Beat","Stream Beat","Stream Beat","Stream Beat","Stream Beat","No Streams","No Streams","Stream Beat","_","Stream Beat"
580,580,0,0,0,0,00000004,ffbf01af01c0ffe0,03f8,2a47,1,0,3f522017,1,0,fff2ffbfff3301affd0b01c0fc11ffe0,1,1,0,1e5d0a171e5d0a171e5d0a171e5d0a17,1,0,00000000000000000000000000000000,1,0,23c1,0,0,0,23c1,0,0,ffbf01af01c0ffe0,1,0,40e803f8,0,1,0,fff2ff33fd0bfc11,1,0,"Active","Active","Active","Active","Active","Inactive","Inactive","Active","_","Active","Stream Beat","Stream Beat","Stream Beat","Stream Beat","Stream Beat","No Streams","No Streams","Stream Beat","_","Stream Beat"
581,581,0,0,0,0,00000004,0232010cfeeafe32,03f8,1d8d,1,0,2f732fdc,1,0,fe140232fc3a010cfc6bfeeafe87fe32,1,1,0,1e5d0a171e5d0a171e5d0a171e5d0a17,1,0,00000000000000000000000000000000,1,0,23c1,0,0,0,23c1,0,0,0232010cfeeafe32,1,0,40e803f8,0,1,0,fe14fc3afc6bfe87,1,0,"Active","Active","Active","Active","Active","Inactive","Inactive","Active","_","Active","Stream Beat","Stream Beat","Stream Beat","Stream Beat","Stream Beat","No Streams","No Streams","Stream Beat","_","Stream Beat"
582,582,0,0,0,0,00000004,000ffe42fea700d1,03f8,1909,1,0,3fab2002,1,0,fc02000ffd4bfe42ff5ffea7ffe200d1,1,1,0,1e5d0a171e5d0a171e5d0a171e5d0a17,1,0,00000000000000000000000000000000,1,0,23c1,0,0,0,23c1,0,0,000ffe42fea700d1,1,0,40e803f8,0,1,0,fc02fd4bff5fffe2,1,0,"Active","Active","Active","Active","Active","Inactive","Inactive","Active","_","Active","Stream Beat","Stream Beat","Stream Beat","Stream Beat","Stream Beat","No Streams","No Streams","Stream Beat","_","Stream Beat"
583,583,0,0,0,0,00000004,fe1dff9901ca01ef,03f8,2a4a,1,0,3f842030,1,0,fe48fe1dffedff99ff3d01cafd0b01ef,1,1,0,1e5d0a171e5d0a171e5d0a171e5d0a17,1,0,00000000000000000000000000000000,1,0,23c1,0,0,0,23c1,0,0,fe1dff9901ca01ef,1,0,40e803f8,0,1,0,fe48ffedff3dfd0b,1,0,"Active","Active","Active","Active","Active","Inactive","Inactive","Active","_","Active","Stream Beat","Stream Beat","Stream Beat","Stream Beat","Stream Beat","No Streams","No Streams","Stream Beat","_","Stream Beat"
584,584,0,0,0,0,00000004,00a60222013aff0c,03f8,2341,1,0,3f542005,1,0,ffed00a6fe4c0222fc48013afc58ff0c,1,1,0,1e5d0a171e5d0a171e5d0a171e5d0a17,1,0,00000000000000000000000000000000,1,0,23c1,0,0,0,23c1,0,0,00a60222013aff0c,1,0,40e803f8,0,1,0,ffedfe4cfc48fc58,1,0,"Active","Active","Active","Active","Active","Inactive","Inactive","Active","_","Active","Stream Beat","Stream Beat","Stream Beat","Stream Beat","Stream Beat","No Streams","No Streams","Stream Beat","_","Stream Beat"
585,585,0,0,0,0,00000004,01f90034fe59fe6b,03f8,1d94,1,0,3f881fdc,1,0,fd5001f9fc0f0034fd19fe59ff33fe6b,1,1,0,1e5d0a171e5d0a171e5d0a171e5d0a17,1,0,00000000000000000000000000000000,1,0,23c1,0,0,0,23c1,0,0,01f90034fe59fe6b,1,0,40e803f8,0,1,0,fd50fc0ffd19ff33,1,0,"Active","Active","Active","Active","Active","Inactive","Inactive","Active","_","Active","Stream Beat","Stream Beat","Stream Beat","Stream Beat","Stream Beat","No Streams","No Streams","Stream Beat","_","Stream Beat"
586,586,0,0,0,0,00000004,ff31fe24ff550174,03f8,235d,1,0,3fa72016,1,0,fc4fff31fe20fe24ffdfff55ff6e0174,1,1,0,1e5d0a171e5d0a171e5d0a171e5d0a17,1,0,00000000000000000000000000000000,1,0,23c1,0,0,0,23c1,0,0,ff31fe24ff550174,1,0,40e803f8,0,1,0,fc4ffe20ffdfff6e,1,0,"Active","Active","Active","Active","Active","Inactive","Inactive","Active","_","Active","Stream Beat","Stream Beat","Stream Beat","Stream Beat","Stream Beat","No Streams","No Streams","Stream Beat","_","Stream Beat"
587,587,0,0,0,0,00000004,fe83008f02110166,03f8,2a45,1,0,3f6d1030,1,0,ff25fe83fffb008ffe770211fc610166,1,1,0,1e5d0a171e5d0a171e5d0a171e5d0a17,1,0,00000000000000000000000000000000,1,0,23c1,0,0,0,23c1,0,0,fe83008f02110166,1,0,40e803f8,0,1,0,ff25fffbfe77fc61,1,0,"Active","Active","Active","Active","Active","Inactive","Inactive","Active","_","Active","Stream Beat","Stream Beat","Stream Beat","Stream Beat","Stream Beat","No Streams","No Streams","Stream Beat","_","Stream Beat"
588,588,0,0,0,0,00000004,015b02160064fe66,03f8,2348,1,0,3f5a1fef,1,0,ff8c015bfd650216fc030064fce7fe66,1,1,0,1e5d0a171e5d0a171e5d0a171e5d0a17,1,0,00000000000000000000000000000000,1,0,23c1,0,0,0,23c1,0,0,015b02160064fe66,1,0,40e803f8,0,1,0,ff8cfd65fc03fce7,1,0,"Active","Active","Active","Active","Active","Inactive","Inactive","Active","_","Active","Stream Beat","Stream Beat","Stream Beat","Stream Beat","Stream Beat","No Streams","No Streams","Stream Beat","_","Stream Beat"
589,589,0,0,0,0,00000004,018eff5cfe1dff3a,03f8,2363,1,0,3f9b2fe1,1,0,fc66018efc2aff5cfdf4fe1dffcbff3a,1,1,0,1e5d0a171e5d0a171e5d0a171e5d0a17,1,0,00000000000000000000000000000000,1,0,23c1,0,0,0,23c1,0,0,018eff5cfe1dff3a,1,0,40e803f8,0,1,0,fc66fc2afdf4ffcb,1,0,"Active","Active","Active","Active","Active","Inactive","Inactive","Active","_","Active","Stream Beat","Stream Beat","Stream Beat","Stream Beat","Stream Beat","No Streams","No Streams","Stream Beat","_","Stream Beat"
590,590,0,0,0,0,00000004,fe70fe5d00570224,03f8,2354,1,0,3f9f1028,1,0,fca1fe70fef5fe5d00010057fe920224,1,1,0,1e5d0a171e5d0a171e5d0a171e5d0a17,1,0,00000000000000000000000000000000,1,0,23c1,0,0,0,23c1,0,0,fe70fe5d00570224,1,0,40e803f8,0,1,0,fca1fef50001fe92,1,0,"Active","Active","Active","Active","Active","Inactive","Inactive","Active","_","Active","Stream Beat","Stream Beat","Stream Beat","Stream Beat","Stream Beat","No Streams","No Streams","Stream Beat","_","Stream Beat"
591,591,0,0,0,0,00000004,ff160144021f0094,03f8,2a46,1,0,3f5d1023,1,0,ffb8ff16ffa30144fd93021ffc020094,1,1,0,1e5d0a171e5d0a171e5d0a171e5d0a17,1,0,00000000000000000000000000000000,1,0,23c1,0,0,0,23c1,0,0,ff160144021f0094,1,0,40e803f8,0,1,0,ffb8ffa3fd93fc02,1,0,"Active","Active","Active","Active","Active","Inactive","Inactive","Active","_","Active","Stream Beat","Stream Beat","Stream Beat","Stream Beat","Stream Beat","No Streams","No Streams","Stream Beat","_","Stream Beat"
592,592,0,0,0,0,00000004,01fb01a2ff83fe37,03f8,2350,1,0,3f642fe4,1,0,fecb01fbfca601a2fc07ff83fde0fe37,1,1,0,1e5d0a171e5d0a171e5d0a171e5d0a17,1,0,00000000000000000000000000000000,1,0,23c1,0,0,0,23c1,0,0,01fb01a2ff83fe37,1,0,40e803f8,0,1,0,fecbfca6fc07fde0,1,0,"Active","Active","Active","Active","Active","Inactive","Inactive","Active","_","Active","Stream Beat","Stream Beat","Stream Beat","Stream Beat","Stream Beat","No Streams","No Streams","Stream Beat","_","Stream Beat"
593,593,0,0,0,0,00000004,00c5fea0fe5b0028,03f8,1d9b,1,0,2fa21ff4,1,0,fc0d00c5fcb0fea0fed5fe5b00050028,1,1,0,1e5d0a171e5d0a171e5d0a171e5d0a17,1,0,00000000000000000000000000000000,1,0,23c1,0,0,0,23c1,0,0,00c5fea0fe5b0028,1,0,40e803f8,0,1,0,fc0dfcb0fed50005,1,0,"Active","Active","Active","Active","Active","Inactive","Inactive","Active","_","Active","Stream Beat","Stream Beat","Stream Beat","Stream Beat","Stream Beat","No Streams","No Streams","Stream Beat","_","Stream Beat"
594,594,0,0,0,0,00000004,fe2afef80114021f,03f8,2a4f,1,0,3f8f1030,1,0,fd99fe2affa2fef8ffc00114fdc2021f,1,1,0,1e5d0a171e5d0a171e5d0a171e5d0a17,1,0,00000000000000000000000000000000,1,0,23c1,0,0,0,23c1,0,0,fe2afef80114021f,1,0,40e803f8,0,1,0,fd99ffa2ffc0fdc2,1,0,"Active","Active","Active","Active","Active","Inactive","Inactive","Active","_","Active","Stream Beat","Stream Beat","Stream Beat","Stream Beat","Stream Beat","No Streams","No Streams","Stream Beat","_","Stream Beat"
595,595,0,0,0,0,00000004,ffe201d401bdffb2,03f8,2a47,1,0,3f552015,1,0,fffbffe2ff0301d4fccb01bdfc18ffb2,1,1,0,1e5d0a171e5d0a171e5d0a171e5d0a17,1,0,00000000000000000000000000000000,1,0,23c1,0,0,0,23c1,0,0,ffe201d401bdffb2,1,0,40e803f8,0,1,0,fffbff03fccbfc18,1,0,"Active","Active","Active","Active","Active","Inactive","Inactive","Active","_","Active","Stream Beat","Stream Beat","Stream Beat","Stream Beat","Stream Beat","No Streams","No Streams","Stream Beat","_","Stream Beat"
596,596,0,0,0,0,00000004,021d00ebfec0fe2d,03f8,1d8e,1,0,2f791fde,1,0,fdf8021dfc1c00ebfc7dfec0fe9efe2d,1,1,0,1e5d0a171e5d0a171e5d0a171e5d0a17,1,0,00000000000000000000000000000000,1,0,23c1,0,0,0,23c1,0,0,021d00ebfec0fe2d,1,0,40e803f8,0,1,0,fdf8fc1cfc7dfe9e,1,0,"Active","Active","Active","Active","Active","Inactive","Inactive","Active","_","Active","Stream Beat","Stream Beat","Stream Beat","Stream Beat","Stream Beat","No Streams","No Streams","Stream Beat","_","Stream Beat"
597,597,0,0,0,0,00000004,ffdefe34fee40100,03f8,1f5e,1,0,3fab2005,1,0,fc0fffdefd6dfe34ff8bfee4ffd00100,1,1,0,1e5d0a171e5d0a171e5d0a171e5d0a17,1,0,00000000000000000000000000000000,1,0,23c1,0,0,0,23c1,0,0,ffdefe34fee40100,1,0,40e803f8,0,1,0,fc0ffd6dff8bffd0,1,0,"Active","Active","Active","Active","Active","Inactive","Inactive","Active","_","Active","Stream Beat","Stream Beat","Stream Beat","Stream Beat","Stream Beat","No Streams","No Streams","Stream Beat","_","Stream Beat"
598,598,0,0,0,0,00000004,fe0fffc301d601d6,03f8,2a4a,1,0,3f7e2032,1,0,fe61fe0ffff9ffc3ff1a01d6fcf501d6,1,1,0,1e5d0a171e5d0a171e5d0a171e5d0a17,1,0,00000000000000000000000000000000,1,0,23c1,0,0,0,23c1,0,0,fe0fffc301d601d6,1,0,40e803f8,0,1,0,fe61fff9ff1afcf5,1,0,"Active","Active","Active","Active","Active","Inactive","Inactive","Active","_","Active","Stream Beat","Stream Beat","Stream Beat","Stream Beat","Stream Beat","No Streams","No Streams","Stream Beat","_","Stream Beat"
599,599,0,0,0,0,00000004,00dd02230111feeb,03f8,2341,1,0,3f521fff,1,0,ffdf00ddfe220223fc3c0111fc78feeb,1,1,0,1e5d0a171e5d0a171e5d0a171e5d0a17,1,0,00000000000000000000000000000000,1,0,23c1,0,0,0,23c1,0,0,00dd02230111feeb,1,0,40e803f8,0,1,0,ffdffe22fc3cfc78,1,0,"Active","Active","Active","Active","Active","Inactive","Inactive","Active","_","Active","Stream Beat","Stream Beat","Stream Beat","Stream Beat","Stream Beat","No Streams","No Streams","Stream Beat","_","Stream Beat"
600,600,0,0,0,0,00000004,01f2000cfe43febd,03f8,18fe,1,0,3f8d2fdf,1,0,fd1201f2fbee000cfd40fe43ff6cfebd,1,1,0,1e5d0a171e5d0a171e5d0a171e5d0a17,1,0,00000000000000000000000000000000,1,0,23c1,0,0,0,23c1,0,0,01f2000cfe43febd,1,0,40e803f8,0,1,0,fd12fbeefd40ff6c,1,0,"Active","Active","Active","Active","Active","Inactive","Inactive","Active","_","Active","Stream Beat","Stream Beat","Stream Beat","Stream Beat","Stream Beat","No Streams","No Streams","Stream Beat","_","Stream Beat"
601,601,0,0,0,0,00000004,ff0efe3dff9a01a6,03f8,235c,1,0,3fa62017,1,0,fc68ff0efe60fe3dfff0ff9aff4901a6,1,1,0,1e5d0a171e5d0a171e5d0a171e5d0a17,1,0,00000000000000000000000000000000,1,0,23c1,0,0,0,23c1,0,0,ff0efe3dff9a01a6,1,0,40e803f8,0,1,0,fc68fe60fff0ff49,1,0,"Active","Active","Active","Active","Active","Inactive","Inactive","Active","_","Active","Stream Beat","Stream Beat","Stream Beat","Stream Beat","Stream Beat","No Streams","No Streams","Stream Beat","_","Stream Beat"
602,602,0,0,0,0,00000004,fe94008d02230134,03f8,2341,1,0,3f6b102f,1,0,ff48fe94fff1008dfe4a0223fc690134,1,1,0,1e5d0a171e5d0a171e5d0a171e5d0a17,1,0,00000000000000000000000000000000,1,0,23c1,0,0,0,23c1,0,0,fe94008d02230134,1,0,40e803f8,0,1,0,ff48fff1fe4afc69,1,0,"Active","Active","Active","Active","Active","Inactive","Inactive","Active","_","Active","Stream Beat","Stream Beat","Stream Beat","Stream Beat","Stream Beat","No Streams","No Streams","Stream Beat","_","Stream Beat"
603,603,0,0,0,0,00000004,018f02070037fe4e,03f8,2349,1,0,3f5a1fef,1,0,ff66018ffd3f0207fbd70037fd02fe4e,1,1,0,1e5d0a171e5d0a171e5d0a171e5d0a17,1,0,00000000000000000000000000000000,1,0,23c1,0,0,0,23c1,0,0,018f02070037fe4e,1,0,40e803f8,0,1,0,ff66fd3ffbd7fd02,1,0,"Active","Active","Active","Active","Active","Inactive","Inactive","Active","_","Active","Stream Beat","Stream Beat","Stream Beat","Stream Beat","Stream Beat","No Streams","No Streams","Stream Beat","_","Stream Beat"
604,604,0,0,0,0,00000004,0154ff37fe13ff6a,03f8,2364,1,0,3fa02fe8,1,0,fc7c0154fc3fff37fe16fe13ffe0ff6a,1,1,0,1e5d0a171e5d0a171e5d0a171e5d0a17,1,0,00000000000000000000000000000000,1,0,23c1,0,0,0,23c1,0,0,0154ff37fe13ff6a,1,0,40e803f8,0,1,0,fc7cfc3ffe16ffe0,1,0,"Active","Active","Active","Active","Active","Inactive","Inactive","Active","_","Active","Stream Beat","Stream Beat","Stream Beat","Stream Beat","Stream Beat","No Streams","No Streams","Stream Beat","_","Stream Beat"
605,605,0,0,0,0,00000004,fe67fe5f0097020e,03f8,2353,1,0,3f9e1027,1,0,fceefe67ff10fe5ffff70097fe83020e,1,1,0,1e5d0a171e5d0a171e5d0a171e5d0a17,1,0,00000000000000000000000000000000,1,0,23c1,0,0,0,23c1,0,0,fe67fe5f0097020e,1,0,40e803f8,0,1,0,fceeff10fff7fe83,1,0,"Active","Active","Active","Active","Active","Inactive","Inactive","Active","_","Active","Stream Beat","Stream Beat","Stream Beat","Stream Beat","Stream Beat","No Streams","No Streams","Stream Beat","_","Stream Beat"
606,606,0,0,0,0,00000004,ff61017501fd0069,03f8,2a44,1,0,3f571021,1,0,ffd3ff61ff890175fd7b01fdfc160069,1,1,0,1e5d0a171e5d0a171e5d0a171e5d0a17,1,0,00000000000000000000000000000000,1,0,23c1,0,0,0,23c1,0,0,ff61017501fd0069,1,0,40e803f8,0,1,0,ffd3ff89fd7bfc16,1,0,"Active","Active","Active","Active","Active","Inactive","Inactive","Active","_","Active","Stream Beat","Stream Beat","Stream Beat","Stream Beat","Stream Beat","No Streams","No Streams","Stream Beat","_","Stream Beat"
607,607,0,0,0,0,00000004,02000188ff56fe19,03f8,2353,1,0,3f6b2fe0,1,0,fea80200fc7d0188fc00ff56fdeffe19,1,1,0,1e5d0a171e5d0a171e5d0a171e5d0a17,1,0,00000000000000000000000000000000,1,0,23c1,0,0,0,23c1,0,0,02000188ff56fe19,1,0,40e803f8,0,1,0,fea8fc7dfc00fdef,1,0,"Active","Active","Active","Active","Active","Inactive","Inactive","Active","_","Active","Stream Beat","Stream Beat","Stream Beat","Stream Beat","Stream Beat","No Streams","No Streams","Stream Beat","_","Stream Beat"
608,608,0,0,0,0,00000004,0097fe7bfe4c0051,03f8,1d9d,1,0,3fa71ff6,1,0,fc170097fcc0fe7bfee5fe4c00040051,1,1,0,1e5d0a171e5d0a171e5d0a171e5d0a17,1,0,00000000000000000000000000000000,1,0,23c1,0,0,0,23c1,0,0,0097fe7bfe4c0051,1,0,40e803f8,0,1,0,fc17fcc0fee50004,1,0,"Active","Active","Active","Active","Active","Inactive","Inactive","Active","_","Active","Stream Beat","Stream Beat","Stream Beat","Stream Beat","Stream Beat","No Streams","No Streams","Stream Beat","_","Stream Beat"
609,609,0,0,0,0,00000004,fe1bff1a0154020e,03f8,2a4e,1,0,3f8e1033,1,0,fdb8fe1bffbaff1affa10154fda2020e,1,1,0,1e5d0a171e5d0a171e5d0a171e5d0a17,1,0,00000000000000000000000000000000,1,0,23c1,0,0,0,23c1,0,0,fe1bff1a0154020e,1,0,40e803f8,0,1,0,fdb8ffbaffa1fda2,1,0,"Active","Active","Active","Active","Active","Inactive","Inactive","Active","_","Active","Stream Beat","Stream Beat","Stream Beat","Stream Beat","Stream Beat","No Streams","No Streams","Stream Beat","_","Stream Beat"
610,610,0,0,0,0,00000004,001501fe019aff81,03f8,2a48,1,0,3f51200f,1,0,00010015fecc01fefcbf019afc07ff81,1,1,0,1e5d0a171e5d0a171e5d0a171e5d0a17,1,0,00000000000000000000000000000000,1,0,23c1,0,0,0,23c1,0,0,001501fe019aff81,1,0,40e803f8,0,1,0,0001feccfcbffc07,1,0,"Active","Active","Active","Active","Active","Inactive","Inactive","Active","_","Active","Stream Beat","Stream Beat","Stream Beat","Stream Beat","Stream Beat","No Streams","No Streams","Stream Beat","_","Stream Beat"
611,611,0,0,0,0,00000004,022c00c6fe9efe46,03f8,1d8f,1,0,2f7c1fda,1,0,fdb6022cfc0300c6fc9cfe9efecbfe46,1,1,0,1e5d0a171e5d0a171e5d0a171e5d0a17,1,0,00000000000000000000000000000000,1,0,23c1,0,0,0,23c1,0,0,022c00c6fe9efe46,1,0,40e803f8,0,1,0,fdb6fc03fc9cfecb,1,0,"Active","Active","Active","Active","Active","Inactive","Inactive","Active","_","Active","Stream Beat","Stream Beat","Stream Beat","Stream Beat","Stream Beat","No Streams","No Streams","Stream Beat","_","Stream Beat"
612,612,0,0,0,0,00000004,ffb3fe25fef9012b,03f8,1f5b,1,0,3fab2009,1,0,fc0bffb3fd97fe25ff9dfef9ffbf012b,1,1,0,1e5d0a171e5d0a171e5d0a171e5d0a17,1,0,00000000000000000000000000000000,1,0,23c1,0,0,0,23c1,0,0,ffb3fe25fef9012b,1,0,40e803f8,0,1,0,fc0bfd97ff9dffbf,1,0,"Active","Active","Active","Active","Active","Inactive","Inactive","Active","_","Active","Stream Beat","Stream Beat","Stream Beat","Stream Beat","Stream Beat","No Streams","No Streams","Stream Beat","_","Stream Beat"
613,613,0,0,0,0,00000004,fe52fff301da01c2,03f8,2a48,1,0,2f791032,1,0,feacfe520007fff3fef901dafccb01c2,1,1,0,1e5d0a171e5d0a171e5d0a171e5d0a17,1,0,00000000000000000000000000000000,1,0,23c1,0,0,0,23c1,0,0,fe52fff301da01c2,1,0,40e803f8,0,1,0,feac0007fef9fccb,1,0,"Active","Active","Active","Active","Active","Inactive","Inactive","Active","_","Active","Stream Beat","Stream Beat","Stream Beat","Stream Beat","Stream Beat","No Streams","No Streams","Stream Beat","_","Stream Beat"
614,614,0,0,0,0,00000004,00f1022c00f3febd,03f8,2343,1,0,3f521ffd,1,0,ffd500f1fde8022cfc1b00f3fc8bfebd,1,1,0,1e5d0a171e5d0a171e5d0a171e5d0a17,1,0,00000000000000000000000000000000,1,0,23c1,0,0,0,23c1,0,0,00f1022c00f3febd,1,0,40e803f8,0,1,0,ffd5fde8fc1bfc8b,1,0,"Active","Active","Active","Active","Active","Inactive","Inactive","Active","_","Active","Stream Beat","Stream Beat","Stream Beat","Stream Beat","Stream Beat","No Streams","No Streams","Stream Beat","_","Stream Beat"
615,615,0,0,0,0,00000004,01dcffdefe31fedb,03f8,1f58,1,0,3f8f2fdf,1,0,fced01dcfbecffdefd64fe31ff88fedb,1,1,0,1e5d0a171e5d0a171e5d0a171e5d0a17,1,0,00000000000000000000000000000000,1,0,23c1,0,0,0,23c1,0,0,01dcffdefe31fedb,1,0,40e803f8,0,1,0,fcedfbecfd64ff88,1,0,"Active","Active","Active","Active","Active","Inactive","Inactive","Active","_","Active","Stream Beat","Stream Beat","Stream Beat","Stream Beat","Stream Beat","No Streams","No Streams","Stream Beat","_","Stream Beat"
616,616,0,0,0,0,00000004,fee6fe1dffb301b6,03f8,235a,1,0,2fa7201e,1,0,fc75fee6fe68fe1dfff7ffb3ff2b01b6,1,1,0,1e5d0a171e5d0a171e5d0a171e5d0a17,1,0,00000000000000000000000000000000,1,0,23c1,0,0,0,23c1,0,0,fee6fe1dffb301b6,1,0,40e803f8,0,1,0,fc75fe68fff7ff2b,1,0,"Active","Active","Active","Active","Active","Inactive","Inactive","Active","_","Active","Stream Beat","Stream Beat","Stream Beat","Stream Beat","Stream Beat","No Streams","No Streams","Stream Beat","_","Stream Beat"
617,617,0,0,0,0,00000004,fea900cc021d0121,03f8,233f,1,0,3f66102c,1,0,ff55fea9ffee00ccfe1b021dfc250121,1,1,0,1e5d0a171e5d0a171e5d0a171e5d0a17,1,0,00000000000000000000000000000000,1,0,23c1,0,0,0,23c1,0,0,fea900cc021d0121,1,0,40e803f8,0,1,0,ff55ffeefe1bfc25,1,0,"Active","Active","Active","Active","Active","Inactive","Inactive","Active","_","Active","Stream Beat","Stream Beat","Stream Beat","Stream Beat","Stream Beat","No Streams","No Streams","Stream Beat","_","Stream Beat"
618,618,0,0,0,0,00000004,018f01f90013fe3f,03f8,234b,1,0,3f5c2fec,1,0,ff50018ffd0801f9fbef0013fd4bfe3f,1,1,0,1e5d0a171e5d0a171e5d0a171e5d0a17,1,0,00000000000000000000000000000000,1,0,23c1,0,0,0,23c1,0,0,018f01f90013fe3f,1,0,40e803f8,0,1,0,ff50fd08fbeffd4b,1,0,"Active","Active","Active","Active","Active","Inactive","Inactive","Active","_","Active","Stream Beat","Stream Beat","Stream Beat","Stream Beat","Stream Beat","No Streams","No Streams","Stream Beat","_","Stream Beat"
619,619,0,0,0,0,00000004,0143ff00fe26ff95,03f8,1d9b,1,0,3f9f2fe6,1,0,fc580143fc4aff00fe3efe26fff6ff95,1,1,0,1e5d0a171e5d0a171e5d0a171e5d0a17,1,0,00000000000000000000000000000000,1,0,23c1,0,0,0,23c1,0,0,0143ff00fe26ff95,1,0,40e803f8,0,1,0,fc58fc4afe3efff6,1,0,"Active","Active","Active","Active","Active","Inactive","Inactive","Active","_","Active","Stream Beat","Stream Beat","Stream Beat","Stream Beat","Stream Beat","No Streams","No Streams","Stream Beat","_","Stream Beat"
620,620,0,0,0,0,00000004,fe59fe8b00a10231,03f8,2352,1,0,3f98102b,1,0,fd12fe59ff41fe8bfff200a1fe390231,1,1,0,1e5d0a171e5d0a171e5d0a171e5d0a17,1,0,00000000000000000000000000000000,1,0,23c1,0,0,0,23c1,0,0,fe59fe8b00a10231,1,0,40e803f8,0,1,0,fd12ff41fff2fe39,1,0,"Active","Active","Active","Active","Active","Inactive","Inactive","Active","_","Active","Stream Beat","Stream Beat","Stream Beat","Stream Beat","Stream Beat","No Streams","No Streams","Stream Beat","_","Stream Beat"
621,621,0,0,0,0,00000004,ff68018502060037,03f8,2a45,1,0,3f59101d,1,0,ffe2ff68ff680185fd450206fbf10037,1,1,0,1e5d0a171e5d0a171e5d0a171e5d0a17,1,0,00000000000000000000000000000000,1,0,23c1,0,0,0,23c1,0,0,ff68018502060037,1,0,40e803f8,0,1,0,ffe2ff68fd45fbf1,1,0,"Active","Active","Active","Active","Active","Inactive","Inactive","Active","_","Active","Stream Beat","Stream Beat","Stream Beat","Stream Beat","Stream Beat","No Streams","No Streams","Stream Beat","_","Stream Beat"
622,622,0,0,0,0,00000004,021c0165ff2dfe10,03f8,2353,1,0,3f6d2fdf,1,0,fe74021cfc620165fc21ff2dfe0cfe10,1,1,0,1e5d0a171e5d0a171e5d0a171e5d0a17,1,0,00000000000000000000000000000000,1,0,23c1,0,0,0,23c1,0,0,021c0165ff2dfe10,1,0,40e803f8,0,1,0,fe74fc62fc21fe0c,1,0,"Active","Active","Active","Active","Active","Inactive","Inactive","Active","_","Active","Stream Beat","Stream Beat","Stream Beat","Stream Beat","Stream Beat","No Streams","No Streams","Stream Beat","_","Stream Beat"
623,623,0,0,0,0,00000004,006dfe6afe720095,03f8,1d9c,1,0,3fa71ffb,1,0,fc12006dfcf5fe6aff14fe72fffc0095,1,1,0,1e5d0a171e5d0a171e5d0a171e5d0a17,1,0,00000000000000000000000000000000,1,0,23c1,0,0,0,23c1,0,0,006dfe6afe720095,1,0,40e803f8,0,1,0,fc12fcf5ff14fffc,1,0,"Active","Active","Active","Active","Active","Inactive","Inactive","Active","_","Active","Stream Beat","Stream Beat","Stream Beat","Stream Beat","Stream Beat","No Streams","No Streams","Stream Beat","_","Stream Beat"
624,624,0,0,0,0,00000004,fe0fff39016101fb,03f8,2a4e,1,0,3f881032,1,0,fddefe0fffcbff39ff8e0161fd8201fb,1,1,0,1e5d0a171e5d0a171e5d0a171e5d0a17,1,0,00000000000000000000000000000000,1,0,23c1,0,0,0,23c1,0,0,fe0fff39016101fb,1,0,40e803f8,0,1,0,fddeffcbff8efd82,1,0,"Active","Active","Active","Active","Active","Inactive","Inactive","Active","_","Active","Stream Beat","Stream Beat","Stream Beat","Stream Beat","Stream Beat","No Streams","No Streams","Stream Beat","_","Stream Beat"
625,625,0,0,0,0,00000004,003801ff0184ff5e,03f8,2a49,1,0,3f50200b,1,0,00010038feac01fffc8a0184fc34ff5e,1,1,0,1e5d0a171e5d0a171e5d0a171e5d0a17,1,0,00000000000000000000000000000000,1,0,23c1,0,0,0,23c1,0,0,003801ff0184ff5e,1,0,40e803f8,0,1,0,0001feacfc8afc34,1,0,"Active","Active","Active","Active","Active","Inactive","Inactive","Active","_","Active","Stream Beat","Stream Beat","Stream Beat","Stream Beat","Stream Beat","No Streams","No Streams","Stream Beat","_","Stream Beat"
626,626,0,0,0,0,00000004,02270096fe87fe46,03f8,1d92,1,0,3f811fdd,1,0,fd8b0227fc130096fccefe87fee5fe46,1,1,0,1e5d0a171e5d0a171e5d0a171e5d0a17,1,0,00000000000000000000000000000000,1,0,23c1,0,0,0,23c1,0,0,02270096fe87fe46,1,0,40e803f8,0,1,0,fd8bfc13fccefee5,1,0,"Active","Active","Active","Active","Active","Inactive","Inactive","Active","_","Active","Stream Beat","Stream Beat","Stream Beat","Stream Beat","Stream Beat","No Streams","No Streams","Stream Beat","_","Stream Beat"
627,627,0,0,0,0,00000004,ff83fe31ff26013f,03f8,2360,1,0,3fab200a,1,0,fc1dff83fdcefe31ffbeff26ffa6013f,1,1,0,1e5d0a171e5d0a171e5d0a171e5d0a17,1,0,00000000000000000000000000000000,1,0,23c1,0,0,0,23c1,0,0,ff83fe31ff26013f,1,0,40e803f8,0,1,0,fc1dfdceffbeffa6,1,0,"Active","Active","Active","Active","Active","Inactive","Inactive","Active","_","Active","Stream Beat","Stream Beat","Stream Beat","Stream Beat","Stream Beat","No Streams","No Streams","Stream Beat","_","Stream Beat"
628,628,0,0,0,0,00000004,fe4e000c01ed01ac,03f8,2a47,1,0,2f761031,1,0,fed1fe4e0003000cfed301edfca601ac,1,1,0,1e5d0a171e5d0a171e5d0a171e5d0a17,1,0,00000000000000000000000000000000,1,0,23c1,0,0,0,23c1,0,0,fe4e000c01ed01ac,1,0,40e803f8,0,1,0,fed10003fed3fca6,1,0,"Active","Active","Active","Active","Active","Inactive","Inactive","Active","_","Active","Stream Beat","Stream Beat","Stream Beat","Stream Beat","Stream Beat","No Streams","No Streams","Stream Beat","_","Stream Beat"
629,629,0,0,0,0,00000004,0151022900b8fe9b,03f8,2344,1,0,3f551ff8,1,0,ffab0151fdcb0229fc2600b8fc86fe9b,1,1,0,1e5d0a171e5d0a171e5d0a171e5d0a17,1,0,00000000000000000000000000000000,1,0,23c1,0,0,0,23c1,0,0,0151022900b8fe9b,1,0,40e803f8,0,1,0,ffabfdcbfc26fc86,1,0,"Active","Active","Active","Active","Active","Inactive","Inactive","Active","_","Active","Stream Beat","Stream Beat","Stream Beat","Stream Beat","Stream Beat","No Streams","No Streams","Stream Beat","_","Stream Beat"
630,630,0,0,0,0,00000004,01c1ffb5fe33fed7,03f8,1f5b,1,0,3f942fe1,1,0,fcc801c1fc10ffb5fd9efe33ff9afed7,1,1,0,1e5d0a171e5d0a171e5d0a171e5d0a17,1,0,00000000000000000000000000000000,1,0,23c1,0,0,0,23c1,0,0,01c1ffb5fe33fed7,1,0,40e803f8,0,1,0,fcc8fc10fd9eff9a,1,0,"Active","Active","Active","Active","Active","Inactive","Inactive","Active","_","Active","Stream Beat","Stream Beat","Stream Beat","Stream Beat","Stream Beat","No Streams","No Streams","Stream Beat","_","Stream Beat"
631,631,0,0,0,0,00000004,fec4fe23fff301e1,03f8,2359,1,0,2fa4101f,1,0,fc90fec4fe8dfe230000fff3fefd01e1,1,1,0,1e5d0a171e5d0a171e5d0a171e5d0a17,1,0,00000000000000000000000000000000,1,0,23c1,0,0,0,23c1,0,0,fec4fe23fff301e1,1,0,40e803f8,0,1,0,fc90fe8d0000fefd,1,0,"Active","Active","Active","Active","Active","Inactive","Inactive","Active","_","Active","Stream Beat","Stream Beat","Stream Beat","Stream Beat","Stream Beat","No Streams","No Streams","Stream Beat","_","Stream Beat"
632,632,0,0,0,0,00000004,fee400fb022600f6,03f8,27be,1,0,3f62102c,1,0,ff89fee4ffd500fbfded0226fc1400f6,1,1,0,1e5d0a171e5d0a171e5d0a171e5d0a17,1,0,00000000000000000000000000000000,1,0,23c1,0,0,0,23c1,0,0,fee400fb022600f6,1,0,40e803f8,0,1,0,ff89ffd5fdedfc14,1,0,"Active","Active","Active","Active","Active","Inactive","Inactive","Active","_","Active","Stream Beat","Stream Beat","Stream Beat","Stream Beat","Stream Beat","No Streams","No Streams","Stream Beat","_","Stream Beat"
633,633,0,0,0,0,00000004,01cf01e1ffe1fe3e,03f8,234c,1,0,3f612fe8,1,0,ff2101cffce601e1fbeeffe1fd78fe3e,1,1,0,1e5d0a171e5d0a171e5d0a171e5d0a17,1,0,00000000000000000000000000000000,1,0,23c1,0,0,0,23c1,0,0,01cf01e1ffe1fe3e,1,0,40e803f8,0,1,0,ff21fce6fbeefd78,1,0,"Active","Active","Active","Active","Active","Inactive","Inactive","Active","_","Active","Stream Beat","Stream Beat","Stream Beat","Stream Beat","Stream Beat","No Streams","No Streams","Stream Beat","_","Stream Beat"
634,634,0,0,0,0,00000004,0113fee1fe2affc7,03f8,1d9b,1,0,2fa12feb,1,0,fc410113fc53fee1fe76fe2afff8ffc7,1,1,0,1e5d0a171e5d0a171e5d0a171e5d0a17,1,0,00000000000000000000000000000000,1,0,23c1,0,0,0,23c1,0,0,0113fee1fe2affc7,1,0,40e803f8,0,1,0,fc41fc53fe76fff8,1,0,"Active","Active","Active","Active","Active","Inactive","Inactive","Active","_","Active","Stream Beat","Stream Beat","Stream Beat","Stream Beat","Stream Beat","No Streams","No Streams","Stream Beat","_","Stream Beat"
635,635,0,0,0,0,00000004,fe42feb900ac021f,03f8,1f49,1,0,3f95102f,1,0,fd44fe42ff65feb9ffea00acfe27021f,1,1,0,1e5d0a171e5d0a171e5d0a171e5d0a17,1,0,00000000000000000000000000000000,1,0,23c1,0,0,0,23c1,0,0,fe42feb900ac021f,1,0,40e803f8,0,1,0,fd44ff65ffeafe27,1,0,"Active","Active","Active","Active","Active","Inactive","Inactive","Active","_","Active","Stream Beat","Stream Beat","Stream Beat","Stream Beat","Stream Beat","No Streams","No Streams","Stream Beat","_","Stream Beat"
636,636,0,0,0,0,00000004,ff9b01a801df0015,03f8,2a45,1,0,3f56201c,1,0,ffe6ff9bff5401a8fd2501dffbee0015,1,1,0,1e5d0a171e5d0a171e5d0a171e5d0a17,1,0,00000000000000000000000000000000,1,0,23c1,0,0,0,23c1,0,0,ff9b01a801df0015,1,0,40e803f8,0,1,0,ffe6ff54fd25fbee,1,0,"Active","Active","Active","Active","Active","Inactive","Inactive","Active","_","Active","Stream Beat","Stream Beat","Stream Beat","Stream Beat","Stream Beat","No Streams","No Streams","Stream Beat","_","Stream Beat"
637,637,0,0,0,0,00000004,0219013bff15fe1f,03f8,1d8a,1,0,3f702fde,1,0,fe530219fc51013bfc5aff15fe4ffe1f,1,1,0,1e5d0a171e5d0a171e5d0a171e5d0a17,1,0,00000000000000000000000000000000,1,0,23c1,0,0,0,23c1,0,0,0219013bff15fe1f,1,0,40e803f8,0,1,0,fe53fc51fc5afe4f,1,0,"Active","Active","Active","Active","Active","Inactive","Inactive","Active","_","Active","Stream Beat","Stream Beat","Stream Beat","Stream Beat","Stream Beat","No Streams","No Streams","Stream Beat","_","Stream Beat"
638,638,0,0,0,0,00000004,0040fe49fe950099,03f8,1d9d,1,0,3fab1ffc,1,0,fbde0040fd03fe49ff3ffe95fff50099,1,1,0,1e5d0a171e5d0a171e5d0a171e5d0a17,1,0,00000000000000000000000000000000,1,0,23c1,0,0,0,23c1,0,0,0040fe49fe950099,1,0,40e803f8,0,1,0,fbdefd03ff3ffff5,1,0,"Active","Active","Active","Active","Active","Inactive","Inactive","Active","_","Active","Stream Beat","Stream Beat","Stream Beat","Stream Beat","Stream Beat","No Streams","No Streams","Stream Beat","_","Stream Beat"
639,639,0,0,0,0,00000004,fe28ff7601840201,03f8,2a4c,1,0,3f841033,1,0,fe21fe28ffe4ff76ff6c0184fd450201,1,1,0,1e5d0a171e5d0a171e5d0a171e5d0a17,1,0,00000000000000000000000000000000,1,0,23c1,0,0,0,23c1,0,0,fe28ff7601840201,1,0,40e803f8,0,1,0,fe21ffe4ff6cfd45,1,0,"Active","Active","Active","Active","Active","Inactive","Inactive","Active","_","Active","Stream Beat","Stream Beat","Stream Beat","Stream Beat","Stream Beat","No Streams","No Streams","Stream Beat","_","Stream Beat"
640,640,0,0,0,0,00000004,006c01ff015bff32,03f8,2a4b,1,0,3f542008,1,0,0000006cfe8801fffc87015bfc3bff32,1,1,0,1e5d0a171e5d0a171e5d0a171e5d0a17,1,0,00000000000000000000000000000000,1,0,23c1,0,0,0,23c1,0,0,006c01ff015bff32,1,0,40e803f8,0,1,0,0000fe88fc87fc3b,1,0,"Active","Active","Active","Active","Active","Inactive","Inactive","Active","_","Active","Stream Beat","Stream Beat","Stream Beat","Stream Beat","Stream Beat","No Streams","No Streams","Stream Beat","_","Stream Beat"
641,641,0,0,0,0,00000004,02080071fe5ffe72,03f8,1d93,1,0,3f811fdb,1,0,fd720208fbf10071fcdbfe5fff14fe72,1,1,0,1e5d0a171e5d0a171e5d0a171e5d0a17,1,0,00000000000000000000000000000000,1,0,23c1,0,0,0,23c1,0,0,02080071fe5ffe72,1,0,40e803f8,0,1,0,fd72fbf1fcdbff14,1,0,"Active","Active","Active","Active","Active","Inactive","Inactive","Active","_","Active","Stream Beat","Stream Beat","Stream Beat","Stream Beat","Stream Beat","No Streams","No Streams","Stream Beat","_","Stream Beat"
642,642,0,0,0,0,00000004,ff5bfe0eff41015d,03f8,235e,1,0,3fab2012,1,0,fc12ff5bfddefe0effcbff41ff92015d,1,1,0,1e5d0a171e5d0a171e5d0a171e5d0a17,1,0,00000000000000000000000000000000,1,0,23c1,0,0,0,23c1,0,0,ff5bfe0eff41015d,1,0,40e803f8,0,1,0,fc12fddeffcbff92,1,0,"Active","Active","Active","Active","Active","Inactive","Inactive","Active","_","Active","Stream Beat","Stream Beat","Stream Beat","Stream Beat","Stream Beat","No Streams","No Streams","Stream Beat","_","Stream Beat"
643,643,0,0,0,0,00000004,fe4f005301f4017d,03f8,2a47,1,0,2f74102f,1,0,feedfe4fffff0053feb601f4fc9d017d,1,1,0,1e5d0a171e5d0a171e5d0a171e5d0a17,1,0,00000000000000000000000000000000,1,0,23c1,0,0,0,23c1,0,0,fe4f005301f4017d,1,0,40e803f8,0,1,0,feedfffffeb6fc9d,1,0,"Active","Active","Active","Active","Active","Inactive","Inactive","Active","_","Active","Stream Beat","Stream Beat","Stream Beat","Stream Beat","Stream Beat","No Streams","No Streams","Stream Beat","_","Stream Beat"
644,644,0,0,0,0,00000004,0147022f0093fe8b,03f8,2346,1,0,3f551ff4,1,0,ff9d0147fd91022ffbff0093fcc7fe8b,1,1,0,1e5d0a171e5d0a171e5d0a171e5d0a17,1,0,00000000000000000000000000000000,1,0,23c1,0,0,0,23c1,0,0,0147022f0093fe8b,1,0,40e803f8,0,1,0,ff9dfd91fbfffcc7,1,0,"Active","Active","Active","Active","Active","Inactive","Inactive","Active","_","Active","Stream Beat","Stream Beat","Stream Beat","Stream Beat","Stream Beat","No Streams","No Streams","Stream Beat","_","Stream Beat"
645,645,0,0,0,0,00000004,019cff84fe2eff04,03f8,2362,1,0,3f942fe0,1,0,fcc3019cfc16ff84fdc3fe2effbaff04,1,1,0,1e5d0a171e5d0a171e5d0a171e5d0a17,1,0,00000000000000000000000000000000,1,0,23c1,0,0,0,23c1,0,0,019cff84fe2eff04,1,0,40e803f8,0,1,0,fcc3fc16fdc3ffba,1,0,"Active","Active","Active","Active","Active","Inactive","Inactive","Active","_","Active","Stream Beat","Stream Beat","Stream Beat","Stream Beat","Stream Beat","No Streams","No Streams","Stream Beat","_","Stream Beat"
646,646,0,0,0,0,00000004,fea1fe3c003501dc,03f8,2358,1,0,3fa31021,1,0,fc9cfea1fec1fe3c00040035fee101dc,1,1,0,1e5d0a171e5d0a171e5d0a171e5d0a17,1,0,00000000000000000000000000000000,1,0,23c1,0,0,0,23c1,0,0,fea1fe3c003501dc,1,0,40e803f8,0,1,0,fc9cfec10004fee1,1,0,"Active","Active","Active","Active","Active","Inactive","Inactive","Active","_","Active","Stream Beat","Stream Beat","Stream Beat","Stream Beat","Stream Beat","No Streams","No Streams","Stream Beat","_","Stream Beat"
647,647,0,0,0,0,00000004,fee90131023300c9,03f8,27be,1,0,3f5f1029,1,0,ff9dfee9ffb90131fdb80233fbf600c9,1,1,0,1e5d0a171e5d0a171e5d0a171e5d0a17,1,0,00000000000000000000000000000000,1,0,23c1,0,0,0,23c1,0,0,fee90131023300c9,1,0,40e803f8,0,1,0,ff9dffb9fdb8fbf6,1,0,"Active","Active","Active","Active","Active","Inactive","Inactive","Active","_","Active","Stream Beat","Stream Beat","Stream Beat","Stream Beat","Stream Beat","No Streams","No Streams","Stream Beat","_","Stream Beat"
648,648,0,0,0,0,00000004,01dd01c4ffb4fe25,03f8,234e,1,0,3f652fe5,1,0,fefa01ddfcd101c4fc17ffb4fd8afe25,1,1,0,1e5d0a171e5d0a171e5d0a171e5d0a17,1,0,00000000000000000000000000000000,1,0,23c1,0,0,0,23c1,0,0,01dd01c4ffb4fe25,1,0,40e803f8,0,1,0,fefafcd1fc17fd8a,1,0,"Active","Active","Active","Active","Active","Inactive","Inactive","Active","_","Active","Stream Beat","Stream Beat","Stream Beat","Stream Beat","Stream Beat","No Streams","No Streams","Stream Beat","_","Stream Beat"
649,649,0,0,0,0,00000004,00f4fec0fe400010,03f8,1d9c,1,0,2fa41fee,1,0,fc2000f4fc86fec0fea0fe4000070010,1,1,0,1e5d0a171e5d0a171e5d0a171e5d0a17,1,0,00000000000000000000000000000000,1,0,23c1,0,0,0,23c1,0,0,00f4fec0fe400010,1,0,40e803f8,0,1,0,fc20fc86fea00007,1,0,"Active","Active","Active","Active","Active","Inactive","Inactive","Active","_","Active","Stream Beat","Stream Beat","Stream Beat","Stream Beat","Stream Beat","No Streams","No Streams","Stream Beat","_","Stream Beat"
650,650,0,0,0,0,00000004,fe39feac00e80221,03f8,27d2,1,0,3f901031,1,0,fd6cfe39ff73feacffd600e8fdf60221,1,1,0,1e5d0a171e5d0a171e5d0a171e5d0a17,1,0,00000000000000000000000000000000,1,0,23c1,0,0,0,23c1,0,0,fe39feac00e80221,1,0,40e803f8,0,1,0,fd6cff73ffd6fdf6,1,0,"Active","Active","Active","Active","Active","Inactive","Inactive","Active","_","Active","Stream Beat","Stream Beat","Stream Beat","Stream Beat","Stream Beat","No Streams","No Streams","Stream Beat","_","Stream Beat"
651,651,0,0,0,0,00000004,ffb001be01dbffe2,03f8,2a45,1,0,3f562017,1,0,fff5ffb0ff2901befcf401dbfc1bffe2,1,1,0,1e5d0a171e5d0a171e5d0a171e5d0a17,1,0,00000000000000000000000000000000,1,0,23c1,0,0,0,23c1,0,0,ffb001be01dbffe2,1,0,40e803f8,0,1,0,fff5ff29fcf4fc1b,1,0,"Active","Active","Active","Active","Active","Inactive","Inactive","Active","_","Active","Stream Beat","Stream Beat","Stream Beat","Stream Beat","Stream Beat","No Streams","No Streams","Stream Beat","_","Stream Beat"
652,652,0,0,0,0,00000004,02220113feeafe3e,03f8,1d8d,1,0,2f741fe0,1,0,fe230222fc490113fc68feeafe86fe3e,1,1,0,1e5d0a171e5d0a171e5d0a171e5d0a17,1,0,00000000000000000000000000000000,1,0,23c1,0,0,0,23c1,0,0,02220113feeafe3e,1,0,40e803f8,0,1,0,fe23fc49fc68fe86,1,0,"Active","Active","Active","Active","Active","Inactive","Inactive","Active","_","Active","Stream Beat","Stream Beat","Stream Beat","Stream Beat","Stream Beat","No Streams","No Streams","Stream Beat","_","Stream Beat"
653,653,0,0,0,0,00000004,0014fe36fec200d6,03f8,1908,1,0,3faa1ffe,1,0,fbfb0014fd2efe36ff67fec2ffe600d6,1,1,0,1e5d0a171e5d0a171e5d0a171e5d0a17,1,0,00000000000000000000000000000000,1,0,23c1,0,0,0,23c1,0,0,0014fe36fec200d6,1,0,40e803f8,0,1,0,fbfbfd2eff67ffe6,1,0,"Active","Active","Active","Active","Active","Inactive","Inactive","Active","_","Active","Stream Beat","Stream Beat","Stream Beat","Stream Beat","Stream Beat","No Streams","No Streams","Stream Beat","_","Stream Beat"
654,654,0,0,0,0,00000004,fe1dff9d01a701f0,03f8,2a4a,1,0,3f822032,1,0,fe43fe1dffeeff9dff4d01a7fd1801f0,1,1,0,1e5d0a171e5d0a171e5d0a171e5d0a17,1,0,00000000000000000000000000000000,1,0,23c1,0,0,0,23c1,0,0,fe1dff9d01a701f0,1,0,40e803f8,0,1,0,fe43ffeeff4dfd18,1,0,"Active","Active","Active","Active","Active","Inactive","Inactive","Active","_","Active","Stream Beat","Stream Beat","Stream Beat","Stream Beat","Stream Beat","No Streams","No Streams","Stream Beat","_","Stream Beat"
655,655,0,0,0,0,00000004,0090021f0139ff0f,03f8,2340,1,0,3f552005,1,0,fff60090fe50021ffc630139fc51ff0f,1,1,0,1e5d0a171e5d0a171e5d0a171e5d0a17,1,0,00000000000000000000000000000000,1,0,23c1,0,0,0,23c1,0,0,0090021f0139ff0f,1,0,40e803f8,0,1,0,fff6fe50fc63fc51,1,0,"Active","Active","Active","Active","Active","Inactive","Inactive","Active","_","Active","Stream Beat","Stream Beat","Stream Beat","Stream Beat","Stream Beat","No Streams","No Streams","Stream Beat","_","Stream Beat"
656,656,0,0,0,0,00000004,01fc0046fe4cfe75,03f8,1d94,1,0,3f871fde,1,0,fd4601fcfbe80046fd0afe4cff2dfe75,1,1,0,1e5d0a171e5d0a171e5d0a171e5d0a17,1,0,00000000000000000000000000000000,1,0,23c1,0,0,0,23c1,0,0,01fc0046fe4cfe75,1,0,40e803f8,0,1,0,fd46fbe8fd0aff2d,1,0,"Active","Active","Active","Active","Active","Inactive","Inactive","Active","_","Active","Stream Beat","Stream Beat","Stream Beat","Stream Beat","Stream Beat","No Streams","No Streams","Stream Beat","_","Stream Beat"
657,657,0,0,0,0,00000004,ff33fe21ff700178,03f8,235e,1,0,3fa92015,1,0,fc47ff33fe17fe21ffe1ff70ff760178,1,1,0,1e5d0a171e5d0a171e5d0a171e5d0a17,1,0,00000000000000000000000000000000,1,0,23c1,0,0,0,23c1,0,0,ff33fe21ff700178,1,0,40e803f8,0,1,0,fc47fe17ffe1ff76,1,0,"Active","Active","Active","Active","Active","Inactive","Inactive","Active","_","Active","Stream Beat","Stream Beat","Stream Beat","Stream Beat","Stream Beat","No Streams","No Streams","Stream Beat","_","Stream Beat"
658,658,0,0,0,0,00000004,fe5600690204016a,03f8,2a46,1,0,3f6f102f,1,0,ff01fe5600030069fe800204fc73016a,1,1,0,1e5d0a171e5d0a171e5d0a171e5d0a17,1,0,00000000000000000000000000000000,1,0,23c1,0,0,0,23c1,0,0,fe5600690204016a,1,0,40e803f8,0,1,0,ff010003fe80fc73,1,0,"Active","Active","Active","Active","Active","Inactive","Inactive","Active","_","Active","Stream Beat","Stream Beat","Stream Beat","Stream Beat","Stream Beat","No Streams","No Streams","Stream Beat","_","Stream Beat"
659,659,0,0,0,0,00000004,01830217006dfe6c,03f8,2348,1,0,3f561ff0,1,0,ff830183fd660217fc1a006dfcf3fe6c,1,1,0,1e5d0a171e5d0a171e5d0a171e5d0a17,1,0,00000000000000000000000000000000,1,0,23c1,0,0,0,23c1,0,0,01830217006dfe6c,1,0,40e803f8,0,1,0,ff83fd66fc1afcf3,1,0,"Active","Active","Active","Active","Active","Inactive","Inactive","Active","_","Active","Stream Beat","Stream Beat","Stream Beat","Stream Beat","Stream Beat","No Streams","No Streams","Stream Beat","_","Stream Beat"
660,660,0,0,0,0,00000004,0189ff5ffe23ff37,03f8,2363,1,0,3f9b2fe3,1,0,fc870189fc28ff5ffdf0fe23ffcbff37,1,1,0,1e5d0a171e5d0a171e5d0a171e5d0a17,1,0,00000000000000000000000000000000,1,0,23c1,0,0,0,23c1,0,0,0189ff5ffe23ff37,1,0,40e803f8,0,1,0,fc87fc28fdf0ffcb,1,0,"Active","Active","Active","Active","Active","Inactive","Inactive","Active","_","Active","Stream Beat","Stream Beat","Stream Beat","Stream Beat","Stream Beat","No Streams","No Streams","Stream Beat","_","Stream Beat"
661,661,0,0,0,0,00000004,fe8dfe5c0029020c,03f8,2355,1,0,2f9f1022,1,0,fcdafe8dfeeffe5c00020029fea6020c,1,1,0,1e5d0a171e5d0a171e5d0a171e5d0a17,1,0,00000000000000000000000000000000,1,0,23c1,0,0,0,23c1,0,0,fe8dfe5c0029020c,1,0,40e803f8,0,1,0,fcdafeef0002fea6,1,0,"Active","Active","Active","Active","Active","Inactive","Inactive","Active","_","Active","Stream Beat","Stream Beat","Stream Beat","Stream Beat","Stream Beat","No Streams","No Streams","Stream Beat","_","Stream Beat"
662,662,0,0,0,0,00000004,ff140147021c00a0,03f8,27bf,1,0,3f5f1027,1,0,ffadff14ffae0147fd92021cfc0100a0,1,1,0,1e5d0a171e5d0a171e5d0a171e5d0a17,1,0,00000000000000000000000000000000,1,0,23c1,0,0,0,23c1,0,0,ff140147021c00a0,1,0,40e803f8,0,1,0,ffadffaefd92fc01,1,0,"Active","Active","Active","Active","Active","Inactive","Inactive","Active","_","Active","Stream Beat","Stream Beat","Stream Beat","Stream Beat","Stream Beat","No Streams","No Streams","Stream Beat","_","Stream Beat"
663,663,0,0,0,0,00000004,01fd01a0ff8efe1c,03f8,2350,1,0,3f662fe4,1,0,fed201fdfcaf01a0fbffff8efdc3fe1c,1,1,0,1e5d0a171e5d0a171e5d0a171e5d0a17,1,0,00000000000000000000000000000000,1,0,23c1,0,0,0,23c1,0,0,01fd01a0ff8efe1c,1,0,40e803f8,0,1,0,fed2fcaffbfffdc3,1,0,"Active","Active","Active","Active","Active","Inactive","Inactive","Active","_","Active","Stream Beat","Stream Beat","Stream Beat","Stream Beat","Stream Beat","No Streams","No Streams","Stream Beat","_","Stream Beat"
664,664,0,0,0,0,00000004,00cbfea8fe48002b,03f8,1d9c,1,0,2fa71ff1,1,0,fc0b00cbfcb1fea8fec6fe480003002b,1,1,0,1e5d0a171e5d0a171e5d0a171e5d0a17,1,0,00000000000000000000000000000000,1,0,23c1,0,0,0,23c1,0,0,00cbfea8fe48002b,1,0,40e803f8,0,1,0,fc0bfcb1fec60003,1,0,"Active","Active","Active","Active","Active","Inactive","Inactive","Active","_","Active","Stream Beat","Stream Beat","Stream Beat","Stream Beat","Stream Beat","No Streams","No Streams","Stream Beat","_","Stream Beat"
665,665,0,0,0,0,00000004,fe17ff0001260207,03f8,2a52,1,0,3f8e1031,1,0,fd7cfe17ff9fff00ffc00126fde00207,1,1,0,1e5d0a171e5d0a171e5d0a171e5d0a17,1,0,00000000000000000000000000000000,1,0,23c1,0,0,0,23c1,0,0,fe17ff0001260207,1,0,40e803f8,0,1,0,fd7cff9fffc0fde0,1,0,"Active","Active","Active","Active","Active","Inactive","Inactive","Active","_","Active","Stream Beat","Stream Beat","Stream Beat","Stream Beat","Stream Beat","No Streams","No Streams","Stream Beat","_","Stream Beat"
666,666,0,0,0,0,00000004,ffee01d501bdffb7,03f8,2a46,1,0,3f542014,1,0,fffcffeeff0701d5fcd301bdfbf1ffb7,1,1,0,1e5d0a171e5d0a171e5d0a171e5d0a17,1,0,00000000000000000000000000000000,1,0,23c1,0,0,0,23c1,0,0,ffee01d501bdffb7,1,0,40e803f8,0,1,0,fffcff07fcd3fbf1,1,0,"Active","Active","Active","Active","Active","Inactive","Inactive","Active","_","Active","Stream Beat","Stream Beat","Stream Beat","Stream Beat","Stream Beat","No Streams","No Streams","Stream Beat","_","Stream Beat"
667,667,0,0,0,0,00000004,021600e4fec8fe35,03f8,1d8f,1,0,2f781fde,1,0,fe0d0216fc4000e4fc7afec8fea1fe35,1,1,0,1e5d0a171e5d0a171e5d0a171e5d0a17,1,0,00000000000000000000000000000000,1,0,23c1,0,0,0,23c1,0,0,021600e4fec8fe35,1,0,40e803f8,0,1,0,fe0dfc40fc7afea1,1,0,"Active","Active","Active","Active","Active","Inactive","Inactive","Active","_","Active","Stream Beat","Stream Beat","Stream Beat","Stream Beat","Stream Beat","No Streams","No Streams","Stream Beat","_","Stream Beat"
668,668,0,0,0,0,00000004,ffe0fe3dfec900f3,03f8,1f5e,1,0,3fab2004,1,0,fbfcffe0fd68fe3dff85fec9ffce00f3,1,1,0,1e5d0a171e5d0a171e5d0a171e5d0a17,1,0,00000000000000000000000000000000,1,0,23c1,0,0,0,23c1,0,0,ffe0fe3dfec900f3,1,0,40e803f8,0,1,0,fbfcfd68ff85ffce,1,0,"Active","Active","Active","Active","Active","Inactive","Inactive","Active","_","Active","Stream Beat","Stream Beat","Stream Beat","Stream Beat","Stream Beat","No Streams","No Streams","Stream Beat","_","Stream Beat"
669,669,0,0,0,0,00000004,fe28ffae01ba01d8,03f8,2a48,1,0,3f7c2033,1,0,fe6dfe28fff8ffaeff2801bafd0201d8,1,1,0,1e5d0a171e5d0a171e5d0a171e5d0a17,1,0,00000000000000000000000000000000,1,0,23c1,0,0,0,23c1,0,0,fe28ffae01ba01d8,1,0,40e803f8,0,1,0,fe6dfff8ff28fd02,1,0,"Active","Active","Active","Active","Active","Inactive","Inactive","Active","_","Active","Stream Beat","Stream Beat","Stream Beat","Stream Beat","Stream Beat","No Streams","No Streams","Stream Beat","_","Stream Beat"
670,670,0,0,0,0,00000004,00ac02220119fee9,03f8,2342,1,0,3f561fff,1,0,ffe700acfe280222fc3a0119fc67fee9,1,1,0,1e5d0a171e5d0a171e5d0a171e5d0a17,1,0,00000000000000000000000000000000,1,0,23c1,0,0,0,23c1,0,0,00ac02220119fee9,1,0,40e803f8,0,1,0,ffe7fe28fc3afc67,1,0,"Active","Active","Active","Active","Active","Inactive","Inactive","Active","_","Active","Stream Beat","Stream Beat","Stream Beat","Stream Beat","Stream Beat","No Streams","No Streams","Stream Beat","_","Stream Beat"
671,671,0,0,0,0,00000004,01fc000efe52fea6,03f8,1f56,1,0,3f8b2fdd,1,0,fd1501fcfbe6000efd48fe52ff61fea6,1,1,0,1e5d0a171e5d0a171e5d0a171e5d0a17,1,0,00000000000000000000000000000000,1,0,23c1,0,0,0,23c1,0,0,01fc000efe52fea6,1,0,40e803f8,0,1,0,fd15fbe6fd48ff61,1,0,"Active","Active","Active","Active","Active","Inactive","Inactive","Active","_","Active","Stream Beat","Stream Beat","Stream Beat","Stream Beat","Stream Beat","No Streams","No Streams","Stream Beat","_","Stream Beat"
672,672,0,0,0,0,00000004,ff09fe38ff8c01a8,03f8,235d,1,0,3fa82016,1,0,fc4cff09fe50fe38fff3ff8cff4501a8,1,1,0,1e5d0a171e5d0a171e5d0a171e5d0a17,1,0,00000000000000000000000000000000,1,0,23c1,0,0,0,23c1,0,0,ff09fe38ff8c01a8,1,0,40e803f8,0,1,0,fc4cfe50fff3ff45,1,0,"Active","Active","Active","Active","Active","Inactive","Inactive","Active","_","Active","Stream Beat","Stream Beat","Stream Beat","Stream Beat","Stream Beat","No Streams","No Streams","Stream Beat","_","Stream Beat"
673,673,0,0,0,0,00000004,fe9300990206013f,03f8,2340,1,0,3f6b102d,1,0,ff3dfe93fff60099fe600206fc67013f,1,1,0,1e5d0a171e5d0a171e5d0a171e5d0a17,1,0,00000000000000000000000000000000,1,0,23c1,0,0,0,23c1,0,0,fe9300990206013f,1,0,40e803f8,0,1,0,ff3dfff6fe60fc67,1,0,"Active","Active","Active","Active","Active","Inactive","Inactive","Active","_","Active","Stream Beat","Stream Beat","Stream Beat","Stream Beat","Stream Beat","No Streams","No Streams","Stream Beat","_","Stream Beat"
674,674,0,0,0,0,00000004,017c02060040fe4f,03f8,2349,1,0,3f5a1ff0,1,0,ff70017cfd440206fc050040fd05fe4f,1,1,0,1e5d0a171e5d0a171e5d0a171e5d0a17,1,0,00000000000000000000000000000000,1,0,23c1,0,0,0,23c1,0,0,017c02060040fe4f,1,0,40e803f8,0,1,0,ff70fd44fc05fd05,1,0,"Active","Active","Active","Active","Active","Inactive","Inactive","Active","_","Active","Stream Beat","Stream Beat","Stream Beat","Stream Beat","Stream Beat","No Streams","No Streams","Stream Beat","_","Stream Beat"
675,675,0,0,0,0,00000004,0167ff2efe23ff6d,03f8,2363,1,0,3f9d2fe7,1,0,fc770167fc23ff2efe17fe23ffe3ff6d,1,1,0,1e5d0a171e5d0a171e5d0a171e5d0a17,1,0,00000000000000000000000000000000,1,0,23c1,0,0,0,23c1,0,0,0167ff2efe23ff6d,1,0,40e803f8,0,1,0,fc77fc23fe17ffe3,1,0,"Active","Active","Active","Active","Active","Inactive","Inactive","Active","_","Active","Stream Beat","Stream Beat","Stream Beat","Stream Beat","Stream Beat","No Streams","No Streams","Stream Beat","_","Stream Beat"
676,676,0,0,0,0,00000004,fe6ffe7900770209,03f8,2354,1,0,3f9f1027,1,0,fcf0fe6fff18fe79ffff0077fe820209,1,1,0,1e5d0a171e5d0a171e5d0a171e5d0a17,1,0,00000000000000000000000000000000,1,0,23c1,0,0,0,23c1,0,0,fe6ffe7900770209,1,0,40e803f8,0,1,0,fcf0ff18fffffe82,1,0,"Active","Active","Active","Active","Active","Inactive","Inactive","Active","_","Active","Stream Beat","Stream Beat","Stream Beat","Stream Beat","Stream Beat","No Streams","No Streams","Stream Beat","_","Stream Beat"
677,677,0,0,0,0,00000004,ff40016102180071,03f8,2a45,1,0,3f5b1021,1,0,ffc8ff40ff910161fd660218fbf90071,1,1,0,1e5d0a171e5d0a171e5d0a171e5d0a17,1,0,00000000000000000000000000000000,1,0,23c1,0,0,0,23c1,0,0,ff40016102180071,1,0,40e803f8,0,1,0,ffc8ff91fd66fbf9,1,0,"Active","Active","Active","Active","Active","Inactive","Inactive","Active","_","Active","Stream Beat","Stream Beat","Stream Beat","Stream Beat","Stream Beat","No Streams","No Streams","Stream Beat","_","Stream Beat"
678,678,0,0,0,0,00000004,01fa0182ff66fe25,03f8,2352,1,0,3f692fe2,1,0,febe01fafc800182fc0fff66fdfcfe25,1,1,0,1e5d0a171e5d0a171e5d0a171e5d0a17,1,0,00000000000000000000000000000000,1,0,23c1,0,0,0,23c1,0,0,01fa0182ff66fe25,1,0,40e803f8,0,1,0,febefc80fc0ffdfc,1,0,"Active","Active","Active","Active","Active","Inactive","Inactive","Active","_","Active","Stream Beat","Stream Beat","Stream Beat","Stream Beat","Stream Beat","No Streams","No Streams","Stream Beat","_","Stream Beat"
679,679,0,0,0,0,00000004,009afe8cfe4b004b,03f8,1d9d,1,0,3fa81ff6,1,0,fc18009afcc8fe8cfeeafe4bfffa004b,1,1,0,1e5d0a171e5d0a171e5d0a171e5d0a17,1,0,00000000000000000000000000000000,1,0,23c1,0,0,0,23c1,0,0,009afe8cfe4b004b,1,0,40e803f8,0,1,0,fc18fcc8feeafffa,1,0,"Active","Active","Active","Active","Active","Inactive","Inactive","Active","_","Active","Stream Beat","Stream Beat","Stream Beat","Stream Beat","Stream Beat","No Streams","No Streams","Stream Beat","_","Stream Beat"
680,680,0,0,0,0,00000004,fe3bff0a0156021a,03f8,27cf,1,0,3f8b1032,1,0,fddcfe3bffb1ff0affa30156fd9d021a,1,1,0,1e5d0a171e5d0a171e5d0a171e5d0a17,1,0,00000000000000000000000000000000,1,0,23c1,0,0,0,23c1,0,0,fe3bff0a0156021a,1,0,40e803f8,0,1,0,fddcffb1ffa3fd9d,1,0,"Active","Active","Active","Active","Active","Inactive","Inactive","Active","_","Active","Stream Beat","Stream Beat","Stream Beat","Stream Beat","Stream Beat","No Streams","No Streams","Stream Beat","_","Stream Beat"
681,681,0,0,0,0,00000004,001801e201a8ff8e,03f8,2a47,1,0,3f542010,1,0,00020018fee001e2fcab01a8fc2aff8e,1,1,0,1e5d0a171e5d0a171e5d0a171e5d0a17,1,0,00000000000000000000000000000000,1,0,23c1,0,0,0,23c1,0,0,001801e201a8ff8e,1,0,40e803f8,0,1,0,0002fee0fcabfc2a,1,0,"Active","Active","Active","Active","Active","Inactive","Inactive","Active","_","Active","Stream Beat","Stream Beat","Stream Beat","Stream Beat","Stream Beat","No Streams","No Streams","Stream Beat","_","Stream Beat"
682,682,0,0,0,0,00000004,023300c4fea4fe4e,03f8,1d8f,1,0,3f7c1fdb,1,0,fdc20233fc1200c4fc93fea4fecdfe4e,1,1,0,1e5d0a171e5d0a171e5d0a171e5d0a17,1,0,00000000000000000000000000000000,1,0,23c1,0,0,0,23c1,0,0,023300c4fea4fe4e,1,0,40e803f8,0,1,0,fdc2fc12fc93fecd,1,0,"Active","Active","Active","Active","Active","Inactive","Inactive","Active","_","Active","Stream Beat","Stream Beat","Stream Beat","Stream Beat","Stream Beat","No Streams","No Streams","Stream Beat","_","Stream Beat"
683,683,0,0,0,0,00000004,ffb9fe23feec0128,03f8,1f5e,1,0,3fac200b,1,0,fc12ffb9fd83fe23ff9ffeecffb70128,1,1,0,1e5d0a171e5d0a171e5d0a171e5d0a17,1,0,00000000000000000000000000000000,1,0,23c1,0,0,0,23c1,0,0,ffb9fe23feec0128,1,0,40e803f8,0,1,0,fc12fd83ff9fffb7,1,0,"Active","Active","Active","Active","Active","Inactive","Inactive","Active","_","Active","Stream Beat","Stream Beat","Stream Beat","Stream Beat","Stream Beat","No Streams","No Streams","Stream Beat","_","Stream Beat"
684,684,0,0,0,0,00000004,fe1fffe401dc01bf,03f8,2a48,1,0,2f7b1033,1,0,fe93fe1ffff7ffe4ff0801dcfcd101bf,1,1,0,1e5d0a171e5d0a171e5d0a171e5d0a17,1,0,00000000000000000000000000000000,1,0,23c1,0,0,0,23c1,0,0,fe1fffe401dc01bf,1,0,40e803f8,0,1,0,fe93fff7ff08fcd1,1,0,"Active","Active","Active","Active","Active","Inactive","Inactive","Active","_","Active","Stream Beat","Stream Beat","Stream Beat","Stream Beat","Stream Beat","No Streams","No Streams","Stream Beat","_","Stream Beat"
685,685,0,0,0,0,00000004,010a021a00e6fecb,03f8,2343,1,0,3f531ffe,1,0,ffd1010afe06021afc4100e6fc7afecb,1,1,0,1e5d0a171e5d0a171e5d0a171e5d0a17,1,0,00000000000000000000000000000000,1,0,23c1,0,0,0,23c1,0,0,010a021a00e6fecb,1,0,40e803f8,0,1,0,ffd1fe06fc41fc7a,1,0,"Active","Active","Active","Active","Active","Inactive","Inactive","Active","_","Active","Stream Beat","Stream Beat","Stream Beat","Stream Beat","Stream Beat","No Streams","No Streams","Stream Beat","_","Stream Beat"
686,686,0,0,0,0,00000004,01e2ffeafe26fec9,03f8,1f58,1,0,3f8e2fdf,1,0,fce701e2fbf5ffeafd54fe26ff7afec9,1,1,0,1e5d0a171e5d0a171e5d0a171e5d0a17,1,0,00000000000000000000000000000000,1,0,23c1,0,0,0,23c1,0,0,01e2ffeafe26fec9,1,0,40e803f8,0,1,0,fce7fbf5fd54ff7a,1,0,"Active","Active","Active","Active","Active","Inactive","Inactive","Active","_","Active","Stream Beat","Stream Beat","Stream Beat","Stream Beat","Stream Beat","No Streams","No Streams","Stream Beat","_","Stream Beat"
687,687,0,0,0,0,00000004,fee5fe20ffd601d1,03f8,235b,1,0,3fa62019,1,0,fc5efee5fe65fe20fffbffd6ff2401d1,1,1,0,1e5d0a171e5d0a171e5d0a171e5d0a17,1,0,00000000000000000000000000000000,1,0,23c1,0,0,0,23c1,0,0,fee5fe20ffd601d1,1,0,40e803f8,0,1,0,fc5efe65fffbff24,1,0,"Active","Active","Active","Active","Active","Inactive","Inactive","Active","_","Active","Stream Beat","Stream Beat","Stream Beat","Stream Beat","Stream Beat","No Streams","No Streams","Stream Beat","_","Stream Beat"
688,688,0,0,0,0,00000004,feaf00c302160112,03f8,233e,1,0,3f69102d,1,0,ff5afeafffed00c3fe2c0216fc690112,1,1,0,1e5d0a171e5d0a171e5d0a171e5d0a17,1,0,00000000000000000000000000000000,1,0,23c1,0,0,0,23c1,0,0,feaf00c302160112,1,0,40e803f8,0,1,0,ff5affedfe2cfc69,1,0,"Active","Active","Active","Active","Active","Inactive","Inactive","Active","_","Active","Stream Beat","Stream Beat","Stream Beat","Stream Beat","Stream Beat","No Streams","No Streams","Stream Beat","_","Stream Beat"
689,689,0,0,0,0,00000004,019901ec0018fe3f,03f8,234c,1,0,3f5a2feb,1,0,ff530199fd2301ecfbed0018fd3afe3f,1,1,0,1e5d0a171e5d0a171e5d0a171e5d0a17,1,0,00000000000000000000000000000000,1,0,23c1,0,0,0,23c1,0,0,019901ec0018fe3f,1,0,40e803f8,0,1,0,ff53fd23fbedfd3a,1,0,"Active","Active","Active","Active","Active","Inactive","Inactive","Active","_","Active","Stream Beat","Stream Beat","Stream Beat","Stream Beat","Stream Beat","No Streams","No Streams","Stream Beat","_","Stream Beat"
690,690,0,0,0,0,00000004,0141ff0efe1dff97,03f8,1d9b,1,0,3f9e2fea,1,0,fc4b0141fc3cff0efe40fe1dffedff97,1,1,0,1e5d0a171e5d0a171e5d0a171e5d0a17,1,0,00000000000000000000000000000000,1,0,23c1,0,0,0,23c1,0,0,0141ff0efe1dff97,1,0,40e803f8,0,1,0,fc4bfc3cfe40ffed,1,0,"Active","Active","Active","Active","Active","Inactive","Inactive","Active","_","Active","Stream Beat","Stream Beat","Stream Beat","Stream Beat","Stream Beat","No Streams","No Streams","Stream Beat","_","Stream Beat"
691,691,0,0,0,0,00000004,fe4afe80009d022d,03f8,2353,1,0,3f9d1029,1,0,fcf5fe4aff39fe80ffee009dfe4e022d,1,1,0,1e5d0a171e5d0a171e5d0a171e5d0a17,1,0,00000000000000000000000000000000,1,0,23c1,0,0,0,23c1,0,0,fe4afe80009d022d,1,0,40e803f8,0,1,0,fcf5ff39ffeefe4e,1,0,"Active","Active","Active","Active","Active","Inactive","Inactive","Active","_","Active","Stream Beat","Stream Beat","Stream Beat","Stream Beat","Stream Beat","No Streams","No Streams","Stream Beat","_","Stream Beat"
692,692,0,0,0,0,00000004,ff6a017c01ea0046,03f8,2a46,1,0,3f59101d,1,0,ffd6ff6aff7b017cfd6201eafbe40046,1,1,0,1e5d0a171e5d0a171e5d0a171e5d0a17,1,0,00000000000000000000000000000000,1,0,23c1,0,0,0,23c1,0,0,ff6a017c01ea0046,1,0,40e803f8,0,1,0,ffd6ff7bfd62fbe4,1,0,"Active","Active","Active","Active","Active","Inactive","Inactive","Active","_","Active","Stream Beat","Stream Beat","Stream Beat","Stream Beat","Stream Beat","No Streams","No Streams","Stream Beat","_","Stream Beat"
693,693,0,0,0,0,00000004,0221015eff3efe15,03f8,2352,1,0,3f6b2fe0,1,0,fe820221fc6c015efc24ff3efe19fe15,1,1,0,1e5d0a171e5d0a171e5d0a171e5d0a17,1,0,00000000000000000000000000000000,1,0,23c1,0,0,0,23c1,0,0,0221015eff3efe15,1,0,40e803f8,0,1,0,fe82fc6cfc24fe19,1,0,"Active","Active","Active","Active","Active","Inactive","Inactive","Active","_","Active","Stream Beat","Stream Beat","Stream Beat","Stream Beat","Stream Beat","No Streams","No Streams","Stream Beat","_","Stream Beat"
694,694,0,0,0,0,00000004,0064fe77fe68005b,03f8,1d9c,1,0,3fa61ff9,1,0,fc220064fce3fe77ff1bfe68fff4005b,1,1,0,1e5d0a171e5d0a171e5d0a171e5d0a17,1,0,00000000000000000000000000000000,1,0,23c1,0,0,0,23c1,0,0,0064fe77fe68005b,1,0,40e803f8,0,1,0,fc22fce3ff1bfff4,1,0,"Active","Active","Active","Active","Active","Inactive","Inactive","Active","_","Active","Stream Beat","Stream Beat","Stream Beat","Stream Beat","Stream Beat","No Streams","No Streams","Stream Beat","_","Stream Beat"
695,695,0,0,0,0,00000004,fe0eff3f01570209,03f8,2a4e,1,0,3f891031,1,0,fddafe0effccff3fff8e0157fd880209,1,1,0,1e5d0a171e5d0a171e5d0a171e5d0a17,1,0,00000000000000000000000000000000,1,0,23c1,0,0,0,23c1,0,0,fe0eff3f01570209,1,0,40e803f8,0,1,0,fddaffccff8efd88,1,0,"Active","Active","Active","Active","Active","Inactive","Inactive","Active","_","Active","Stream Beat","Stream Beat","Stream Beat","Stream Beat","Stream Beat","No Streams","No Streams","Stream Beat","_","Stream Beat"
696,696,0,0,0,0,00000004,00430205018bff65,03f8,2a49,1,0,3f52200d,1,0,ffff0043feb20205fc7c018bfc1aff65,1,1,0,1e5d0a171e5d0a171e5d0a171e5d0a17,1,0,00000000000000000000000000000000,1,0,23c1,0,0,0,23c1,0,0,00430205018bff65,1,0,40e803f8,0,1,0,fffffeb2fc7cfc1a,1,0,"Active","Active","Active","Active","Active","Inactive","Inactive","Active","_","Active","Stream Beat","Stream Beat","Stream Beat","Stream Beat","Stream Beat","No Streams","No Streams","Stream Beat","_","Stream Beat"
697,697,0,0,0,0,00000004,0219009dfe86fe4b,03f8,1d91,1,0,3f811fd9,1,0,fda30219fc0d009dfcbdfe86fee6fe4b,1,1,0,1e5d0a171e5d0a171e5d0a171e5d0a17,1,0,00000000000000000000000000000000,1,0,23c1,0,0,0,23c1,0,0,0219009dfe86fe4b,1,0,40e803f8,0,1,0,fda3fc0dfcbdfee6,1,0,"Active","Active","Active","Active","Active","Inactive","Inactive","Active","_","Active","Stream Beat","Stream Beat","Stream Beat","Stream Beat","Stream Beat","No Streams","No Streams","Stream Beat","_","Stream Beat"
698,698,0,0,0,0,00000004,ff8afe16ff120131,03f8,2360,1,0,3fab200a,1,0,fbf9ff8afdaafe16ffb5ff12ffac0131,1,1,0,1e5d0a171e5d0a171e5d0a171e5d0a17,1,0,00000000000000000000000000000000,1,0,23c1,0,0,0,23c1,0,0,ff8afe16ff120131,1,0,40e803f8,0,1,0,fbf9fdaaffb5ffac,1,0,"Active","Active","Active","Active","Active","Inactive","Inactive","Active","_","Active","Stream Beat","Stream Beat","Stream Beat","Stream Beat","Stream Beat","No Streams","No Streams","Stream Beat","_","Stream Beat"
699,699,0,0,0,0,00000004,fe4c001a020701a5,03f8,2a47,1,0,3f741033,1,0,fecdfe4cffff001afece0207fcb401a5,1,1,0,1e5d0a171e5d0a171e5d0a171e5d0a17,1,0,00000000000000000000000000000000,1,0,23c1,0,0,0,23c1,0,0,fe4c001a020701a5,1,0,40e803f8,0,1,0,fecdfffffecefcb4,1,0,"Active","Active","Active","Active","Active","Inactive","Inactive","Active","_","Active","Stream Beat","Stream Beat","Stream Beat","Stream Beat","Stream Beat","No Streams","No Streams","Stream Beat","_","Stream Beat"
700,700,0,0,0,0,00000004,0130021500c1feb2,03f8,2344,1,0,3f551ff8,1,0,ffb90130fddf0215fc2e00c1fcb4feb2,1,1,0,1e5d0a171e5d0a171e5d0a171e5d0a17,1,0,00000000000000000000000000000000,1,0,23c1,0,0,0,23c1,0,0,0130021500c1feb2,1,0,40e803f8,0,1,0,ffb9fddffc2efcb4,1,0,"Active","Active","Active","Active","Active","Inactive","Inactive","Active","_","Active","Stream Beat","Stream Beat","Stream Beat","Stream Beat","Stream Beat","No Streams","No Streams","Stream Beat","_","Stream Beat"
701,701,0,0,0,0,00000004,01bdffb8fe2afef3,03f8,2362,1,0,3f902fde,1,0,fce401bdfc08ffb8fd8bfe2affa0fef3,1,1,0,1e5d0a171e5d0a171e5d0a171e5d0a17,1,0,00000000000000000000000000000000,1,0,23c1,0,0,0,23c1,0,0,01bdffb8fe2afef3,1,0,40e803f8,0,1,0,fce4fc08fd8bffa0,1,0,"Active","Active","Active","Active","Active","Inactive","Inactive","Active","_","Active","Stream Beat","Stream Beat","Stream Beat","Stream Beat","Stream Beat","No Streams","No Streams","Stream Beat","_","Stream Beat"
702,702,0,0,0,0,00000004,fecbfe1fffcc01d0,03f8,2358,1,0,3fa41021,1,0,fc8dfecbfe86fe1fffffffccff0601d0,1,1,0,1e5d0a171e5d0a171e5d0a171e5d0a17,1,0,00000000000000000000000000000000,1,0,23c1,0,0,0,23c1,0,0,fecbfe1fffcc01d0,1,0,40e803f8,0,1,0,fc8dfe86ffffff06,1,0,"Active","Active","Active","Active","Active","Inactive","Inactive","Active","_","Active","Stream Beat","Stream Beat","Stream Beat","Stream Beat","Stream Beat","No Streams","No Streams","Stream Beat","_","Stream Beat"
703,703,0,0,0,0,00000004,feb200f1022e00f0,03f8,27be,1,0,3f67102b,1,0,ff7afeb2ffd100f1fdf5022efc3300f0,1,1,0,1e5d0a171e5d0a171e5d0a171e5d0a17,1,0,00000000000000000000000000000000,1,0,23c1,0,0,0,23c1,0,0,feb200f1022e00f0,1,0,40e803f8,0,1,0,ff7affd1fdf5fc33,1,0,"Active","Active","Active","Active","Active","Inactive","Inactive","Active","_","Active","Stream Beat","Stream Beat","Stream Beat","Stream Beat","Stream Beat","No Streams","No Streams","Stream Beat","_","Stream Beat"
704,704,0,0,0,0,00000004,01bd01e0ffe1fe34,03f8,234b,1,0,3f612fe9,1,0,ff2801bdfcff01e0fbe7ffe1fd54fe34,1,1,0,1e5d0a171e5d0a171e5d0a171e5d0a17,1,0,00000000000000000000000000000000,1,0,23c1,0,0,0,23c1,0,0,01bd01e0ffe1fe34,1,0,40e803f8,0,1,0,ff28fcfffbe7fd54,1,0,"Active","Active","Active","Active","Active","Inactive","Inactive","Active","_","Active","Stream Beat","Stream Beat","Stream Beat","Stream Beat","Stream Beat","No Streams","No Streams","Stream Beat","_","Stream Beat"
705,705,0,0,0,0,00000004,0118fef0fe1affa2,03f8,1d9b,1,0,3fa12fe8,1,0,fc440118fc6ffef0fe61fe1afff7ffa2,1,1,0,1e5d0a171e5d0a171e5d0a171e5d0a17,1,0,00000000000000000000000000000000,1,0,23c1,0,0,0,23c1,0,0,0118fef0fe1affa2,1,0,40e803f8,0,1,0,fc44fc6ffe61fff7,1,0,"Active","Active","Active","Active","Active","Inactive","Inactive","Active","_","Active","Stream Beat","Stream Beat","Stream Beat","Stream Beat","Stream Beat","No Streams","No Streams","Stream Beat","_","Stream Beat"
706,706,0,0,0,0,00000004,fe43feab00c00220,03f8,2351,1,0,3f97102c,1,0,fd30fe43ff61feabffe400c0fe2e0220,1,1,0,1e5d0a171e5d0a171e5d0a171e5d0a17,1,0,00000000000000000000000000000000,1,0,23c1,0,0,0,23c1,0,0,fe43feab00c00220,1,0,40e803f8,0,1,0,fd30ff61ffe4fe2e,1,0,"Active","Active","Active","Active","Active","Inactive","Inactive","Active","_","Active","Stream Beat","Stream Beat","Stream Beat","Stream Beat","Stream Beat","No Streams","No Streams","Stream Beat","_","Stream Beat"
707,707,0,0,0,0,00000004,ff9101af01f20014,03f8,2a45,1,0,3f56201b,1,0,ffefff91ff4601affd2401f2fbf50014,1,1,0,1e5d0a171e5d0a171e5d0a171e5d0a17,1,0,00000000000000000000000000000000,1,0,23c1,0,0,0,23c1,0,0,ff9101af01f20014,1,0,40e803f8,0,1,0,ffefff46fd24fbf5,1,0,"Active","Active","Active","Active","Active","Inactive","Inactive","Active","_","Active","Stream Beat","Stream Beat","Stream Beat","Stream Beat","Stream Beat","No Streams","No Streams","Stream Beat","_","Stream Beat"
708,708,0,0,0,0,00000004,021a013bff10fe1b,03f8,1d8a,1,0,3f702fdc,1,0,fe5a021afc6d013bfc4bff10fe37fe1b,1,1,0,1e5d0a171e5d0a171e5d0a171e5d0a17,1,0,00000000000000000000000000000000,1,0,23c1,0,0,0,23c1,0,0,021a013bff10fe1b,1,0,40c003a8,1,1,0,fe5afc6dfc4bfe37,1,0,"Active","Active","Active","Active","Active","Inactive","Inactive","Active","Active","Active","Stream Beat","Stream Beat","Stream Beat","Stream Beat","Stream Beat","No Streams","No Streams","Stream Beat","Stream Beat","Stream Beat"
709,709,0,0,0,0,00000004,0044fe59fe7a0095,03a8,1d9b,1,0,3faa1ffc,1,0,fbee0044fd0bfe59ff35fe7afff10095,1,1,0,1e5d0a171e5d0a171e5d0a171e5d0a17,1,0,00000000000000000000000000000000,1,0,23c1,0,0,0,23c1,0,0,0044fe59fe7a0095,1,0,40c003a8,0,1,0,fbeefd0bff35fff1,1,0,"Active","Active","Active","Active","Active","Inactive","Inactive","Active","_","Active","Stream Beat","Stream Beat","Stream Beat","Stream Beat","Stream Beat","No Streams","No Streams","Stream Beat","_","Stream Beat"
710,710,0,0,0,0,00000004,fe12ff52017f0205,03a8,2a4d,1,0,3f841034,1,0,fe13fe12ffd2ff52ff78017ffd440205,1,1,0,1e5d0a171e5d0a171e5d0a171e5d0a17,1,0,00000000000000000000000000000000,1,0,23c1,0,0,0,23c1,0,0,fe12ff52017f0205,1,0,40c003a8,0,1,0,fe13ffd2ff78fd44,1,0,"Active","Active","Active","Active","Active","Inactive","Inactive","Active","_","Active","Stream Beat","Stream Beat","Stream Beat","Stream Beat","Stream Beat","No Streams","No Streams","Stream Beat","_","Stream Beat"
711,711,0,0,0,0,00000004,006902220163ff3e,03a8,2a4b,1,0,3f542008,1,0,fff90069fe7e0222fc6b0163fc23ff3e,1,1,0,1e5d0a171e5d0a171e5d0a171e5d0a17,1,0,00000000000000000000000000000000,1,0,23c1,0,0,0,23c1,0,0,006902220163ff3e,1,0,40c003a8,0,1,0,fff9fe7efc6bfc23,1,0,"Active","Active","Active","Active","Active","Inactive","Inactive","Active","_","Active","Stream Beat","Stream Beat","Stream Beat","Stream Beat","Stream Beat","No Streams","No Streams","Stream Beat","_","Stream Beat"
712,712,0,0,0,0,00000004,020d006efe78fe68,03a8,1d92,1,0,3f811fda,1,0,fd7c020dfc19006efcf5fe78ff11fe68,1,1,0,1e5d0a171e5d0a171e5d0a171e5d0a17,1,0,00000000000000000000000000000000,1,0,23c1,0,0,0,23c1,0,0,020d006efe78fe68,1,0,40c003a8,0,1,0,fd7cfc19fcf5ff11,1,0,"Active","Active","Active","Active","Active","Inactive","Inactive","Active","_","Active","Stream Beat","Stream Beat","Stream Beat","Stream Beat","Stream Beat","No Streams","No Streams","Stream Beat","_","Stream Beat"
713,713,0,0,0,0,00000004,ff60fe15ff150146,03a8,235e,1,0,3faa200e,1,0,fc0fff60fddcfe15ffc1ff15ff980146,1,1,0,1e5d0a171e5d0a171e5d0a171e5d0a17,1,0,00000000000000000000000000000000,1,0,23c1,0,0,0,23c1,0,0,ff60fe15ff150146,1,0,40c003a8,0,1,0,fc0ffddcffc1ff98,1,0,"Active","Active","Active","Active","Active","Inactive","Inactive","Active","_","Active","Stream Beat","Stream Beat","Stream Beat","Stream Beat","Stream Beat","No Streams","No Streams","Stream Beat","_","Stream Beat"
714,714,0,0,0,0,00000004,fe4d0053020e019e,03a8,2a47,1,0,3f701032,1,0,fee6fe4d00010053fea9020efc62019e,1,1,0,1e5d0a171e5d0a171e5d0a171e5d0a17,1,0,00000000000000000000000000000000,1,0,23c1,0,0,0,23c1,0,0,fe4d0053020e019e,1,0,40c003a8,0,1,0,fee60001fea9fc62,1,0,"Active","Active","Active","Active","Active","Inactive","Inactive","Active","_","Active","Stream Beat","Stream Beat","Stream Beat","Stream Beat","Stream Beat","No Streams","No Streams","Stream Beat","_","Stream Beat"
715,715,0,0,0,0,00000004,013e02280092fe8f,03a8,2345,1,0,3f591ff5,1,0,ffa6013efd9b0228fc460092fcc6fe8f,1,1,0,1e5d0a171e5d0a171e5d0a171e5d0a17,1,0,00000000000000000000000000000000,1,0,23c1,0,0,0,23c1,0,0,013e02280092fe8f,1,0,40c003a8,0,1,0,ffa6fd9bfc46fcc6,1,0,"Active","Active","Active","Active","Active","Inactive","Inactive","Active","_","Active","Stream Beat","Stream Beat","Stream Beat","Stream Beat","Stream Beat","No Streams","No Streams","Stream Beat","_","Stream Beat"
716,716,0,0,0,0,00000004,01a0ff92fe26ff17,03a8,2364,1,0,3f942fdd,1,0,fcb201a0fc11ff92fdbefe26ffb9ff17,1,1,0,1e5d0a171e5d0a171e5d0a171e5d0a17,1,0,00000000000000000000000000000000,1,0,23c1,0,0,0,23c1,0,0,01a0ff92fe26ff17,1,0,40c003a8,0,1,0,fcb2fc11fdbeffb9,1,0,"Active","Active","Active","Active","Active","Inactive","Inactive","Active","_","Active","Stream Beat","Stream Beat","Stream Beat","Stream Beat","Stream Beat","No Streams","No Streams","Stream Beat","_","Stream Beat"
717,717,0,0,0,0,00000004,feb9fe45000c01fe,03a8,2358,1,0,2f9f1024,1,0,fcb2feb9fed0fe45fff7000cfedd01fe,1,1,0,1e5d0a171e5d0a171e5d0a171e5d0a17,1,0,00000000000000000000000000000000,1,0,23c1,0,0,0,23c1,0,0,feb9fe45000c01fe,1,0,40c003a8,0,1,0,fcb2fed0fff7fedd,1,0,"Active","Active","Active","Active","Active","Inactive","Inactive","Active","_","Active","Stream Beat","Stream Beat","Stream Beat","Stream Beat","Stream Beat","No Streams","No Streams","Stream Beat","_","Stream Beat"
718,718,0,0,0,0,00000004,fedf0124022600c6,03a8,2a44,1,0,3f641028,1,0,ff99fedfffbb0124fdd10226fc0c00c6,1,1,0,1e5d0a171e5d0a171e5d0a171e5d0a17,1,0,00000000000000000000000000000000,1,0,23c1,0,0,0,23c1,0,0,fedf0124022600c6,1,0,40c003a8,0,1,0,ff99ffbbfdd1fc0c,1,0,"Active","Active","Active","Active","Active","Inactive","Inactive","Active","_","Active","Stream Beat","Stream Beat","Stream Beat","Stream Beat","Stream Beat","No Streams","No Streams","Stream Beat","_","Stream Beat"
719,719,0,0,0,0,00000004,01cc01ceffb3fe20,03a8,234e,1,0,3f632fe6,1,0,ff0101ccfcd401cefbfeffb3fd76fe20,1,1,0,1e5d0a171e5d0a171e5d0a171e5d0a17,1,0,00000000000000000000000000000000,1,0,23c1,0,0,0,23c1,0,0,01cc01ceffb3fe20,1,0,40c003a8,0,1,0,ff01fcd4fbfefd76,1,0,"Active","Active","Active","Active","Active","Inactive","Inactive","Active","_","Active","Stream Beat","Stream Beat","Stream Beat","Stream Beat","Stream Beat","No Streams","No Streams","Stream Beat","_","Stream Beat"
720,720,0,0,0,0,00000004,00f0fed5fe38ffdb,03a8,1d9c,1,0,3fa51ff0,1,0,fc3300f0fca6fed5fe94fe380005ffdb,1,1,0,1e5d0a171e5d0a171e5d0a171e5d0a17,1,0,00000000000000000000000000000000,1,0,23c1,0,0,0,23c1,0,0,00f0fed5fe38ffdb,1,0,40c003a8,0,1,0,fc33fca6fe940005,1,0,"Active","Active","Active","Active","Active","Inactive","Inactive","Active","_","Active","Stream Beat","Stream Beat","Stream Beat","Stream Beat","Stream Beat","No Streams","No Streams","Stream Beat","_","Stream Beat"
721,721,0,0,0,0,00000004,fe35feb700e70227,03a8,2a52,1,0,3f93102e,1,0,fd54fe35ff7dfeb7ffd000e7fe020227,1,1,0,1e5d0a171e5d0a171e5d0a171e5d0a17,1,0,00000000000000000000000000000000,1,0,23c1,0,0,0,23c1,0,0,fe35feb700e70227,1,0,40c003a8,0,1,0,fd54ff7dffd0fe02,1,0,"Active","Active","Active","Active","Active","Inactive","Inactive","Active","_","Active","Stream Beat","Stream Beat","Stream Beat","Stream Beat","Stream Beat","No Streams","No Streams","Stream Beat","_","Stream Beat"
722,722,0,0,0,0,00000004,ffd601c101d3ffe4,03a8,2a46,1,0,3f542016,1,0,fff8ffd6ff2b01c1fd0e01d3fbf2ffe4,1,1,0,1e5d0a171e5d0a171e5d0a171e5d0a17,1,0,00000000000000000000000000000000,1,0,23c1,0,0,0,23c1,0,0,ffd601c101d3ffe4,1,0,40c003a8,0,1,0,fff8ff2bfd0efbf2,1,0,"Active","Active","Active","Active","Active","Inactive","Inactive","Active","_","Active","Stream Beat","Stream Beat","Stream Beat","Stream Beat","Stream Beat","No Streams","No Streams","Stream Beat","_","Stream Beat"
723,723,0,0,0,0,00000004,02100123feebfe30,03a8,1d8d,1,0,2f772fdd,1,0,fe3b0210fc230123fc52feebfe77fe30,1,1,0,1e5d0a171e5d0a171e5d0a171e5d0a17,1,0,00000000000000000000000000000000,1,0,23c1,0,0,0,23c1,0,0,02100123feebfe30,1,0,40c003a8,0,1,0,fe3bfc23fc52fe77,1,0,"Active","Active","Active","Active","Active","Inactive","Inactive","Active","_","Active","Stream Beat","Stream Beat","Stream Beat","Stream Beat","Stream Beat","No Streams","No Streams","Stream Beat","_","Stream Beat"
724,724,0,0,0,0,00000004,001bfe49feb400c5,03a8,1d9c,1,0,3faa1fff,1,0,fc07001bfd44fe49ff5efeb4ffe800c5,1,1,0,1e5d0a171e5d0a171e5d0a171e5d0a17,1,0,00000000000000000000000000000000,1,0,23c1,0,0,0,23c1,0,0,001bfe49feb400c5,1,0,40c003a8,0,1,0,fc07fd44ff5effe8,1,0,"Active","Active","Active","Active","Active","Inactive","Inactive","Active","_","Active","Stream Beat","Stream Beat","Stream Beat","Stream Beat","Stream Beat","No Streams","No Streams","Stream Beat","_","Stream Beat"
725,725,0,0,0,0,00000004,fe1fff80019401f0,03a8,2a4b,1,0,3f822034,1,0,fe3dfe1fffe8ff80ff590194fd2001f0,1,1,0,1e5d0a171e5d0a171e5d0a171e5d0a17,1,0,00000000000000000000000000000000,1,0,23c1,0,0,0,23c1,0,0,fe1fff80019401f0,1,0,40c003a8,0,1,0,fe3dffe8ff59fd20,1,0,"Active","Active","Active","Active","Active","Inactive","Inactive","Active","_","Active","Stream Beat","Stream Beat","Stream Beat","Stream Beat","Stream Beat","No Streams","No Streams","Stream Beat","_","Stream Beat"
726,726,0,0,0,0,00000004,007a021d0146ff14,03a8,2340,1,0,3f522004,1,0,fff5007afe58021dfc500146fc4eff14,1,1,0,1e5d0a171e5d0a171e5d0a171e5d0a17,1,0,00000000000000000000000000000000,1,0,23c1,0,0,0,23c1,0,0,007a021d0146ff14,1,0,40c003a8,0,1,0,fff5fe58fc50fc4e,1,0,"Active","Active","Active","Active","Active","Inactive","Inactive","Active","_","Active","Stream Beat","Stream Beat","Stream Beat","Stream Beat","Stream Beat","No Streams","No Streams","Stream Beat","_","Stream Beat"
727,727,0,0,0,0,00000004,01e50041fe52fe80,03a8,1d94,1,0,3f891fdd,1,0,fd7901e5fc090041fcfbfe52ff36fe80,1,1,0,1e5d0a171e5d0a171e5d0a171e5d0a17,1,0,00000000000000000000000000000000,1,0,23c1,0,0,0,23c1,0,0,01e50041fe52fe80,1,0,40c003a8,0,1,0,fd79fc09fcfbff36,1,0,"Active","Active","Active","Active","Active","Inactive","Inactive","Active","_","Active","Stream Beat","Stream Beat","Stream Beat","Stream Beat","Stream Beat","No Streams","No Streams","Stream Beat","_","Stream Beat"
728,728,0,0,0,0,00000004,ff40fe17ff6b0179,03a8,235e,1,0,3fa92012,1,0,fc44ff40fe0dfe17ffdfff6bff740179,1,1,0,1e5d0a171e5d0a171e5d0a171e5d0a17,1,0,00000000000000000000000000000000,1,0,23c1,0,0,0,23c1,0,0,ff40fe17ff6b0179,1,0,40c003a8,0,1,0,fc44fe0dffdfff74,1,0,"Active","Active","Active","Active","Active","Inactive","Inactive","Active","_","Active","Stream Beat","Stream Beat","Stream Beat","Stream Beat","Stream Beat","No Streams","No Streams","Stream Beat","_","Stream Beat"
729,729,0,0,0,0,00000004,fe790065021b016e,03a8,2a45,1,0,3f6e102f,1,0,ff1dfe79fffa0065fe81021bfc61016e,1,1,0,1e5d0a171e5d0a171e5d0a171e5d0a17,1,0,00000000000000000000000000000000,1,0,23c1,0,0,0,23c1,0,0,fe790065021b016e,1,0,40c003a8,0,1,0,ff1dfffafe81fc61,1,0,"Active","Active","Active","Active","Active","Inactive","Inactive","Active","_","Active","Stream Beat","Stream Beat","Stream Beat","Stream Beat","Stream Beat","No Streams","No Streams","Stream Beat","_","Stream Beat"
730,730,0,0,0,0,00000004,01520205006dfe7a,03a8,2348,1,0,3f5b1fef,1,0,ff920152fd8c0205fc13006dfceffe7a,1,1,0,1e5d0a171e5d0a171e5d0a171e5d0a17,1,0,00000000000000000000000000000000,1,0,23c1,0,0,0,23c1,0,0,01520205006dfe7a,1,0,40c003a8,0,1,0,ff92fd8cfc13fcef,1,0,"Active","Active","Active","Active","Active","Inactive","Inactive","Active","_","Active","Stream Beat","Stream Beat","Stream Beat","Stream Beat","Stream Beat","No Streams","No Streams","Stream Beat","_","Stream Beat"
731,731,0,0,0,0,00000004,0197ff61fe13ff31,03a8,2363,1,0,3f9a2fe3,1,0,fc7d0197fc1cff61fdd6fe13ffc9ff31,1,1,0,1e5d0a171e5d0a171e5d0a171e5d0a17,1,0,00000000000000000000000000000000,1,0,23c1,0,0,0,23c1,0,0,0197ff61fe13ff31,1,0,40c003a8,0,1,0,fc7dfc1cfdd6ffc9,1,0,"Active","Active","Active","Active","Active","Inactive","Inactive","Active","_","Active","Stream Beat","Stream Beat","Stream Beat","Stream Beat","Stream Beat","No Streams","No Streams","Stream Beat","_","Stream Beat"
732,732,0,0,0,0,00000004,fe87fe4d00520203,03a8,2357,1,0,3f9f1026,1,0,fcb1fe87fee3fe4d00040052feac0203,1,1,0,1e5d0a171e5d0a171e5d0a171e5d0a17,1,0,00000000000000000000000000000000,1,0,23c1,0,0,0,23c1,0,0,fe87fe4d00520203,1,0,40c003a8,0,1,0,fcb1fee30004feac,1,0,"Active","Active","Active","Active","Active","Inactive","Inactive","Active","_","Active","Stream Beat","Stream Beat","Stream Beat","Stream Beat","Stream Beat","No Streams","No Streams","Stream Beat","_","Stream Beat"
733,733,0,0,0,0,00000004,ff08014f02190094,03a8,2a44,1,0,3f621023,1,0,ffb4ff08ffa0014ffdaf0219fc3a0094,1,1,0,1e5d0a171e5d0a171e5d0a171e5d0a17,1,0,00000000000000000000000000000000,1,0,23c1,0,0,0,23c1,0,0,ff08014f02190094,1,0,40c003a8,0,1,0,ffb4ffa0fdaffc3a,1,0,"Active","Active","Active","Active","Active","Inactive","Inactive","Active","_","Active","Stream Beat","Stream Beat","Stream Beat","Stream Beat","Stream Beat","No Streams","No Streams","Stream Beat","_","Stream Beat"
734,734,0,0,0,0,00000004,01f501a7ff8ffe1c,03a8,2350,1,0,3f632fe3,1,0,fee101f5fcab01a7fbf9ff8ffdaefe1c,1,1,0,1e5d0a171e5d0a171e5d0a171e5d0a17,1,0,00000000000000000000000000000000,1,0,23c1,0,0,0,23c1,0,0,01f501a7ff8ffe1c,1,0,40c003a8,0,1,0,fee1fcabfbf9fdae,1,0,"Active","Active","Active","Active","Active","Inactive","Inactive","Active","_","Active","Stream Beat","Stream Beat","Stream Beat","Stream Beat","Stream Beat","No Streams","No Streams","Stream Beat","_","Stream Beat"
735,735,0,0,0,0,00000004,00c4feadfe3d001d,03a8,1d9d,1,0,2fa41ff2,1,0,fc1f00c4fc94feadfec6fe3dfffa001d,1,1,0,1e5d0a171e5d0a171e5d0a171e5d0a17,1,0,00000000000000000000000000000000,1,0,23c1,0,0,0,23c1,0,0,00c4feadfe3d001d,1,0,40c003a8,0,1,0,fc1ffc94fec6fffa,1,0,"Active","Active","Active","Active","Active","Inactive","Inactive","Active","_","Active","Stream Beat","Stream Beat","Stream Beat","Stream Beat","Stream Beat","No Streams","No Streams","Stream Beat","_","Stream Beat"
736,736,0,0,0,0,00000004,fe30fee500fc0210,03a8,27ce,1,0,3f931030,1,0,fd8cfe30ff9bfee5ffc400fcfdeb0210,1,1,0,1e5d0a171e5d0a171e5d0a171e5d0a17,1,0,00000000000000000000000000000000,1,0,23c1,0,0,0,23c1,0,0,fe30fee500fc0210,1,0,40c003a8,0,1,0,fd8cff9bffc4fdeb,1,0,"Active","Active","Active","Active","Active","Inactive","Inactive","Active","_","Active","Stream Beat","Stream Beat","Stream Beat","Stream Beat","Stream Beat","No Streams","No Streams","Stream Beat","_","Stream Beat"
737,737,0,0,0,0,00000004,000801eb01b7ffbc,03a8,2a47,1,0,3f532014,1,0,00020008fefa01ebfcf301b7fc14ffbc,1,1,0,1e5d0a171e5d0a171e5d0a171e5d0a17,1,0,00000000000000000000000000000000,1,0,23c1,0,0,0,23c1,0,0,000801eb01b7ffbc,1,0,40c003a8,0,1,0,0002fefafcf3fc14,1,0,"Active","Active","Active","Active","Active","Inactive","Inactive","Active","_","Active","Stream Beat","Stream Beat","Stream Beat","Stream Beat","Stream Beat","No Streams","No Streams","Stream Beat","_","Stream Beat"
738,738,0,0,0,0,00000004,021c00fffecffe28,03a8,1d8e,1,0,3f771fdc,1,0,fdff021cfc1100fffc92fecffe8cfe28,1,1,0,1e5d0a171e5d0a171e5d0a171e5d0a17,1,0,00000000000000000000000000000000,1,0,23c1,0,0,0,23c1,0,0,021c00fffecffe28,1,0,40c003a8,0,1,0,fdfffc11fc92fe8c,1,0,"Active","Active","Active","Active","Active","Inactive","Inactive","Active","_","Active","Stream Beat","Stream Beat","Stream Beat","Stream Beat","Stream Beat","No Streams","No Streams","Stream Beat","_","Stream Beat"
739,739,0,0,0,0,00000004,fff0fe34fecf00fe,03a8,2362,1,0,3fad2002,1,0,fc00fff0fd67fe34ff78fecfffda00fe,1,1,0,1e5d0a171e5d0a171e5d0a171e5d0a17,1,0,00000000000000000000000000000000,1,0,23c1,0,0,0,23c1,0,0,fff0fe34fecf00fe,1,0,40c003a8,0,1,0,fc00fd67ff78ffda,1,0,"Active","Active","Active","Active","Active","Inactive","Inactive","Active","_","Active","Stream Beat","Stream Beat","Stream Beat","Stream Beat","Stream Beat","No Streams","No Streams","Stream Beat","_","Stream Beat"
740,740,0,0,0,0,00000004,fe17ffae01bd01dc,03a8,2a4a,1,0,2f801036,1,0,fe5efe17fff4ffaeff3001bdfcf601dc,1,1,0,1e5d0a171e5d0a171e5d0a171e5d0a17,1,0,00000000000000000000000000000000,1,0,23c1,0,0,0,23c1,0,0,fe17ffae01bd01dc,1,0,40c003a8,0,1,0,fe5efff4ff30fcf6,1,0,"Active","Active","Active","Active","Active","Inactive","Inactive","Active","_","Active","Stream Beat","Stream Beat","Stream Beat","Stream Beat","Stream Beat","No Streams","No Streams","Stream Beat","_","Stream Beat"
741,741,0,0,0,0,00000004,00ab0222011cfeed,03a8,2342,1,0,3f522001,1,0,ffe400abfe340222fc39011cfc55feed,1,1,0,1e5d0a171e5d0a171e5d0a171e5d0a17,1,0,00000000000000000000000000000000,1,0,23c1,0,0,0,23c1,0,0,00ab0222011cfeed,1,0,40c003a8,0,1,0,ffe4fe34fc39fc55,1,0,"Active","Active","Active","Active","Active","Inactive","Inactive","Active","_","Active","Stream Beat","Stream Beat","Stream Beat","Stream Beat","Stream Beat","No Streams","No Streams","Stream Beat","_","Stream Beat"
742,742,0,0,0,0,00000004,01fe0016fe4ffeac,03a8,18ff,1,0,3f8b2fdf,1,0,fd1601fefbec0016fd3afe4fff65feac,1,1,0,1e5d0a171e5d0a171e5d0a171e5d0a17,1,0,00000000000000000000000000000000,1,0,23c1,0,0,0,23c1,0,0,01fe0016fe4ffeac,1,0,40c003a8,0,1,0,fd16fbecfd3aff65,1,0,"Active","Active","Active","Active","Active","Inactive","Inactive","Active","_","Active","Stream Beat","Stream Beat","Stream Beat","Stream Beat","Stream Beat","No Streams","No Streams","Stream Beat","_","Stream Beat"
743,743,0,0,0,0,00000004,ff1bfe25ffa60193,03a8,235d,1,0,3fa72015,1,0,fc5eff1bfe45fe25ffeeffa6ff580193,1,1,0,1e5d0a171e5d0a171e5d0a171e5d0a17,1,0,00000000000000000000000000000000,1,0,23c1,0,0,0,23c1,0,0,ff1bfe25ffa60193,1,0,40c003a8,0,1,0,fc5efe45ffeeff58,1,0,"Active","Active","Active","Active","Active","Inactive","Inactive","Active","_","Active","Stream Beat","Stream Beat","Stream Beat","Stream Beat","Stream Beat","No Streams","No Streams","Stream Beat","_","Stream Beat"
744,744,0,0,0,0,00000004,fe8c008e02270142,03a8,233f,1,0,3f6a102d,1,0,ff3bfe8cfff3008efe530227fc5c0142,1,1,0,1e5d0a171e5d0a171e5d0a171e5d0a17,1,0,00000000000000000000000000000000,1,0,23c1,0,0,0,23c1,0,0,fe8c008e02270142,1,0,40c003a8,0,1,0,ff3bfff3fe53fc5c,1,0,"Active","Active","Active","Active","Active","Inactive","Inactive","Active","_","Active","Stream Beat","Stream Beat","Stream Beat","Stream Beat","Stream Beat","No Streams","No Streams","Stream Beat","_","Stream Beat"
745,745,0,0,0,0,00000004,018102060046fe59,03a8,2349,1,0,3f5a1ff0,1,0,ff770181fd480206fc0a0046fd0afe59,1,1,0,1e5d0a171e5d0a171e5d0a171e5d0a17,1,0,00000000000000000000000000000000,1,0,23c1,0,0,0,23c1,0,0,018102060046fe59,1,0,40c003a8,0,1,0,ff77fd48fc0afd0a,1,0,"Active","Active","Active","Active","Active","Inactive","Inactive","Active","_","Active","Stream Beat","Stream Beat","Stream Beat","Stream Beat","Stream Beat","No Streams","No Streams","Stream Beat","_","Stream Beat"
746,746,0,0,0,0,00000004,0162ff46fe16ff6c,03a8,2364,1,0,3f9e2fe7,1,0,fc6c0162fc35ff46fe14fe16ffd8ff6c,1,1,0,1e5d0a171e5d0a171e5d0a171e5d0a17,1,0,00000000000000000000000000000000,1,0,23c1,0,0,0,23c1,0,0,0162ff46fe16ff6c,1,0,40c003a8,0,1,0,fc6cfc35fe14ffd8,1,0,"Active","Active","Active","Active","Active","Inactive","Inactive","Active","_","Active","Stream Beat","Stream Beat","Stream Beat","Stream Beat","Stream Beat","No Streams","No Streams","Stream Beat","_","Stream Beat"
747,747,0,0,0,0,00000004,fe7bfe65004f020d,03a8,2355,1,0,3f9d1028,1,0,fceafe7bff15fe65fff6004ffe95020d,1,1,0,1e5d0a171e5d0a171e5d0a171e5d0a17,1,0,00000000000000000000000000000000,1,0,23c1,0,0,0,23c1,0,0,fe7bfe65004f020d,1,0,40c003a8,0,1,0,fceaff15fff6fe95,1,0,"Active","Active","Active","Active","Active","Inactive","Inactive","Active","_","Active","Stream Beat","Stream Beat","Stream Beat","Stream Beat","Stream Beat","No Streams","No Streams","Stream Beat","_","Stream Beat"
748,748,0,0,0,0,00000004,ff36015802180071,03a8,2a45,1,0,3f5d1022,1,0,ffcdff36ff8e0158fd790218fbec0071,1,1,0,1e5d0a171e5d0a171e5d0a171e5d0a17,1,0,00000000000000000000000000000000,1,0,23c1,0,0,0,23c1,0,0,ff36015802180071,1,0,40c003a8,0,1,0,ffcdff8efd79fbec,1,0,"Active","Active","Active","Active","Active","Inactive","Inactive","Active","_","Active","Stream Beat","Stream Beat","Stream Beat","Stream Beat","Stream Beat","No Streams","No Streams","Stream Beat","_","Stream Beat"
749,749,0,0,0,0,00000004,01f50192ff63fe36,03a8,2353,1,0,3f682fe2,1,0,feb701f5fc8b0192fc23ff63fdf8fe36,1,1,0,1e5d0a171e5d0a171e5d0a171e5d0a17,1,0,00000000000000000000000000000000,1,0,23c1,0,0,0,23c1,0,0,01f50192ff63fe36,1,0,40c003a8,0,1,0,feb7fc8bfc23fdf8,1,0,"Active","Active","Active","Active","Active","Inactive","Inactive","Active","_","Active","Stream Beat","Stream Beat","Stream Beat","Stream Beat","Stream Beat","No Streams","No Streams","Stream Beat","_","Stream Beat"
750,750,0,0,0,0,00000004,00a0fe8cfe5d003e,03a8,1d9c,1,0,3fa81ff3,1,0,fc1500a0fcc1fe8cfeebfe5d0004003e,1,1,0,1e5d0a171e5d0a171e5d0a171e5d0a17,1,0,00000000000000000000000000000000,1,0,23c1,0,0,0,23c1,0,0,00a0fe8cfe5d003e,1,0,40c003a8,0,1,0,fc15fcc1feeb0004,1,0,"Active","Active","Active","Active","Active","Inactive","Inactive","Active","_","Active","Stream Beat","Stream Beat","Stream Beat","Stream Beat","Stream Beat","No Streams","No Streams","Stream Beat","_","Stream Beat"
751,751,0,0,0,0,00000004,fe1afef60136021d,03a8,2a4f,1,0,3f8c1031,1,0,fdadfe1affa9fef6ffad0136fda5021d,1,1,0,1e5d0a171e5d0a171e5d0a171e5d0a17,1,0,00000000000000000000000000000000,1,0,23c1,0,0,0,23c1,0,0,fe1afef60136021d,1,0,40c003a8,0,1,0,fdadffa9ffadfda5,1,0,"Active","Active","Active","Active","Active","Inactive","Inactive","Active","_","Active","Stream Beat","Stream Beat","Stream Beat","Stream Beat","Stream Beat","No Streams","No Streams","Stream Beat","_","Stream Beat"
752,752,0,0,0,0,00000004,001e01e701aaff91,03a8,2a49,1,0,3f552012,1,0,0005001efee001e7fcb501aafc06ff91,1,1,0,1e5d0a171e5d0a171e5d0a171e5d0a17,1,0,00000000000000000000000000000000,1,0,23c1,0,0,0,23c1,0,0,001e01e701aaff91,1,0,40c003a8,0,1,0,0005fee0fcb5fc06,1,0,"Active","Active","Active","Active","Active","Inactive","Inactive","Active","_","Active","Stream Beat","Stream Beat","Stream Beat","Stream Beat","Stream Beat","No Streams","No Streams","Stream Beat","_","Stream Beat"
753,753,0,0,0,0,00000004,021c00cffea3fe28,03a8,1d8f,1,0,2f7c1fdc,1,0,fdd3021cfc2400cffc95fea3fea8fe28,1,1,0,1e5d0a171e5d0a171e5d0a171e5d0a17,1,0,00000000000000000000000000000000,1,0,23c1,0,0,0,23c1,0,0,021c00cffea3fe28,1,0,40c003a8,0,1,0,fdd3fc24fc95fea8,1,0,"Active","Active","Active","Active","Active","Inactive","Inactive","Active","_","Active","Stream Beat","Stream Beat","Stream Beat","Stream Beat","Stream Beat","No Streams","No Streams","Stream Beat","_","Stream Beat"
754,754,0,0,0,0,00000004,ffc3fe22fed80121,03a8,1f5c,1,0,3faa2006,1,0,fbe9ffc3fd88fe22ff8cfed8ffc60121,1,1,0,1e5d0a171e5d0a171e5d0a171e5d0a17,1,0,00000000000000000000000000000000,1,0,23c1,0,0,0,23c1,0,0,ffc3fe22fed80121,1,0,40c003a8,0,1,0,fbe9fd88ff8cffc6,1,0,"Active","Active","Active","Active","Active","Inactive","Inactive","Active","_","Active","Stream Beat","Stream Beat","Stream Beat","Stream Beat","Stream Beat","No Streams","No Streams","Stream Beat","_","Stream Beat"
755,755,0,0,0,0,00000004,fe31ffe501e301cf,03a8,2a49,1,0,2f7a1034,1,0,fe95fe31fffcffe5ff0601e3fcbb01cf,1,1,0,1e5d0a171e5d0a171e5d0a171e5d0a17,1,0,00000000000000000000000000000000,1,0,23c1,0,0,0,23c1,0,0,fe31ffe501e301cf,1,0,40c003a8,0,1,0,fe95fffcff06fcbb,1,0,"Active","Active","Active","Active","Active","Inactive","Inactive","Active","_","Active","Stream Beat","Stream Beat","Stream Beat","Stream Beat","Stream Beat","No Streams","No Streams","Stream Beat","_","Stream Beat"
756,756,0,0,0,0,00000004,00df022c00f3fecb,03a8,2343,1,0,3f531ffb,1,0,ffd500dffdfe022cfc3100f3fc74fecb,1,1,0,1e5d0a171e5d0a171e5d0a171e5d0a17,1,0,00000000000000000000000000000000,1,0,23c1,0,0,0,23c1,0,0,00df022c00f3fecb,1,0,40c003a8,0,1,0,ffd5fdfefc31fc74,1,0,"Active","Active","Active","Active","Active","Inactive","Inactive","Active","_","Active","Stream Beat","Stream Beat","Stream Beat","Stream Beat","Stream Beat","No Streams","No Streams","Stream Beat","_","Stream Beat"
757,757,0,0,0,0,00000004,01d2ffebfe3bfeb6,03a8,2360,1,0,3f8c2fdd,1,0,fd0d01d2fc0affebfd5efe3bff78feb6,1,1,0,1e5d0a171e5d0a171e5d0a171e5d0a17,1,0,00000000000000000000000000000000,1,0,23c1,0,0,0,23c1,0,0,01d2ffebfe3bfeb6,1,0,40c003a8,0,1,0,fd0dfc0afd5eff78,1,0,"Active","Active","Active","Active","Active","Inactive","Inactive","Active","_","Active","Stream Beat","Stream Beat","Stream Beat","Stream Beat","Stream Beat","No Streams","No Streams","Stream Beat","_","Stream Beat"
758,758,0,0,0,0,00000004,fef4fe18ffab01bd,03a8,235c,1,0,3fa5201c,1,0,fc59fef4fe65fe18ffeeffabff3301bd,1,1,0,1e5d0a171e5d0a171e5d0a171e5d0a17,1,0,00000000000000000000000000000000,1,0,23c1,0,0,0,23c1,0,0,fef4fe18ffab01bd,1,0,40c003a8,0,1,0,fc59fe65ffeeff33,1,0,"Active","Active","Active","Active","Active","Inactive","Inactive","Active","_","Active","Stream Beat","Stream Beat","Stream Beat","Stream Beat","Stream Beat","No Streams","No Streams","Stream Beat","_","Stream Beat"
759,759,0,0,0,0,00000004,febb00c5020f0121,03a8,27bd,1,0,3f67102c,1,0,ff68febbffe300c5fe44020ffc280121,1,1,0,1e5d0a171e5d0a171e5d0a171e5d0a17,1,0,00000000000000000000000000000000,1,0,23c1,0,0,0,23c1,0,0,febb00c5020f0121,1,0,40c003a8,0,1,0,ff68ffe3fe44fc28,1,0,"Active","Active","Active","Active","Active","Inactive","Inactive","Active","_","Active","Stream Beat","Stream Beat","Stream Beat","Stream Beat","Stream Beat","No Streams","No Streams","Stream Beat","_","Stream Beat"
760,760,0,0,0,0,00000004,019b01f80015fe51,03a8,234a,1,0,3f5e2fea,1,0,ff4f019bfd2801f8fc020015fd3bfe51,1,1,0,1e5d0a171e5d0a171e5d0a171e5d0a17,1,0,00000000000000000000000000000000,1,0,23c1,0,0,0,23c1,0,0,019b01f80015fe51,1,0,40c003a8,0,1,0,ff4ffd28fc02fd3b,1,0,"Active","Active","Active","Active","Active","Inactive","Inactive","Active","_","Active","Stream Beat","Stream Beat","Stream Beat","Stream Beat","Stream Beat","No Streams","No Streams","Stream Beat","_","Stream Beat"
761,761,0,0,0,0,00000004,014bff19fe24ff71,03a8,1d9a,1,0,3f9d2fe7,1,0,fc43014bfc51ff19fe3dfe24ffeaff71,1,1,0,1e5d0a171e5d0a171e5d0a171e5d0a17,1,0,00000000000000000000000000000000,1,0,23c1,0,0,0,23c1,0,0,014bff19fe24ff71,1,0,40c003a8,0,1,0,fc43fc51fe3dffea,1,0,"Active","Active","Active","Active","Active","Inactive","Inactive","Active","_","Active","Stream Beat","Stream Beat","Stream Beat","Stream Beat","Stream Beat","No Streams","No Streams","Stream Beat","_","Stream Beat"
762,762,0,0,0,0,00000004,fe60fe73008b0224,03a8,2353,1,0,3f9b102b,1,0,fd03fe60ff34fe73ffef008bfe5b0224,1,1,0,1e5d0a171e5d0a171e5d0a171e5d0a17,1,0,00000000000000000000000000000000,1,0,23c1,0,0,0,23c1,0,0,fe60fe73008b0224,1,0,40c003a8,0,1,0,fd03ff34ffeffe5b,1,0,"Active","Active","Active","Active","Active","Inactive","Inactive","Active","_","Active","Stream Beat","Stream Beat","Stream Beat","Stream Beat","Stream Beat","No Streams","No Streams","Stream Beat","_","Stream Beat"
763,763,0,0,0,0,00000004,ff600176020f003e,03a8,2a45,1,0,3f5b101f,1,0,ffe1ff60ff700176fd4d020ffc18003e,1,1,0,1e5d0a171e5d0a171e5d0a171e5d0a17,1,0,00000000000000000000000000000000,1,0,23c1,0,0,0,23c1,0,0,ff600176020f003e,1,0,40c003a8,0,1,0,ffe1ff70fd4dfc18,1,0,"Active","Active","Active","Active","Active","Inactive","Inactive","Active","_","Active","Stream Beat","Stream Beat","Stream Beat","Stream Beat","Stream Beat","No Streams","No Streams","Stream Beat","_","Stream Beat"
764,764,0,0,0,0,00000004,02150179ff3bfe21,03a8,2352,1,0,3f6b2fdf,1,0,fe850215fc550179fc31ff3bfe0dfe21,1,1,0,1e5d0a171e5d0a171e5d0a171e5d0a17,1,0,00000000000000000000000000000000,1,0,23c1,0,0,0,23c1,0,0,02150179ff3bfe21,1,0,40c003a8,0,1,0,fe85fc55fc31fe0d,1,0,"Active","Active","Active","Active","Active","Inactive","Inactive","Active","_","Active","Stream Beat","Stream Beat","Stream Beat","Stream Beat","Stream Beat","No Streams","No Streams","Stream Beat","_","Stream Beat"
765,765,0,0,0,0,00000004,006efe76fe6f007a,03a8,1d9c,1,0,3fa81ff8,1,0,fc1f006efce2fe76ff14fe6ffffb007a,1,1,0,1e5d0a171e5d0a171e5d0a171e5d0a17,1,0,00000000000000000000000000000000,1,0,23c1,0,0,0,23c1,0,0,006efe76fe6f007a,1,0,40c003a8,0,1,0,fc1ffce2ff14fffb,1,0,"Active","Active","Active","Active","Active","Inactive","Inactive","Active","_","Active","Stream Beat","Stream Beat","Stream Beat","Stream Beat","Stream Beat","No Streams","No Streams","Stream Beat","_","Stream Beat"
766,766,0,0,0,0,00000004,fe21ff3a016c021c,03a8,2a4e,1,0,3f8b1032,1,0,fddafe21ffd0ff3aff87016cfd77021c,1,1,0,1e5d0a171e5d0a171e5d0a171e5d0a17,1,0,00000000000000000000000000000000,1,0,23c1,0,0,0,23c1,0,0,fe21ff3a016c021c,1,0,40c003a8,0,1,0,fddaffd0ff87fd77,1,0,"Active","Active","Active","Active","Active","Inactive","Inactive","Active","_","Active","Stream Beat","Stream Beat","Stream Beat","Stream Beat","Stream Beat","No Streams","No Streams","Stream Beat","_","Stream Beat"
767,767,0,0,0,0,00000004,003201f5019bff5d,03a8,2a49,1,0,3f51200e,1,0,00070032feb401f5fc86019bfc0fff5d,1,1,0,1e5d0a171e5d0a171e5d0a171e5d0a17,1,0,00000000000000000000000000000000,1,0,23c1,0,0,0,23c1,0,0,003201f5019bff5d,1,0,40c003a8,0,1,0,0007feb4fc86fc0f,1,0,"Active","Active","Active","Active","Active","Inactive","Inactive","Active","_","Active","Stream Beat","Stream Beat","Stream Beat","Stream Beat","Stream Beat","No Streams","No Streams","Stream Beat","_","Stream Beat"
768,768,0,0,0,0,00000004,021d009bfe87fe52,03a8,1d91,1,0,3f811fdc,1,0,fdb3021dfc16009bfcacfe87fee3fe52,1,1,0,1e5d0a171e5d0a171e5d0a171e5d0a17,1,0,00000000000000000000000000000000,1,0,23c1,0,0,0,23c1,0,0,021d009bfe87fe52,1,0,40c003a8,0,1,0,fdb3fc16fcacfee3,1,0,"Active","Active","Active","Active","Active","Inactive","Inactive","Active","_","Active","Stream Beat","Stream Beat","Stream Beat","Stream Beat","Stream Beat","No Streams","No Streams","Stream Beat","_","Stream Beat"
769,769,0,0,0,0,00000004,ff89fe23ff07014c,03a8,2361,1,0,3faa200e,1,0,fc05ff89fda4fe23ffbaff07ff9d014c,1,1,0,1e5d0a171e5d0a171e5d0a171e5d0a17,1,0,00000000000000000000000000000000,1,0,23c1,0,0,0,23c1,0,0,ff89fe23ff07014c,1,0,40c003a8,0,1,0,fc05fda4ffbaff9d,1,0,"Active","Active","Active","Active","Active","Inactive","Inactive","Active","_","Active","Stream Beat","Stream Beat","Stream Beat","Stream Beat","Stream Beat","No Streams","No Streams","Stream Beat","_","Stream Beat"
770,770,0,0,0,0,00000004,fe58002f020a01b9,03a8,2a48,1,0,2f751031,1,0,fecdfe580006002ffec9020afca801b9,1,1,0,1e5d0a171e5d0a171e5d0a171e5d0a17,1,0,00000000000000000000000000000000,1,0,23c1,0,0,0,23c1,0,0,fe58002f020a01b9,1,0,40c003a8,0,1,0,fecd0006fec9fca8,1,0,"Active","Active","Active","Active","Active","Inactive","Inactive","Active","_","Active","Stream Beat","Stream Beat","Stream Beat","Stream Beat","Stream Beat","No Streams","No Streams","Stream Beat","_","Stream Beat"
771,771,0,0,0,0,00000004,0114022800cefeac,03a8,2344,1,0,3f551ff9,1,0,ffc00114fdd30228fc0b00cefc98feac,1,1,0,1e5d0a171e5d0a171e5d0a171e5d0a17,1,0,00000000000000000000000000000000,1,0,23c1,0,0,0,23c1,0,0,0114022800cefeac,1,0,40c003a8,0,1,0,ffc0fdd3fc0bfc98,1,0,"Active","Active","Active","Active","Active","Inactive","Inactive","Active","_","Active","Stream Beat","Stream Beat","Stream Beat","Stream Beat","Stream Beat","No Streams","No Streams","Stream Beat","_","Stream Beat"
772,772,0,0,0,0,00000004,01c5ffbefe28fef5,03a8,1f5a,1,0,3f902fdf,1,0,fcdd01c5fc0cffbefd80fe28ff9ffef5,1,1,0,1e5d0a171e5d0a171e5d0a171e5d0a17,1,0,00000000000000000000000000000000,1,0,23c1,0,0,0,23c1,0,0,01c5ffbefe28fef5,1,0,40c003a8,0,1,0,fcddfc0cfd80ff9f,1,0,"Active","Active","Active","Active","Active","Inactive","Inactive","Active","_","Active","Stream Beat","Stream Beat","Stream Beat","Stream Beat","Stream Beat","No Streams","No Streams","Stream Beat","_","Stream Beat"
773,773,0,0,0,0,00000004,fed1fe37ffe501dd,03a8,235a,1,0,2fa41024,1,0,fc79fed1fe9cfe37fffcffe5ff0601dd,1,1,0,1e5d0a171e5d0a171e5d0a171e5d0a17,1,0,00000000000000000000000000000000,1,0,23c1,0,0,0,23c1,0,0,fed1fe37ffe501dd,1,0,40c003a8,0,1,0,fc79fe9cfffcff06,1,0,"Active","Active","Active","Active","Active","Inactive","Inactive","Active","_","Active","Stream Beat","Stream Beat","Stream Beat","Stream Beat","Stream Beat","No Streams","No Streams","Stream Beat","_","Stream Beat"
774,774,0,0,0,0,00000004,febe00f7021f00f4,03a8,27bd,1,0,3f63102b,1,0,ff78febeffd300f7fe0d021ffc2c00f4,1,1,0,1e5d0a171e5d0a171e5d0a171e5d0a17,1,0,00000000000000000000000000000000,1,0,23c1,0,0,0,23c1,0,0,febe00f7021f00f4,1,0,40c003a8,0,1,0,ff78ffd3fe0dfc2c,1,0,"Active","Active","Active","Active","Active","Inactive","Inactive","Active","_","Active","Stream Beat","Stream Beat","Stream Beat","Stream Beat","Stream Beat","No Streams","No Streams","Stream Beat","_","Stream Beat"
775,775,0,0,0,0,00000004,01d701e0ffebfe31,03a8,234d,1,0,3f602fea,1,0,ff1b01d7fd0601e0fbf1ffebfd4ffe31,1,1,0,1e5d0a171e5d0a171e5d0a171e5d0a17,1,0,00000000000000000000000000000000,1,0,23c1,0,0,0,23c1,0,0,01d701e0ffebfe31,1,0,40c003a8,0,1,0,ff1bfd06fbf1fd4f,1,0,"Active","Active","Active","Active","Active","Inactive","Inactive","Active","_","Active","Stream Beat","Stream Beat","Stream Beat","Stream Beat","Stream Beat","No Streams","No Streams","Stream Beat","_","Stream Beat"
776,776,0,0,0,0,00000004,011ffee2fe2cffba,03a8,1d9b,1,0,3fa12fec,1,0,fc67011ffc53fee2fe5efe2cffffffba,1,1,0,1e5d0a171e5d0a171e5d0a171e5d0a17,1,0,00000000000000000000000000000000,1,0,23c1,0,0,0,23c1,0,0,011ffee2fe2cffba,1,0,40c003a8,0,1,0,fc67fc53fe5effff,1,0,"Active","Active","Active","Active","Active","Inactive","Inactive","Active","_","Active","Stream Beat","Stream Beat","Stream Beat","Stream Beat","Stream Beat","No Streams","No Streams","Stream Beat","_","Stream Beat"
777,777,0,0,0,0,00000004,fe57fe9e00cb0226,03a8,2350,1,0,3f98102c,1,0,fd4dfe57ff53fe9effeb00cbfe230226,1,1,0,1e5d0a171e5d0a171e5d0a171e5d0a17,1,0,00000000000000000000000000000000,1,0,23c1,0,0,0,23c1,0,0,fe57fe9e00cb0226,1,0,40c003a8,0,1,0,fd4dff53ffebfe23,1,0,"Active","Active","Active","Active","Active","Inactive","Inactive","Active","_","Active","Stream Beat","Stream Beat","Stream Beat","Stream Beat","Stream Beat","No Streams","No Streams","Stream Beat","_","Stream Beat"
778,778,0,0,0,0,00000004,ff91019101e5001d,03a8,2a45,1,0,3f56201d,1,0,ffe8ff91ff5c0191fd3a01e5fc0b001d,1,1,0,1e5d0a171e5d0a171e5d0a171e5d0a17,1,0,00000000000000000000000000000000,1,0,23c1,0,0,0,23c1,0,0,ff91019101e5001d,1,0,40c003a8,0,1,0,ffe8ff5cfd3afc0b,1,0,"Active","Active","Active","Active","Active","Inactive","Inactive","Active","_","Active","Stream Beat","Stream Beat","Stream Beat","Stream Beat","Stream Beat","No Streams","No Streams","Stream Beat","_","Stream Beat"
779,779,0,0,0,0,00000004,02160148ff1cfe11,03a8,1d8c,1,0,3f712fde,1,0,fe6c0216fc410148fc45ff1cfe32fe11,1,1,0,1e5d0a171e5d0a171e5d0a171e5d0a17,1,0,00000000000000000000000000000000,1,0,23c1,0,0,0,23c1,0,0,02160148ff1cfe11,1,0,40c003a8,0,1,0,fe6cfc41fc45fe32,1,0,"Active","Active","Active","Active","Active","Inactive","Inactive","Active","_","Active","Stream Beat","Stream Beat","Stream Beat","Stream Beat","Stream Beat","No Streams","No Streams","Stream Beat","_","Stream Beat"
780,780,0,0,0,0,00000004,0045fe6afe860084,03a8,1d9c,1,0,3faa1ffe,1,0,fbfa0045fd14fe6aff3efe86ffee0084,1,1,0,1e5d0a171e5d0a171e5d0a171e5d0a17,1,0,00000000000000000000000000000000,1,0,23c1,0,0,0,23c1,0,0,0045fe6afe860084,1,0,40c003a8,0,1,0,fbfafd14ff3effee,1,0,"Active","Active","Active","Active","Active","Inactive","Inactive","Active","_","Active","Stream Beat","Stream Beat","Stream Beat","Stream Beat","Stream Beat","No Streams","No Streams","Stream Beat","_","Stream Beat"
781,781,0,0,0,0,00000004,fe22ff75019001f8,03a8,2a4c,1,0,3f881032,1,0,fe17fe22ffdcff75ff700190fd6401f8,1,1,0,1e5d0a171e5d0a171e5d0a171e5d0a17,1,0,00000000000000000000000000000000,1,0,23c1,0,0,0,23c1,0,0,fe22ff75019001f8,1,0,40c003a8,0,1,0,fe17ffdcff70fd64,1,0,"Active","Active","Active","Active","Active","Inactive","Inactive","Active","_","Active","Stream Beat","Stream Beat","Stream Beat","Stream Beat","Stream Beat","No Streams","No Streams","Stream Beat","_","Stream Beat"
782,782,0,0,0,0,00000004,0061020b0170ff3f,03a8,2a4a,1,0,3f522008,1,0,00020061fe8a020bfc6d0170fc29ff3f,1,1,0,1e5d0a171e5d0a171e5d0a171e5d0a17,1,0,00000000000000000000000000000000,1,0,23c1,0,0,0,23c1,0,0,0061020b0170ff3f,1,0,40c003a8,0,1,0,0002fe8afc6dfc29,1,0,"Active","Active","Active","Active","Active","Inactive","Inactive","Active","_","Active","Stream Beat","Stream Beat","Stream Beat","Stream Beat","Stream Beat","No Streams","No Streams","Stream Beat","_","Stream Beat"
783,783,0,0,0,0,00000004,0219007cfe6cfe56,03a8,1d92,1,0,3f831fdb,1,0,fd710219fbf7007cfcdcfe6cfefcfe56,1,1,0,1e5d0a171e5d0a171e5d0a171e5d0a17,1,0,00000000000000000000000000000000,1,0,23c1,0,0,0,23c1,0,0,0219007cfe6cfe56,1,0,40c003a8,0,1,0,fd71fbf7fcdcfefc,1,0,"Active","Active","Active","Active","Active","Inactive","Inactive","Active","_","Active","Stream Beat","Stream Beat","Stream Beat","Stream Beat","Stream Beat","No Streams","No Streams","Stream Beat","_","Stream Beat"
784,784,0,0,0,0,00000004,ff65fe1eff2c015d,03a8,235f,1,0,3fac2011,1,0,fbf4ff65fde4fe1effc3ff2cff95015d,1,1,0,1e5d0a171e5d0a171e5d0a171e5d0a17,1,0,00000000000000000000000000000000,1,0,23c1,0,0,0,23c1,0,0,ff65fe1eff2c015d,1,0,40c003a8,0,1,0,fbf4fde4ffc3ff95,1,0,"Active","Active","Active","Active","Active","Inactive","Inactive","Active","_","Active","Stream Beat","Stream Beat","Stream Beat","Stream Beat","Stream Beat","No Streams","No Streams","Stream Beat","_","Stream Beat"
785,785,0,0,0,0,00000004,fe3b003d02160195,03a8,2a47,1,0,2f721031,1,0,fed8fe3b0000003dfeaa0216fc7e0195,1,1,0,1e5d0a171e5d0a171e5d0a171e5d0a17,1,0,00000000000000000000000000000000,1,0,23c1,0,0,0,23c1,0,0,fe3b003d02160195,1,0,40c003a8,0,1,0,fed80000feaafc7e,1,0,"Active","Active","Active","Active","Active","Inactive","Inactive","Active","_","Active","Stream Beat","Stream Beat","Stream Beat","Stream Beat","Stream Beat","No Streams","No Streams","Stream Beat","_","Stream Beat"
786,786,0,0,0,0,00000004,0147021800a2fe8f,03a8,2345,1,0,3f541ff5,1,0,ffa90147fdb00218fc1400a2fcbbfe8f,1,1,0,1e5d0a171e5d0a171e5d0a171e5d0a17,1,0,00000000000000000000000000000000,1,0,23c1,0,0,0,23c1,0,0,0147021800a2fe8f,1,0,40c003a8,0,1,0,ffa9fdb0fc14fcbb,1,0,"Active","Active","Active","Active","Active","Inactive","Inactive","Active","_","Active","Stream Beat","Stream Beat","Stream Beat","Stream Beat","Stream Beat","No Streams","No Streams","Stream Beat","_","Stream Beat"
787,787,0,0,0,0,00000004,01a9ff9afe2aff03,03a8,2362,1,0,3f932fe0,1,0,fcb101a9fc1eff9afdc0fe2affacff03,1,1,0,1e5d0a171e5d0a171e5d0a171e5d0a17,1,0,00000000000000000000000000000000,1,0,23c1,0,0,0,23c1,0,0,01a9ff9afe2aff03,1,0,40c003a8,0,1,0,fcb1fc1efdc0ffac,1,0,"Active","Active","Active","Active","Active","Inactive","Inactive","Active","_","Active","Stream Beat","Stream Beat","Stream Beat","Stream Beat","Stream Beat","No Streams","No Streams","Stream Beat","_","Stream Beat"
788,788,0,0,0,0,00000004,feb1fe3ffffb01f0,03a8,2357,1,0,2fa01022,1,0,fc9cfeb1fec1fe3ffffbfffbfee601f0,1,1,0,1e5d0a171e5d0a171e5d0a171e5d0a17,1,0,00000000000000000000000000000000,1,0,23c1,0,0,0,23c1,0,0,feb1fe3ffffb01f0,1,0,40c003a8,0,1,0,fc9cfec1fffbfee6,1,0,"Active","Active","Active","Active","Active","Inactive","Inactive","Active","_","Active","Stream Beat","Stream Beat","Stream Beat","Stream Beat","Stream Beat","No Streams","No Streams","Stream Beat","_","Stream Beat"
789,789,0,0,0,0,00000004,ff03013a022400cc,03a8,27be,1,0,3f621029,1,0,ff9fff03ffbd013afdd50224fc2100cc,1,1,0,1e5d0a171e5d0a171e5d0a171e5d0a17,1,0,00000000000000000000000000000000,1,0,23c1,0,0,0,23c1,0,0,ff03013a022400cc,1,0,40c003a8,0,1,0,ff9fffbdfdd5fc21,1,0,"Active","Active","Active","Active","Active","Inactive","Inactive","Active","_","Active","Stream Beat","Stream Beat","Stream Beat","Stream Beat","Stream Beat","No Streams","No Streams","Stream Beat","_","Stream Beat"
790,790,0,0,0,0,00000004,01db01d2ffc1fe31,03a8,234e,1,0,3f632fe7,1,0,ff0801dbfcc501d2fbe6ffc1fd91fe31,1,1,0,1e5d0a171e5d0a171e5d0a171e5d0a17,1,0,00000000000000000000000000000000,1,0,23c1,0,0,0,23c1,0,0,01db01d2ffc1fe31,1,0,40c003a8,0,1,0,ff08fcc5fbe6fd91,1,0,"Active","Active","Active","Active","Active","Inactive","Inactive","Active","_","Active","Stream Beat","Stream Beat","Stream Beat","Stream Beat","Stream Beat","No Streams","No Streams","Stream Beat","_","Stream Beat"
791,791,0,0,0,0,00000004,0101fed0fe1fffb7,03a8,1d9b,1,0,3fa32fed,1,0,fc130101fc7efed0fe84fe1ffff9ffb7,1,1,0,1e5d0a171e5d0a171e5d0a171e5d0a17,1,0,00000000000000000000000000000000,1,0,23c1,0,0,0,23c1,0,0,0101fed0fe1fffb7,1,0,40c003a8,0,1,0,fc13fc7efe84fff9,1,0,"Active","Active","Active","Active","Active","Inactive","Inactive","Active","_","Active","Stream Beat","Stream Beat","Stream Beat","Stream Beat","Stream Beat","No Streams","No Streams","Stream Beat","_","Stream Beat"
792,792,0,0,0,0,00000004,fe30fecb00e80221,03a8,27cf,1,0,3f951032,1,0,fd59fe30ff76fecbffdc00e8fe040221,1,1,0,1e5d0a171e5d0a171e5d0a171e5d0a17,1,0,00000000000000000000000000000000,1,0,23c1,0,0,0,23c1,0,0,fe30fecb00e80221,1,0,40c003a8,0,1,0,fd59ff76ffdcfe04,1,0,"Active","Active","Active","Active","Active","Inactive","Inactive","Active","_","Active","Stream Beat","Stream Beat","Stream Beat","Stream Beat","Stream Beat","No Streams","No Streams","Stream Beat","_","Stream Beat"
793,793,0,0,0,0,00000004,ffbe01d001c5fff5,03a8,2a45,1,0,3f542019,1,0,fff3ffbeff2c01d0fd2101c5fc0dfff5,1,1,0,1e5d0a171e5d0a171e5d0a171e5d0a17,1,0,00000000000000000000000000000000,1,0,23c1,0,0,0,23c1,0,0,ffbe01d001c5fff5,1,0,40c003a8,0,1,0,fff3ff2cfd21fc0d,1,0,"Active","Active","Active","Active","Active","Inactive","Inactive","Active","_","Active","Stream Beat","Stream Beat","Stream Beat","Stream Beat","Stream Beat","No Streams","No Streams","Stream Beat","_","Stream Beat"
794,794,0,0,0,0,00000004,02230120fef4fe28,03a8,1d8c,1,0,3f702fda,1,0,fe300223fc470120fc5ffef4fe6bfe28,1,1,0,1e5d0a171e5d0a171e5d0a171e5d0a17,1,0,00000000000000000000000000000000,1,0,23c1,0,0,0,23c1,0,0,02230120fef4fe28,1,0,40c003a8,0,1,0,fe30fc47fc5ffe6b,1,0,"Active","Active","Active","Active","Active","Inactive","Inactive","Active","_","Active","Stream Beat","Stream Beat","Stream Beat","Stream Beat","Stream Beat","No Streams","No Streams","Stream Beat","_","Stream Beat"
795,795,0,0,0,0,00000004,0022fe4efe9900c3,03a8,1d9b,1,0,3faa2000,1,0,fc030022fd3ffe4eff50fe99ffe900c3,1,1,0,1e5d0a171e5d0a171e5d0a171e5d0a17,1,0,00000000000000000000000000000000,1,0,23c1,0,0,0,23c1,0,0,0022fe4efe9900c3,1,0,40c003a8,0,1,0,fc03fd3fff50ffe9,1,0,"Active","Active","Active","Active","Active","Inactive","Inactive","Active","_","Active","Stream Beat","Stream Beat","Stream Beat","Stream Beat","Stream Beat","No Streams","No Streams","Stream Beat","_","Stream Beat"
796,796,0,0,0,0,00000004,fe20ff8b019d01ea,03a8,2a4b,1,0,3f842034,1,0,fe3efe20ffe5ff8bff5c019dfd2e01ea,1,1,0,1e5d0a171e5d0a171e5d0a171e5d0a17,1,0,00000000000000000000000000000000,1,0,23c1,0,0,0,23c1,0,0,fe20ff8b019d01ea,1,0,40c003a8,0,1,0,fe3effe5ff5cfd2e,1,0,"Active","Active","Active","Active","Active","Inactive","Inactive","Active","_","Active","Stream Beat","Stream Beat","Stream Beat","Stream Beat","Stream Beat","No Streams","No Streams","Stream Beat","_","Stream Beat"
797,797,0,0,0,0,00000004,00ad0211014cff16,03a8,2340,1,0,3f542005,1,0,fff700adfe630211fc52014cfc35ff16,1,1,0,1e5d0a171e5d0a171e5d0a171e5d0a17,1,0,00000000000000000000000000000000,1,0,23c1,0,0,0,23c1,0,0,00ad0211014cff16,1,0,40c003a8,0,1,0,fff7fe63fc52fc35,1,0,"Active","Active","Active","Active","Active","Inactive","Inactive","Active","_","Active","Stream Beat","Stream Beat","Stream Beat","Stream Beat","Stream Beat","No Streams","No Streams","Stream Beat","_","Stream Beat"
798,798,0,0,0,0,00000004,020c004dfe54fe86,03a8,1d94,1,0,3f871fdc,1,0,fd47020cfc0d004dfcfffe54ff30fe86,1,1,0,1e5d0a171e5d0a171e5d0a171e5d0a17,1,0,00000000000000000000000000000000,1,0,23c1,0,0,0,23c1,0,0,020c004dfe54fe86,1,0,40c003a8,0,1,0,fd47fc0dfcffff30,1,0,"Active","Active","Active","Active","Active","Inactive","Inactive","Active","_","Active","Stream Beat","Stream Beat","Stream Beat","Stream Beat","Stream Beat","No Streams","No Streams","Stream Beat","_","Stream Beat"
799,799,0,0,0,0,00000004,ff40fe0cff6f0194,03a8,235d,1,0,3faa2013,1,0,fc24ff40fdfcfe0cffddff6fff700194,1,1,0,1e5d0a171e5d0a171e5d0a171e5d0a17,1,0,00000000000000000000000000000000,1,0,23c1,0,0,0,23c1,0,0,ff40fe0cff6f0194,1,0,40c003a8,0,1,0,fc24fdfcffddff70,1,0,"Active","Active","Active","Active","Active","Inactive","Inactive","Active","_","Active","Stream Beat","Stream Beat","Stream Beat","Stream Beat","Stream Beat","No Streams","No Streams","Stream Beat","_","Stream Beat"
800,800,0,0,0,0,00000004,fe7c006d02130175,03a8,2a47,1,0,3f6e1032,1,0,ff15fe7cfffe006dfe890213fc610175,1,1,0,1e5d0a171e5d0a171e5d0a171e5d0a17,1,0,00000000000000000000000000000000,1,0,23c1,0,0,0,23c1,0,0,fe7c006d02130175,1,0,40c003a8,0,1,0,ff15fffefe89fc61,1,0,"Active","Active","Active","Active","Active","Inactive","Inactive","Active","_","Active","Stream Beat","Stream Beat","Stream Beat","Stream Beat","Stream Beat","No Streams","No Streams","Stream Beat","_","Stream Beat"
801,801,0,0,0,0,00000004,016f0207007cfe75,03a8,2347,1,0,3f581ff3,1,0,ff91016ffd870207fc08007cfce9fe75,1,1,0,1e5d0a171e5d0a171e5d0a171e5d0a17,1,0,00000000000000000000000000000000,1,0,23c1,0,0,0,23c1,0,0,016f0207007cfe75,1,0,40c003a8,0,1,0,ff91fd87fc08fce9,1,0,"Active","Active","Active","Active","Active","Inactive","Inactive","Active","_","Active","Stream Beat","Stream Beat","Stream Beat","Stream Beat","Stream Beat","No Streams","No Streams","Stream Beat","_","Stream Beat"
802,802,0,0,0,0,00000004,0194ff6efe1eff34,03a8,2363,1,0,3f962fe4,1,0,fc850194fc25ff6efde2fe1effc4ff34,1,1,0,1e5d0a171e5d0a171e5d0a171e5d0a17,1,0,00000000000000000000000000000000,1,0,23c1,0,0,0,23c1,0,0,0194ff6efe1eff34,1,0,40c003a8,0,1,0,fc85fc25fde2ffc4,1,0,"Active","Active","Active","Active","Active","Inactive","Inactive","Active","_","Active","Stream Beat","Stream Beat","Stream Beat","Stream Beat","Stream Beat","No Streams","No Streams","Stream Beat","_","Stream Beat"
803,803,0,0,0,0,00000004,fe8efe54004c0209,03a8,2356,1,0,3f9f1027,1,0,fcb0fe8efee9fe54ffff004cfeb40209,1,1,0,1e5d0a171e5d0a171e5d0a171e5d0a17,1,0,00000000000000000000000000000000,1,0,23c1,0,0,0,23c1,0,0,fe8efe54004c0209,1,0,40c003a8,0,1,0,fcb0fee9fffffeb4,1,0,"Active","Active","Active","Active","Active","Inactive","Inactive","Active","_","Active","Stream Beat","Stream Beat","Stream Beat","Stream Beat","Stream Beat","No Streams","No Streams","Stream Beat","_","Stream Beat"
804,804,0,0,0,0,00000004,fefe01410200009e,03a8,27bd,1,0,3f601026,1,0,ffabfefeffab0141fdce0200fc2a009e,1,1,0,1e5d0a171e5d0a171e5d0a171e5d0a17,1,0,00000000000000000000000000000000,1,0,23c1,0,0,0,23c1,0,0,fefe01410200009e,1,0,40c003a8,0,1,0,ffabffabfdcefc2a,1,0,"Active","Active","Active","Active","Active","Inactive","Inactive","Active","_","Active","Stream Beat","Stream Beat","Stream Beat","Stream Beat","Stream Beat","No Streams","No Streams","Stream Beat","_","Stream Beat"
805,805,0,0,0,0,00000004,021501adff9cfe30,03a8,234f,1,0,3f652fe5,1,0,fed20215fcac01adfc1fff9cfdc6fe30,1,1,0,1e5d0a171e5d0a171e5d0a171e5d0a17,1,0,00000000000000000000000000000000,1,0,23c1,0,0,0,23c1,0,0,021501adff9cfe30,1,0,40c003a8,0,1,0,fed2fcacfc1ffdc6,1,0,"Active","Active","Active","Active","Active","Inactive","Inactive","Active","_","Active","Stream Beat","Stream Beat","Stream Beat","Stream Beat","Stream Beat","No Streams","No Streams","Stream Beat","_","Stream Beat"
806,806,0,0,0,0,00000004,00cffeacfe340003,03a8,1d9c,1,0,3fa41ff3,1,0,fc1c00cffc8cfeacfeb8fe34fffb0003,1,1,0,1e5d0a171e5d0a171e5d0a171e5d0a17,1,0,00000000000000000000000000000000,1,0,23c1,0,0,0,23c1,0,0,00cffeacfe340003,1,0,40c003a8,0,1,0,fc1cfc8cfeb8fffb,1,0,"Active","Active","Active","Active","Active","Inactive","Inactive","Active","_","Active","Stream Beat","Stream Beat","Stream Beat","Stream Beat","Stream Beat","No Streams","No Streams","Stream Beat","_","Stream Beat"
807,807,0,0,0,0,00000004,fe2ffee200f80215,03a8,27cf,1,0,3f94102d,1,0,fd8ffe2fff90fee2ffcd00f8fde40215,1,1,0,1e5d0a171e5d0a171e5d0a171e5d0a17,1,0,00000000000000000000000000000000,1,0,23c1,0,0,0,23c1,0,0,fe2ffee200f80215,1,0,40c003a8,0,1,0,fd8fff90ffcdfde4,1,0,"Active","Active","Active","Active","Active","Inactive","Inactive","Active","_","Active","Stream Beat","Stream Beat","Stream Beat","Stream Beat","Stream Beat","No Streams","No Streams","Stream Beat","_","Stream Beat"
808,808,0,0,0,0,00000004,ffe801db01c7ffc6,03a8,2a46,1,0,3f562018,1,0,0000ffe8ff0901dbfcda01c7fbf6ffc6,1,1,0,1e5d0a171e5d0a171e5d0a171e5d0a17,1,0,00000000000000000000000000000000,1,0,23c1,0,0,0,23c1,0,0,ffe801db01c7ffc6,1,0,40c003a8,0,1,0,0000ff09fcdafbf6,1,0,"Active","Active","Active","Active","Active","Inactive","Inactive","Active","_","Active","Stream Beat","Stream Beat","Stream Beat","Stream Beat","Stream Beat","No Streams","No Streams","Stream Beat","_","Stream Beat"
809,809,0,0,0,0,00000004,021b00f7fed4fe38,03a8,1d8e,1,0,3f751fdb,1,0,fe08021bfc4c00f7fc92fed4fe92fe38,1,1,0,1e5d0a171e5d0a171e5d0a171e5d0a17,1,0,00000000000000000000000000000000,1,0,23c1,0,0,0,23c1,0,0,021b00f7fed4fe38,1,0,40c003a8,0,1,0,fe08fc4cfc92fe92,1,0,"Active","Active","Active","Active","Active","Inactive","Inactive","Active","_","Active","Stream Beat","Stream Beat","Stream Beat","Stream Beat","Stream Beat","No Streams","No Streams","Stream Beat","_","Stream Beat"
810,810,0,0,0,0,00000004,fffafe30feba00f4,03a8,1d9b,1,0,3fad2001,1,0,fbf5fffafd5bfe30ff6dfebaffdb00f4,1,1,0,1e5d0a171e5d0a171e5d0a171e5d0a17,1,0,00000000000000000000000000000000,1,0,23c1,0,0,0,23c1,0,0,fffafe30feba00f4,1,0,40c003a8,0,1,0,fbf5fd5bff6dffdb,1,0,"Active","Active","Active","Active","Active","Inactive","Inactive","Active","_","Active","Stream Beat","Stream Beat","Stream Beat","Stream Beat","Stream Beat","No Streams","No Streams","Stream Beat","_","Stream Beat"
811,811,0,0,0,0,00000004,fe1dffc101b001e7,03a8,2a48,1,0,2f7d2035,1,0,fe65fe1dffefffc1ff4201b0fce501e7,1,1,0,1e5d0a171e5d0a171e5d0a171e5d0a17,1,0,00000000000000000000000000000000,1,0,23c1,0,0,0,23c1,0,0,fe1dffc101b001e7,1,0,40c003a8,0,1,0,fe65ffefff42fce5,1,0,"Active","Active","Active","Active","Active","Inactive","Inactive","Active","_","Active","Stream Beat","Stream Beat","Stream Beat","Stream Beat","Stream Beat","No Streams","No Streams","Stream Beat","_","Stream Beat"
812,812,0,0,0,0,00000004,00c202210124fefc,03a8,2341,1,0,3f572001,1,0,ffea00c2fe330221fc390124fc6efefc,1,1,0,1e5d0a171e5d0a171e5d0a171e5d0a17,1,0,00000000000000000000000000000000,1,0,23c1,0,0,0,23c1,0,0,00c202210124fefc,1,0,40c003a8,0,1,0,ffeafe33fc39fc6e,1,0,"Active","Active","Active","Active","Active","Inactive","Inactive","Active","_","Active","Stream Beat","Stream Beat","Stream Beat","Stream Beat","Stream Beat","No Streams","No Streams","Stream Beat","_","Stream Beat"
813,813,0,0,0,0,00000004,0201001ffe42fe8f,03a8,1d95,1,0,3f892fdd,1,0,fd1b0201fbee001ffd26fe42ff4bfe8f,1,1,0,1e5d0a171e5d0a171e5d0a171e5d0a17,1,0,00000000000000000000000000000000,1,0,23c1,0,0,0,23c1,0,0,0201001ffe42fe8f,1,0,40c003a8,0,1,0,fd1bfbeefd26ff4b,1,0,"Active","Active","Active","Active","Active","Inactive","Inactive","Active","_","Active","Stream Beat","Stream Beat","Stream Beat","Stream Beat","Stream Beat","No Streams","No Streams","Stream Beat","_","Stream Beat"
814,814,0,0,0,0,00000004,ff20fe2aff7d0182,03a8,235c,1,0,3fa72017,1,0,fc61ff20fe3dfe2affebff7dff5e0182,1,1,0,1e5d0a171e5d0a171e5d0a171e5d0a17,1,0,00000000000000000000000000000000,1,0,23c1,0,0,0,23c1,0,0,ff20fe2aff7d0182,1,0,40c003a8,0,1,0,fc61fe3dffebff5e,1,0,"Active","Active","Active","Active","Active","Inactive","Inactive","Active","_","Active","Stream Beat","Stream Beat","Stream Beat","Stream Beat","Stream Beat","No Streams","No Streams","Stream Beat","_","Stream Beat"
815,815,0,0,0,0,00000004,fe7900a5021b0140,03a8,2340,1,0,3f6c1030,1,0,ff32fe79ffee00a5fe65021bfc710140,1,1,0,1e5d0a171e5d0a171e5d0a171e5d0a17,1,0,00000000000000000000000000000000,1,0,23c1,0,0,0,23c1,0,0,fe7900a5021b0140,1,0,40c003a8,0,1,0,ff32ffeefe65fc71,1,0,"Active","Active","Active","Active","Active","Inactive","Inactive","Active","_","Active","Stream Beat","Stream Beat","Stream Beat","Stream Beat","Stream Beat","No Streams","No Streams","Stream Beat","_","Stream Beat"
816,816,0,0,0,0,00000004,017f0208004bfe6e,03a8,2349,1,0,3f571fef,1,0,ff7c017ffd4d0208fc18004bfd1ffe6e,1,1,0,1e5d0a171e5d0a171e5d0a171e5d0a17,1,0,00000000000000000000000000000000,1,0,23c1,0,0,0,23c1,0,0,017f0208004bfe6e,1,0,40c003a8,0,1,0,ff7cfd4dfc18fd1f,1,0,"Active","Active","Active","Active","Active","Inactive","Inactive","Active","_","Active","Stream Beat","Stream Beat","Stream Beat","Stream Beat","Stream Beat","No Streams","No Streams","Stream Beat","_","Stream Beat"
817,817,0,0,0,0,00000004,0169ff43fe0eff48,03a8,2364,1,0,3f9e2fe4,1,0,fc7e0169fc1eff43fe03fe0effceff48,1,1,0,1e5d0a171e5d0a171e5d0a171e5d0a17,1,0,00000000000000000000000000000000,1,0,23c1,0,0,0,23c1,0,0,0169ff43fe0eff48,1,0,40c003a8,0,1,0,fc7efc1efe03ffce,1,0,"Active","Active","Active","Active","Active","Inactive","Inactive","Active","_","Active","Stream Beat","Stream Beat","Stream Beat","Stream Beat","Stream Beat","No Streams","No Streams","Stream Beat","_","Stream Beat"
818,818,0,0,0,0,00000004,fe65fe680081020e,03a8,2355,1,0,3f9f1027,1,0,fcbefe65ff0bfe68fffd0081fe8e020e,1,1,0,1e5d0a171e5d0a171e5d0a171e5d0a17,1,0,00000000000000000000000000000000,1,0,23c1,0,0,0,23c1,0,0,fe65fe680081020e,1,0,40c003a8,0,1,0,fcbeff0bfffdfe8e,1,0,"Active","Active","Active","Active","Active","Inactive","Inactive","Active","_","Active","Stream Beat","Stream Beat","Stream Beat","Stream Beat","Stream Beat","No Streams","No Streams","Stream Beat","_","Stream Beat"
819,819,0,0,0,0,00000004,ff4a01890204007b,03a8,2a44,1,0,3f601024,1,0,ffcbff4aff860189fd930204fc00007b,1,1,0,1e5d0a171e5d0a171e5d0a171e5d0a17,1,0,00000000000000000000000000000000,1,0,23c1,0,0,0,23c1,0,0,ff4a01890204007b,1,0,40c003a8,0,1,0,ffcbff86fd93fc00,1,0,"Active","Active","Active","Active","Active","Inactive","Inactive","Active","_","Active","Stream Beat","Stream Beat","Stream Beat","Stream Beat","Stream Beat","No Streams","No Streams","Stream Beat","_","Stream Beat"
820,820,0,0,0,0,00000004,01e6018cff6efe1f,03a8,2351,1,0,3f662fe0,1,0,fecf01e6fc92018cfc0eff6efde2fe1f,1,1,0,1e5d0a171e5d0a171e5d0a171e5d0a17,1,0,00000000000000000000000000000000,1,0,23c1,0,0,0,23c1,0,0,01e6018cff6efe1f,1,0,40c003a8,0,1,0,fecffc92fc0efde2,1,0,"Active","Active","Active","Active","Active","Inactive","Inactive","Active","_","Active","Stream Beat","Stream Beat","Stream Beat","Stream Beat","Stream Beat","No Streams","No Streams","Stream Beat","_","Stream Beat"
821,821,0,0,0,0,00000004,00a6fe89fe430037,03a8,1d9b,1,0,3fa51ff5,1,0,fc0b00a6fca5fe89feddfe43fffd0037,1,1,0,1e5d0a171e5d0a171e5d0a171e5d0a17,1,0,00000000000000000000000000000000,1,0,23c1,0,0,0,23c1,0,0,00a6fe89fe430037,1,0,40c003a8,0,1,0,fc0bfca5feddfffd,1,0,"Active","Active","Active","Active","Active","Inactive","Inactive","Active","_","Active","Stream Beat","Stream Beat","Stream Beat","Stream Beat","Stream Beat","No Streams","No Streams","Stream Beat","_","Stream Beat"
822,822,0,0,0,0,00000004,fe28fef801370219,03a8,2a4e,1,0,3f8e1035,1,0,fdb3fe28ffaafef8ffae0137fdb10219,1,1,0,1e5d0a171e5d0a171e5d0a171e5d0a17,1,0,00000000000000000000000000000000,1,0,23c1,0,0,0,23c1,0,0,fe28fef801370219,1,0,40c003a8,0,1,0,fdb3ffaaffaefdb1,1,0,"Active","Active","Active","Active","Active","Inactive","Inactive","Active","_","Active","Stream Beat","Stream Beat","Stream Beat","Stream Beat","Stream Beat","No Streams","No Streams","Stream Beat","_","Stream Beat"
823,823,0,0,0,0,00000004,000c01e101a7ff97,03a8,2a48,1,0,3f55200f,1,0,0003000cfee801e1fcca01a7fc13ff97,1,1,0,1e5d0a171e5d0a171e5d0a171e5d0a17,1,0,00000000000000000000000000000000,1,0,23c1,0,0,0,23c1,0,0,000c01e101a7ff97,1,0,40c003a8,0,1,0,0003fee8fccafc13,1,0,"Active","Active","Active","Active","Active","Inactive","Inactive","Active","_","Active","Stream Beat","Stream Beat","Stream Beat","Stream Beat","Stream Beat","No Streams","No Streams","Stream Beat","_","Stream Beat"
824,824,0,0,0,0,00000004,021f00d6feaefe47,03a8,1d8f,1,0,3f781fda,1,0,fddb021ffc1500d6fc9afeaefebdfe47,1,1,0,1e5d0a171e5d0a171e5d0a171e5d0a17,1,0,00000000000000000000000000000000,1,0,23c1,0,0,0,23c1,0,0,021f00d6feaefe47,1,0,40c003a8,0,1,0,fddbfc15fc9afebd,1,0,"Active","Active","Active","Active","Active","Inactive","Inactive","Active","_","Active","Stream Beat","Stream Beat","Stream Beat","Stream Beat","Stream Beat","No Streams","No Streams","Stream Beat","_","Stream Beat"
825,825,0,0,0,0,00000004,ffc7fe2ffee60123,03a8,2360,1,0,3fab2007,1,0,fc04ffc7fd89fe2fff93fee6ffc30123,1,1,0,1e5d0a171e5d0a171e5d0a171e5d0a17,1,0,00000000000000000000000000000000,1,0,23c1,0,0,0,23c1,0,0,ffc7fe2ffee60123,1,0,40c003a8,0,1,0,fc04fd89ff93ffc3,1,0,"Active","Active","Active","Active","Active","Inactive","Inactive","Active","_","Active","Stream Beat","Stream Beat","Stream Beat","Stream Beat","Stream Beat","No Streams","No Streams","Stream Beat","_","Stream Beat"
826,826,0,0,0,0,00000004,fe3bfff901d701b9,03a8,2a4a,1,0,2f7c1032,1,0,fe96fe3bfffffff9ff0e01d7fcf601b9,1,1,0,1e5d0a171e5d0a171e5d0a171e5d0a17,1,0,00000000000000000000000000000000,1,0,23c1,0,0,0,23c1,0,0,fe3bfff901d701b9,1,0,40c003a8,0,1,0,fe96ffffff0efcf6,1,0,"Active","Active","Active","Active","Active","Inactive","Inactive","Active","_","Active","Stream Beat","Stream Beat","Stream Beat","Stream Beat","Stream Beat","No Streams","No Streams","Stream Beat","_","Stream Beat"
827,827,0,0,0,0,00000004,00e8021f0104fed3,03a8,2342,1,0,3f541ffe,1,0,ffe400e8fe00021ffc270104fc89fed3,1,1,0,1e5d0a171e5d0a171e5d0a171e5d0a17,1,0,00000000000000000000000000000000,1,0,23c1,0,0,0,23c1,0,0,00e8021f0104fed3,1,0,40c003a8,0,1,0,ffe4fe00fc27fc89,1,0,"Active","Active","Active","Active","Active","Inactive","Inactive","Active","_","Active","Stream Beat","Stream Beat","Stream Beat","Stream Beat","Stream Beat","No Streams","No Streams","Stream Beat","_","Stream Beat"
828,828,0,0,0,0,00000004,01e4fffbfe28febd,03a8,2360,1,0,3f8e2fdf,1,0,fcf201e4fbf8fffbfd51fe28ff68febd,1,1,0,1e5d0a171e5d0a171e5d0a171e5d0a17,1,0,00000000000000000000000000000000,1,0,23c1,0,0,0,23c1,0,0,01e4fffbfe28febd,1,0,40c003a8,0,1,0,fcf2fbf8fd51ff68,1,0,"Active","Active","Active","Active","Active","Inactive","Inactive","Active","_","Active","Stream Beat","Stream Beat","Stream Beat","Stream Beat","Stream Beat","No Streams","No Streams","Stream Beat","_","Stream Beat"
829,829,0,0,0,0,00000004,fef0fe2affaf01c1,03a8,235c,1,0,3fa9201c,1,0,fc49fef0fe66fe2afff3ffafff3401c1,1,1,0,1e5d0a171e5d0a171e5d0a171e5d0a17,1,0,00000000000000000000000000000000,1,0,23c1,0,0,0,23c1,0,0,fef0fe2affaf01c1,1,0,40c003a8,0,1,0,fc49fe66fff3ff34,1,0,"Active","Active","Active","Active","Active","Inactive","Inactive","Active","_","Active","Stream Beat","Stream Beat","Stream Beat","Stream Beat","Stream Beat","No Streams","No Streams","Stream Beat","_","Stream Beat"
830,830,0,0,0,0,00000004,fe9c00c70211011f,03a8,1f31,1,0,3f69102d,1,0,ff56fe9cffe500c7fe450211fc54011f,1,1,0,1e5d0a171e5d0a171e5d0a171e5d0a17,1,0,00000000000000000000000000000000,1,0,23c1,0,0,0,23c1,0,0,fe9c00c70211011f,1,0,40c003a8,0,1,0,ff56ffe5fe45fc54,1,0,"Active","Active","Active","Active","Active","Inactive","Inactive","Active","_","Active","Stream Beat","Stream Beat","Stream Beat","Stream Beat","Stream Beat","No Streams","No Streams","Stream Beat","_","Stream Beat"
831,831,0,0,0,0,00000004,019201f0001efe51,03a8,234b,1,0,3f5a2fec,1,0,ff5b0192fd3501f0fc0c001efd35fe51,1,1,0,1e5d0a171e5d0a171e5d0a171e5d0a17,1,0,00000000000000000000000000000000,1,0,23c1,0,0,0,23c1,0,0,019201f0001efe51,1,0,40c003a8,0,1,0,ff5bfd35fc0cfd35,1,0,"Active","Active","Active","Active","Active","Inactive","Inactive","Active","_","Active","Stream Beat","Stream Beat","Stream Beat","Stream Beat","Stream Beat","No Streams","No Streams","Stream Beat","_","Stream Beat"
832,832,0,0,0,0,00000004,0153ff17fe15ff6d,03a8,1d9a,1,0,3f9d2fe8,1,0,fc500153fc3dff17fe2afe15ffe5ff6d,1,1,0,1e5d0a171e5d0a171e5d0a171e5d0a17,1,0,00000000000000000000000000000000,1,0,23c1,0,0,0,23c1,0,0,0153ff17fe15ff6d,1,0,40c003a8,0,1,0,fc50fc3dfe2affe5,1,0,"Active","Active","Active","Active","Active","Inactive","Inactive","Active","_","Active","Stream Beat","Stream Beat","Stream Beat","Stream Beat","Stream Beat","No Streams","No Streams","Stream Beat","_","Stream Beat"
833,833,0,0,0,0,00000004,fe58fe810077021e,03a8,2352,1,0,3f9d1029,1,0,fd07fe58ff29fe81fffd0077fe59021e,1,1,0,1e5d0a171e5d0a171e5d0a171e5d0a17,1,0,00000000000000000000000000000000,1,0,23c1,0,0,0,23c1,0,0,fe58fe810077021e,1,0,40c003a8,0,1,0,fd07ff29fffdfe59,1,0,"Active","Active","Active","Active","Active","Inactive","Inactive","Active","_","Active","Stream Beat","Stream Beat","Stream Beat","Stream Beat","Stream Beat","No Streams","No Streams","Stream Beat","_","Stream Beat"
834,834,0,0,0,0,00000004,ff3a016d020d0056,03a8,2a44,1,0,3f5d101f,1,0,ffcfff3aff80016dfd47020dfbd90056,1,1,0,1e5d0a171e5d0a171e5d0a171e5d0a17,1,0,00000000000000000000000000000000,1,0,23c1,0,0,0,23c1,0,0,ff3a016d020d0056,1,0,40c003a8,0,1,0,ffcfff80fd47fbd9,1,0,"Active","Active","Active","Active","Active","Inactive","Inactive","Active","_","Active","Stream Beat","Stream Beat","Stream Beat","Stream Beat","Stream Beat","No Streams","No Streams","Stream Beat","_","Stream Beat"
835,835,0,0,0,0,00000004,021e0175ff49fe27,03a8,2352,1,0,3f692fde,1,0,fe8a021efc610175fc3eff49fe16fe27,1,1,0,1e5d0a171e5d0a171e5d0a171e5d0a17,1,0,00000000000000000000000000000000,1,0,23c1,0,0,0,23c1,0,0,021e0175ff49fe27,1,0,40c003a8,0,1,0,fe8afc61fc3efe16,1,0,"Active","Active","Active","Active","Active","Inactive","Inactive","Active","_","Active","Stream Beat","Stream Beat","Stream Beat","Stream Beat","Stream Beat","No Streams","No Streams","Stream Beat","_","Stream Beat"
836,836,0,0,0,0,00000004,0073fe86fe560071,03a8,1d9d,1,0,3fa81ff6,1,0,fc000073fcecfe86ff08fe56fff70071,1,1,0,1e5d0a171e5d0a171e5d0a171e5d0a17,1,0,00000000000000000000000000000000,1,0,23c1,0,0,0,23c1,0,0,0073fe86fe560071,1,0,40c003a8,0,1,0,fc00fcecff08fff7,1,0,"Active","Active","Active","Active","Active","Inactive","Inactive","Active","_","Active","Stream Beat","Stream Beat","Stream Beat","Stream Beat","Stream Beat","No Streams","No Streams","Stream Beat","_","Stream Beat"
837,837,0,0,0,0,00000004,fe1cff1c014d0218,03a8,2a4e,1,0,3f861030,1,0,fdc7fe1cffcdff1cff8d014dfd8e0218,1,1,0,1e5d0a171e5d0a171e5d0a171e5d0a17,1,0,00000000000000000000000000000000,1,0,23c1,0,0,0,23c1,0,0,fe1cff1c014d0218,1,0,40c003a8,0,1,0,fdc7ffcdff8dfd8e,1,0,"Active","Active","Active","Active","Active","Inactive","Inactive","Active","_","Active","Stream Beat","Stream Beat","Stream Beat","Stream Beat","Stream Beat","No Streams","No Streams","Stream Beat","_","Stream Beat"
838,838,0,0,0,0,00000004,003102090198ff63,03a8,2a48,1,0,3f532010,1,0,00040031feae0209fc9c0198fc1eff63,1,1,0,1e5d0a171e5d0a171e5d0a171e5d0a17,1,0,00000000000000000000000000000000,1,0,23c1,0,0,0,23c1,0,0,003102090198ff63,1,0,40c003a8,0,1,0,0004feaefc9cfc1e,1,0,"Active","Active","Active","Active","Active","Inactive","Inactive","Active","_","Active","Stream Beat","Stream Beat","Stream Beat","Stream Beat","Stream Beat","No Streams","No Streams","Stream Beat","_","Stream Beat"
839,839,0,0,0,0,00000004,021000a9fe98fe57,03a8,1d91,1,0,3f7e1fdc,1,0,fdba0210fc0c00a9fcc6fe98fee5fe57,1,1,0,1e5d0a171e5d0a171e5d0a171e5d0a17,1,0,00000000000000000000000000000000,1,0,23c1,0,0,0,23c1,0,0,021000a9fe98fe57,1,0,40c003a8,0,1,0,fdbafc0cfcc6fee5,1,0,"Active","Active","Active","Active","Active","Inactive","Inactive","Active","_","Active","Stream Beat","Stream Beat","Stream Beat","Stream Beat","Stream Beat","No Streams","No Streams","Stream Beat","_","Stream Beat"
840,840,0,0,0,0,00000004,ff9bfe0fff080134,03a8,2360,1,0,3faa2009,1,0,fbf0ff9bfd9efe0fffa8ff08ffb40134,1,1,0,1e5d0a171e5d0a171e5d0a171e5d0a17,1,0,00000000000000000000000000000000,1,0,23c1,0,0,0,23c1,0,0,ff9bfe0fff080134,1,0,40c003a8,0,1,0,fbf0fd9effa8ffb4,1,0,"Active","Active","Active","Active","Active","Inactive","Inactive","Active","_","Active","Stream Beat","Stream Beat","Stream Beat","Stream Beat","Stream Beat","No Streams","No Streams","Stream Beat","_","Stream Beat"
841,841,0,0,0,0,00000004,fe4b002301f401b6,03a8,2a46,1,0,2f761033,1,0,fec1fe4b00020023fee301f4fca301b6,1,1,0,1e5d0a171e5d0a171e5d0a171e5d0a17,1,0,00000000000000000000000000000000,1,0,23c1,0,0,0,23c1,0,0,fe4b002301f401b6,1,0,40c003a8,0,1,0,fec10002fee3fca3,1,0,"Active","Active","Active","Active","Active","Inactive","Inactive","Active","_","Active","Stream Beat","Stream Beat","Stream Beat","Stream Beat","Stream Beat","No Streams","No Streams","Stream Beat","_","Stream Beat"
842,842,0,0,0,0,00000004,0100022000cffebb,03a8,2345,1,0,3f571ffa,1,0,ffc80100fde00220fc2f00cffcb2febb,1,1,0,1e5d0a171e5d0a171e5d0a171e5d0a17,1,0,00000000000000000000000000000000,1,0,23c1,0,0,0,23c1,0,0,0100022000cffebb,1,0,40c003a8,0,1,0,ffc8fde0fc2ffcb2,1,0,"Active","Active","Active","Active","Active","Inactive","Inactive","Active","_","Active","Stream Beat","Stream Beat","Stream Beat","Stream Beat","Stream Beat","No Streams","No Streams","Stream Beat","_","Stream Beat"
843,843,0,0,0,0,00000004,01b5ffcafe1afedb,03a8,2361,1,0,3f8e2fde,1,0,fcf601b5fc08ffcafd69fe1aff91fedb,1,1,0,1e5d0a171e5d0a171e5d0a171e5d0a17,1,0,00000000000000000000000000000000,1,0,23c1,0,0,0,23c1,0,0,01b5ffcafe1afedb,1,0,40c003a8,0,1,0,fcf6fc08fd69ff91,1,0,"Active","Active","Active","Active","Active","Inactive","Inactive","Active","_","Active","Stream Beat","Stream Beat","Stream Beat","Stream Beat","Stream Beat","No Streams","No Streams","Stream Beat","_","Stream Beat"
844,844,0,0,0,0,00000004,fedefe42ffe001ec,03a8,235a,1,0,2fa41021,1,0,fc97fedefea1fe42fff6ffe0ff0a01ec,1,1,0,1e5d0a171e5d0a171e5d0a171e5d0a17,1,0,00000000000000000000000000000000,1,0,23c1,0,0,0,23c1,0,0,fedefe42ffe001ec,1,0,40c003a8,0,1,0,fc97fea1fff6ff0a,1,0,"Active","Active","Active","Active","Active","Inactive","Inactive","Active","_","Active","Stream Beat","Stream Beat","Stream Beat","Stream Beat","Stream Beat","No Streams","No Streams","Stream Beat","_","Stream Beat"
845,845,0,0,0,0,00000004,feaf00d9020f00fd,03a8,27be,1,0,3f68102a,1,0,ff64feafffe500d9fe13020ffc3c00fd,1,1,0,1e5d0a171e5d0a171e5d0a171e5d0a17,1,0,00000000000000000000000000000000,1,0,23c1,0,0,0,23c1,0,0,feaf00d9020f00fd,1,0,40c003a8,0,1,0,ff64ffe5fe13fc3c,1,0,"Active","Active","Active","Active","Active","Inactive","Inactive","Active","_","Active","Stream Beat","Stream Beat","Stream Beat","Stream Beat","Stream Beat","No Streams","No Streams","Stream Beat","_","Stream Beat"
846,846,0,0,0,0,00000004,01bd01e4fffbfe26,03a8,234c,1,0,3f5f2fe7,1,0,ff3601bdfcf901e4fbdcfffbfd48fe26,1,1,0,1e5d0a171e5d0a171e5d0a171e5d0a17,1,0,00000000000000000000000000000000,1,0,23c1,0,0,0,23c1,0,0,01bd01e4fffbfe26,1,0,40c003a8,0,1,0,ff36fcf9fbdcfd48,1,0,"Active","Active","Active","Active","Active","Inactive","Inactive","Active","_","Active","Stream Beat","Stream Beat","Stream Beat","Stream Beat","Stream Beat","No Streams","No Streams","Stream Beat","_","Stream Beat"
847,847,0,0,0,0,00000004,0124fef3fe31ffd4,03a8,1d9b,1,0,3fa32fee,1,0,fc530124fc58fef3fe6afe31fff9ffd4,1,1,0,1e5d0a171e5d0a171e5d0a171e5d0a17,1,0,00000000000000000000000000000000,1,0,23c1,0,0,0,23c1,0,0,0124fef3fe31ffd4,1,0,40c003a8,0,1,0,fc53fc58fe6afff9,1,0,"Active","Active","Active","Active","Active","Inactive","Inactive","Active","_","Active","Stream Beat","Stream Beat","Stream Beat","Stream Beat","Stream Beat","No Streams","No Streams","Stream Beat","_","Stream Beat"
848,848,0,0,0,0,00000004,fe44fe9600a00209,03a8,2351,1,0,3f991029,1,0,fd2afe44ff4bfe96fff000a0fe460209,1,1,0,1e5d0a171e5d0a171e5d0a171e5d0a17,1,0,00000000000000000000000000000000,1,0,23c1,0,0,0,23c1,0,0,fe44fe9600a00209,1,0,40c003a8,0,1,0,fd2aff4bfff0fe46,1,0,"Active","Active","Active","Active","Active","Inactive","Inactive","Active","_","Active","Stream Beat","Stream Beat","Stream Beat","Stream Beat","Stream Beat","No Streams","No Streams","Stream Beat","_","Stream Beat"
849,849,0,0,0,0,00000004,ff8d01ac01f70027,03a8,2a45,1,0,3f55201c,1,0,ffe6ff8dff5701acfd2401f7fc050027,1,1,0,1e5d0a171e5d0a171e5d0a171e5d0a17,1,0,00000000000000000000000000000000,1,0,23c1,0,0,0,23c1,0,0,ff8d01ac01f70027,1,0,40c003a8,0,1,0,ffe6ff57fd24fc05,1,0,"Active","Active","Active","Active","Active","Inactive","Inactive","Active","_","Active","Stream Beat","Stream Beat","Stream Beat","Stream Beat","Stream Beat","No Streams","No Streams","Stream Beat","_","Stream Beat"
850,850,0,0,0,0,00000004,02040146ff21fe21,03a8,1d8a,1,0,3f702fe1,1,0,fe750204fc6c0146fc4dff21fe3bfe21,1,1,0,1e5d0a171e5d0a171e5d0a171e5d0a17,1,0,00000000000000000000000000000000,1,0,23c1,0,0,0,23c1,0,0,02040146ff21fe21,1,0,40c003a8,0,1,0,fe75fc6cfc4dfe3b,1,0,"Active","Active","Active","Active","Active","Inactive","Inactive","Active","_","Active","Stream Beat","Stream Beat","Stream Beat","Stream Beat","Stream Beat","No Streams","No Streams","Stream Beat","_","Stream Beat"
851,851,0,0,0,0,00000004,0048fe64fe900082,03a8,1d9b,1,0,3faa1ff8,1,0,fc040048fd03fe64ff3bfe90fff50082,1,1,0,1e5d0a171e5d0a171e5d0a171e5d0a17,1,0,00000000000000000000000000000000,1,0,23c1,0,0,0,23c1,0,0,0048fe64fe900082,1,0,40c003a8,0,1,0,fc04fd03ff3bfff5,1,0,"Active","Active","Active","Active","Active","Inactive","Inactive","Active","_","Active","Stream Beat","Stream Beat","Stream Beat","Stream Beat","Stream Beat","No Streams","No Streams","Stream Beat","_","Stream Beat"
852,852,0,0,0,0,00000004,fe35ff6901980215,03a8,2a4d,1,0,3f861035,1,0,fe0ffe35ffe8ff69ff630198fd550215,1,1,0,1e5d0a171e5d0a171e5d0a171e5d0a17,1,0,00000000000000000000000000000000,1,0,23c1,0,0,0,23c1,0,0,fe35ff6901980215,1,0,40c003a8,0,1,0,fe0fffe8ff63fd55,1,0,"Active","Active","Active","Active","Active","Inactive","Inactive","Active","_","Active","Stream Beat","Stream Beat","Stream Beat","Stream Beat","Stream Beat","No Streams","No Streams","Stream Beat","_","Stream Beat"
853,853,0,0,0,0,00000004,006f0204016fff3d,03a8,2a4a,1,0,3f562008,1,0,0002006ffe8e0204fc96016ffc40ff3d,1,1,0,1e5d0a171e5d0a171e5d0a171e5d0a17,1,0,00000000000000000000000000000000,1,0,23c1,0,0,0,23c1,0,0,006f0204016fff3d,1,0,40c003a8,0,1,0,0002fe8efc96fc40,1,0,"Active","Active","Active","Active","Active","Inactive","Inactive","Active","_","Active","Stream Beat","Stream Beat","Stream Beat","Stream Beat","Stream Beat","No Streams","No Streams","Stream Beat","_","Stream Beat"
854,854,0,0,0,0,00000004,0217007afe7cfe68,03a8,1d92,1,0,3f831fdb,1,0,fd840217fc0a007afce6fe7cff07fe68,1,1,0,1e5d0a171e5d0a171e5d0a171e5d0a17,1,0,00000000000000000000000000000000,1,0,23c1,0,0,0,23c1,0,0,0217007afe7cfe68,1,0,40c003a8,0,1,0,fd84fc0afce6ff07,1,0,"Active","Active","Active","Active","Active","Inactive","Inactive","Active","_","Active","Stream Beat","Stream Beat","Stream Beat","Stream Beat","Stream Beat","No Streams","No Streams","Stream Beat","_","Stream Beat"
855,855,0,0,0,0,00000004,ff6ffe1fff230165,03a8,2360,1,0,3faa2014,1,0,fc17ff6ffdd8fe1fffc3ff23ff8f0165,1,1,0,1e5d0a171e5d0a171e5d0a171e5d0a17,1,0,00000000000000000000000000000000,1,0,23c1,0,0,0,23c1,0,0,ff6ffe1fff230165,1,0,40c003a8,0,1,0,fc17fdd8ffc3ff8f,1,0,"Active","Active","Active","Active","Active","Inactive","Inactive","Active","_","Active","Stream Beat","Stream Beat","Stream Beat","Stream Beat","Stream Beat","No Streams","No Streams","Stream Beat","_","Stream Beat"
856,856,0,0,0,0,00000004,fe4a002f01ff019c,03a8,2a47,1,0,2f761031,1,0,feddfe4a0000002ffebe01fffc80019c,1,1,0,1e5d0a171e5d0a171e5d0a171e5d0a17,1,0,00000000000000000000000000000000,1,0,23c1,0,0,0,23c1,0,0,fe4a002f01ff019c,1,0,40c003a8,0,1,0,fedd0000febefc80,1,0,"Active","Active","Active","Active","Active","Inactive","Inactive","Active","_","Active","Stream Beat","Stream Beat","Stream Beat","Stream Beat","Stream Beat","No Streams","No Streams","Stream Beat","_","Stream Beat"
857,857,0,0,0,0,00000004,0154021c00acfe8b,03a8,2344,1,0,3f571ff7,1,0,ffad0154fdac021cfc1000acfca7fe8b,1,1,0,1e5d0a171e5d0a171e5d0a171e5d0a17,1,0,00000000000000000000000000000000,1,0,23c1,0,0,0,23c1,0,0,0154021c00acfe8b,1,0,40c003a8,0,1,0,ffadfdacfc10fca7,1,0,"Active","Active","Active","Active","Active","Inactive","Inactive","Active","_","Active","Stream Beat","Stream Beat","Stream Beat","Stream Beat","Stream Beat","No Streams","No Streams","Stream Beat","_","Stream Beat"
858,858,0,0,0,0,00000004,01b9ff9dfe08feed,03a8,2362,1,0,3f942fe1,1,0,fcad01b9fc23ff9dfd8efe08ffa0feed,1,1,0,1e5d0a171e5d0a171e5d0a171e5d0a17,1,0,00000000000000000000000000000000,1,0,23c1,0,0,0,23c1,0,0,01b9ff9dfe08feed,1,0,40c003a8,0,1,0,fcadfc23fd8effa0,1,0,"Active","Active","Active","Active","Active","Inactive","Inactive","Active","_","Active","Stream Beat","Stream Beat","Stream Beat","Stream Beat","Stream Beat","No Streams","No Streams","Stream Beat","_","Stream Beat"
859,859,0,0,0,0,00000004,feaffe33fff001fa,03a8,2359,1,0,2fa11021,1,0,fc8dfeaffeaefe330002fff0fedb01fa,1,1,0,1e5d0a171e5d0a171e5d0a171e5d0a17,1,0,00000000000000000000000000000000,1,0,23c1,0,0,0,23c1,0,0,feaffe33fff001fa,1,0,40c003a8,0,1,0,fc8dfeae0002fedb,1,0,"Active","Active","Active","Active","Active","Inactive","Inactive","Active","_","Active","Stream Beat","Stream Beat","Stream Beat","Stream Beat","Stream Beat","No Streams","No Streams","Stream Beat","_","Stream Beat"
860,860,0,0,0,0,00000004,fecf0116022d00db,03a8,27bd,1,0,3f61102a,1,0,ff85fecfffc80116fdd2022dfbfc00db,1,1,0,1e5d0a171e5d0a171e5d0a171e5d0a17,1,0,00000000000000000000000000000000,1,0,23c1,0,0,0,23c1,0,0,fecf0116022d00db,1,0,40c003a8,0,1,0,ff85ffc8fdd2fbfc,1,0,"Active","Active","Active","Active","Active","Inactive","Inactive","Active","_","Active","Stream Beat","Stream Beat","Stream Beat","Stream Beat","Stream Beat","No Streams","No Streams","Stream Beat","_","Stream Beat"
861,861,0,0,0,0,00000004,01be01c7ffd3fe26,03a8,234e,1,0,3f5f2fe4,1,0,ff2101befcd601c7fc26ffd3fd83fe26,1,1,0,1e5d0a171e5d0a171e5d0a171e5d0a17,1,0,00000000000000000000000000000000,1,0,23c1,0,0,0,23c1,0,0,01be01c7ffd3fe26,1,0,40c003a8,0,1,0,ff21fcd6fc26fd83,1,0,"Active","Active","Active","Active","Active","Inactive","Inactive","Active","_","Active","Stream Beat","Stream Beat","Stream Beat","Stream Beat","Stream Beat","No Streams","No Streams","Stream Beat","_","Stream Beat"
862,862,0,0,0,0,00000004,0104fecdfe18ffc3,03a8,1d9b,1,0,2fa12fec,1,0,fc210104fc65fecdfe7bfe18fff6ffc3,1,1,0,1e5d0a171e5d0a171e5d0a171e5d0a17,1,0,00000000000000000000000000000000,1,0,23c1,0,0,0,23c1,0,0,0104fecdfe18ffc3,1,0,40c003a8,0,1,0,fc21fc65fe7bfff6,1,0,"Active","Active","Active","Active","Active","Inactive","Inactive","Active","_","Active","Stream Beat","Stream Beat","Stream Beat","Stream Beat","Stream Beat","No Streams","No Streams","Stream Beat","_","Stream Beat"
863,863,0,0,0,0,00000004,fe47fecd01060231,03a8,27d1,1,0,3f91102e,1,0,fd6afe47ff79fecdffd60106fdfc0231,1,1,0,1e5d0a171e5d0a171e5d0a171e5d0a17,1,0,00000000000000000000000000000000,1,0,23c1,0,0,0,23c1,0,0,fe47fecd01060231,1,0,40c003a8,0,1,0,fd6aff79ffd6fdfc,1,0,"Active","Active","Active","Active","Active","Inactive","Inactive","Active","_","Active","Stream Beat","Stream Beat","Stream Beat","Stream Beat","Stream Beat","No Streams","No Streams","Stream Beat","_","Stream Beat"
864,864,0,0,0,0,00000004,ff9401af01d8fff7,03a8,2a47,1,0,3f5a2017,1,0,ffefff94ff3c01affd1401d8fc18fff7,1,1,0,1e5d0a171e5d0a171e5d0a171e5d0a17,1,0,00000000000000000000000000000000,1,0,23c1,0,0,0,23c1,0,0,ff9401af01d8fff7,1,0,40c003a8,0,1,0,ffefff3cfd14fc18,1,0,"Active","Active","Active","Active","Active","Inactive","Inactive","Active","_","Active","Stream Beat","Stream Beat","Stream Beat","Stream Beat","Stream Beat","No Streams","No Streams","Stream Beat","_","Stream Beat"
865,865,0,0,0,0,00000004,0219011efef8fe28,03a8,1d8d,1,0,3f6f2fda,1,0,fe480219fc4f011efc4ffef8fe66fe28,1,1,0,1e5d0a171e5d0a171e5d0a171e5d0a17,1,0,00000000000000000000000000000000,1,0,23c1,0,0,0,23c1,0,0,0219011efef8fe28,1,0,40c003a8,0,1,0,fe48fc4ffc4ffe66,1,0,"Active","Active","Active","Active","Active","Inactive","Inactive","Active","_","Active","Stream Beat","Stream Beat","Stream Beat","Stream Beat","Stream Beat","No Streams","No Streams","Stream Beat","_","Stream Beat"
866,866,0,0,0,0,00000004,0019fe5bfe9700b1,03a8,1d9b,1,0,3fab2004,1,0,fbf30019fd2efe5bff5cfe97ffe100b1,1,1,0,1e5d0a171e5d0a171e5d0a171e5d0a17,1,0,00000000000000000000000000000000,1,0,23c1,0,0,0,23c1,0,0,0019fe5bfe9700b1,1,0,40c003a8,0,1,0,fbf3fd2eff5cffe1,1,0,"Active","Active","Active","Active","Active","Inactive","Inactive","Active","_","Active","Stream Beat","Stream Beat","Stream Beat","Stream Beat","Stream Beat","No Streams","No Streams","Stream Beat","_","Stream Beat"
867,867,0,0,0,0,00000004,fe39ff7e018601fa,03a8,2a4d,1,0,3f852031,1,0,fe46fe39ffedff7eff590186fd3a01fa,1,1,0,1e5d0a171e5d0a171e5d0a171e5d0a17,1,0,00000000000000000000000000000000,1,0,23c1,0,0,0,23c1,0,0,fe39ff7e018601fa,1,0,40c003a8,0,1,0,fe46ffedff59fd3a,1,0,"Active","Active","Active","Active","Active","Inactive","Inactive","Active","_","Active","Stream Beat","Stream Beat","Stream Beat","Stream Beat","Stream Beat","No Streams","No Streams","Stream Beat","_","Stream Beat"
868,868,0,0,0,0,00000004,007e020b0154ff20,03a8,2340,1,0,3f542005,1,0,fffa007efe6d020bfc530154fc58ff20,1,1,0,1e5d0a171e5d0a171e5d0a171e5d0a17,1,0,00000000000000000000000000000000,1,0,23c1,0,0,0,23c1,0,0,007e020b0154ff20,1,0,40c003a8,0,1,0,fffafe6dfc53fc58,1,0,"Active","Active","Active","Active","Active","Inactive","Inactive","Active","_","Active","Stream Beat","Stream Beat","Stream Beat","Stream Beat","Stream Beat","No Streams","No Streams","Stream Beat","_","Stream Beat"
869,869,0,0,0,0,00000004,01fb0050fe62fe85,03a8,1d93,1,0,3f851fdb,1,0,fd6b01fbfc130050fd0afe62ff2efe85,1,1,0,1e5d0a171e5d0a171e5d0a171e5d0a17,1,0,00000000000000000000000000000000,1,0,23c1,0,0,0,23c1,0,0,01fb0050fe62fe85,1,0,40c003a8,0,1,0,fd6bfc13fd0aff2e,1,0,"Active","Active","Active","Active","Active","Inactive","Inactive","Active","_","Active","Stream Beat","Stream Beat","Stream Beat","Stream Beat","Stream Beat","No Streams","No Streams","Stream Beat","_","Stream Beat"
870,870,0,0,0,0,00000004,ff40fe20ff4f0180,03a8,235f,1,0,3fac2013,1,0,fc29ff40fe02fe20ffdaff4fff750180,1,1,0,1e5d0a171e5d0a171e5d0a171e5d0a17,1,0,00000000000000000000000000000000,1,0,23c1,0,0,0,23c1,0,0,ff40fe20ff4f0180,1,0,40c003a8,0,1,0,fc29fe02ffdaff75,1,0,"Active","Active","Active","Active","Active","Inactive","Inactive","Active","_","Active","Stream Beat","Stream Beat","Stream Beat","Stream Beat","Stream Beat","No Streams","No Streams","Stream Beat","_","Stream Beat"
871,871,0,0,0,0,00000004,fe79006b01fa017c,03a8,2a45,1,0,3f71102f,1,0,ff0ffe790002006bfe9801fafc71017c,1,1,0,1e5d0a171e5d0a171e5d0a171e5d0a17,1,0,00000000000000000000000000000000,1,0,23c1,0,0,0,23c1,0,0,fe79006b01fa017c,1,0,40c003a8,0,1,0,ff0f0002fe98fc71,1,0,"Active","Active","Active","Active","Active","Inactive","Inactive","Active","_","Active","Stream Beat","Stream Beat","Stream Beat","Stream Beat","Stream Beat","No Streams","No Streams","Stream Beat","_","Stream Beat"
872,872,0,0,0,0,00000004,0152021e007efe7e,03a8,2348,1,0,3f5b1ff3,1,0,ff960152fd7d021efc06007efceafe7e,1,1,0,1e5d0a171e5d0a171e5d0a171e5d0a17,1,0,00000000000000000000000000000000,1,0,23c1,0,0,0,23c1,0,0,0152021e007efe7e,1,0,40c003a8,0,1,0,ff96fd7dfc06fcea,1,0,"Active","Active","Active","Active","Active","Inactive","Inactive","Active","_","Active","Stream Beat","Stream Beat","Stream Beat","Stream Beat","Stream Beat","No Streams","No Streams","Stream Beat","_","Stream Beat"
873,873,0,0,0,0,00000004,0194ff6dfe2fff1d,03a8,2363,1,0,3f972fe2,1,0,fc9c0194fc14ff6dfde6fe2fffc3ff1d,1,1,0,1e5d0a171e5d0a171e5d0a171e5d0a17,1,0,00000000000000000000000000000000,1,0,23c1,0,0,0,23c1,0,0,0194ff6dfe2fff1d,1,0,40c003a8,0,1,0,fc9cfc14fde6ffc3,1,0,"Active","Active","Active","Active","Active","Inactive","Inactive","Active","_","Active","Stream Beat","Stream Beat","Stream Beat","Stream Beat","Stream Beat","No Streams","No Streams","Stream Beat","_","Stream Beat"
874,874,0,0,0,0,00000004,fe95fe48002201f3,03a8,2354,1,0,2fa11025,1,0,fcaefe95fedefe4800000022fec401f3,1,1,0,1e5d0a171e5d0a171e5d0a171e5d0a17,1,0,00000000000000000000000000000000,1,0,23c1,0,0,0,23c1,0,0,fe95fe48002201f3,1,0,40c003a8,0,1,0,fcaefede0000fec4,1,0,"Active","Active","Active","Active","Active","Inactive","Inactive","Active","_","Active","Stream Beat","Stream Beat","Stream Beat","Stream Beat","Stream Beat","No Streams","No Streams","Stream Beat","_","Stream Beat"
875,875,0,0,0,0,00000004,fef40136021200a5,03a8,27be,1,0,3f601026,1,0,ffaafef4ffab0136fdc70212fc0f00a5,1,1,0,1e5d0a171e5d0a171e5d0a171e5d0a17,1,0,00000000000000000000000000000000,1,0,23c1,0,0,0,23c1,0,0,fef40136021200a5,1,0,40c003a8,0,1,0,ffaaffabfdc7fc0f,1,0,"Active","Active","Active","Active","Active","Inactive","Inactive","Active","_","Active","Stream Beat","Stream Beat","Stream Beat","Stream Beat","Stream Beat","No Streams","No Streams","Stream Beat","_","Stream Beat"
876,876,0,0,0,0,00000004,01fb01b5ff9bfe2f,03a8,234f,1,0,3f652fe4,1,0,fee501fbfcac01b5fbf0ff9bfdb7fe2f,1,1,0,1e5d0a171e5d0a171e5d0a171e5d0a17,1,0,00000000000000000000000000000000,1,0,23c1,0,0,0,23c1,0,0,01fb01b5ff9bfe2f,1,0,40c003a8,0,1,0,fee5fcacfbf0fdb7,1,0,"Active","Active","Active","Active","Active","Inactive","Inactive","Active","_","Active","Stream Beat","Stream Beat","Stream Beat","Stream Beat","Stream Beat","No Streams","No Streams","Stream Beat","_","Stream Beat"
877,877,0,0,0,0,00000004,00d5feb8fe35fffe,03a8,1d9c,1,0,2fa51fef,1,0,fc1a00d5fc99feb8feb5fe35fffbfffe,1,1,0,1e5d0a171e5d0a171e5d0a171e5d0a17,1,0,00000000000000000000000000000000,1,0,23c1,0,0,0,23c1,0,0,00d5feb8fe35fffe,1,0,40c003a8,0,1,0,fc1afc99feb5fffb,1,0,"Active","Active","Active","Active","Active","Inactive","Inactive","Active","_","Active","Stream Beat","Stream Beat","Stream Beat","Stream Beat","Stream Beat","No Streams","No Streams","Stream Beat","_","Stream Beat"
878,878,0,0,0,0,00000004,fe39fedb0114021b,03a8,27d0,1,0,3f92102e,1,0,fd8dfe39ff8efedbffc70114fde7021b,1,1,0,1e5d0a171e5d0a171e5d0a171e5d0a17,1,0,00000000000000000000000000000000,1,0,23c1,0,0,0,23c1,0,0,fe39fedb0114021b,1,0,40c003a8,0,1,0,fd8dff8effc7fde7,1,0,"Active","Active","Active","Active","Active","Inactive","Inactive","Active","_","Active","Stream Beat","Stream Beat","Stream Beat","Stream Beat","Stream Beat","No Streams","No Streams","Stream Beat","_","Stream Beat"
879,879,0,0,0,0,00000004,fff701de01dfffc8,03a8,2a46,1,0,3f532017,1,0,0003fff7ff0501defcc601dffc0effc8,1,1,0,1e5d0a171e5d0a171e5d0a171e5d0a17,1,0,00000000000000000000000000000000,1,0,23c1,0,0,0,23c1,0,0,fff701de01dfffc8,1,0,40c003a8,0,1,0,0003ff05fcc6fc0e,1,0,"Active","Active","Active","Active","Active","Inactive","Inactive","Active","_","Active","Stream Beat","Stream Beat","Stream Beat","Stream Beat","Stream Beat","No Streams","No Streams","Stream Beat","_","Stream Beat"
880,880,0,0,0,0,00000004,021600f8fed2fe42,03a8,1d8e,1,0,3f762fdc,1,0,fe210216fc4400f8fc6dfed2fe97fe42,1,1,0,1e5d0a171e5d0a171e5d0a171e5d0a17,1,0,00000000000000000000000000000000,1,0,23c1,0,0,0,23c1,0,0,021600f8fed2fe42,1,0,40c003a8,0,1,0,fe21fc44fc6dfe97,1,0,"Active","Active","Active","Active","Active","Inactive","Inactive","Active","_","Active","Stream Beat","Stream Beat","Stream Beat","Stream Beat","Stream Beat","No Streams","No Streams","Stream Beat","_","Stream Beat"
881,881,0,0,0,0,00000004,fff3fe31feab00e2,03a8,1908,1,0,3fac2004,1,0,fbe4fff3fd3afe31ff73feabffd400e2,1,1,0,1e5d0a171e5d0a171e5d0a171e5d0a17,1,0,00000000000000000000000000000000,1,0,23c1,0,0,0,23c1,0,0,fff3fe31feab00e2,1,0,40c003a8,0,1,0,fbe4fd3aff73ffd4,1,0,"Active","Active","Active","Active","Active","Inactive","Inactive","Active","_","Active","Stream Beat","Stream Beat","Stream Beat","Stream Beat","Stream Beat","No Streams","No Streams","Stream Beat","_","Stream Beat"
882,882,0,0,0,0,00000004,fe15ffae01b301dd,03a8,2a4a,1,0,2f7d2037,1,0,fe4ffe15fff4ffaeff3901b3fd1401dd,1,1,0,1e5d0a171e5d0a171e5d0a171e5d0a17,1,0,00000000000000000000000000000000,1,0,23c1,0,0,0,23c1,0,0,fe15ffae01b301dd,1,0,40c003a8,0,1,0,fe4ffff4ff39fd14,1,0,"Active","Active","Active","Active","Active","Inactive","Inactive","Active","_","Active","Stream Beat","Stream Beat","Stream Beat","Stream Beat","Stream Beat","No Streams","No Streams","Stream Beat","_","Stream Beat"
883,883,0,0,0,0,00000004,00be022c012dfef5,03a8,2343,1,0,3f562002,1,0,fff300befe28022cfc45012dfc54fef5,1,1,0,1e5d0a171e5d0a171e5d0a171e5d0a17,1,0,00000000000000000000000000000000,1,0,23c1,0,0,0,23c1,0,0,00be022c012dfef5,1,0,40c003a8,0,1,0,fff3fe28fc45fc54,1,0,"Active","Active","Active","Active","Active","Inactive","Inactive","Active","_","Active","Stream Beat","Stream Beat","Stream Beat","Stream Beat","Stream Beat","No Streams","No Streams","Stream Beat","_","Stream Beat"
884,884,0,0,0,0,00000004,01f3002ffe34fe91,03a8,1d95,1,0,3f862fdb,1,0,fd2a01f3fbef002ffd16fe34ff40fe91,1,1,0,1e5d0a171e5d0a171e5d0a171e5d0a17,1,0,00000000000000000000000000000000,1,0,23c1,0,0,0,23c1,0,0,01f3002ffe34fe91,1,0,40c003a8,0,1,0,fd2afbeffd16ff40,1,0,"Active","Active","Active","Active","Active","Inactive","Inactive","Active","_","Active","Stream Beat","Stream Beat","Stream Beat","Stream Beat","Stream Beat","No Streams","No Streams","Stream Beat","_","Stream Beat"
885,885,0,0,0,0,00000004,ff1dfe27ff6e01a1,03a8,235b,1,0,3fa92015,1,0,fc57ff1dfe32fe27ffe5ff6eff5b01a1,1,1,0,1e5d0a171e5d0a171e5d0a171e5d0a17,1,0,00000000000000000000000000000000,1,0,23c1,0,0,0,23c1,0,0,ff1dfe27ff6e01a1,1,0,40c003a8,0,1,0,fc57fe32ffe5ff5b,1,0,"Active","Active","Active","Active","Active","Inactive","Inactive","Active","_","Active","Stream Beat","Stream Beat","Stream Beat","Stream Beat","Stream Beat","No Streams","No Streams","Stream Beat","_","Stream Beat"
886,886,0,0,0,0,00000004,fe830081020f0152,03a8,2341,1,0,3f6b1030,1,0,ff2cfe83fffc0081fe66020ffc6f0152,1,1,0,1e5d0a171e5d0a171e5d0a171e5d0a17,1,0,00000000000000000000000000000000,1,0,23c1,0,0,0,23c1,0,0,fe830081020f0152,1,0,40c003a8,0,1,0,ff2cfffcfe66fc6f,1,0,"Active","Active","Active","Active","Active","Inactive","Inactive","Active","_","Active","Stream Beat","Stream Beat","Stream Beat","Stream Beat","Stream Beat","No Streams","No Streams","Stream Beat","_","Stream Beat"
887,887,0,0,0,0,00000004,016e02140052fe6a,03a8,2349,1,0,3f561fee,1,0,ff7c016efd4e0214fbf80052fd12fe6a,1,1,0,1e5d0a171e5d0a171e5d0a171e5d0a17,1,0,00000000000000000000000000000000,1,0,23c1,0,0,0,23c1,0,0,016e02140052fe6a,1,0,40c003a8,0,1,0,ff7cfd4efbf8fd12,1,0,"Active","Active","Active","Active","Active","Inactive","Inactive","Active","_","Active","Stream Beat","Stream Beat","Stream Beat","Stream Beat","Stream Beat","No Streams","No Streams","Stream Beat","_","Stream Beat"
888,888,0,0,0,0,00000004,0174ff49fe19ff47,03a8,2364,1,0,3f9c2fe5,1,0,fc890174fc4eff49fdf9fe19ffd8ff47,1,1,0,1e5d0a171e5d0a171e5d0a171e5d0a17,1,0,00000000000000000000000000000000,1,0,23c1,0,0,0,23c1,0,0,0174ff49fe19ff47,1,0,40c003a8,0,1,0,fc89fc4efdf9ffd8,1,0,"Active","Active","Active","Active","Active","Inactive","Inactive","Active","_","Active","Stream Beat","Stream Beat","Stream Beat","Stream Beat","Stream Beat","No Streams","No Streams","Stream Beat","_","Stream Beat"
889,889,0,0,0,0,00000004,fe70fe620064020a,03a8,2355,1,0,3f9f1026,1,0,fcd2fe70fefefe6200040064fe8e020a,1,1,0,1e5d0a171e5d0a171e5d0a171e5d0a17,1,0,00000000000000000000000000000000,1,0,23c1,0,0,0,23c1,0,0,fe70fe620064020a,1,0,40c003a8,0,1,0,fcd2fefe0004fe8e,1,0,"Active","Active","Active","Active","Active","Inactive","Inactive","Active","_","Active","Stream Beat","Stream Beat","Stream Beat","Stream Beat","Stream Beat","No Streams","No Streams","Stream Beat","_","Stream Beat"
890,890,0,0,0,0,00000004,ff30017f021b0081,03a8,2a45,1,0,3f5d1023,1,0,ffc1ff30ff8e017ffd7b021bfc170081,1,1,0,1e5d0a171e5d0a171e5d0a171e5d0a17,1,0,00000000000000000000000000000000,1,0,23c1,0,0,0,23c1,0,0,ff30017f021b0081,1,0,40c003a8,0,1,0,ffc1ff8efd7bfc17,1,0,"Active","Active","Active","Active","Active","Inactive","Inactive","Active","_","Active","Stream Beat","Stream Beat","Stream Beat","Stream Beat","Stream Beat","No Streams","No Streams","Stream Beat","_","Stream Beat"
891,891,0,0,0,0,00000004,02050187ff76fe0e,03a8,2351,1,0,3f6a2fe1,1,0,febf0205fcab0187fc13ff76fdc9fe0e,1,1,0,1e5d0a171e5d0a171e5d0a171e5d0a17,1,0,00000000000000000000000000000000,1,0,23c1,0,0,0,23c1,0,0,02050187ff76fe0e,1,0,40c003a8,0,1,0,febffcabfc13fdc9,1,0,"Active","Active","Active","Active","Active","Inactive","Inactive","Active","_","Active","Stream Beat","Stream Beat","Stream Beat","Stream Beat","Stream Beat","No Streams","No Streams","Stream Beat","_","Stream Beat"
892,892,0,0,0,0,00000004,00b2fe96fe4e003d,03a8,1d9c,1,0,2fa61ff4,1,0,fbff00b2fcb9fe96fedefe4effff003d,1,1,0,1e5d0a171e5d0a171e5d0a171e5d0a17,1,0,00000000000000000000000000000000,1,0,23c1,0,0,0,23c1,0,0,00b2fe96fe4e003d,1,0,40c003a8,0,1,0,fbfffcb9fedeffff,1,0,"Active","Active","Active","Active","Active","Inactive","Inactive","Active","_","Active","Stream Beat","Stream Beat","Stream Beat","Stream Beat","Stream Beat","No Streams","No Streams","Stream Beat","_","Stream Beat"
893,893,0,0,0,0,00000004,fe28ff050129021b,03a8,27ce,1,0,3f8e1034,1,0,fdb3fe28ffa7ff05ffb80129fdb1021b,1,1,0,1e5d0a171e5d0a171e5d0a171e5d0a17,1,0,00000000000000000000000000000000,1,0,23c1,0,0,0,23c1,0,0,fe28ff050129021b,1,0,40c003a8,0,1,0,fdb3ffa7ffb8fdb1,1,0,"Active","Active","Active","Active","Active","Inactive","Inactive","Active","_","Active","Stream Beat","Stream Beat","Stream Beat","Stream Beat","Stream Beat","No Streams","No Streams","Stream Beat","_","Stream Beat"
894,894,0,0,0,0,00000004,001001e201a5ffa0,03a8,2a48,1,0,3f542011,1,0,fffa0010fef401e2fccd01a5fc00ffa0,1,1,0,1e5d0a171e5d0a171e5d0a171e5d0a17,1,0,00000000000000000000000000000000,1,0,23c1,0,0,0,23c1,0,0,001001e201a5ffa0,1,0,40c003a8,0,1,0,fffafef4fccdfc00,1,0,"Active","Active","Active","Active","Active","Inactive","Inactive","Active","_","Active","Stream Beat","Stream Beat","Stream Beat","Stream Beat","Stream Beat","No Streams","No Streams","Stream Beat","_","Stream Beat"
895,895,0,0,0,0,00000004,022d00d1feb9fe49,03a8,1d8f,1,0,3f791fdd,1,0,fde6022dfc0700d1fc83feb9fec9fe49,1,1,0,1e5d0a171e5d0a171e5d0a171e5d0a17,1,0,00000000000000000000000000000000,1,0,23c1,0,0,0,23c1,0,0,022d00d1feb9fe49,1,0,40c003a8,0,1,0,fde6fc07fc83fec9,1,0,"Active","Active","Active","Active","Active","Inactive","Inactive","Active","_","Active","Stream Beat","Stream Beat","Stream Beat","Stream Beat","Stream Beat","No Streams","No Streams","Stream Beat","_","Stream Beat"
896,896,0,0,0,0,00000004,ffcafe2efed30125,03a8,1f5e,1,0,3fac2007,1,0,fc19ffcafd76fe2eff93fed3ffb90125,1,1,0,1e5d0a171e5d0a171e5d0a171e5d0a17,1,0,00000000000000000000000000000000,1,0,23c1,0,0,0,23c1,0,0,ffcafe2efed30125,1,0,40c003a8,0,1,0,fc19fd76ff93ffb9,1,0,"Active","Active","Active","Active","Active","Inactive","Inactive","Active","_","Active","Stream Beat","Stream Beat","Stream Beat","Stream Beat","Stream Beat","No Streams","No Streams","Stream Beat","_","Stream Beat"
897,897,0,0,0,0,00000004,fe2dffba01c901cb,03a8,2a4a,1,0,3f7b1033,1,0,fe85fe2dfff9ffbaff1701c9fce501cb,1,1,0,1e5d0a171e5d0a171e5d0a171e5d0a17,1,0,00000000000000000000000000000000,1,0,23c1,0,0,0,23c1,0,0,fe2dffba01c901cb,1,0,40c003a8,0,1,0,fe85fff9ff17fce5,1,0,"Active","Active","Active","Active","Active","Inactive","Inactive","Active","_","Active","Stream Beat","Stream Beat","Stream Beat","Stream Beat","Stream Beat","No Streams","No Streams","Stream Beat","_","Stream Beat"
898,898,0,0,0,0,00000004,00db022d0108fedb,03a8,2341,1,0,3f532000,1,0,ffe300dbfdfd022dfc2a0108fc92fedb,1,1,0,1e5d0a171e5d0a171e5d0a171e5d0a17,1,0,00000000000000000000000000000000,1,0,23c1,0,0,0,23c1,0,0,00db022d0108fedb,1,0,40c003a8,0,1,0,ffe3fdfdfc2afc92,1,0,"Active","Active","Active","Active","Active","Inactive","Inactive","Active","_","Active","Stream Beat","Stream Beat","Stream Beat","Stream Beat","Stream Beat","No Streams","No Streams","Stream Beat","_","Stream Beat"
899,899,0,0,0,0,00000004,01e5fffcfe2efeb0,03a8,1d96,1,0,3f8d2fdf,1,0,fd0301e5fbfcfffcfd47fe2eff65feb0,1,1,0,1e5d0a171e5d0a171e5d0a171e5d0a17,1,0,00000000000000000000000000000000,1,0,23c1,0,0,0,23c1,0,0,01e5fffcfe2efeb0,1,0,40c003a8,0,1,0,fd03fbfcfd47ff65,1,0,"Active","Active","Active","Active","Active","Inactive","Inactive","Active","_","Active","Stream Beat","Stream Beat","Stream Beat","Stream Beat","Stream Beat","No Streams","No Streams","Stream Beat","_","Stream Beat"
900,900,0,0,0,0,00000004,fef9fe22ffb901cf,03a8,235b,1,0,3fa72017,1,0,fc4dfef9fe5dfe22fff4ffb9ff2f01cf,1,1,0,1e5d0a171e5d0a171e5d0a171e5d0a17,1,0,00000000000000000000000000000000,1,0,23c1,0,0,0,23c1,0,0,fef9fe22ffb901cf,1,0,40c003a8,0,1,0,fc4dfe5dfff4ff2f,1,0,"Active","Active","Active","Active","Active","Inactive","Inactive","Active","_","Active","Stream Beat","Stream Beat","Stream Beat","Stream Beat","Stream Beat","No Streams","No Streams","Stream Beat","_","Stream Beat"
901,901,0,0,0,0,00000004,fe8c0091022b0123,03a8,1f30,1,0,3f69102e,1,0,ff4ffe8cffe90091fe39022bfc4f0123,1,1,0,1e5d0a171e5d0a171e5d0a171e5d0a17,1,0,00000000000000000000000000000000,1,0,23c1,0,0,0,23c1,0,0,fe8c0091022b0123,1,0,40c003a8,0,1,0,ff4fffe9fe39fc4f,1,0,"Active","Active","Active","Active","Active","Inactive","Inactive","Active","_","Active","Stream Beat","Stream Beat","Stream Beat","Stream Beat","Stream Beat","No Streams","No Streams","Stream Beat","_","Stream Beat"
902,902,0,0,0,0,00000004,01ab01f20024fe53,03a8,234a,1,0,3f5a2feb,1,0,ff5701abfd3a01f2fc0f0024fd2bfe53,1,1,0,1e5d0a171e5d0a171e5d0a171e5d0a17,1,0,00000000000000000000000000000000,1,0,23c1,0,0,0,23c1,0,0,01ab01f20024fe53,1,0,40c003a8,0,1,0,ff57fd3afc0ffd2b,1,0,"Active","Active","Active","Active","Active","Inactive","Inactive","Active","_","Active","Stream Beat","Stream Beat","Stream Beat","Stream Beat","Stream Beat","No Streams","No Streams","Stream Beat","_","Stream Beat"
903,903,0,0,0,0,00000004,015eff1ffe12ff7b,03a8,1d9a,1,0,3f9c2fea,1,0,fc3f015efc39ff1ffe27fe12ffe3ff7b,1,1,0,1e5d0a171e5d0a171e5d0a171e5d0a17,1,0,00000000000000000000000000000000,1,0,23c1,0,0,0,23c1,0,0,015eff1ffe12ff7b,1,0,40c003a8,0,1,0,fc3ffc39fe27ffe3,1,0,"Active","Active","Active","Active","Active","Inactive","Inactive","Active","_","Active","Stream Beat","Stream Beat","Stream Beat","Stream Beat","Stream Beat","No Streams","No Streams","Stream Beat","_","Stream Beat"
904,904,0,0,0,0,00000004,fe58fe870088021a,03a8,2354,1,0,3f9c1026,1,0,fcf3fe58ff2bfe87fffc0088fe62021a,1,1,0,1e5d0a171e5d0a171e5d0a171e5d0a17,1,0,00000000000000000000000000000000,1,0,23c1,0,0,0,23c1,0,0,fe58fe870088021a,1,0,40c003a8,0,1,0,fcf3ff2bfffcfe62,1,0,"Active","Active","Active","Active","Active","Inactive","Inactive","Active","_","Active","Stream Beat","Stream Beat","Stream Beat","Stream Beat","Stream Beat","No Streams","No Streams","Stream Beat","_","Stream Beat"
905,905,0,0,0,0,00000004,ff56018702040058,03a8,2a44,1,0,3f5c1021,1,0,ffd6ff56ff770187fd610204fbef0058,1,1,0,1e5d0a171e5d0a171e5d0a171e5d0a17,1,0,00000000000000000000000000000000,1,0,23c1,0,0,0,23c1,0,0,ff56018702040058,1,0,40c003a8,0,1,0,ffd6ff77fd61fbef,1,0,"Active","Active","Active","Active","Active","Inactive","Inactive","Active","_","Active","Stream Beat","Stream Beat","Stream Beat","Stream Beat","Stream Beat","No Streams","No Streams","Stream Beat","_","Stream Beat"
906,906,0,0,0,0,00000004,02160175ff44fe19,03a8,2352,1,0,3f682fe0,1,0,fe930216fc730175fc06ff44fdfffe19,1,1,0,1e5d0a171e5d0a171e5d0a171e5d0a17,1,0,00000000000000000000000000000000,1,0,23c1,0,0,0,23c1,0,0,02160175ff44fe19,1,0,40c003a8,0,1,0,fe93fc73fc06fdff,1,0,"Active","Active","Active","Active","Active","Inactive","Inactive","Active","_","Active","Stream Beat","Stream Beat","Stream Beat","Stream Beat","Stream Beat","No Streams","No Streams","Stream Beat","_","Stream Beat"
907,907,0,0,0,0,00000004,007bfe80fe600073,03a8,1d9c,1,0,3fa71ff8,1,0,fc03007bfcd6fe80ff09fe60fff90073,1,1,0,1e5d0a171e5d0a171e5d0a171e5d0a17,1,0,00000000000000000000000000000000,1,0,23c1,0,0,0,23c1,0,0,007bfe80fe600073,1,0,40c003a8,0,1,0,fc03fcd6ff09fff9,1,0,"Active","Active","Active","Active","Active","Inactive","Inactive","Active","_","Active","Stream Beat","Stream Beat","Stream Beat","Stream Beat","Stream Beat","No Streams","No Streams","Stream Beat","_","Stream Beat"
908,908,0,0,0,0,00000004,fe0aff2e0174021d,03a8,2a4f,1,0,3f891033,1,0,fdbbfe0affc6ff2eff8a0174fd89021d,1,1,0,1e5d0a171e5d0a171e5d0a171e5d0a17,1,0,00000000000000000000000000000000,1,0,23c1,0,0,0,23c1,0,0,fe0aff2e0174021d,1,0,40c003a8,0,1,0,fdbbffc6ff8afd89,1,0,"Active","Active","Active","Active","Active","Inactive","Inactive","Active","_","Active","Stream Beat","Stream Beat","Stream Beat","Stream Beat","Stream Beat","No Streams","No Streams","Stream Beat","_","Stream Beat"
909,909,0,0,0,0,00000004,002a01e5018bff76,03a8,2a48,1,0,3f50200e,1,0,0002002afed001e5fcaf018bfc28ff76,1,1,0,1e5d0a171e5d0a171e5d0a171e5d0a17,1,0,00000000000000000000000000000000,1,0,23c1,0,0,0,23c1,0,0,002a01e5018bff76,1,0,40c003a8,0,1,0,0002fed0fcaffc28,1,0,"Active","Active","Active","Active","Active","Inactive","Inactive","Active","_","Active","Stream Beat","Stream Beat","Stream Beat","Stream Beat","Stream Beat","No Streams","No Streams","Stream Beat","_","Stream Beat"
910,910,0,0,0,0,00000004,023500bafe92fe47,03a8,1d91,1,0,3f7d1fdc,1,0,fd950235fbe800bafcb7fe92fed4fe47,1,1,0,1e5d0a171e5d0a171e5d0a171e5d0a17,1,0,00000000000000000000000000000000,1,0,23c1,0,0,0,23c1,0,0,023500bafe92fe47,1,0,40c003a8,0,1,0,fd95fbe8fcb7fed4,1,0,"Active","Active","Active","Active","Active","Inactive","Inactive","Active","_","Active","Stream Beat","Stream Beat","Stream Beat","Stream Beat","Stream Beat","No Streams","No Streams","Stream Beat","_","Stream Beat"
911,911,0,0,0,0,00000004,ffa3fe24ff0c013e,03a8,1f5c,1,0,3fa9200c,1,0,fc09ffa3fdacfe24ffaaff0cffb3013e,1,1,0,1e5d0a171e5d0a171e5d0a171e5d0a17,1,0,00000000000000000000000000000000,1,0,23c1,0,0,0,23c1,0,0,ffa3fe24ff0c013e,1,0,40c003a8,0,1,0,fc09fdacffaaffb3,1,0,"Active","Active","Active","Active","Active","Inactive","Inactive","Active","_","Active","Stream Beat","Stream Beat","Stream Beat","Stream Beat","Stream Beat","No Streams","No Streams","Stream Beat","_","Stream Beat"
912,912,0,0,0,0,00000004,fe2e000901f301a5,03a8,2a46,1,0,2f7a1031,1,0,feaefe2efffb0009feeb01f3fcce01a5,1,1,0,1e5d0a171e5d0a171e5d0a171e5d0a17,1,0,00000000000000000000000000000000,1,0,23c1,0,0,0,23c1,0,0,fe2e000901f301a5,1,0,40c003a8,0,1,0,feaefffbfeebfcce,1,0,"Active","Active","Active","Active","Active","Inactive","Inactive","Active","_","Active","Stream Beat","Stream Beat","Stream Beat","Stream Beat","Stream Beat","No Streams","No Streams","Stream Beat","_","Stream Beat"
913,913,0,0,0,0,00000004,010a022700d8feb5,03a8,2344,1,0,3f501ffc,1,0,ffc9010afdde0227fc1d00d8fc89feb5,1,1,0,1e5d0a171e5d0a171e5d0a171e5d0a17,1,0,00000000000000000000000000000000,1,0,23c1,0,0,0,23c1,0,0,010a022700d8feb5,1,0,40c003a8,0,1,0,ffc9fddefc1dfc89,1,0,"Active","Active","Active","Active","Active","Inactive","Inactive","Active","_","Active","Stream Beat","Stream Beat","Stream Beat","Stream Beat","Stream Beat","No Streams","No Streams","Stream Beat","_","Stream Beat"
914,914,0,0,0,0,00000004,01cdffccfe29fee3,03a8,2360,1,0,3f912fe1,1,0,fce301cdfc03ffccfd73fe29ff91fee3,1,1,0,1e5d0a171e5d0a171e5d0a171e5d0a17,1,0,00000000000000000000000000000000,1,0,23c1,0,0,0,23c1,0,0,01cdffccfe29fee3,1,0,40c003a8,0,1,0,fce3fc03fd73ff91,1,0,"Active","Active","Active","Active","Active","Inactive","Inactive","Active","_","Active","Stream Beat","Stream Beat","Stream Beat","Stream Beat","Stream Beat","No Streams","No Streams","Stream Beat","_","Stream Beat"
915,915,0,0,0,0,00000004,fed8fe28ffd801db,03a8,235a,1,0,3fa6101c,1,0,fc6bfed8fe87fe28fff9ffd8ff1001db,1,1,0,1e5d0a171e5d0a171e5d0a171e5d0a17,1,0,00000000000000000000000000000000,1,0,23c1,0,0,0,23c1,0,0,fed8fe28ffd801db,1,0,40c003a8,0,1,0,fc6bfe87fff9ff10,1,0,"Active","Active","Active","Active","Active","Inactive","Inactive","Active","_","Active","Stream Beat","Stream Beat","Stream Beat","Stream Beat","Stream Beat","No Streams","No Streams","Stream Beat","_","Stream Beat"
916,916,0,0,0,0,00000004,fed0011002360109,03a8,2a45,1,0,3f64102b,1,0,ff77fed0ffd60110fdff0236fc140109,1,1,0,1e5d0a171e5d0a171e5d0a171e5d0a17,1,0,00000000000000000000000000000000,1,0,23c1,0,0,0,23c1,0,0,fed0011002360109,1,0,40c003a8,0,1,0,ff77ffd6fdfffc14,1,0,"Active","Active","Active","Active","Active","Inactive","Inactive","Active","_","Active","Stream Beat","Stream Beat","Stream Beat","Stream Beat","Stream Beat","No Streams","No Streams","Stream Beat","_","Stream Beat"
917,917,0,0,0,0,00000004,01c101edfff9fe3f,03a8,234b,1,0,3f5e2fea,1,0,ff2f01c1fd0401edfbfafff9fd56fe3f,1,1,0,1e5d0a171e5d0a171e5d0a171e5d0a17,1,0,00000000000000000000000000000000,1,0,23c1,0,0,0,23c1,0,0,01c101edfff9fe3f,1,0,40c003a8,0,1,0,ff2ffd04fbfafd56,1,0,"Active","Active","Active","Active","Active","Inactive","Inactive","Active","_","Active","Stream Beat","Stream Beat","Stream Beat","Stream Beat","Stream Beat","No Streams","No Streams","Stream Beat","_","Stream Beat"
918,918,0,0,0,0,00000004,012cfef6fe11ff82,03a8,1d9b,1,0,3f9f2feb,1,0,fc44012cfc4efef6fe45fe11fff2ff82,1,1,0,1e5d0a171e5d0a171e5d0a171e5d0a17,1,0,00000000000000000000000000000000,1,0,23c1,0,0,0,23c1,0,0,012cfef6fe11ff82,1,0,40c003a8,0,1,0,fc44fc4efe45fff2,1,0,"Active","Active","Active","Active","Active","Inactive","Inactive","Active","_","Active","Stream Beat","Stream Beat","Stream Beat","Stream Beat","Stream Beat","No Streams","No Streams","Stream Beat","_","Stream Beat"
919,919,0,0,0,0,00000004,fe51fe9f00b30221,03a8,2352,1,0,3f961031,1,0,fd2cfe51ff52fe9fffea00b3fe3e0221,1,1,0,1e5d0a171e5d0a171e5d0a171e5d0a17,1,0,00000000000000000000000000000000,1,0,23c1,0,0,0,23c1,0,0,fe51fe9f00b30221,1,0,40c003a8,0,1,0,fd2cff52ffeafe3e,1,0,"Active","Active","Active","Active","Active","Inactive","Inactive","Active","_","Active","Stream Beat","Stream Beat","Stream Beat","Stream Beat","Stream Beat","No Streams","No Streams","Stream Beat","_","Stream Beat"
920,920,0,0,0,0,00000004,ff6a018001ee002a,03a8,2a45,1,0,3f58201e,1,0,ffdeff6aff6a0180fd3d01eefc0a002a,1,1,0,1e5d0a171e5d0a171e5d0a171e5d0a17,1,0,00000000000000000000000000000000,1,0,23c1,0,0,0,23c1,0,0,ff6a018001ee002a,1,0,40c003a8,0,1,0,ffdeff6afd3dfc0a,1,0,"Active","Active","Active","Active","Active","Inactive","Inactive","Active","_","Active","Stream Beat","Stream Beat","Stream Beat","Stream Beat","Stream Beat","No Streams","No Streams","Stream Beat","_","Stream Beat"
921,921,0,0,0,0,00000004,02290157ff26fe1e,03a8,1d8a,1,0,3f6c2fdb,1,0,fe610229fc490157fc3fff26fe34fe1e,1,1,0,1e5d0a171e5d0a171e5d0a171e5d0a17,1,0,00000000000000000000000000000000,1,0,23c1,0,0,0,23c1,0,0,02290157ff26fe1e,1,0,40c003a8,0,1,0,fe61fc49fc3ffe34,1,0,"Active","Active","Active","Active","Active","Inactive","Inactive","Active","_","Active","Stream Beat","Stream Beat","Stream Beat","Stream Beat","Stream Beat","No Streams","No Streams","Stream Beat","_","Stream Beat"
922,922,0,0,0,0,00000004,0059fe5dfe6c0077,03a8,1d9b,1,0,3faa1ffc,1,0,fbf70059fcf7fe5dff20fe6cfff70077,1,1,0,1e5d0a171e5d0a171e5d0a171e5d0a17,1,0,00000000000000000000000000000000,1,0,23c1,0,0,0,23c1,0,0,0059fe5dfe6c0077,1,0,40c003a8,0,1,0,fbf7fcf7ff20fff7,1,0,"Active","Active","Active","Active","Active","Inactive","Inactive","Active","_","Active","Stream Beat","Stream Beat","Stream Beat","Stream Beat","Stream Beat","No Streams","No Streams","Stream Beat","_","Stream Beat"
923,923,0,0,0,0,00000004,fe0dff5c017301fe,03a8,2a4f,1,0,3f881030,1,0,fdf2fe0dffd5ff5cff820173fd6601fe,1,1,0,1e5d0a171e5d0a171e5d0a171e5d0a17,1,0,00000000000000000000000000000000,1,0,23c1,0,0,0,23c1,0,0,fe0dff5c017301fe,1,0,40c003a8,0,1,0,fdf2ffd5ff82fd66,1,0,"Active","Active","Active","Active","Active","Inactive","Inactive","Active","_","Active","Stream Beat","Stream Beat","Stream Beat","Stream Beat","Stream Beat","No Streams","No Streams","Stream Beat","_","Stream Beat"
924,924,0,0,0,0,00000004,0057020b017aff46,03a8,2a49,1,0,3f51200c,1,0,00000057fe95020bfc76017afc14ff46,1,1,0,1e5d0a171e5d0a171e5d0a171e5d0a17,1,0,00000000000000000000000000000000,1,0,23c1,0,0,0,23c1,0,0,0057020b017aff46,1,0,40c003a8,0,1,0,0000fe95fc76fc14,1,0,"Active","Active","Active","Active","Active","Inactive","Inactive","Active","_","Active","Stream Beat","Stream Beat","Stream Beat","Stream Beat","Stream Beat","No Streams","No Streams","Stream Beat","_","Stream Beat"
925,925,0,0,0,0,00000004,020b0084fe79fe69,03a8,1d91,1,0,3f801fd9,1,0,fd9b020bfbf10084fcd3fe79ff05fe69,1,1,0,1e5d0a171e5d0a171e5d0a171e5d0a17,1,0,00000000000000000000000000000000,1,0,23c1,0,0,0,23c1,0,0,020b0084fe79fe69,1,0,40c003a8,0,1,0,fd9bfbf1fcd3ff05,1,0,"Active","Active","Active","Active","Active","Inactive","Inactive","Active","_","Active","Stream Beat","Stream Beat","Stream Beat","Stream Beat","Stream Beat","No Streams","No Streams","Stream Beat","_","Stream Beat"
926,926,0,0,0,0,00000004,ff70fe1eff200146,03a8,235f,1,0,3faa200d,1,0,fc23ff70fdc9fe1effc6ff20ff980146,1,1,0,1e5d0a171e5d0a171e5d0a171e5d0a17,1,0,00000000000000000000000000000000,1,0,23c1,0,0,0,23c1,0,0,ff70fe1eff200146,1,0,40c003a8,0,1,0,fc23fdc9ffc6ff98,1,0,"Active","Active","Active","Active","Active","Inactive","Inactive","Active","_","Active","Stream Beat","Stream Beat","Stream Beat","Stream Beat","Stream Beat","No Streams","No Streams","Stream Beat","_","Stream Beat"
927,927,0,0,0,0,00000004,fe39003d01e8019a,03a8,2a46,1,0,2f711032,1,0,fecffe390002003dfecc01e8fc9e019a,1,1,0,1e5d0a171e5d0a171e5d0a171e5d0a17,1,0,00000000000000000000000000000000,1,0,23c1,0,0,0,23c1,0,0,fe39003d01e8019a,1,0,40c003a8,0,1,0,fecf0002feccfc9e,1,0,"Active","Active","Active","Active","Active","Inactive","Inactive","Active","_","Active","Stream Beat","Stream Beat","Stream Beat","Stream Beat","Stream Beat","No Streams","No Streams","Stream Beat","_","Stream Beat"
928,928,0,0,0,0,00000004,012a021e00adfe9f,03a8,2344,1,0,3f561ff7,1,0,ffb1012afdbb021efc1000adfcc0fe9f,1,1,0,1e5d0a171e5d0a171e5d0a171e5d0a17,1,0,00000000000000000000000000000000,1,0,23c1,0,0,0,23c1,0,0,012a021e00adfe9f,1,0,40c003a8,0,1,0,ffb1fdbbfc10fcc0,1,0,"Active","Active","Active","Active","Active","Inactive","Inactive","Active","_","Active","Stream Beat","Stream Beat","Stream Beat","Stream Beat","Stream Beat","No Streams","No Streams","Stream Beat","_","Stream Beat"
929,929,0,0,0,0,00000004,01b4ff9dfe24fef2,03a8,2362,1,0,3f942fdf,1,0,fcc201b4fc0bff9dfd9ffe24ffa9fef2,1,1,0,1e5d0a171e5d0a171e5d0a171e5d0a17,1,0,00000000000000000000000000000000,1,0,23c1,0,0,0,23c1,0,0,01b4ff9dfe24fef2,1,0,40c003a8,0,1,0,fcc2fc0bfd9fffa9,1,0,"Active","Active","Active","Active","Active","Inactive","Inactive","Active","_","Active","Stream Beat","Stream Beat","Stream Beat","Stream Beat","Stream Beat","No Streams","No Streams","Stream Beat","_","Stream Beat"
930,930,0,0,0,0,00000004,febcfe37000001d2,03a8,2357,1,0,2fa3101f,1,0,fc85febcfeb6fe37fffc0000fefa01d2,1,1,0,1e5d0a171e5d0a171e5d0a171e5d0a17,1,0,00000000000000000000000000000000,1,0,23c1,0,0,0,23c1,0,0,febcfe37000001d2,1,0,40c003a8,0,1,0,fc85feb6fffcfefa,1,0,"Active","Active","Active","Active","Active","Inactive","Inactive","Active","_","Active","Stream Beat","Stream Beat","Stream Beat","Stream Beat","Stream Beat","No Streams","No Streams","Stream Beat","_","Stream Beat"
931,931,0,0,0,0,00000004,feef0118022000d3,03a8,27bf,1,0,3f631029,1,0,ff9bfeefffbf0118fdf40220fc1000d3,1,1,0,1e5d0a171e5d0a171e5d0a171e5d0a17,1,0,00000000000000000000000000000000,1,0,23c1,0,0,0,23c1,0,0,feef0118022000d3,1,0,40c003a8,0,1,0,ff9bffbffdf4fc10,1,0,"Active","Active","Active","Active","Active","Inactive","Inactive","Active","_","Active","Stream Beat","Stream Beat","Stream Beat","Stream Beat","Stream Beat","No Streams","No Streams","Stream Beat","_","Stream Beat"
932,932,0,0,0,0,00000004,01d901d9ffcdfe37,03a8,234c,1,0,3f612fe6,1,0,ff1101d9fcd101d9fbffffcdfd82fe37,1,1,0,1e5d0a171e5d0a171e5d0a171e5d0a17,1,0,00000000000000000000000000000000,1,0,23c1,0,0,0,23c1,0,0,01d901d9ffcdfe37,1,0,40c003a8,0,1,0,ff11fcd1fbfffd82,1,0,"Active","Active","Active","Active","Active","Inactive","Inactive","Active","_","Active","Stream Beat","Stream Beat","Stream Beat","Stream Beat","Stream Beat","No Streams","No Streams","Stream Beat","_","Stream Beat"
933,933,0,0,0,0,00000004,0104fedbfe37fff4,03a8,1d9b,1,0,3fa31fec,1,0,fc340104fc7efedbfe8cfe37fffffff4,1,1,0,1e5d0a171e5d0a171e5d0a171e5d0a17,1,0,00000000000000000000000000000000,1,0,23c1,0,0,0,23c1,0,0,0104fedbfe37fff4,1,0,40c003a8,0,1,0,fc34fc7efe8cffff,1,0,"Active","Active","Active","Active","Active","Inactive","Inactive","Active","_","Active","Stream Beat","Stream Beat","Stream Beat","Stream Beat","Stream Beat","No Streams","No Streams","Stream Beat","_","Stream Beat"
934,934,0,0,0,0,00000004,fe49feca00cb0206,03a8,2a55,1,0,3f95102f,1,0,fd59fe49ff7bfecaffdd00cbfe2d0206,1,1,0,1e5d0a171e5d0a171e5d0a171e5d0a17,1,0,00000000000000000000000000000000,1,0,23c1,0,0,0,23c1,0,0,fe49feca00cb0206,1,0,40c003a8,0,1,0,fd59ff7bffddfe2d,1,0,"Active","Active","Active","Active","Active","Inactive","Inactive","Active","_","Active","Stream Beat","Stream Beat","Stream Beat","Stream Beat","Stream Beat","No Streams","No Streams","Stream Beat","_","Stream Beat"
935,935,0,0,0,0,00000004,ff9401b201ecfff7,03a8,2a46,1,0,3f56201b,1,0,fff1ff94ff3901b2fd0801ecfbf4fff7,1,1,0,1e5d0a171e5d0a171e5d0a171e5d0a17,1,0,00000000000000000000000000000000,1,0,23c1,0,0,0,23c1,0,0,ff9401b201ecfff7,1,0,40c003a8,0,1,0,fff1ff39fd08fbf4,1,0,"Active","Active","Active","Active","Active","Inactive","Inactive","Active","_","Active","Stream Beat","Stream Beat","Stream Beat","Stream Beat","Stream Beat","No Streams","No Streams","Stream Beat","_","Stream Beat"
936,936,0,0,0,0,00000004,020b0128fefdfe1b,03a8,1d8c,1,0,3f732fe0,1,0,fe4f020bfc580128fc5afefdfe50fe1b,1,1,0,1e5d0a171e5d0a171e5d0a171e5d0a17,1,0,00000000000000000000000000000000,1,0,23c1,0,0,0,23c1,0,0,020b0128fefdfe1b,1,0,40c003a8,0,1,0,fe4ffc58fc5afe50,1,0,"Active","Active","Active","Active","Active","Inactive","Inactive","Active","_","Active","Stream Beat","Stream Beat","Stream Beat","Stream Beat","Stream Beat","No Streams","No Streams","Stream Beat","_","Stream Beat"
937,937,0,0,0,0,00000004,002efe46fe8a0091,03a8,1d9b,1,0,3fad1ffe,1,0,fbf0002efd1dfe46ff44fe8afff10091,1,1,0,1e5d0a171e5d0a171e5d0a171e5d0a17,1,0,00000000000000000000000000000000,1,0,23c1,0,0,0,23c1,0,0,002efe46fe8a0091,1,0,40c003a8,0,1,0,fbf0fd1dff44fff1,1,0,"Active","Active","Active","Active","Active","Inactive","Inactive","Active","_","Active","Stream Beat","Stream Beat","Stream Beat","Stream Beat","Stream Beat","No Streams","No Streams","Stream Beat","_","Stream Beat"
938,938,0,0,0,0,00000004,fe2bff7201910204,03a8,2a49,1,0,3f822032,1,0,fe44fe2bffdcff72ff680191fd1c0204,1,1,0,1e5d0a171e5d0a171e5d0a171e5d0a17,1,0,00000000000000000000000000000000,1,0,23c1,0,0,0,23c1,0,0,fe2bff7201910204,1,0,40c003a8,0,1,0,fe44ffdcff68fd1c,1,0,"Active","Active","Active","Active","Active","Inactive","Inactive","Active","_","Active","Stream Beat","Stream Beat","Stream Beat","Stream Beat","Stream Beat","No Streams","No Streams","Stream Beat","_","Stream Beat"
939,939,0,0,0,0,00000004,009002170152ff2b,03a8,2340,1,0,3f552004,1,0,fff50090fe710217fc540152fc42ff2b,1,1,0,1e5d0a171e5d0a171e5d0a171e5d0a17,1,0,00000000000000000000000000000000,1,0,23c1,0,0,0,23c1,0,0,009002170152ff2b,1,0,40c003a8,0,1,0,fff5fe71fc54fc42,1,0,"Active","Active","Active","Active","Active","Inactive","Inactive","Active","_","Active","Stream Beat","Stream Beat","Stream Beat","Stream Beat","Stream Beat","No Streams","No Streams","Stream Beat","_","Stream Beat"
940,940,0,0,0,0,00000004,020f0059fe5cfe89,03a8,1d94,1,0,3f841fd8,1,0,fd59020ffbf30059fceffe5cff30fe89,1,1,0,1e5d0a171e5d0a171e5d0a171e5d0a17,1,0,00000000000000000000000000000000,1,0,23c1,0,0,0,23c1,0,0,020f0059fe5cfe89,1,0,40c003a8,0,1,0,fd59fbf3fcefff30,1,0,"Active","Active","Active","Active","Active","Inactive","Inactive","Active","_","Active","Stream Beat","Stream Beat","Stream Beat","Stream Beat","Stream Beat","No Streams","No Streams","Stream Beat","_","Stream Beat"
941,941,0,0,0,0,00000004,ff4cfe08ff390180,03a8,235e,1,0,3faa2013,1,0,fc28ff4cfde8fe08ffd0ff39ff790180,1,1,0,1e5d0a171e5d0a171e5d0a171e5d0a17,1,0,00000000000000000000000000000000,1,0,23c1,0,0,0,23c1,0,0,ff4cfe08ff390180,1,0,40c003a8,0,1,0,fc28fde8ffd0ff79,1,0,"Active","Active","Active","Active","Active","Inactive","Inactive","Active","_","Active","Stream Beat","Stream Beat","Stream Beat","Stream Beat","Stream Beat","No Streams","No Streams","Stream Beat","_","Stream Beat"
942,942,0,0,0,0,00000004,fe85005b021f0179,03a8,2a48,1,0,3f6f1032,1,0,ff1bfe85fffb005bfe8e021ffc770179,1,1,0,1e5d0a171e5d0a171e5d0a171e5d0a17,1,0,00000000000000000000000000000000,1,0,23c1,0,0,0,23c1,0,0,fe85005b021f0179,1,0,40c003a8,0,1,0,ff1bfffbfe8efc77,1,0,"Active","Active","Active","Active","Active","Inactive","Inactive","Active","_","Active","Stream Beat","Stream Beat","Stream Beat","Stream Beat","Stream Beat","No Streams","No Streams","Stream Beat","_","Stream Beat"
943,943,0,0,0,0,00000004,014d02020082fe8d,03a8,2345,1,0,3f561ff4,1,0,ffa1014dfd9f0202fc160082fcf4fe8d,1,1,0,1e5d0a171e5d0a171e5d0a171e5d0a17,1,0,00000000000000000000000000000000,1,0,23c1,0,0,0,23c1,0,0,014d02020082fe8d,1,0,40c003a8,0,1,0,ffa1fd9ffc16fcf4,1,0,"Active","Active","Active","Active","Active","Inactive","Inactive","Active","_","Active","Stream Beat","Stream Beat","Stream Beat","Stream Beat","Stream Beat","No Streams","No Streams","Stream Beat","_","Stream Beat"
944,944,0,0,0,0,00000004,0190ff7cfe14ff14,03a8,2363,1,0,3f952fe0,1,0,fca20190fc0eff7cfdd0fe14ffb5ff14,1,1,0,1e5d0a171e5d0a171e5d0a171e5d0a17,1,0,00000000000000000000000000000000,1,0,23c1,0,0,0,23c1,0,0,0190ff7cfe14ff14,1,0,40c003a8,0,1,0,fca2fc0efdd0ffb5,1,0,"Active","Active","Active","Active","Active","Inactive","Inactive","Active","_","Active","Stream Beat","Stream Beat","Stream Beat","Stream Beat","Stream Beat","No Streams","No Streams","Stream Beat","_","Stream Beat"
945,945,0,0,0,0,00000004,fea2fe63003f01f0,03a8,2357,1,0,3fa11027,1,0,fcc5fea2feeafe630000003ffecf01f0,1,1,0,1e5d0a171e5d0a171e5d0a171e5d0a17,1,0,00000000000000000000000000000000,1,0,23c1,0,0,0,23c1,0,0,fea2fe63003f01f0,1,0,40c003a8,0,1,0,fcc5feea0000fecf,1,0,"Active","Active","Active","Active","Active","Inactive","Inactive","Active","_","Active","Stream Beat","Stream Beat","Stream Beat","Stream Beat","Stream Beat","No Streams","No Streams","Stream Beat","_","Stream Beat"
946,946,0,0,0,0,00000004,fefb011c021f00ad,03a8,27bc,1,0,3f641025,1,0,ffadfefbffb4011cfdbc021ffc1e00ad,1,1,0,1e5d0a171e5d0a171e5d0a171e5d0a17,1,0,00000000000000000000000000000000,1,0,23c1,0,0,0,23c1,0,0,fefb011c021f00ad,1,0,40c003a8,0,1,0,ffadffb4fdbcfc1e,1,0,"Active","Active","Active","Active","Active","Inactive","Inactive","Active","_","Active","Stream Beat","Stream Beat","Stream Beat","Stream Beat","Stream Beat","No Streams","No Streams","Stream Beat","_","Stream Beat"
947,947,0,0,0,0,00000004,01d201bcff9cfe3a,03a8,234f,1,0,3f632fe3,1,0,fef601d2fcbc01bcfbf9ff9cfdb6fe3a,1,1,0,1e5d0a171e5d0a171e5d0a171e5d0a17,1,0,00000000000000000000000000000000,1,0,23c1,0,0,0,23c1,0,0,01d201bcff9cfe3a,1,0,40c003a8,0,1,0,fef6fcbcfbf9fdb6,1,0,"Active","Active","Active","Active","Active","Inactive","Inactive","Active","_","Active","Stream Beat","Stream Beat","Stream Beat","Stream Beat","Stream Beat","No Streams","No Streams","Stream Beat","_","Stream Beat"
948,948,0,0,0,0,00000004,00ddfeb6fe47000c,03a8,1d9c,1,0,2fa71ff3,1,0,fc0b00ddfc89feb6feb8fe470003000c,1,1,0,1e5d0a171e5d0a171e5d0a171e5d0a17,1,0,00000000000000000000000000000000,1,0,23c1,0,0,0,23c1,0,0,00ddfeb6fe47000c,1,0,40c003a8,0,1,0,fc0bfc89feb80003,1,0,"Active","Active","Active","Active","Active","Inactive","Inactive","Active","_","Active","Stream Beat","Stream Beat","Stream Beat","Stream Beat","Stream Beat","No Streams","No Streams","Stream Beat","_","Stream Beat"
949,949,0,0,0,0,00000004,fe34fede00f0021d,03a8,27d2,1,0,3f93102e,1,0,fd7afe34ff92fedeffcb00f0fdf1021d,1,1,0,1e5d0a171e5d0a171e5d0a171e5d0a17,1,0,00000000000000000000000000000000,1,0,23c1,0,0,0,23c1,0,0,fe34fede00f0021d,1,0,40c003a8,0,1,0,fd7aff92ffcbfdf1,1,0,"Active","Active","Active","Active","Active","Inactive","Inactive","Active","_","Active","Stream Beat","Stream Beat","Stream Beat","Stream Beat","Stream Beat","No Streams","No Streams","Stream Beat","_","Stream Beat"
950,950,0,0,0,0,00000004,ffc801cd01ceffce,03a8,2a46,1,0,3f562016,1,0,fff3ffc8ff1c01cdfce401cefbf4ffce,1,1,0,1e5d0a171e5d0a171e5d0a171e5d0a17,1,0,00000000000000000000000000000000,1,0,23c1,0,0,0,23c1,0,0,ffc801cd01ceffce,1,0,40c003a8,0,1,0,fff3ff1cfce4fbf4,1,0,"Active","Active","Active","Active","Active","Inactive","Inactive","Active","_","Active","Stream Beat","Stream Beat","Stream Beat","Stream Beat","Stream Beat","No Streams","No Streams","Stream Beat","_","Stream Beat"
951,951,0,0,0,0,00000004,02330100fee0fe38,03a8,1d8e,1,0,2f741fde,1,0,fe0e0233fc2c0100fc6dfee0fe96fe38,1,1,0,1e5d0a171e5d0a171e5d0a171e5d0a17,1,0,00000000000000000000000000000000,1,0,23c1,0,0,0,23c1,0,0,02330100fee0fe38,1,0,40c003a8,0,1,0,fe0efc2cfc6dfe96,1,0,"Active","Active","Active","Active","Active","Inactive","Inactive","Active","_","Active","Stream Beat","Stream Beat","Stream Beat","Stream Beat","Stream Beat","No Streams","No Streams","Stream Beat","_","Stream Beat"
952,952,0,0,0,0,00000004,fffcfe35fe9b00e9,03a8,2363,1,0,3fac2001,1,0,fbf6fffcfd3dfe35ff65fe9bffd700e9,1,1,0,1e5d0a171e5d0a171e5d0a171e5d0a17,1,0,00000000000000000000000000000000,1,0,23c1,0,0,0,23c1,0,0,fffcfe35fe9b00e9,1,0,40c003a8,0,1,0,fbf6fd3dff65ffd7,1,0,"Active","Active","Active","Active","Active","Inactive","Inactive","Active","_","Active","Stream Beat","Stream Beat","Stream Beat","Stream Beat","Stream Beat","No Streams","No Streams","Stream Beat","_","Stream Beat"
953,953,0,0,0,0,00000004,fe2aff8501b801e2,03a8,2a4a,1,0,3f7e2033,1,0,fe5bfe2affefff85ff3901b8fd1501e2,1,1,0,1e5d0a171e5d0a171e5d0a171e5d0a17,1,0,00000000000000000000000000000000,1,0,23c1,0,0,0,23c1,0,0,fe2aff8501b801e2,1,0,40c003a8,0,1,0,fe5bffefff39fd15,1,0,"Active","Active","Active","Active","Active","Inactive","Inactive","Active","_","Active","Stream Beat","Stream Beat","Stream Beat","Stream Beat","Stream Beat","No Streams","No Streams","Stream Beat","_","Stream Beat"
954,954,0,0,0,0,00000004,00a002160131feff,03a8,2340,1,0,3f532004,1,0,fff500a0fe410216fc500131fc66feff,1,1,0,1e5d0a171e5d0a171e5d0a171e5d0a17,1,0,00000000000000000000000000000000,1,0,23c1,0,0,0,23c1,0,0,00a002160131feff,1,0,40a003c0,1,1,0,fff5fe41fc50fc66,1,0,"Active","Active","Active","Active","Active","Inactive","Inactive","Active","Active","Active","Stream Beat","Stream Beat","Stream Beat","Stream Beat","Stream Beat","No Streams","No Streams","Stream Beat","Stream Beat","Stream Beat"
955,955,0,0,0,0,00000004,01e70031fe4ffe9d,03c0,1d94,1,0,3f862fdb,1,0,fd4901e7fc0b0031fd32fe4fff47fe9d,1,1,0,1e5d0a171e5d0a171e5d0a171e5d0a17,1,0,00000000000000000000000000000000,1,0,23c1,0,0,0,23c1,0,0,01e70031fe4ffe9d,1,0,40a003c0,0,1,0,fd49fc0bfd32ff47,1,0,"Active","Active","Active","Active","Active","Inactive","Inactive","Active","_","Active","Stream Beat","Stream Beat","Stream Beat","Stream Beat","Stream Beat","No Streams","No Streams","Stream Beat","_","Stream Beat"
956,956,0,0,0,0,00000004,ff2afe22ff74018d,03c0,235e,1,0,3fa92014,1,0,fc48ff2afe32fe22ffe1ff74ff66018d,1,1,0,1e5d0a171e5d0a171e5d0a171e5d0a17,1,0,00000000000000000000000000000000,1,0,23c1,0,0,0,23c1,0,0,ff2afe22ff74018d,1,0,40a003c0,0,1,0,fc48fe32ffe1ff66,1,0,"Active","Active","Active","Active","Active","Inactive","Inactive","Active","_","Active","Stream Beat","Stream Beat","Stream Beat","Stream Beat","Stream Beat","No Streams","No Streams","Stream Beat","_","Stream Beat"
957,957,0,0,0,0,00000004,fe7b008402060152,03c0,2340,1,0,3f6e102e,1,0,ff29fe7bfff50084fe7e0206fc5d0152,1,1,0,1e5d0a171e5d0a171e5d0a171e5d0a17,1,0,00000000000000000000000000000000,1,0,23c1,0,0,0,23c1,0,0,fe7b008402060152,1,0,40a003c0,0,1,0,ff29fff5fe7efc5d,1,0,"Active","Active","Active","Active","Active","Inactive","Inactive","Active","_","Active","Stream Beat","Stream Beat","Stream Beat","Stream Beat","Stream Beat","No Streams","No Streams","Stream Beat","_","Stream Beat"
958,958,0,0,0,0,00000004,016c0218005cfe6f,03c0,2349,1,0,3f5c1ff0,1,0,ff83016cfd4b0218fbf2005cfd11fe6f,1,1,0,1e5d0a171e5d0a171e5d0a171e5d0a17,1,0,00000000000000000000000000000000,1,0,23c1,0,0,0,23c1,0,0,016c0218005cfe6f,1,0,40a003c0,0,1,0,ff83fd4bfbf2fd11,1,0,"Active","Active","Active","Active","Active","Inactive","Inactive","Active","_","Active","Stream Beat","Stream Beat","Stream Beat","Stream Beat","Stream Beat","No Streams","No Streams","Stream Beat","_","Stream Beat"
959,959,0,0,0,0,00000004,0183ff49fe32ff48,03c0,2365,1,0,3f9c2fe4,1,0,fc6f0183fc22ff49fe11fe32ffd3ff48,1,1,0,1e5d0a171e5d0a171e5d0a171e5d0a17,1,0,00000000000000000000000000000000,1,0,23c1,0,0,0,23c1,0,0,0183ff49fe32ff48,1,0,40a003c0,0,1,0,fc6ffc22fe11ffd3,1,0,"Active","Active","Active","Active","Active","Inactive","Inactive","Active","_","Active","Stream Beat","Stream Beat","Stream Beat","Stream Beat","Stream Beat","No Streams","No Streams","Stream Beat","_","Stream Beat"
960,960,0,0,0,0,00000004,fe84fe67006b0215,03c0,2355,1,0,3f9f1025,1,0,fce6fe84ff02fe670002006bfe8f0215,1,1,0,1e5d0a171e5d0a171e5d0a171e5d0a17,1,0,00000000000000000000000000000000,1,0,23c1,0,0,0,23c1,0,0,fe84fe67006b0215,1,0,40a003c0,0,1,0,fce6ff020002fe8f,1,0,"Active","Active","Active","Active","Active","Inactive","Inactive","Active","_","Active","Stream Beat","Stream Beat","Stream Beat","Stream Beat","Stream Beat","No Streams","No Streams","Stream Beat","_","Stream Beat"
961,961,0,0,0,0,00000004,ff33016102170083,03c0,2a44,1,0,3f5d1024,1,0,ffc5ff33ff950161fd8f0217fc160083,1,1,0,1e5d0a171e5d0a171e5d0a171e5d0a17,1,0,00000000000000000000000000000000,1,0,23c1,0,0,0,23c1,0,0,ff33016102170083,1,0,40a003c0,0,1,0,ffc5ff95fd8ffc16,1,0,"Active","Active","Active","Active","Active","Inactive","Inactive","Active","_","Active","Stream Beat","Stream Beat","Stream Beat","Stream Beat","Stream Beat","No Streams","No Streams","Stream Beat","_","Stream Beat"
962,962,0,0,0,0,00000004,01f6018fff79fe20,03c0,2350,1,0,3f672fe4,1,0,fecf01f6fca7018ffc08ff79fdd1fe20,1,1,0,1e5d0a171e5d0a171e5d0a171e5d0a17,1,0,00000000000000000000000000000000,1,0,23c1,0,0,0,23c1,0,0,01f6018fff79fe20,1,0,40a003c0,0,1,0,fecffca7fc08fdd1,1,0,"Active","Active","Active","Active","Active","Inactive","Inactive","Active","_","Active","Stream Beat","Stream Beat","Stream Beat","Stream Beat","Stream Beat","No Streams","No Streams","Stream Beat","_","Stream Beat"
963,963,0,0,0,0,00000004,00b0fe9efe4f0018,03c0,1d9c,1,0,2fa71ff6,1,0,fc1900b0fcb3fe9efee1fe4ffffb0018,1,1,0,1e5d0a171e5d0a171e5d0a171e5d0a17,1,0,00000000000000000000000000000000,1,0,23c1,0,0,0,23c1,0,0,00b0fe9efe4f0018,1,0,40a003c0,0,1,0,fc19fcb3fee1fffb,1,0,"Active","Active","Active","Active","Active","Inactive","Inactive","Active","_","Active","Stream Beat","Stream Beat","Stream Beat","Stream Beat","Stream Beat","No Streams","No Streams","Stream Beat","_","Stream Beat"
964,964,0,0,0,0,00000004,fe21fee801130214,03c0,2a4f,1,0,3f8f1032,1,0,fd9dfe21ff9ffee8ffbc0113fdc40214,1,1,0,1e5d0a171e5d0a171e5d0a171e5d0a17,1,0,00000000000000000000000000000000,1,0,23c1,0,0,0,23c1,0,0,fe21fee801130214,1,0,40a003c0,0,1,0,fd9dff9fffbcfdc4,1,0,"Active","Active","Active","Active","Active","Inactive","Inactive","Active","_","Active","Stream Beat","Stream Beat","Stream Beat","Stream Beat","Stream Beat","No Streams","No Streams","Stream Beat","_","Stream Beat"
965,965,0,0,0,0,00000004,fff101d501b9ffa3,03c0,2a48,1,0,3f542011,1,0,0002fff1fef601d5fcbe01b9fc0effa3,1,1,0,1e5d0a171e5d0a171e5d0a171e5d0a17,1,0,00000000000000000000000000000000,1,0,23c1,0,0,0,23c1,0,0,fff101d501b9ffa3,1,0,40a003c0,0,1,0,0002fef6fcbefc0e,1,0,"Active","Active","Active","Active","Active","Inactive","Inactive","Active","_","Active","Stream Beat","Stream Beat","Stream Beat","Stream Beat","Stream Beat","No Streams","No Streams","Stream Beat","_","Stream Beat"
966,966,0,0,0,0,00000004,022900e0febefe42,03c0,1d8f,1,0,3f7a1fdb,1,0,fde30229fc1300e0fc9ffebefeb1fe42,1,1,0,1e5d0a171e5d0a171e5d0a171e5d0a17,1,0,00000000000000000000000000000000,1,0,23c1,0,0,0,23c1,0,0,022900e0febefe42,1,0,40a003c0,0,1,0,fde3fc13fc9ffeb1,1,0,"Active","Active","Active","Active","Active","Inactive","Inactive","Active","_","Active","Stream Beat","Stream Beat","Stream Beat","Stream Beat","Stream Beat","No Streams","No Streams","Stream Beat","_","Stream Beat"
967,967,0,0,0,0,00000004,ffd1fe2bfede00fe,03c0,1f5d,1,0,3fab2003,1,0,fc05ffd1fd6ffe2bff90fedeffcb00fe,1,1,0,1e5d0a171e5d0a171e5d0a171e5d0a17,1,0,00000000000000000000000000000000,1,0,23c1,0,0,0,23c1,0,0,ffd1fe2bfede00fe,1,0,40a003c0,0,1,0,fc05fd6fff90ffcb,1,0,"Active","Active","Active","Active","Active","Inactive","Inactive","Active","_","Active","Stream Beat","Stream Beat","Stream Beat","Stream Beat","Stream Beat","No Streams","No Streams","Stream Beat","_","Stream Beat"
968,968,0,0,0,0,00000004,fe25ffc801c301ba,03c0,2a4a,1,0,2f7c2032,1,0,fe80fe25fff8ffc8ff1e01c3fd0c01ba,1,1,0,1e5d0a171e5d0a171e5d0a171e5d0a17,1,0,00000000000000000000000000000000,1,0,23c1,0,0,0,23c1,0,0,fe25ffc801c301ba,1,0,40a003c0,0,1,0,fe80fff8ff1efd0c,1,0,"Active","Active","Active","Active","Active","Inactive","Inactive","Active","_","Active","Stream Beat","Stream Beat","Stream Beat","Stream Beat","Stream Beat","No Streams","No Streams","Stream Beat","_","Stream Beat"
969,969,0,0,0,0,00000004,00e102210104fee3,03c0,2342,1,0,3f542000,1,0,ffd700e1fe1d0221fc2f0104fc7efee3,1,1,0,1e5d0a171e5d0a171e5d0a171e5d0a17,1,0,00000000000000000000000000000000,1,0,23c1,0,0,0,23c1,0,0,00e102210104fee3,1,0,40a003c0,0,1,0,ffd7fe1dfc2ffc7e,1,0,"Active","Active","Active","Active","Active","Inactive","Inactive","Active","_","Active","Stream Beat","Stream Beat","Stream Beat","Stream Beat","Stream Beat","No Streams","No Streams","Stream Beat","_","Stream Beat"
970,970,0,0,0,0,00000004,01e2fffbfe40febd,03c0,1f57,1,0,3f8c2fdd,1,0,fd1a01e2fbebfffbfd46fe40ff76febd,1,1,0,1e5d0a171e5d0a171e5d0a171e5d0a17,1,0,00000000000000000000000000000000,1,0,23c1,0,0,0,23c1,0,0,01e2fffbfe40febd,1,0,40a003c0,0,1,0,fd1afbebfd46ff76,1,0,"Active","Active","Active","Active","Active","Inactive","Inactive","Active","_","Active","Stream Beat","Stream Beat","Stream Beat","Stream Beat","Stream Beat","No Streams","No Streams","Stream Beat","_","Stream Beat"
971,971,0,0,0,0,00000004,ff02fe2affaa01b7,03c0,235c,1,0,3faa2016,1,0,fc60ff02fe5efe2afff2ffaaff3b01b7,1,1,0,1e5d0a171e5d0a171e5d0a171e5d0a17,1,0,00000000000000000000000000000000,1,0,23c1,0,0,0,23c1,0,0,ff02fe2affaa01b7,1,0,40a003c0,0,1,0,fc60fe5efff2ff3b,1,0,"Active","Active","Active","Active","Active","Inactive","Inactive","Active","_","Active","Stream Beat","Stream Beat","Stream Beat","Stream Beat","Stream Beat","No Streams","No Streams","Stream Beat","_","Stream Beat"
972,972,0,0,0,0,00000004,fe9b00a7021c012f,03c0,233f,1,0,3f6a102e,1,0,ff47fe9bfff300a7fe40021cfc53012f,1,1,0,1e5d0a171e5d0a171e5d0a171e5d0a17,1,0,00000000000000000000000000000000,1,0,23c1,0,0,0,23c1,0,0,fe9b00a7021c012f,1,0,40a003c0,0,1,0,ff47fff3fe40fc53,1,0,"Active","Active","Active","Active","Active","Inactive","Inactive","Active","_","Active","Stream Beat","Stream Beat","Stream Beat","Stream Beat","Stream Beat","No Streams","No Streams","Stream Beat","_","Stream Beat"
973,973,0,0,0,0,00000004,01a501fb0033fe45,03c0,2349,1,0,3f5c2fed,1,0,ff5c01a5fd2f01fbfbf20033fd1dfe45,1,1,0,1e5d0a171e5d0a171e5d0a171e5d0a17,1,0,00000000000000000000000000000000,1,0,23c1,0,0,0,23c1,0,0,01a501fb0033fe45,1,0,40a003c0,0,1,0,ff5cfd2ffbf2fd1d,1,0,"Active","Active","Active","Active","Active","Inactive","Inactive","Active","_","Active","Stream Beat","Stream Beat","Stream Beat","Stream Beat","Stream Beat","No Streams","No Streams","Stream Beat","_","Stream Beat"
974,974,0,0,0,0,00000004,0151ff24fe26ff85,03c0,1d9a,1,0,3f9e2fe8,1,0,fc750151fc3fff24fe2efe26ffe7ff85,1,1,0,1e5d0a171e5d0a171e5d0a171e5d0a17,1,0,00000000000000000000000000000000,1,0,23c1,0,0,0,23c1,0,0,0151ff24fe26ff85,1,0,40a003c0,0,1,0,fc75fc3ffe2effe7,1,0,"Active","Active","Active","Active","Active","Inactive","Inactive","Active","_","Active","Stream Beat","Stream Beat","Stream Beat","Stream Beat","Stream Beat","No Streams","No Streams","Stream Beat","_","Stream Beat"
975,975,0,0,0,0,00000004,fe64fe9b007d0211,03c0,2354,1,0,3f9c1028,1,0,fcf5fe64ff3afe9bfff7007dfe720211,1,1,0,1e5d0a171e5d0a171e5d0a171e5d0a17,1,0,00000000000000000000000000000000,1,0,23c1,0,0,0,23c1,0,0,fe64fe9b007d0211,1,0,40a003c0,0,1,0,fcf5ff3afff7fe72,1,0,"Active","Active","Active","Active","Active","Inactive","Inactive","Active","_","Active","Stream Beat","Stream Beat","Stream Beat","Stream Beat","Stream Beat","No Streams","No Streams","Stream Beat","_","Stream Beat"
976,976,0,0,0,0,00000004,ff4d01800206005d,03c0,2a45,1,0,3f591021,1,0,ffcaff4dff830180fd630206fbe8005d,1,1,0,1e5d0a171e5d0a171e5d0a171e5d0a17,1,0,00000000000000000000000000000000,1,0,23c1,0,0,0,23c1,0,0,ff4d01800206005d,1,0,40a003c0,0,1,0,ffcaff83fd63fbe8,1,0,"Active","Active","Active","Active","Active","Inactive","Inactive","Active","_","Active","Stream Beat","Stream Beat","Stream Beat","Stream Beat","Stream Beat","No Streams","No Streams","Stream Beat","_","Stream Beat"
977,977,0,0,0,0,00000004,02240166ff5dfe09,03c0,2353,1,0,3f6c2fe2,1,0,fea00224fc820166fc25ff5dfdf9fe09,1,1,0,1e5d0a171e5d0a171e5d0a171e5d0a17,1,0,00000000000000000000000000000000,1,0,23c1,0,0,0,23c1,0,0,02240166ff5dfe09,1,0,40a003c0,0,1,0,fea0fc82fc25fdf9,1,0,"Active","Active","Active","Active","Active","Inactive","Inactive","Active","_","Active","Stream Beat","Stream Beat","Stream Beat","Stream Beat","Stream Beat","No Streams","No Streams","Stream Beat","_","Stream Beat"
978,978,0,0,0,0,00000004,0079fe95fe6f0066,03c0,1d9d,1,0,3fa91ff8,1,0,fc0d0079fcddfe95ff1efe6fffeb0066,1,1,0,1e5d0a171e5d0a171e5d0a171e5d0a17,1,0,00000000000000000000000000000000,1,0,23c1,0,0,0,23c1,0,0,0079fe95fe6f0066,1,0,40a003c0,0,1,0,fc0dfcddff1effeb,1,0,"Active","Active","Active","Active","Active","Inactive","Inactive","Active","_","Active","Stream Beat","Stream Beat","Stream Beat","Stream Beat","Stream Beat","No Streams","No Streams","Stream Beat","_","Stream Beat"
979,979,0,0,0,0,00000004,fe29ff15014d0209,03c0,2a4f,1,0,3f891033,1,0,fdd7fe29ffbfff15ff96014dfdaf0209,1,1,0,1e5d0a171e5d0a171e5d0a171e5d0a17,1,0,00000000000000000000000000000000,1,0,23c1,0,0,0,23c1,0,0,fe29ff15014d0209,1,0,40a003c0,0,1,0,fdd7ffbfff96fdaf,1,0,"Active","Active","Active","Active","Active","Inactive","Inactive","Active","_","Active","Stream Beat","Stream Beat","Stream Beat","Stream Beat","Stream Beat","No Streams","No Streams","Stream Beat","_","Stream Beat"
980,980,0,0,0,0,00000004,001201f30197ff7c,03c0,2a48,1,0,3f54200f,1,0,fffe0012fecd01f3fca50197fc2cff7c,1,1,0,1e5d0a171e5d0a171e5d0a171e5d0a17,1,0,00000000000000000000000000000000,1,0,23c1,0,0,0,23c1,0,0,001201f30197ff7c,1,0,40a003c0,0,1,0,fffefecdfca5fc2c,1,0,"Active","Active","Active","Active","Active","Inactive","Inactive","Active","_","Active","Stream Beat","Stream Beat","Stream Beat","Stream Beat","Stream Beat","No Streams","No Streams","Stream Beat","_","Stream Beat"
981,981,0,0,0,0,00000004,022300b4fe8dfe3b,03c0,1d90,1,0,3f7f1fde,1,0,fdba0223fbfd00b4fc85fe8dfed1fe3b,1,1,0,1e5d0a171e5d0a171e5d0a171e5d0a17,1,0,00000000000000000000000000000000,1,0,23c1,0,0,0,23c1,0,0,022300b4fe8dfe3b,1,0,40a003c0,0,1,0,fdbafbfdfc85fed1,1,0,"Active","Active","Active","Active","Active","Inactive","Inactive","Active","_","Active","Stream Beat","Stream Beat","Stream Beat","Stream Beat","Stream Beat","No Streams","No Streams","Stream Beat","_","Stream Beat"
982,982,0,0,0,0,00000004,ffadfe2efeff0138,03c0,1f5c,1,0,3fad2009,1,0,fc13ffadfdb5fe2effa4feffffb40138,1,1,0,1e5d0a171e5d0a171e5d0a171e5d0a17,1,0,00000000000000000000000000000000,1,0,23c1,0,0,0,23c1,0,0,ffadfe2efeff0138,1,0,40a003c0,0,1,0,fc13fdb5ffa4ffb4,1,0,"Active","Active","Active","Active","Active","Inactive","Inactive","Active","_","Active","Stream Beat","Stream Beat","Stream Beat","Stream Beat","Stream Beat","No Streams","No Streams","Stream Beat","_","Stream Beat"
983,983,0,0,0,0,00000004,fe2effef01f801ba,03c0,2a48,1,0,3f791031,1,0,fea3fe2efffdffeffeec01f8fcb001ba,1,1,0,1e5d0a171e5d0a171e5d0a171e5d0a17,1,0,00000000000000000000000000000000,1,0,23c1,0,0,0,23c1,0,0,fe2effef01f801ba,1,0,40a003c0,0,1,0,fea3fffdfeecfcb0,1,0,"Active","Active","Active","Active","Active","Inactive","Inactive","Active","_","Active","Stream Beat","Stream Beat","Stream Beat","Stream Beat","Stream Beat","No Streams","No Streams","Stream Beat","_","Stream Beat"
984,984,0,0,0,0,00000004,0111022a00e8feb3,03c0,2344,1,0,3f501ff9,1,0,ffcd0111fddc022afc0900e8fc83feb3,1,1,0,1e5d0a171e5d0a171e5d0a171e5d0a17,1,0,00000000000000000000000000000000,1,0,23c1,0,0,0,23c1,0,0,0111022a00e8feb3,1,0,40a003c0,0,1,0,ffcdfddcfc09fc83,1,0,"Active","Active","Active","Active","Active","Inactive","Inactive","Active","_","Active","Stream Beat","Stream Beat","Stream Beat","Stream Beat","Stream Beat","No Streams","No Streams","Stream Beat","_","Stream Beat"
985,985,0,0,0,0,00000004,01d0ffd6fe2dfec9,03c0,2361,1,0,3f922fe1,1,0,fce201d0fc04ffd6fd77fe2dff81fec9,1,1,0,1e5d0a171e5d0a171e5d0a171e5d0a17,1,0,00000000000000000000000000000000,1,0,23c1,0,0,0,23c1,0,0,01d0ffd6fe2dfec9,1,0,40a003c0,0,1,0,fce2fc04fd77ff81,1,0,"Active","Active","Active","Active","Active","Inactive","Inactive","Active","_","Active","Stream Beat","Stream Beat","Stream Beat","Stream Beat","Stream Beat","No Streams","No Streams","Stream Beat","_","Stream Beat"
986,986,0,0,0,0,00000004,fedefe37ffdc01c0,03c0,235b,1,0,3fa3201c,1,0,fc5ffedefe94fe37fff5ffdcff2501c0,1,1,0,1e5d0a171e5d0a171e5d0a171e5d0a17,1,0,00000000000000000000000000000000,1,0,23c1,0,0,0,23c1,0,0,fedefe37ffdc01c0,1,0,40a003c0,0,1,0,fc5ffe94fff5ff25,1,0,"Active","Active","Active","Active","Active","Inactive","Inactive","Active","_","Active","Stream Beat","Stream Beat","Stream Beat","Stream Beat","Stream Beat","No Streams","No Streams","Stream Beat","_","Stream Beat"
987,987,0,0,0,0,00000004,feb300e202250104,03c0,1f32,1,0,3f63102d,1,0,ff69feb3ffdc00e2fe1a0225fc2d0104,1,1,0,1e5d0a171e5d0a171e5d0a171e5d0a17,1,0,00000000000000000000000000000000,1,0,23c1,0,0,0,23c1,0,0,feb300e202250104,1,0,40a003c0,0,1,0,ff69ffdcfe1afc2d,1,0,"Active","Active","Active","Active","Active","Inactive","Inactive","Active","_","Active","Stream Beat","Stream Beat","Stream Beat","Stream Beat","Stream Beat","No Streams","No Streams","Stream Beat","_","Stream Beat"
988,988,0,0,0,0,00000004,01bb01e20006fe3b,03c0,234b,1,0,3f5d2fe9,1,0,ff4301bbfd0b01e2fbe10006fd4dfe3b,1,1,0,1e5d0a171e5d0a171e5d0a171e5d0a17,1,0,00000000000000000000000000000000,1,0,23c1,0,0,0,23c1,0,0,01bb01e20006fe3b,1,0,40a003c0,0,1,0,ff43fd0bfbe1fd4d,1,0,"Active","Active","Active","Active","Active","Inactive","Inactive","Active","_","Active","Stream Beat","Stream Beat","Stream Beat","Stream Beat","Stream Beat","No Streams","No Streams","Stream Beat","_","Stream Beat"
989,989,0,0,0,0,00000004,0124ff07fe14ff9e,03c0,1d9b,1,0,3fa02feb,1,0,fc4e0124fc46ff07fe54fe14ffe8ff9e,1,1,0,1e5d0a171e5d0a171e5d0a171e5d0a17,1,0,00000000000000000000000000000000,1,0,23c1,0,0,0,23c1,0,0,0124ff07fe14ff9e,1,0,40a003c0,0,1,0,fc4efc46fe54ffe8,1,0,"Active","Active","Active","Active","Active","Inactive","Inactive","Active","_","Active","Stream Beat","Stream Beat","Stream Beat","Stream Beat","Stream Beat","No Streams","No Streams","Stream Beat","_","Stream Beat"
990,990,0,0,0,0,00000004,fe50fe8100c70220,03c0,2353,1,0,3f98102b,1,0,fd16fe50ff48fe81ffe000c7fe510220,1,1,0,1e5d0a171e5d0a171e5d0a171e5d0a17,1,0,00000000000000000000000000000000,1,0,23c1,0,0,0,23c1,0,0,fe50fe8100c70220,1,0,40a003c0,0,1,0,fd16ff48ffe0fe51,1,0,"Active","Active","Active","Active","Active","Inactive","Inactive","Active","_","Active","Stream Beat","Stream Beat","Stream Beat","Stream Beat","Stream Beat","No Streams","No Streams","Stream Beat","_","Stream Beat"
991,991,0,0,0,0,00000004,ff8201a701ff002c,03c0,2a45,1,0,3f57101d,1,0,ffe5ff82ff5b01a7fd3201fffbf4002c,1,1,0,1e5d0a171e5d0a171e5d0a171e5d0a17,1,0,00000000000000000000000000000000,1,0,23c1,0,0,0,23c1,0,0,ff8201a701ff002c,1,0,40a003c0,0,1,0,ffe5ff5bfd32fbf4,1,0,"Active","Active","Active","Active","Active","Inactive","Inactive","Active","_","Active","Stream Beat","Stream Beat","Stream Beat","Stream Beat","Stream Beat","No Streams","No Streams","Stream Beat","_","Stream Beat"
992,992,0,0,0,0,00000004,020b0162ff21fe21,03c0,1d8a,1,0,3f6d2fdd,1,0,fe71020bfc520162fc2aff21fe2bfe21,1,1,0,1e5d0a171e5d0a171e5d0a171e5d0a17,1,0,00000000000000000000000000000000,1,0,23c1,0,0,0,23c1,0,0,020b0162ff21fe21,1,0,40a003c0,0,1,0,fe71fc52fc2afe2b,1,0,"Active","Active","Active","Active","Active","Inactive","Inactive","Active","_","Active","Stream Beat","Stream Beat","Stream Beat","Stream Beat","Stream Beat","No Streams","No Streams","Stream Beat","_","Stream Beat"
993,993,0,0,0,0,00000004,0063fe65fe9b008e,03c0,1d9c,1,0,3fa81ffb,1,0,fc000063fd06fe65ff30fe9bfffe008e,1,1,0,1e5d0a171e5d0a171e5d0a171e5d0a17,1,0,00000000000000000000000000000000,1,0,23c1,0,0,0,23c1,0,0,0063fe65fe9b008e,1,0,40a003c0,0,1,0,fc00fd06ff30fffe,1,0,"Active","Active","Active","Active","Active","Inactive","Inactive","Active","_","Active","Stream Beat","Stream Beat","Stream Beat","Stream Beat","Stream Beat","No Streams","No Streams","Stream Beat","_","Stream Beat"
994,994,0,0,0,0,00000004,fe18ff4901630209,03c0,2a4e,1,0,3f861035,1,0,fe02fe18ffcaff49ff8e0163fd5c0209,1,1,0,1e5d0a171e5d0a171e5d0a171e5d0a17,1,0,00000000000000000000000000000000,1,0,23c1,0,0,0,23c1,0,0,fe18ff4901630209,1,0,40a003c0,0,1,0,fe02ffcaff8efd5c,1,0,"Active","Active","Active","Active","Active","Inactive","Inactive","Active","_","Active","Stream Beat","Stream Beat","Stream Beat","Stream Beat","Stream Beat","No Streams","No Streams","Stream Beat","_","Stream Beat"
995,995,0,0,0,0,00000004,005202090172ff58,03c0,2a49,1,0,3f51200a,1,0,fff80052fea80209fc7c0172fc22ff58,1,1,0,1e5d0a171e5d0a171e5d0a171e5d0a17,1,0,00000000000000000000000000000000,1,0,23c1,0,0,0,23c1,0,0,005202090172ff58,1,0,40a003c0,0,1,0,fff8fea8fc7cfc22,1,0,"Active","Active","Active","Active","Active","Inactive","Inactive","Active","_","Active","Stream Beat","Stream Beat","Stream Beat","Stream Beat","Stream Beat","No Streams","No Streams","Stream Beat","_","Stream Beat"
996,996,0,0,0,0,00000004,020c0089fe83fe62,03c0,1d92,1,0,3f831fdf,1,0,fd9c020cfbfd0089fcd1fe83ff05fe62,1,1,0,1e5d0a171e5d0a171e5d0a171e5d0a17,1,0,00000000000000000000000000000000,1,0,23c1,0,0,0,23c1,0,0,020c0089fe83fe62,1,0,40a003c0,0,1,0,fd9cfbfdfcd1ff05,1,0,"Active","Active","Active","Active","Active","Inactive","Inactive","Active","_","Active","Stream Beat","Stream Beat","Stream Beat","Stream Beat","Stream Beat","No Streams","No Streams","Stream Beat","_","Stream Beat"
997,997,0,0,0,0,00000004,ff7dfe23ff330165,03c0,235f,1,0,3fab200c,1,0,fc22ff7dfdd3fe23ffc1ff33ff980165,1,1,0,1e5d0a171e5d0a171e5d0a171e5d0a17,1,0,00000000000000000000000000000000,1,0,23c1,0,0,0,23c1,0,0,ff7dfe23ff330165,1,0,40a003c0,0,1,0,fc22fdd3ffc1ff98,1,0,"Active","Active","Active","Active","Active","Inactive","Inactive","Active","_","Active","Stream Beat","Stream Beat","Stream Beat","Stream Beat","Stream Beat","No Streams","No Streams","Stream Beat","_","Stream Beat"
998,998,0,0,0,0,00000004,fe51001f01ea019a,03c0,2a46,1,0,3f731032,1,0,fed4fe510005001ffecf01eafca4019a,1,1,0,1e5d0a171e5d0a171e5d0a171e5d0a17,1,0,00000000000000000000000000000000,1,0,23c1,0,0,0,23c1,0,0,fe51001f01ea019a,1,0,40a003c0,0,1,0,fed40005fecffca4,1,0,"Active","Active","Active","Active","Active","Inactive","Inactive","Active","_","Active","Stream Beat","Stream Beat","Stream Beat","Stream Beat","Stream Beat","No Streams","No Streams","Stream Beat","_","Stream Beat"
999,999,0,0,0,0,00000004,012c021600bdfe8d,03c0,2345,1,0,3f561ff7,1,0,ffbb012cfdc00216fc0500bdfc9bfe8d,1,1,0,1e5d0a171e5d0a171e5d0a171e5d0a17,1,0,00000000000000000000000000000000,1,0,23c1,0,0,0,23c1,0,0,012c021600bdfe8d,1,0,40a003c0,0,1,0,ffbbfdc0fc05fc9b,1,0,"Active","Active","Active","Active","Active","Inactive","Inactive","Active","_","Active","Stream Beat","Stream Beat","Stream Beat","Stream Beat","Stream Beat","No Streams","No Streams","Stream Beat","_","Stream Beat"
1000,1000,0,0,0,0,00000004,01b5ffa7fe29fef0,03c0,2361,1,0,3f942fe3,1,0,fcce01b5fc04ffa7fda6fe29ff9ffef0,1,1,0,1e5d0a171e5d0a171e5d0a171e5d0a17,1,0,00000000000000000000000000000000,1,0,23c1,0,0,0,23c1,0,0,01b5ffa7fe29fef0,1,0,40a003c0,0,1,0,fccefc04fda6ff9f,1,0,"Active","Active","Active","Active","Active","Inactive","Inactive","Active","_","Active","Stream Beat","Stream Beat","Stream Beat","Stream Beat","Stream Beat","No Streams","No Streams","Stream Beat","_","Stream Beat"
1001,1001,0,0,0,0,00000004,fea8fe26ffeb01ee,03c0,2359,1,0,2fa4101f,1,0,fc68fea8fe97fe260004ffebfee901ee,1,1,0,1e5d0a171e5d0a171e5d0a171e5d0a17,1,0,00000000000000000000000000000000,1,0,23c1,0,0,0,23c1,0,0,fea8fe26ffeb01ee,1,0,40a003c0,0,1,0,fc68fe970004fee9,1,0,"Active","Active","Active","Active","Active","Inactive","Inactive","Active","_","Active","Stream Beat","Stream Beat","Stream Beat","Stream Beat","Stream Beat","No Streams","No Streams","Stream Beat","_","Stream Beat"
1002,1002,0,0,0,0,00000004,fec300f4022200e9,03c0,2a45,1,0,3f611028,1,0,ff82fec3ffd000f4fde90222fc0b00e9,1,1,0,1e5d0a171e5d0a171e5d0a171e5d0a17,1,0,00000000000000000000000000000000,1,0,23c1,0,0,0,23c1,0,0,fec300f4022200e9,1,0,40a003c0,0,1,0,ff82ffd0fde9fc0b,1,0,"Active","Active","Active","Active","Active","Inactive","Inactive","Active","_","Active","Stream Beat","Stream Beat","Stream Beat","Stream Beat","Stream Beat","No Streams","No Streams","Stream Beat","_","Stream Beat"
1003,1003,0,0,0,0,00000004,01c401d7ffd5fe33,03c0,234d,1,0,3f612fe7,1,0,ff2001c4fcdf01d7fc1bffd5fd77fe33,1,1,0,1e5d0a171e5d0a171e5d0a171e5d0a17,1,0,00000000000000000000000000000000,1,0,23c1,0,0,0,23c1,0,0,01c401d7ffd5fe33,1,0,40a003c0,0,1,0,ff20fcdffc1bfd77,1,0,"Active","Active","Active","Active","Active","Inactive","Inactive","Active","_","Active","Stream Beat","Stream Beat","Stream Beat","Stream Beat","Stream Beat","No Streams","No Streams","Stream Beat","_","Stream Beat"
1004,1004,0,0,0,0,00000004,0108feeafe2cffb8,03c0,1d9b,1,0,2f9e2fea,1,0,fc2f0108fc89feeafe84fe2cfff5ffb8,1,1,0,1e5d0a171e5d0a171e5d0a171e5d0a17,1,0,00000000000000000000000000000000,1,0,23c1,0,0,0,23c1,0,0,0108feeafe2cffb8,1,0,40a003c0,0,1,0,fc2ffc89fe84fff5,1,0,"Active","Active","Active","Active","Active","Inactive","Inactive","Active","_","Active","Stream Beat","Stream Beat","Stream Beat","Stream Beat","Stream Beat","No Streams","No Streams","Stream Beat","_","Stream Beat"
1005,1005,0,0,0,0,00000004,fe3cfeb500f6021d,03c0,2350,1,0,3f94102c,1,0,fd48fe3cff6afeb5ffda00f6fe1f021d,1,1,0,1e5d0a171e5d0a171e5d0a171e5d0a17,1,0,00000000000000000000000000000000,1,0,23c1,0,0,0,23c1,0,0,fe3cfeb500f6021d,1,0,40a003c0,0,1,0,fd48ff6affdafe1f,1,0,"Active","Active","Active","Active","Active","Inactive","Inactive","Active","_","Active","Stream Beat","Stream Beat","Stream Beat","Stream Beat","Stream Beat","No Streams","No Streams","Stream Beat","_","Stream Beat"
1006,1006,0,0,0,0,00000004,ff9f01cd01f80004,03c0,2a45,1,0,3f59201a,1,0,fff0ff9fff3401cdfcf601f8fbff0004,1,1,0,1e5d0a171e5d0a171e5d0a171e5d0a17,1,0,00000000000000000000000000000000,1,0,23c1,0,0,0,23c1,0,0,ff9f01cd01f80004,1,0,40a003c0,0,1,0,fff0ff34fcf6fbff,1,0,"Active","Active","Active","Active","Active","Inactive","Inactive","Active","_","Active","Stream Beat","Stream Beat","Stream Beat","Stream Beat","Stream Beat","No Streams","No Streams","Stream Beat","_","Stream Beat"
1007,1007,0,0,0,0,00000004,0220012cff0bfe29,03c0,1d8c,1,0,3f732fdd,1,0,fe490220fc55012cfc6fff0bfe5afe29,1,1,0,1e5d0a171e5d0a171e5d0a171e5d0a17,1,0,00000000000000000000000000000000,1,0,23c1,0,0,0,23c1,0,0,0220012cff0bfe29,1,0,40a003c0,0,1,0,fe49fc55fc6ffe5a,1,0,"Active","Active","Active","Active","Active","Inactive","Inactive","Active","_","Active","Stream Beat","Stream Beat","Stream Beat","Stream Beat","Stream Beat","No Streams","No Streams","Stream Beat","_","Stream Beat"
1008,1008,0,0,0,0,00000004,002bfe5efe8900aa,03c0,1d9b,1,0,3faa2000,1,0,fbf7002bfd29fe5eff49fe89ffe900aa,1,1,0,1e5d0a171e5d0a171e5d0a171e5d0a17,1,0,00000000000000000000000000000000,1,0,23c1,0,0,0,23c1,0,0,002bfe5efe8900aa,1,0,40a003c0,0,1,0,fbf7fd29ff49ffe9,1,0,"Active","Active","Active","Active","Active","Inactive","Inactive","Active","_","Active","Stream Beat","Stream Beat","Stream Beat","Stream Beat","Stream Beat","No Streams","No Streams","Stream Beat","_","Stream Beat"
1009,1009,0,0,0,0,00000004,fe28ff6c017a01f9,03c0,2a4c,1,0,3f811036,1,0,fe29fe28ffe7ff6cff66017afd4701f9,1,1,0,1e5d0a171e5d0a171e5d0a171e5d0a17,1,0,00000000000000000000000000000000,1,0,23c1,0,0,0,23c1,0,0,fe28ff6c017a01f9,1,0,40a003c0,0,1,0,fe29ffe7ff66fd47,1,0,"Active","Active","Active","Active","Active","Inactive","Inactive","Active","_","Active","Stream Beat","Stream Beat","Stream Beat","Stream Beat","Stream Beat","No Streams","No Streams","Stream Beat","_","Stream Beat"
1010,1010,0,0,0,0,00000004,0074021a0153ff25,03c0,2a4b,1,0,3f562008,1,0,fffc0074fe6a021afc800153fc42ff25,1,1,0,1e5d0a171e5d0a171e5d0a171e5d0a17,1,0,00000000000000000000000000000000,1,0,23c1,0,0,0,23c1,0,0,0074021a0153ff25,1,0,40a003c0,0,1,0,fffcfe6afc80fc42,1,0,"Active","Active","Active","Active","Active","Inactive","Inactive","Active","_","Active","Stream Beat","Stream Beat","Stream Beat","Stream Beat","Stream Beat","No Streams","No Streams","Stream Beat","_","Stream Beat"
1011,1011,0,0,0,0,00000004,021a0059fe6dfe74,03c0,1d93,1,0,3f851fdb,1,0,fd5b021afc0b0059fd00fe6dff20fe74,1,1,0,1e5d0a171e5d0a171e5d0a171e5d0a17,1,0,00000000000000000000000000000000,1,0,23c1,0,0,0,23c1,0,0,021a0059fe6dfe74,1,0,40a003c0,0,1,0,fd5bfc0bfd00ff20,1,0,"Active","Active","Active","Active","Active","Inactive","Inactive","Active","_","Active","Stream Beat","Stream Beat","Stream Beat","Stream Beat","Stream Beat","No Streams","No Streams","Stream Beat","_","Stream Beat"
1012,1012,0,0,0,0,00000004,ff52fe1bff4e0172,03c0,235e,1,0,3fab2010,1,0,fc33ff52fdf1fe1bffd9ff4eff7c0172,1,1,0,1e5d0a171e5d0a171e5d0a171e5d0a17,1,0,00000000000000000000000000000000,1,0,23c1,0,0,0,23c1,0,0,ff52fe1bff4e0172,1,0,40a003c0,0,1,0,fc33fdf1ffd9ff7c,1,0,"Active","Active","Active","Active","Active","Inactive","Inactive","Active","_","Active","Stream Beat","Stream Beat","Stream Beat","Stream Beat","Stream Beat","No Streams","No Streams","Stream Beat","_","Stream Beat"
1013,1013,0,0,0,0,00000004,fe62004602070172,03c0,2a45,1,0,3f721030,1,0,ff04fe62fffb0046fea40207fc970172,1,1,0,1e5d0a171e5d0a171e5d0a171e5d0a17,1,0,00000000000000000000000000000000,1,0,23c1,0,0,0,23c1,0,0,fe62004602070172,1,0,40a003c0,0,1,0,ff04fffbfea4fc97,1,0,"Active","Active","Active","Active","Active","Inactive","Inactive","Active","_","Active","Stream Beat","Stream Beat","Stream Beat","Stream Beat","Stream Beat","No Streams","No Streams","Stream Beat","_","Stream Beat"
1014,1014,0,0,0,0,00000004,014e02050084fe81,03c0,2346,1,0,3f581ff5,1,0,ff9b014efdac0205fc1a0084fcc9fe81,1,1,0,1e5d0a171e5d0a171e5d0a171e5d0a17,1,0,00000000000000000000000000000000,1,0,23c1,0,0,0,23c1,0,0,014e02050084fe81,1,0,40a003c0,0,1,0,ff9bfdacfc1afcc9,1,0,"Active","Active","Active","Active","Active","Inactive","Inactive","Active","_","Active","Stream Beat","Stream Beat","Stream Beat","Stream Beat","Stream Beat","No Streams","No Streams","Stream Beat","_","Stream Beat"
1015,1015,0,0,0,0,00000004,0198ff7efe30ff2e,03c0,2362,1,0,3f972fe2,1,0,fca50198fc1aff7efdddfe30ffc3ff2e,1,1,0,1e5d0a171e5d0a171e5d0a171e5d0a17,1,0,00000000000000000000000000000000,1,0,23c1,0,0,0,23c1,0,0,0198ff7efe30ff2e,1,0,40a003c0,0,1,0,fca5fc1afdddffc3,1,0,"Active","Active","Active","Active","Active","Inactive","Inactive","Active","_","Active","Stream Beat","Stream Beat","Stream Beat","Stream Beat","Stream Beat","No Streams","No Streams","Stream Beat","_","Stream Beat"
1016,1016,0,0,0,0,00000004,fe9efe44003a020b,03c0,2358,1,0,3fa31022,1,0,fcabfe9efed2fe440000003afec1020b,1,1,0,1e5d0a171e5d0a171e5d0a171e5d0a17,1,0,00000000000000000000000000000000,1,0,23c1,0,0,0,23c1,0,0,fe9efe44003a020b,1,0,40a003c0,0,1,0,fcabfed20000fec1,1,0,"Active","Active","Active","Active","Active","Inactive","Inactive","Active","_","Active","Stream Beat","Stream Beat","Stream Beat","Stream Beat","Stream Beat","No Streams","No Streams","Stream Beat","_","Stream Beat"
1017,1017,0,0,0,0,00000004,fef50117022c00b1,03c0,2a44,1,0,3f621025,1,0,ffa7fef5ffb80117fdb6022cfc2600b1,1,1,0,1e5d0a171e5d0a171e5d0a171e5d0a17,1,0,00000000000000000000000000000000,1,0,23c1,0,0,0,23c1,0,0,fef50117022c00b1,1,0,40a003c0,0,1,0,ffa7ffb8fdb6fc26,1,0,"Active","Active","Active","Active","Active","Inactive","Inactive","Active","_","Active","Stream Beat","Stream Beat","Stream Beat","Stream Beat","Stream Beat","No Streams","No Streams","Stream Beat","_","Stream Beat"
1018,1018,0,0,0,0,00000004,01e401aeffa9fe23,03c0,234f,1,0,3f652fe7,1,0,fefa01e4fcd401aefc06ffa9fd97fe23,1,1,0,1e5d0a171e5d0a171e5d0a171e5d0a17,1,0,00000000000000000000000000000000,1,0,23c1,0,0,0,23c1,0,0,01e401aeffa9fe23,1,0,40a003c0,0,1,0,fefafcd4fc06fd97,1,0,"Active","Active","Active","Active","Active","Inactive","Inactive","Active","_","Active","Stream Beat","Stream Beat","Stream Beat","Stream Beat","Stream Beat","No Streams","No Streams","Stream Beat","_","Stream Beat"
1019,1019,0,0,0,0,00000004,00dafec6fe3afffb,03c0,1d9b,1,0,2fa31ff2,1,0,fc2100dafc8dfec6feb5fe3afff8fffb,1,1,0,1e5d0a171e5d0a171e5d0a171e5d0a17,1,0,00000000000000000000000000000000,1,0,23c1,0,0,0,23c1,0,0,00dafec6fe3afffb,1,0,40a003c0,0,1,0,fc21fc8dfeb5fff8,1,0,"Active","Active","Active","Active","Active","Inactive","Inactive","Active","_","Active","Stream Beat","Stream Beat","Stream Beat","Stream Beat","Stream Beat","No Streams","No Streams","Stream Beat","_","Stream Beat"
1020,1020,0,0,0,0,00000004,fe2cfecc00f4021e,03c0,27d2,1,0,3f93102e,1,0,fd5ffe2cff8cfeccffc900f4fdfb021e,1,1,0,1e5d0a171e5d0a171e5d0a171e5d0a17,1,0,00000000000000000000000000000000,1,0,23c1,0,0,0,23c1,0,0,fe2cfecc00f4021e,1,0,40a003c0,0,1,0,fd5fff8cffc9fdfb,1,0,"Active","Active","Active","Active","Active","Inactive","Inactive","Active","_","Active","Stream Beat","Stream Beat","Stream Beat","Stream Beat","Stream Beat","No Streams","No Streams","Stream Beat","_","Stream Beat"
1021,1021,0,0,0,0,00000004,ffcc01db01e3ffce,03c0,2a47,1,0,3f562015,1,0,0005ffccff0801dbfce101e3fbf9ffce,1,1,0,1e5d0a171e5d0a171e5d0a171e5d0a17,1,0,00000000000000000000000000000000,1,0,23c1,0,0,0,23c1,0,0,ffcc01db01e3ffce,1,0,40a003c0,0,1,0,0005ff08fce1fbf9,1,0,"Active","Active","Active","Active","Active","Inactive","Inactive","Active","_","Active","Stream Beat","Stream Beat","Stream Beat","Stream Beat","Stream Beat","No Streams","No Streams","Stream Beat","_","Stream Beat"
1022,1022,0,0,0,0,00000004,02110111fed3fe26,03c0,1d8d,1,0,3f752fdd,1,0,fe280211fc300111fc61fed3fe6efe26,1,1,0,1e5d0a171e5d0a171e5d0a171e5d0a17,1,0,00000000000000000000000000000000,1,0,23c1,0,0,0,23c1,0,0,02110111fed3fe26,1,0,40a003c0,0,1,0,fe28fc30fc61fe6e,1,0,"Active","Active","Active","Active","Active","Inactive","Inactive","Active","_","Active","Stream Beat","Stream Beat","Stream Beat","Stream Beat","Stream Beat","No Streams","No Streams","Stream Beat","_","Stream Beat"
1023,1023,0,0,0,0,00000004,0001fe33fe9c00ae,03c0,1908,1,0,3faa2000,1,0,fc000001fd2dfe33ff62fe9cffe400ae,1,1,0,1e5d0a171e5d0a171e5d0a171e5d0a17,1,0,00000000000000000000000000000000,1,0,23c1,0,0,0,23c1,0,0,0001fe33fe9c00ae,1,0,40a003c0,0,1,0,fc00fd2dff62ffe4,1,0,"Active","Active","Active","Active","Active","Inactive","Inactive","Active","_","Active","Stream Beat","Stream Beat","Stream Beat","Stream Beat","Stream Beat","No Streams","No Streams","Stream Beat","_","Stream Beat"
1024,1024,1,0,0,0,00000004,fe22ffaf01a701cf,03c0,2a4b,1,0,2f7e2035,1,0,fe4dfe22fff6ffafff4201a7fd3e01cf,1,1,0,1e5d0a171e5d0a171e5d0a171e5d0a17,1,0,00000000000000000000000000000000,1,0,23c1,0,0,0,23c1,0,0,fe22ffaf01a701cf,1,0,40a003c0,0,1,0,fe4dfff6ff42fd3e,1,0,"Active","Active","Active","Active","Active","Inactive","Inactive","Active","_","Active","Stream Beat","Stream Beat","Stream Beat","Stream Beat","Stream Beat","No Streams","No Streams","Stream Beat","_","Stream Beat"
1025,1025,0,0,0,0,00000004,00830212013afefd,03c0,2341,1,0,3f522001,1,0,fff30083fe4e0212fc43013afc4afefd,1,1,0,1e5d0a171e5d0a171e5d0a171e5d0a17,1,0,00000000000000000000000000000000,1,0,23c1,0,0,0,23c1,0,0,00830212013afefd,1,0,40a003c0,0,1,0,fff3fe4efc43fc4a,1,0,"Active","Active","Active","Active","Active","Inactive","Inactive","Active","_","Active","Stream Beat","Stream Beat","Stream Beat","Stream Beat","Stream Beat","No Streams","No Streams","Stream Beat","_","Stream Beat"
1026,1026,0,0,0,0,00000004,01ff002efe4ffe94,03c0,1d95,1,0,3f871fd7,1,0,fd3e01fffbf0002efd14fe4fff4afe94,1,1,0,1e5d0a171e5d0a171e5d0a171e5d0a17,1,0,00000000000000000000000000000000,1,0,23c1,0,0,0,23c1,0,0,01ff002efe4ffe94,1,0,40a003c0,0,1,0,fd3efbf0fd14ff4a,1,0,"Active","Active","Active","Active","Active","Inactive","Inactive","Active","_","Active","Stream Beat","Stream Beat","Stream Beat","Stream Beat","Stream Beat","No Streams","No Streams","Stream Beat","_","Stream Beat"
1027,1027,0,0,0,0,00000004,ff2cfe09ff660186,03c0,235c,1,0,3fac2014,1,0,fc3aff2cfe11fe09ffe1ff66ff660186,1,1,0,1e5d0a171e5d0a171e5d0a171e5d0a17,1,0,00000000000000000000000000000000,1,0,23c1,0,0,0,23c1,0,0,ff2cfe09ff660186,1,0,40a003c0,0,1,0,fc3afe11ffe1ff66,1,0,"Active","Active","Active","Active","Active","Inactive","Inactive","Active","_","Active","Stream Beat","Stream Beat","Stream Beat","Stream Beat","Stream Beat","No Streams","No Streams","Stream Beat","_","Stream Beat"
1028,1028,0,0,0,0,00000004,fe7b006a0230015d,03c0,2a44,1,0,3f6c102c,1,0,ff2bfe7bfff4006afe660230fc53015d,1,1,0,1e5d0a171e5d0a171e5d0a171e5d0a17,1,0,00000000000000000000000000000000,1,0,23c1,0,0,0,23c1,0,0,fe7b006a0230015d,1,0,40a003c0,0,1,0,ff2bfff4fe66fc53,1,0,"Active","Active","Active","Active","Active","Inactive","Inactive","Active","_","Active","Stream Beat","Stream Beat","Stream Beat","Stream Beat","Stream Beat","No Streams","No Streams","Stream Beat","_","Stream Beat"
1029,1029,0,0,0,0,00000004,0153020c005afe6e,03c0,2348,1,0,3f581ff1,1,0,ff890153fd6e020cfbfb005afcf5fe6e,1,1,0,1e5d0a171e5d0a171e5d0a171e5d0a17,1,0,00000000000000000000000000000000,1,0,23c1,0,0,0,23c1,0,0,0153020c005afe6e,1,0,40a003c0,0,1,0,ff89fd6efbfbfcf5,1,0,"Active","Active","Active","Active","Active","Inactive","Inactive","Active","_","Active","Stream Beat","Stream Beat","Stream Beat","Stream Beat","Stream Beat","No Streams","No Streams","Stream Beat","_","Stream Beat"
1030,1030,0,0,0,0,00000004,0182ff50fe20ff5d,03c0,2364,1,0,3f992fe2,1,0,fc7a0182fc1eff50fdf7fe20ffdaff5d,1,1,0,1e5d0a171e5d0a171e5d0a171e5d0a17,1,0,00000000000000000000000000000000,1,0,23c1,0,0,0,23c1,0,0,0182ff50fe20ff5d,1,0,40a003c0,0,1,0,fc7afc1efdf7ffda,1,0,"Active","Active","Active","Active","Active","Inactive","Inactive","Active","_","Active","Stream Beat","Stream Beat","Stream Beat","Stream Beat","Stream Beat","No Streams","No Streams","Stream Beat","_","Stream Beat"
1031,1031,0,0,0,0,00000004,fe75fe49004b0212,03c0,2356,1,0,3f9d1027,1,0,fcb6fe75feedfe490000004bfe990212,1,1,0,1e5d0a171e5d0a171e5d0a171e5d0a17,1,0,00000000000000000000000000000000,1,0,23c1,0,0,0,23c1,0,0,fe75fe49004b0212,1,0,40a003c0,0,1,0,fcb6feed0000fe99,1,0,"Active","Active","Active","Active","Active","Inactive","Inactive","Active","_","Active","Stream Beat","Stream Beat","Stream Beat","Stream Beat","Stream Beat","No Streams","No Streams","Stream Beat","_","Stream Beat"
1032,1032,0,0,0,0,00000004,ff0c014d020b008a,03c0,2a45,1,0,3f5e1022,1,0,ffb4ff0cff9f014dfda3020bfc0f008a,1,1,0,1e5d0a171e5d0a171e5d0a171e5d0a17,1,0,00000000000000000000000000000000,1,0,23c1,0,0,0,23c1,0,0,ff0c014d020b008a,1,0,40a003c0,0,1,0,ffb4ff9ffda3fc0f,1,0,"Active","Active","Active","Active","Active","Inactive","Inactive","Active","_","Active","Stream Beat","Stream Beat","Stream Beat","Stream Beat","Stream Beat","No Streams","No Streams","Stream Beat","_","Stream Beat"
1033,1033,0,0,0,0,00000004,01f2019dff85fe1d,03c0,2350,1,0,3f662fe4,1,0,fed401f2fc95019dfc21ff85fdcdfe1d,1,1,0,1e5d0a171e5d0a171e5d0a171e5d0a17,1,0,00000000000000000000000000000000,1,0,23c1,0,0,0,23c1,0,0,01f2019dff85fe1d,1,0,40a003c0,0,1,0,fed4fc95fc21fdcd,1,0,"Active","Active","Active","Active","Active","Inactive","Inactive","Active","_","Active","Stream Beat","Stream Beat","Stream Beat","Stream Beat","Stream Beat","No Streams","No Streams","Stream Beat","_","Stream Beat"
1034,1034,0,0,0,0,00000004,00b8fea3fe4e0034,03c0,1d9c,1,0,2fa31ff1,1,0,fc1a00b8fcb8fea3fed7fe4efffe0034,1,1,0,1e5d0a171e5d0a171e5d0a171e5d0a17,1,0,00000000000000000000000000000000,1,0,23c1,0,0,0,23c1,0,0,00b8fea3fe4e0034,1,0,40a003c0,0,1,0,fc1afcb8fed7fffe,1,0,"Active","Active","Active","Active","Active","Inactive","Inactive","Active","_","Active","Stream Beat","Stream Beat","Stream Beat","Stream Beat","Stream Beat","No Streams","No Streams","Stream Beat","_","Stream Beat"
1035,1035,0,0,0,0,00000004,fe1afef4013a021d,03c0,2a51,1,0,3f90102e,1,0,fd90fe1affa0fef4ffb5013afdc0021d,1,1,0,1e5d0a171e5d0a171e5d0a171e5d0a17,1,0,00000000000000000000000000000000,1,0,23c1,0,0,0,23c1,0,0,fe1afef4013a021d,1,0,40a003c0,0,1,0,fd90ffa0ffb5fdc0,1,0,"Active","Active","Active","Active","Active","Inactive","Inactive","Active","_","Active","Stream Beat","Stream Beat","Stream Beat","Stream Beat","Stream Beat","No Streams","No Streams","Stream Beat","_","Stream Beat"
1036,1036,0,0,0,0,00000004,000801f301c4ffac,03c0,2a48,1,0,3f552013,1,0,fffe0008fef001f3fcad01c4fc02ffac,1,1,0,1e5d0a171e5d0a171e5d0a171e5d0a17,1,0,00000000000000000000000000000000,1,0,23c1,0,0,0,23c1,0,0,000801f301c4ffac,1,0,40a003c0,0,1,0,fffefef0fcadfc02,1,0,"Active","Active","Active","Active","Active","Inactive","Inactive","Active","_","Active","Stream Beat","Stream Beat","Stream Beat","Stream Beat","Stream Beat","No Streams","No Streams","Stream Beat","_","Stream Beat"
1037,1037,0,0,0,0,00000004,020d00dcfecefe33,03c0,1d8e,1,0,3f7a1fdd,1,0,fe07020dfc3300dcfcaffecefea8fe33,1,1,0,1e5d0a171e5d0a171e5d0a171e5d0a17,1,0,00000000000000000000000000000000,1,0,23c1,0,0,0,23c1,0,0,020d00dcfecefe33,1,0,40a003c0,0,1,0,fe07fc33fcaffea8,1,0,"Active","Active","Active","Active","Active","Inactive","Inactive","Active","_","Active","Stream Beat","Stream Beat","Stream Beat","Stream Beat","Stream Beat","No Streams","No Streams","Stream Beat","_","Stream Beat"
1038,1038,0,0,0,0,00000004,ffd5fe3bfec900eb,03c0,1f5c,1,0,3faa2006,1,0,fc0bffd5fd7afe3bff86fec9ffcf00eb,1,1,0,1e5d0a171e5d0a171e5d0a171e5d0a17,1,0,00000000000000000000000000000000,1,0,23c1,0,0,0,23c1,0,0,ffd5fe3bfec900eb,1,0,40a003c0,0,1,0,fc0bfd7aff86ffcf,1,0,"Active","Active","Active","Active","Active","Inactive","Inactive","Active","_","Active","Stream Beat","Stream Beat","Stream Beat","Stream Beat","Stream Beat","No Streams","No Streams","Stream Beat","_","Stream Beat"
1039,1039,0,0,0,0,00000004,fe53ffde01c101d6,03c0,2a4a,1,0,3f791036,1,0,fe9afe53ffffffdeff1d01c1fcee01d6,1,1,0,1e5d0a171e5d0a171e5d0a171e5d0a17,1,0,00000000000000000000000000000000,1,0,23c1,0,0,0,23c1,0,0,fe53ffde01c101d6,1,0,40a003c0,0,1,0,fe9affffff1dfcee,1,0,"Active","Active","Active","Active","Active","Inactive","Inactive","Active","_","Active","Stream Beat","Stream Beat","Stream Beat","Stream Beat","Stream Beat","No Streams","No Streams","Stream Beat","_","Stream Beat"
1040,1040,0,0,0,0,00000004,00f5022c010dfee4,03c0,2343,1,0,3f591ffe,1,0,ffd700f5fe17022cfc2e010dfc7afee4,1,1,0,1e5d0a171e5d0a171e5d0a171e5d0a17,1,0,00000000000000000000000000000000,1,0,23c1,0,0,0,23c1,0,0,00f5022c010dfee4,1,0,40a003c0,0,1,0,ffd7fe17fc2efc7a,1,0,"Active","Active","Active","Active","Active","Inactive","Inactive","Active","_","Active","Stream Beat","Stream Beat","Stream Beat","Stream Beat","Stream Beat","No Streams","No Streams","Stream Beat","_","Stream Beat"
1041,1041,0,0,0,0,00000004,01ea0004fe4dfed0,03c0,1d95,1,0,3f8d2fdc,1,0,fd1301eafbf00004fd56fe4dff7bfed0,1,1,0,1e5d0a171e5d0a171e5d0a171e5d0a17,1,0,00000000000000000000000000000000,1,0,23c1,0,0,0,23c1,0,0,01ea0004fe4dfed0,1,0,40a003c0,0,1,0,fd13fbf0fd56ff7b,1,0,"Active","Active","Active","Active","Active","Inactive","Inactive","Active","_","Active","Stream Beat","Stream Beat","Stream Beat","Stream Beat","Stream Beat","No Streams","No Streams","Stream Beat","_","Stream Beat"
1042,1042,0,0,0,0,00000004,ff0afe22ffa901b0,03c0,235c,1,0,3faa201c,1,0,fc51ff0afe56fe22ffeeffa9ff4401b0,1,1,0,1e5d0a171e5d0a171e5d0a171e5d0a17,1,0,00000000000000000000000000000000,1,0,23c1,0,0,0,23c1,0,0,ff0afe22ffa901b0,1,0,40a003c0,0,1,0,fc51fe56ffeeff44,1,0,"Active","Active","Active","Active","Active","Inactive","Inactive","Active","_","Active","Stream Beat","Stream Beat","Stream Beat","Stream Beat","Stream Beat","No Streams","No Streams","Stream Beat","_","Stream Beat"
1043,1043,0,0,0,0,00000004,fe9400b40219012b,03c0,1f32,1,0,3f691031,1,0,ff4efe94ffe600b4fe560219fc54012b,1,1,0,1e5d0a171e5d0a171e5d0a171e5d0a17,1,0,00000000000000000000000000000000,1,0,23c1,0,0,0,23c1,0,0,fe9400b40219012b,1,0,40a003c0,0,1,0,ff4effe6fe56fc54,1,0,"Active","Active","Active","Active","Active","Inactive","Inactive","Active","_","Active","Stream Beat","Stream Beat","Stream Beat","Stream Beat","Stream Beat","No Streams","No Streams","Stream Beat","_","Stream Beat"
1044,1044,0,0,0,0,00000004,018901f8002ffe63,03c0,234a,1,0,3f5d1ff0,1,0,ff680189fd4601f8fc0c002ffd2ffe63,1,1,0,1e5d0a171e5d0a171e5d0a171e5d0a17,1,0,00000000000000000000000000000000,1,0,23c1,0,0,0,23c1,0,0,018901f8002ffe63,1,0,40a003c0,0,1,0,ff68fd46fc0cfd2f,1,0,"Active","Active","Active","Active","Active","Inactive","Inactive","Active","_","Active","Stream Beat","Stream Beat","Stream Beat","Stream Beat","Stream Beat","No Streams","No Streams","Stream Beat","_","Stream Beat"
1045,1045,0,0,0,0,00000004,015dff31fe19ff63,03c0,2366,1,0,3f9d2fe8,1,0,fc5a015dfc43ff31fe24fe19ffddff63,1,1,0,1e5d0a171e5d0a171e5d0a171e5d0a17,1,0,00000000000000000000000000000000,1,0,23c1,0,0,0,23c1,0,0,015dff31fe19ff63,1,0,40a003c0,0,1,0,fc5afc43fe24ffdd,1,0,"Active","Active","Active","Active","Active","Inactive","Inactive","Active","_","Active","Stream Beat","Stream Beat","Stream Beat","Stream Beat","Stream Beat","No Streams","No Streams","Stream Beat","_","Stream Beat"
1046,1046,0,0,0,0,00000004,fe61fe81008e0202,03c0,2355,1,0,3f9d1028,1,0,fcf4fe61ff21fe81fffb008efe830202,1,1,0,1e5d0a171e5d0a171e5d0a171e5d0a17,1,0,00000000000000000000000000000000,1,0,23c1,0,0,0,23c1,0,0,fe61fe81008e0202,1,0,40a003c0,0,1,0,fcf4ff21fffbfe83,1,0,"Active","Active","Active","Active","Active","Inactive","Inactive","Active","_","Active","Stream Beat","Stream Beat","Stream Beat","Stream Beat","Stream Beat","No Streams","No Streams","Stream Beat","_","Stream Beat"
1047,1047,0,0,0,0,00000004,ff400161020a0063,03c0,2a46,1,0,3f5e1021,1,0,ffd0ff40ff8a0161fd66020afc1f0063,1,1,0,1e5d0a171e5d0a171e5d0a171e5d0a17,1,0,00000000000000000000000000000000,1,0,23c1,0,0,0,23c1,0,0,ff400161020a0063,1,0,40a003c0,0,1,0,ffd0ff8afd66fc1f,1,0,"Active","Active","Active","Active","Active","Inactive","Inactive","Active","_","Active","Stream Beat","Stream Beat","Stream Beat","Stream Beat","Stream Beat","No Streams","No Streams","Stream Beat","_","Stream Beat"
1048,1048,0,0,0,0,00000004,02100189ff52fe13,03c0,2352,1,0,3f692fe0,1,0,fe970210fc740189fc2bff52fde8fe13,1,1,0,1e5d0a171e5d0a171e5d0a171e5d0a17,1,0,00000000000000000000000000000000,1,0,23c1,0,0,0,23c1,0,0,02100189ff52fe13,1,0,40a003c0,0,1,0,fe97fc74fc2bfde8,1,0,"Active","Active","Active","Active","Active","Inactive","Inactive","Active","_","Active","Stream Beat","Stream Beat","Stream Beat","Stream Beat","Stream Beat","No Streams","No Streams","Stream Beat","_","Stream Beat"
1049,1049,0,0,0,0,00000004,0091fe83fe64004c,03c0,1d9c,1,0,3fa91ff7,1,0,fc040091fcdbfe83fef9fe640004004c,1,1,0,1e5d0a171e5d0a171e5d0a171e5d0a17,1,0,00000000000000000000000000000000,1,0,23c1,0,0,0,23c1,0,0,0091fe83fe64004c,1,0,40a003c0,0,1,0,fc04fcdbfef90004,1,0,"Active","Active","Active","Active","Active","Inactive","Inactive","Active","_","Active","Stream Beat","Stream Beat","Stream Beat","Stream Beat","Stream Beat","No Streams","No Streams","Stream Beat","_","Stream Beat"
1050,1050,0,0,0,0,00000004,fe19ff11014c0215,03c0,2a4e,1,0,3f8d1030,1,0,fdb8fe19ffbbff11ff9f014cfd950215,1,1,0,1e5d0a171e5d0a171e5d0a171e5d0a17,1,0,00000000000000000000000000000000,1,0,23c1,0,0,0,23c1,0,0,fe19ff11014c0215,1,0,40a003c0,0,1,0,fdb8ffbbff9ffd95,1,0,"Active","Active","Active","Active","Active","Inactive","Inactive","Active","_","Active","Stream Beat","Stream Beat","Stream Beat","Stream Beat","Stream Beat","No Streams","No Streams","Stream Beat","_","Stream Beat"
1051,1051,0,0,0,0,00000004,002401fa01aeff79,03c0,2a49,1,0,3f51200f,1,0,000e0024febb01fafca001aefc2bff79,1,1,0,1e5d0a171e5d0a171e5d0a171e5d0a17,1,0,00000000000000000000000000000000,1,0,23c1,0,0,0,23c1,0,0,002401fa01aeff79,1,0,40a003c0,0,1,0,000efebbfca0fc2b,1,0,"Active","Active","Active","Active","Active","Inactive","Inactive","Active","_","Active","Stream Beat","Stream Beat","Stream Beat","Stream Beat","Stream Beat","No Streams","No Streams","Stream Beat","_","Stream Beat"
1052,1052,0,0,0,0,00000004,021300bffe93fe64,03c0,1d8f,1,0,2f7d1fdc,1,0,fdcc0213fc1400bffca3fe93fed7fe64,1,1,0,1e5d0a171e5d0a171e5d0a171e5d0a17,1,0,00000000000000000000000000000000,1,0,23c1,0,0,0,23c1,0,0,021300bffe93fe64,1,0,40a003c0,0,1,0,fdccfc14fca3fed7,1,0,"Active","Active","Active","Active","Active","Inactive","Inactive","Active","_","Active","Stream Beat","Stream Beat","Stream Beat","Stream Beat","Stream Beat","No Streams","No Streams","Stream Beat","_","Stream Beat"
1053,1053,0,0,0,0,00000004,ffabfe28fef1012b,03c0,1f5d,1,0,3faa2008,1,0,fc06ffabfd9dfe28ffa1fef1ffb9012b,1,1,0,1e5d0a171e5d0a171e5d0a171e5d0a17,1,0,00000000000000000000000000000000,1,0,23c1,0,0,0,23c1,0,0,ffabfe28fef1012b,1,0,40a003c0,0,1,0,fc06fd9dffa1ffb9,1,0,"Active","Active","Active","Active","Active","Inactive","Inactive","Active","_","Active","Stream Beat","Stream Beat","Stream Beat","Stream Beat","Stream Beat","No Streams","No Streams","Stream Beat","_","Stream Beat"
1054,1054,0,0,0,0,00000004,fe22000901ef01ac,03c0,2a49,1,0,2f791034,1,0,fe94fe2200030009feec01effce701ac,1,1,0,1e5d0a171e5d0a171e5d0a171e5d0a17,1,0,00000000000000000000000000000000,1,0,23c1,0,0,0,23c1,0,0,fe22000901ef01ac,1,0,40a003c0,0,1,0,fe940003feecfce7,1,0,"Active","Active","Active","Active","Active","Inactive","Inactive","Active","_","Active","Stream Beat","Stream Beat","Stream Beat","Stream Beat","Stream Beat","No Streams","No Streams","Stream Beat","_","Stream Beat"
1055,1055,0,0,0,0,00000004,00f7022e00dffebf,03c0,2343,1,0,3f551ffc,1,0,ffca00f7fdeb022efc3200dffc8cfebf,1,1,0,1e5d0a171e5d0a171e5d0a171e5d0a17,1,0,00000000000000000000000000000000,1,0,23c1,0,0,0,23c1,0,0,00f7022e00dffebf,1,0,40a003c0,0,1,0,ffcafdebfc32fc8c,1,0,"Active","Active","Active","Active","Active","Inactive","Inactive","Active","_","Active","Stream Beat","Stream Beat","Stream Beat","Stream Beat","Stream Beat","No Streams","No Streams","Stream Beat","_","Stream Beat"
1056,1056,0,0,0,0,00000004,01caffd7fe3cfed7,03c0,2361,1,0,3f8f2fde,1,0,fd0001cafc0dffd7fd76fe3cff8ffed7,1,1,0,1e5d0a171e5d0a171e5d0a171e5d0a17,1,0,00000000000000000000000000000000,1,0,23c1,0,0,0,23c1,0,0,01caffd7fe3cfed7,1,0,40a003c0,0,1,0,fd00fc0dfd76ff8f,1,0,"Active","Active","Active","Active","Active","Inactive","Inactive","Active","_","Active","Stream Beat","Stream Beat","Stream Beat","Stream Beat","Stream Beat","No Streams","No Streams","Stream Beat","_","Stream Beat"
1057,1057,0,0,0,0,00000004,fee3fe2bffad01c8,03c0,235a,1,0,2fa6101c,1,0,fc6cfee3fe80fe2bfff3ffadff2101c8,1,1,0,1e5d0a171e5d0a171e5d0a171e5d0a17,1,0,00000000000000000000000000000000,1,0,23c1,0,0,0,23c1,0,0,fee3fe2bffad01c8,1,0,40a003c0,0,1,0,fc6cfe80fff3ff21,1,0,"Active","Active","Active","Active","Active","Inactive","Inactive","Active","_","Active","Stream Beat","Stream Beat","Stream Beat","Stream Beat","Stream Beat","No Streams","No Streams","Stream Beat","_","Stream Beat"
1058,1058,0,0,0,0,00000004,feb400f50221010e,03c0,2a43,1,0,3f67102c,1,0,ff66feb4ffde00f5fe1d0221fc33010e,1,1,0,1e5d0a171e5d0a171e5d0a171e5d0a17,1,0,00000000000000000000000000000000,1,0,23c1,0,0,0,23c1,0,0,feb400f50221010e,1,0,40a003c0,0,1,0,ff66ffdefe1dfc33,1,0,"Active","Active","Active","Active","Active","Inactive","Inactive","Active","_","Active","Stream Beat","Stream Beat","Stream Beat","Stream Beat","Stream Beat","No Streams","No Streams","Stream Beat","_","Stream Beat"
1059,1059,0,0,0,0,00000004,01c802000007fe42,03c0,234d,1,0,3f612feb,1,0,ff3401c8fcf80200fbec0007fd49fe42,1,1,0,1e5d0a171e5d0a171e5d0a171e5d0a17,1,0,00000000000000000000000000000000,1,0,23c1,0,0,0,23c1,0,0,01c802000007fe42,1,0,40a003c0,0,1,0,ff34fcf8fbecfd49,1,0,"Active","Active","Active","Active","Active","Inactive","Inactive","Active","_","Active","Stream Beat","Stream Beat","Stream Beat","Stream Beat","Stream Beat","No Streams","No Streams","Stream Beat","_","Stream Beat"
1060,1060,0,0,0,0,00000004,0134fefbfe18ffa1,03c0,1d9c,1,0,3fa02fe8,1,0,fc500134fc2afefbfe41fe18fff4ffa1,1,1,0,1e5d0a171e5d0a171e5d0a171e5d0a17,1,0,00000000000000000000000000000000,1,0,23c1,0,0,0,23c1,0,0,0134fefbfe18ffa1,1,0,40a003c0,0,1,0,fc50fc2afe41fff4,1,0,"Active","Active","Active","Active","Active","Inactive","Inactive","Active","_","Active","Stream Beat","Stream Beat","Stream Beat","Stream Beat","Stream Beat","No Streams","No Streams","Stream Beat","_","Stream Beat"
1061,1061,0,0,0,0,00000004,fe5dfea500a90225,03c0,2351,1,0,3f99102d,1,0,fd27fe5dff52fea5ffeb00a9fe470225,1,1,0,1e5d0a171e5d0a171e5d0a171e5d0a17,1,0,00000000000000000000000000000000,1,0,23c1,0,0,0,23c1,0,0,fe5dfea500a90225,1,0,40a003c0,0,1,0,fd27ff52ffebfe47,1,0,"Active","Active","Active","Active","Active","Inactive","Inactive","Active","_","Active","Stream Beat","Stream Beat","Stream Beat","Stream Beat","Stream Beat","No Streams","No Streams","Stream Beat","_","Stream Beat"
1062,1062,0,0,0,0,00000004,ff51017802020034,03c0,2a43,1,0,3f561021,1,0,ffdbff51ff6f0178fd390202fbe90034,1,1,0,1e5d0a171e5d0a171e5d0a171e5d0a17,1,0,00000000000000000000000000000000,1,0,23c1,0,0,0,23c1,0,0,ff51017802020034,1,0,40a003c0,0,1,0,ffdbff6ffd39fbe9,1,0,"Active","Active","Active","Active","Active","Inactive","Inactive","Active","_","Active","Stream Beat","Stream Beat","Stream Beat","Stream Beat","Stream Beat","No Streams","No Streams","Stream Beat","_","Stream Beat"
1063,1063,0,0,0,0,00000004,0205015dff2efe25,03c0,2353,1,0,3f6a2fde,1,0,fe7b0205fc70015dfc46ff2efe28fe25,1,1,0,1e5d0a171e5d0a171e5d0a171e5d0a17,1,0,00000000000000000000000000000000,1,0,23c1,0,0,0,23c1,0,0,0205015dff2efe25,1,0,40a003c0,0,1,0,fe7bfc70fc46fe28,1,0,"Active","Active","Active","Active","Active","Inactive","Inactive","Active","_","Active","Stream Beat","Stream Beat","Stream Beat","Stream Beat","Stream Beat","No Streams","No Streams","Stream Beat","_","Stream Beat"
1064,1064,0,0,0,0,00000004,0064fe5efe6a006d,03c0,1d9b,1,0,3faa1ffd,1,0,fc160064fceafe5eff12fe6a0001006d,1,1,0,1e5d0a171e5d0a171e5d0a171e5d0a17,1,0,00000000000000000000000000000000,1,0,23c1,0,0,0,23c1,0,0,0064fe5efe6a006d,1,0,40a003c0,0,1,0,fc16fceaff120001,1,0,"Active","Active","Active","Active","Active","Inactive","Inactive","Active","_","Active","Stream Beat","Stream Beat","Stream Beat","Stream Beat","Stream Beat","No Streams","No Streams","Stream Beat","_","Stream Beat"
1065,1065,0,0,0,0,00000004,fe28ff4a0172020b,03c0,2a4e,1,0,3f86102f,1,0,fdfffe28ffd3ff4aff840172fd69020b,1,1,0,1e5d0a171e5d0a171e5d0a171e5d0a17,1,0,00000000000000000000000000000000,1,0,23c1,0,0,0,23c1,0,0,fe28ff4a0172020b,1,0,40a003c0,0,1,0,fdffffd3ff84fd69,1,0,"Active","Active","Active","Active","Active","Inactive","Inactive","Active","_","Active","Stream Beat","Stream Beat","Stream Beat","Stream Beat","Stream Beat","No Streams","No Streams","Stream Beat","_","Stream Beat"
1066,1066,0,0,0,0,00000004,006202030176ff52,03c0,2a4a,1,0,3f55200b,1,0,fffd0062fea70203fc9a0176fc13ff52,1,1,0,1e5d0a171e5d0a171e5d0a171e5d0a17,1,0,00000000000000000000000000000000,1,0,23c1,0,0,0,23c1,0,0,006202030176ff52,1,0,40a003c0,0,1,0,fffdfea7fc9afc13,1,0,"Active","Active","Active","Active","Active","Inactive","Inactive","Active","_","Active","Stream Beat","Stream Beat","Stream Beat","Stream Beat","Stream Beat","No Streams","No Streams","Stream Beat","_","Stream Beat"
1067,1067,0,0,0,0,00000004,021d0089fe89fe4e,03c0,1d91,1,0,2f811fd9,1,0,fd9d021dfc0f0089fcd2fe89fef2fe4e,1,1,0,1e5d0a171e5d0a171e5d0a171e5d0a17,1,0,00000000000000000000000000000000,1,0,23c1,0,0,0,23c1,0,0,021d0089fe89fe4e,1,0,40a003c0,0,1,0,fd9dfc0ffcd2fef2,1,0,"Active","Active","Active","Active","Active","Inactive","Inactive","Active","_","Active","Stream Beat","Stream Beat","Stream Beat","Stream Beat","Stream Beat","No Streams","No Streams","Stream Beat","_","Stream Beat"
1068,1068,0,0,0,0,00000004,ff7afe32fefd0120,03c0,2360,1,0,3fab200e,1,0,fc31ff7afdcafe32ffbdfefdffa30120,1,1,0,1e5d0a171e5d0a171e5d0a171e5d0a17,1,0,00000000000000000000000000000000,1,0,23c1,0,0,0,23c1,0,0,ff7afe32fefd0120,1,0,40a003c0,0,1,0,fc31fdcaffbdffa3,1,0,"Active","Active","Active","Active","Active","Inactive","Inactive","Active","_","Active","Stream Beat","Stream Beat","Stream Beat","Stream Beat","Stream Beat","No Streams","No Streams","Stream Beat","_","Stream Beat"
1069,1069,0,0,0,0,00000004,fe5a002401f501ab,03c0,2a48,1,0,3f751032,1,0,fedcfe5a00040024fec901f5fc9f01ab,1,1,0,1e5d0a171e5d0a171e5d0a171e5d0a17,1,0,00000000000000000000000000000000,1,0,23c1,0,0,0,23c1,0,0,fe5a002401f501ab,1,0,40a003c0,0,1,0,fedc0004fec9fc9f,1,0,"Active","Active","Active","Active","Active","Inactive","Inactive","Active","_","Active","Stream Beat","Stream Beat","Stream Beat","Stream Beat","Stream Beat","No Streams","No Streams","Stream Beat","_","Stream Beat"
1070,1070,0,0,0,0,00000004,0128020f00b4feac,03c0,2344,1,0,3f571ff7,1,0,ffb60128fddb020ffc2400b4fcc1feac,1,1,0,1e5d0a171e5d0a171e5d0a171e5d0a17,1,0,00000000000000000000000000000000,1,0,23c1,0,0,0,23c1,0,0,0128020f00b4feac,1,0,40a003c0,0,1,0,ffb6fddbfc24fcc1,1,0,"Active","Active","Active","Active","Active","Inactive","Inactive","Active","_","Active","Stream Beat","Stream Beat","Stream Beat","Stream Beat","Stream Beat","No Streams","No Streams","Stream Beat","_","Stream Beat"
1071,1071,0,0,0,0,00000004,01beffacfe2efeef,03c0,1f5b,1,0,3f952fdc,1,0,fcc901befc11ffacfda0fe2effa3feef,1,1,0,1e5d0a171e5d0a171e5d0a171e5d0a17,1,0,00000000000000000000000000000000,1,0,23c1,0,0,0,23c1,0,0,01beffacfe2efeef,1,0,40a003c0,0,1,0,fcc9fc11fda0ffa3,1,0,"Active","Active","Active","Active","Active","Inactive","Inactive","Active","_","Active","Stream Beat","Stream Beat","Stream Beat","Stream Beat","Stream Beat","No Streams","No Streams","Stream Beat","_","Stream Beat"
1072,1072,0,0,0,0,00000004,febcfe3cfff001e1,03c0,2359,1,0,2fa41021,1,0,fc90febcfea2fe3c0004fff0fef401e1,1,1,0,1e5d0a171e5d0a171e5d0a171e5d0a17,1,0,00000000000000000000000000000000,1,0,23c1,0,0,0,23c1,0,0,febcfe3cfff001e1,1,0,40a003c0,0,1,0,fc90fea20004fef4,1,0,"Active","Active","Active","Active","Active","Inactive","Inactive","Active","_","Active","Stream Beat","Stream Beat","Stream Beat","Stream Beat","Stream Beat","No Streams","No Streams","Stream Beat","_","Stream Beat"
1073,1073,0,0,0,0,00000004,fee40109022100ea,03c0,27bd,1,0,3f671029,1,0,ff8bfee4ffd00109fdec0221fc2a00ea,1,1,0,1e5d0a171e5d0a171e5d0a171e5d0a17,1,0,00000000000000000000000000000000,1,0,23c1,0,0,0,23c1,0,0,fee40109022100ea,1,0,40a003c0,0,1,0,ff8bffd0fdecfc2a,1,0,"Active","Active","Active","Active","Active","Inactive","Inactive","Active","_","Active","Stream Beat","Stream Beat","Stream Beat","Stream Beat","Stream Beat","No Streams","No Streams","Stream Beat","_","Stream Beat"
1074,1074,0,0,0,0,00000004,01b901c4ffdbfe27,03c0,234d,1,0,3f612fe8,1,0,ff2701b9fd0b01c4fbf6ffdbfd5ffe27,1,1,0,1e5d0a171e5d0a171e5d0a171e5d0a17,1,0,00000000000000000000000000000000,1,0,23c1,0,0,0,23c1,0,0,01b901c4ffdbfe27,1,0,40a003c0,0,1,0,ff27fd0bfbf6fd5f,1,0,"Active","Active","Active","Active","Active","Inactive","Inactive","Active","_","Active","Stream Beat","Stream Beat","Stream Beat","Stream Beat","Stream Beat","No Streams","No Streams","Stream Beat","_","Stream Beat"
1075,1075,0,0,0,0,00000004,0118fed8fe26ffc1,03c0,1d9b,1,0,2fa22fec,1,0,fc2c0118fc59fed8fe73fe26fff9ffc1,1,1,0,1e5d0a171e5d0a171e5d0a171e5d0a17,1,0,00000000000000000000000000000000,1,0,23c1,0,0,0,23c1,0,0,0118fed8fe26ffc1,1,0,40a003c0,0,1,0,fc2cfc59fe73fff9,1,0,"Active","Active","Active","Active","Active","Inactive","Inactive","Active","_","Active","Stream Beat","Stream Beat","Stream Beat","Stream Beat","Stream Beat","No Streams","No Streams","Stream Beat","_","Stream Beat"
1076,1076,0,0,0,0,00000004,fe3bfeaa00e60218,03c0,27d4,1,0,3f97102f,1,0,fd3bfe3bff60feaaffe400e6fe1f0218,1,1,0,1e5d0a171e5d0a171e5d0a171e5d0a17,1,0,00000000000000000000000000000000,1,0,23c1,0,0,0,23c1,0,0,fe3bfeaa00e60218,1,0,40a003c0,0,1,0,fd3bff60ffe4fe1f,1,0,"Active","Active","Active","Active","Active","Inactive","Inactive","Active","_","Active","Stream Beat","Stream Beat","Stream Beat","Stream Beat","Stream Beat","No Streams","No Streams","Stream Beat","_","Stream Beat"
1077,1077,0,0,0,0,00000004,ff8301b502010007,03c0,2a45,1,0,3f582017,1,0,ffedff83ff3e01b5fcfb0201fbed0007,1,1,0,1e5d0a171e5d0a171e5d0a171e5d0a17,1,0,00000000000000000000000000000000,1,0,23c1,0,0,0,23c1,0,0,ff8301b502010007,1,0,40a003c0,0,1,0,ffedff3efcfbfbed,1,0,"Active","Active","Active","Active","Active","Inactive","Inactive","Active","_","Active","Stream Beat","Stream Beat","Stream Beat","Stream Beat","Stream Beat","No Streams","No Streams","Stream Beat","_","Stream Beat"
1078,1078,0,0,0,0,00000004,0210012fff0dfe22,03c0,1d8c,1,0,3f6f2fdd,1,0,fe5d0210fc58012ffc5bff0dfe4efe22,1,1,0,1e5d0a171e5d0a171e5d0a171e5d0a17,1,0,00000000000000000000000000000000,1,0,23c1,0,0,0,23c1,0,0,0210012fff0dfe22,1,0,40a003c0,0,1,0,fe5dfc58fc5bfe4e,1,0,"Active","Active","Active","Active","Active","Inactive","Inactive","Active","_","Active","Stream Beat","Stream Beat","Stream Beat","Stream Beat","Stream Beat","No Streams","No Streams","Stream Beat","_","Stream Beat"
1079,1079,0,0,0,0,00000004,0032fe5ffe800089,03c0,1d9c,1,0,3fa91ffe,1,0,fc060032fd26fe5fff40fe80ffed0089,1,1,0,1e5d0a171e5d0a171e5d0a171e5d0a17,1,0,00000000000000000000000000000000,1,0,23c1,0,0,0,23c1,0,0,0032fe5ffe800089,1,0,40a003c0,0,1,0,fc06fd26ff40ffed,1,0,"Active","Active","Active","Active","Active","Inactive","Inactive","Active","_","Active","Stream Beat","Stream Beat","Stream Beat","Stream Beat","Stream Beat","No Streams","No Streams","Stream Beat","_","Stream Beat"
1080,1080,0,0,0,0,00000004,fe22ff6d018e020b,03c0,2a4b,1,0,3f811034,1,0,fe1ffe22ffe5ff6dff63018efd34020b,1,1,0,1e5d0a171e5d0a171e5d0a171e5d0a17,1,0,00000000000000000000000000000000,1,0,23c1,0,0,0,23c1,0,0,fe22ff6d018e020b,1,0,40a003c0,0,1,0,fe1fffe5ff63fd34,1,0,"Active","Active","Active","Active","Active","Inactive","Inactive","Active","_","Active","Stream Beat","Stream Beat","Stream Beat","Stream Beat","Stream Beat","No Streams","No Streams","Stream Beat","_","Stream Beat"
1081,1081,0,0,0,0,00000004,006902000156ff27,03c0,2a49,1,0,3f552006,1,0,fffc0069fe840200fc830156fc28ff27,1,1,0,1e5d0a171e5d0a171e5d0a171e5d0a17,1,0,00000000000000000000000000000000,1,0,23c1,0,0,0,23c1,0,0,006902000156ff27,1,0,40a003c0,0,1,0,fffcfe84fc83fc28,1,0,"Active","Active","Active","Active","Active","Inactive","Inactive","Active","_","Active","Stream Beat","Stream Beat","Stream Beat","Stream Beat","Stream Beat","No Streams","No Streams","Stream Beat","_","Stream Beat"
1082,1082,0,0,0,0,00000004,020d0061fe6ffe7f,03c0,1d92,1,0,3f851fd9,1,0,fd71020dfc0f0061fcfafe6fff24fe7f,1,1,0,1e5d0a171e5d0a171e5d0a171e5d0a17,1,0,00000000000000000000000000000000,1,0,23c1,0,0,0,23c1,0,0,020d0061fe6ffe7f,1,0,40a003c0,0,1,0,fd71fc0ffcfaff24,1,0,"Active","Active","Active","Active","Active","Inactive","Inactive","Active","_","Active","Stream Beat","Stream Beat","Stream Beat","Stream Beat","Stream Beat","No Streams","No Streams","Stream Beat","_","Stream Beat"
1083,1083,0,0,0,0,00000004,ff58fe20ff2a0161,03c0,235d,1,0,3fa92012,1,0,fc37ff58fdf1fe20ffccff2aff860161,1,1,0,1e5d0a171e5d0a171e5d0a171e5d0a17,1,0,00000000000000000000000000000000,1,0,23c1,0,0,0,23c1,0,0,ff58fe20ff2a0161,1,0,40a003c0,0,1,0,fc37fdf1ffccff86,1,0,"Active","Active","Active","Active","Active","Inactive","Inactive","Active","_","Active","Stream Beat","Stream Beat","Stream Beat","Stream Beat","Stream Beat","No Streams","No Streams","Stream Beat","_","Stream Beat"
1084,1084,0,0,0,0,00000004,fe40003301e8016d,03c0,2a48,1,0,3f72102e,1,0,fee1fe4000030033feb701e8fcb6016d,1,1,0,1e5d0a171e5d0a171e5d0a171e5d0a17,1,0,00000000000000000000000000000000,1,0,23c1,0,0,0,23c1,0,0,fe40003301e8016d,1,0,40a003c0,0,1,0,fee10003feb7fcb6,1,0,"Active","Active","Active","Active","Active","Inactive","Inactive","Active","_","Active","Stream Beat","Stream Beat","Stream Beat","Stream Beat","Stream Beat","No Streams","No Streams","Stream Beat","_","Stream Beat"
1085,1085,0,0,0,0,00000004,015f021b0097fe73,03c0,2347,1,0,3f591ff5,1,0,ffa2015ffd8b021bfc070097fcb5fe73,1,1,0,1e5d0a171e5d0a171e5d0a171e5d0a17,1,0,00000000000000000000000000000000,1,0,23c1,0,0,0,23c1,0,0,015f021b0097fe73,1,0,40a003c0,0,1,0,ffa2fd8bfc07fcb5,1,0,"Active","Active","Active","Active","Active","Inactive","Inactive","Active","_","Active","Stream Beat","Stream Beat","Stream Beat","Stream Beat","Stream Beat","No Streams","No Streams","Stream Beat","_","Stream Beat"
1086,1086,0,0,0,0,00000004,01a2ff7ffe27ff20,03c0,1f5d,1,0,3f972fe0,1,0,fca801a2fbfdff7ffdd0fe27ffb7ff20,1,1,0,1e5d0a171e5d0a171e5d0a171e5d0a17,1,0,00000000000000000000000000000000,1,0,23c1,0,0,0,23c1,0,0,01a2ff7ffe27ff20,1,0,40a003c0,0,1,0,fca8fbfdfdd0ffb7,1,0,"Active","Active","Active","Active","Active","Inactive","Inactive","Active","_","Active","Stream Beat","Stream Beat","Stream Beat","Stream Beat","Stream Beat","No Streams","No Streams","Stream Beat","_","Stream Beat"
1087,1087,0,0,0,0,00000004,fe9dfe50002001e4,03c0,2357,1,0,2fa5101c,1,0,fca8fe9dfecffe5000060020fed601e4,1,1,0,1e5d0a171e5d0a171e5d0a171e5d0a17,1,0,00000000000000000000000000000000,1,0,23c1,0,0,0,23c1,0,0,fe9dfe50002001e4,1,0,40a003c0,0,1,0,fca8fecf0006fed6,1,0,"Active","Active","Active","Active","Active","Inactive","Inactive","Active","_","Active","Stream Beat","Stream Beat","Stream Beat","Stream Beat","Stream Beat","No Streams","No Streams","Stream Beat","_","Stream Beat"
1088,1088,0,0,0,0,00000004,fee20119021300be,03c0,2a44,1,0,3f5e1028,1,0,ff98fee2ffbf0119fdd00213fc1c00be,1,1,0,1e5d0a171e5d0a171e5d0a171e5d0a17,1,0,00000000000000000000000000000000,1,0,23c1,0,0,0,23c1,0,0,fee20119021300be,1,0,40a003c0,0,1,0,ff98ffbffdd0fc1c,1,0,"Active","Active","Active","Active","Active","Inactive","Inactive","Active","_","Active","Stream Beat","Stream Beat","Stream Beat","Stream Beat","Stream Beat","No Streams","No Streams","Stream Beat","_","Stream Beat"
1089,1089,0,0,0,0,00000004,01d701b3ffb2fe29,03c0,234f,1,0,3f622fe6,1,0,ff0301d7fcd401b3fbfdffb2fda0fe29,1,1,0,1e5d0a171e5d0a171e5d0a171e5d0a17,1,0,00000000000000000000000000000000,1,0,23c1,0,0,0,23c1,0,0,01d701b3ffb2fe29,1,0,40a003c0,0,1,0,ff03fcd4fbfdfda0,1,0,"Active","Active","Active","Active","Active","Inactive","Inactive","Active","_","Active","Stream Beat","Stream Beat","Stream Beat","Stream Beat","Stream Beat","No Streams","No Streams","Stream Beat","_","Stream Beat"
1090,1090,0,0,0,0,00000004,00e4febcfe33fff9,03c0,1d9d,1,0,2fa51fef,1,0,fc3700e4fc79febcfea2fe33fffdfff9,1,1,0,1e5d0a171e5d0a171e5d0a171e5d0a17,1,0,00000000000000000000000000000000,1,0,23c1,0,0,0,23c1,0,0,00e4febcfe33fff9,1,0,40a003c0,0,1,0,fc37fc79fea2fffd,1,0,"Active","Active","Active","Active","Active","Inactive","Inactive","Active","_","Active","Stream Beat","Stream Beat","Stream Beat","Stream Beat","Stream Beat","No Streams","No Streams","Stream Beat","_","Stream Beat"
1091,1091,0,0,0,0,00000004,fe2cfeb200ea0224,03c0,27d1,1,0,3f94102c,1,0,fd69fe2cff76feb2ffd400eafdf10224,1,1,0,1e5d0a171e5d0a171e5d0a171e5d0a17,1,0,00000000000000000000000000000000,1,0,23c1,0,0,0,23c1,0,0,fe2cfeb200ea0224,1,0,40a003c0,0,1,0,fd69ff76ffd4fdf1,1,0,"Active","Active","Active","Active","Active","Inactive","Inactive","Active","_","Active","Stream Beat","Stream Beat","Stream Beat","Stream Beat","Stream Beat","No Streams","No Streams","Stream Beat","_","Stream Beat"
1092,1092,0,0,0,0,00000004,ffdd01d201d8ffe1,03c0,2a47,1,0,3f572016,1,0,fff3ffddff2501d2fcdf01d8fbf8ffe1,1,1,0,1e5d0a171e5d0a171e5d0a171e5d0a17,1,0,00000000000000000000000000000000,1,0,23c1,0,0,0,23c1,0,0,ffdd01d201d8ffe1,1,0,40a003c0,0,1,0,fff3ff25fcdffbf8,1,0,"Active","Active","Active","Active","Active","Inactive","Inactive","Active","_","Active","Stream Beat","Stream Beat","Stream Beat","Stream Beat","Stream Beat","No Streams","No Streams","Stream Beat","_","Stream Beat"
1093,1093,0,0,0,0,00000004,02380114fee9fe2d,03c0,1d8d,1,0,3f742fdc,1,0,fe0e0238fc1f0114fc65fee9fe86fe2d,1,1,0,1e5d0a171e5d0a171e5d0a171e5d0a17,1,0,00000000000000000000000000000000,1,0,23c1,0,0,0,23c1,0,0,02380114fee9fe2d,1,0,40a003c0,0,1,0,fe0efc1ffc65fe86,1,0,"Active","Active","Active","Active","Active","Inactive","Inactive","Active","_","Active","Stream Beat","Stream Beat","Stream Beat","Stream Beat","Stream Beat","No Streams","No Streams","Stream Beat","_","Stream Beat"
1094,1094,0,0,0,0,00000004,0011fe3ffec000e0,03c0,1908,1,0,3faa1ffe,1,0,fbdf0011fd4afe3fff68fec0ffe100e0,1,1,0,1e5d0a171e5d0a171e5d0a171e5d0a17,1,0,00000000000000000000000000000000,1,0,23c1,0,0,0,23c1,0,0,0011fe3ffec000e0,1,0,40a003c0,0,1,0,fbdffd4aff68ffe1,1,0,"Active","Active","Active","Active","Active","Inactive","Inactive","Active","_","Active","Stream Beat","Stream Beat","Stream Beat","Stream Beat","Stream Beat","No Streams","No Streams","Stream Beat","_","Stream Beat"
1095,1095,0,0,0,0,00000004,fe15ff87019c01dc,03c0,2a4a,1,0,3f7e2036,1,0,fe48fe15ffe6ff87ff53019cfd2501dc,1,1,0,1e5d0a171e5d0a171e5d0a171e5d0a17,1,0,00000000000000000000000000000000,1,0,23c1,0,0,0,23c1,0,0,fe15ff87019c01dc,1,0,40a003c0,0,1,0,fe48ffe6ff53fd25,1,0,"Active","Active","Active","Active","Active","Inactive","Inactive","Active","_","Active","Stream Beat","Stream Beat","Stream Beat","Stream Beat","Stream Beat","No Streams","No Streams","Stream Beat","_","Stream Beat"
1096,1096,0,0,0,0,00000004,009602230138ff0a,03c0,2342,1,0,3f512006,1,0,ffec0096fe500223fc3d0138fc3dff0a,1,1,0,1e5d0a171e5d0a171e5d0a171e5d0a17,1,0,00000000000000000000000000000000,1,0,23c1,0,0,0,23c1,0,0,009602230138ff0a,1,0,40a003c0,0,1,0,ffecfe50fc3dfc3d,1,0,"Active","Active","Active","Active","Active","Inactive","Inactive","Active","_","Active","Stream Beat","Stream Beat","Stream Beat","Stream Beat","Stream Beat","No Streams","No Streams","Stream Beat","_","Stream Beat"
1097,1097,0,0,0,0,00000004,02000038fe59fe8b,03c0,1d94,1,0,3f871fdf,1,0,fd390200fc210038fd20fe59ff43fe8b,1,1,0,1e5d0a171e5d0a171e5d0a171e5d0a17,1,0,00000000000000000000000000000000,1,0,23c1,0,0,0,23c1,0,0,02000038fe59fe8b,1,0,40a003c0,0,1,0,fd39fc21fd20ff43,1,0,"Active","Active","Active","Active","Active","Inactive","Inactive","Active","_","Active","Stream Beat","Stream Beat","Stream Beat","Stream Beat","Stream Beat","No Streams","No Streams","Stream Beat","_","Stream Beat"
1098,1098,0,0,0,0,00000004,ff36fe1eff560189,03c0,235d,1,0,3faa2011,1,0,fc46ff36fe25fe1effd7ff56ff6e0189,1,1,0,1e5d0a171e5d0a171e5d0a171e5d0a17,1,0,00000000000000000000000000000000,1,0,23c1,0,0,0,23c1,0,0,ff36fe1eff560189,1,0,40a003c0,0,1,0,fc46fe25ffd7ff6e,1,0,"Active","Active","Active","Active","Active","Inactive","Inactive","Active","_","Active","Stream Beat","Stream Beat","Stream Beat","Stream Beat","Stream Beat","No Streams","No Streams","Stream Beat","_","Stream Beat"
1099,1099,0,0,0,0,00000004,fe6e006402190167,03c0,2a45,1,0,3f6b102f,1,0,ff14fe6efffe0064fe750219fc4f0167,1,1,0,1e5d0a171e5d0a171e5d0a171e5d0a17,1,0,00000000000000000000000000000000,1,0,23c1,0,0,0,23c1,0,0,fe6e006402190167,1,0,40a003c0,0,1,0,ff14fffefe75fc4f,1,0,"Active","Active","Active","Active","Active","Inactive","Inactive","Active","_","Active","Stream Beat","Stream Beat","Stream Beat","Stream Beat","Stream Beat","No Streams","No Streams","Stream Beat","_","Stream Beat"
1100,1100,0,0,0,0,00000004,013d01eb006dfe71,03c0,2349,1,0,3f5b1ff1,1,0,ff9e013dfd8b01ebfc0e006dfd0dfe71,1,1,0,1e5d0a171e5d0a171e5d0a171e5d0a17,1,0,00000000000000000000000000000000,1,0,23c1,0,0,0,23c1,0,0,013d01eb006dfe71,1,0,40a003c0,0,1,0,ff9efd8bfc0efd0d,1,0,"Active","Active","Active","Active","Active","Inactive","Inactive","Active","_","Active","Stream Beat","Stream Beat","Stream Beat","Stream Beat","Stream Beat","No Streams","No Streams","Stream Beat","_","Stream Beat"
1101,1101,0,0,0,0,00000004,018bff59fe1bff28,03c0,2364,1,0,3f9b2fe3,1,0,fc71018bfc1eff59fdf4fe1bffc2ff28,1,1,0,1e5d0a171e5d0a171e5d0a171e5d0a17,1,0,00000000000000000000000000000000,1,0,23c1,0,0,0,23c1,0,0,018bff59fe1bff28,1,0,40a003c0,0,1,0,fc71fc1efdf4ffc2,1,0,"Active","Active","Active","Active","Active","Inactive","Inactive","Active","_","Active","Stream Beat","Stream Beat","Stream Beat","Stream Beat","Stream Beat","No Streams","No Streams","Stream Beat","_","Stream Beat"
1102,1102,0,0,0,0,00000004,fe82fe5a003d020c,03c0,2355,1,0,3f9d1025,1,0,fcc6fe82fef3fe5a0002003dfea0020c,1,1,0,1e5d0a171e5d0a171e5d0a171e5d0a17,1,0,00000000000000000000000000000000,1,0,23c1,0,0,0,23c1,0,0,fe82fe5a003d020c,1,0,40a003c0,0,1,0,fcc6fef30002fea0,1,0,"Active","Active","Active","Active","Active","Inactive","Inactive","Active","_","Active","Stream Beat","Stream Beat","Stream Beat","Stream Beat","Stream Beat","No Streams","No Streams","Stream Beat","_","Stream Beat"
1103,1103,0,0,0,0,00000004,ff0b012f0224008f,03c0,2a46,1,0,3f641020,1,0,ffb9ff0bffa6012ffd920224fc11008f,1,1,0,1e5d0a171e5d0a171e5d0a171e5d0a17,1,0,00000000000000000000000000000000,1,0,23c1,0,0,0,23c1,0,0,ff0b012f0224008f,1,0,40a003c0,0,1,0,ffb9ffa6fd92fc11,1,0,"Active","Active","Active","Active","Active","Inactive","Inactive","Active","_","Active","Stream Beat","Stream Beat","Stream Beat","Stream Beat","Stream Beat","No Streams","No Streams","Stream Beat","_","Stream Beat"
1104,1104,0,0,0,0,00000004,01f501a0ff86fe39,03c0,2350,1,0,3f642fe2,1,0,fed501f5fca301a0fc20ff86fddefe39,1,1,0,1e5d0a171e5d0a171e5d0a171e5d0a17,1,0,00000000000000000000000000000000,1,0,23c1,0,0,0,23c1,0,0,01f501a0ff86fe39,1,0,40a003c0,0,1,0,fed5fca3fc20fdde,1,0,"Active","Active","Active","Active","Active","Inactive","Inactive","Active","_","Active","Stream Beat","Stream Beat","Stream Beat","Stream Beat","Stream Beat","No Streams","No Streams","Stream Beat","_","Stream Beat"
1105,1105,0,0,0,0,00000004,00b3fea9fe490011,03c0,1d9d,1,0,2fa51ff2,1,0,fc3d00b3fcadfea9fed3fe49fffd0011,1,1,0,1e5d0a171e5d0a171e5d0a171e5d0a17,1,0,00000000000000000000000000000000,1,0,23c1,0,0,0,23c1,0,0,00b3fea9fe490011,1,0,40a003c0,0,1,0,fc3dfcadfed3fffd,1,0,"Active","Active","Active","Active","Active","Inactive","Inactive","Active","_","Active","Stream Beat","Stream Beat","Stream Beat","Stream Beat","Stream Beat","No Streams","No Streams","Stream Beat","_","Stream Beat"
1106,1106,0,0,0,0,00000004,fe23ff0201280227,03c0,27d4,1,0,3f90102e,1,0,fd92fe23ffa6ff02ffb80128fdc40227,1,1,0,1e5d0a171e5d0a171e5d0a171e5d0a17,1,0,00000000000000000000000000000000,1,0,23c1,0,0,0,23c1,0,0,fe23ff0201280227,1,0,40a003c0,0,1,0,fd92ffa6ffb8fdc4,1,0,"Active","Active","Active","Active","Active","Inactive","Inactive","Active","_","Active","Stream Beat","Stream Beat","Stream Beat","Stream Beat","Stream Beat","No Streams","No Streams","Stream Beat","_","Stream Beat"
1107,1107,0,0,0,0,00000004,fffe01e001b8ffb3,03c0,2a46,1,0,3f572015,1,0,fffdfffefeff01e0fcce01b8fc00ffb3,1,1,0,1e5d0a171e5d0a171e5d0a171e5d0a17,1,0,00000000000000000000000000000000,1,0,23c1,0,0,0,23c1,0,0,fffe01e001b8ffb3,1,0,40a003c0,0,1,0,fffdfefffccefc00,1,0,"Active","Active","Active","Active","Active","Inactive","Inactive","Active","_","Active","Stream Beat","Stream Beat","Stream Beat","Stream Beat","Stream Beat","No Streams","No Streams","Stream Beat","_","Stream Beat"
1108,1108,0,0,0,0,00000004,022a00edfec3fe4a,03c0,1d8e,1,0,3f7b1fdb,1,0,fde9022afc1e00edfc8bfec3feb3fe4a,1,1,0,1e5d0a171e5d0a171e5d0a171e5d0a17,1,0,00000000000000000000000000000000,1,0,23c1,0,0,0,23c1,0,0,022a00edfec3fe4a,1,0,40a003c0,0,1,0,fde9fc1efc8bfeb3,1,0,"Active","Active","Active","Active","Active","Inactive","Inactive","Active","_","Active","Stream Beat","Stream Beat","Stream Beat","Stream Beat","Stream Beat","No Streams","No Streams","Stream Beat","_","Stream Beat"
1109,1109,0,0,0,0,00000004,ffdafe17fece0113,03c0,1f5e,1,0,3fab2007,1,0,fbf1ffdafd41fe17ff82feceffce0113,1,1,0,1e5d0a171e5d0a171e5d0a171e5d0a17,1,0,00000000000000000000000000000000,1,0,23c1,0,0,0,23c1,0,0,ffdafe17fece0113,1,0,40a003c0,0,1,0,fbf1fd41ff82ffce,1,0,"Active","Active","Active","Active","Active","Inactive","Inactive","Active","_","Active","Stream Beat","Stream Beat","Stream Beat","Stream Beat","Stream Beat","No Streams","No Streams","Stream Beat","_","Stream Beat"
1110,1110,0,0,0,0,00000004,fe1bffd901e001df,03c0,2a4b,1,0,3f7c2034,1,0,fe62fe1b0003ffd9ff0e01e0fcef01df,1,1,0,1e5d0a171e5d0a171e5d0a171e5d0a17,1,0,00000000000000000000000000000000,1,0,23c1,0,0,0,23c1,0,0,fe1bffd901e001df,1,0,40a003c0,0,1,0,fe620003ff0efcef,1,0,"Active","Active","Active","Active","Active","Inactive","Inactive","Active","_","Active","Stream Beat","Stream Beat","Stream Beat","Stream Beat","Stream Beat","No Streams","No Streams","Stream Beat","_","Stream Beat"
1111,1111,0,0,0,0,00000004,00c102140112fee2,03c0,2343,1,0,3f542002,1,0,ffe500c1fe2c0214fc470112fc72fee2,1,1,0,1e5d0a171e5d0a171e5d0a171e5d0a17,1,0,00000000000000000000000000000000,1,0,23c1,0,0,0,23c1,0,0,00c102140112fee2,1,0,40a003c0,0,1,0,ffe5fe2cfc47fc72,1,0,"Active","Active","Active","Active","Active","Inactive","Inactive","Active","_","Active","Stream Beat","Stream Beat","Stream Beat","Stream Beat","Stream Beat","No Streams","No Streams","Stream Beat","_","Stream Beat"
1112,1112,0,0,0,0,00000004,01ee000dfe34fec3,03c0,1d95,1,0,3f882fdd,1,0,fd1201eefbe9000dfd2bfe34ff6efec3,1,1,0,1e5d0a171e5d0a171e5d0a171e5d0a17,1,0,00000000000000000000000000000000,1,0,23c1,0,0,0,23c1,0,0,01ee000dfe34fec3,1,0,40a003c0,0,1,0,fd12fbe9fd2bff6e,1,0,"Active","Active","Active","Active","Active","Inactive","Inactive","Active","_","Active","Stream Beat","Stream Beat","Stream Beat","Stream Beat","Stream Beat","No Streams","No Streams","Stream Beat","_","Stream Beat"
1113,1113,0,0,0,0,00000004,ff12fe1dffb601bd,03c0,235d,1,0,2fa6201b,1,0,fc5dff12fe4bfe1dffefffb6ff4301bd,1,1,0,1e5d0a171e5d0a171e5d0a171e5d0a17,1,0,00000000000000000000000000000000,1,0,23c1,0,0,0,23c1,0,0,ff12fe1dffb601bd,1,0,40a003c0,0,1,0,fc5dfe4bffefff43,1,0,"Active","Active","Active","Active","Active","Inactive","Inactive","Active","_","Active","Stream Beat","Stream Beat","Stream Beat","Stream Beat","Stream Beat","No Streams","No Streams","Stream Beat","_","Stream Beat"
1114,1114,0,0,0,0,00000004,fea2009b021c0132,03c0,233e,1,0,3f6c102c,1,0,ff4efea2ffee009bfe53021cfc5c0132,1,1,0,1e5d0a171e5d0a171e5d0a171e5d0a17,1,0,00000000000000000000000000000000,1,0,23c1,0,0,0,23c1,0,0,fea2009b021c0132,1,0,40a003c0,0,1,0,ff4effeefe53fc5c,1,0,"Active","Active","Active","Active","Active","Inactive","Inactive","Active","_","Active","Stream Beat","Stream Beat","Stream Beat","Stream Beat","Stream Beat","No Streams","No Streams","Stream Beat","_","Stream Beat"
1115,1115,0,0,0,0,00000004,019401f7003afe49,03c0,2348,1,0,3f591fef,1,0,ff690194fd4d01f7fbe8003afcfffe49,1,1,0,1e5d0a171e5d0a171e5d0a171e5d0a17,1,0,00000000000000000000000000000000,1,0,23c1,0,0,0,23c1,0,0,019401f7003afe49,1,0,40a003c0,0,1,0,ff69fd4dfbe8fcff,1,0,"Active","Active","Active","Active","Active","Inactive","Inactive","Active","_","Active","Stream Beat","Stream Beat","Stream Beat","Stream Beat","Stream Beat","No Streams","No Streams","Stream Beat","_","Stream Beat"
1116,1116,0,0,0,0,00000004,0164ff33fe13ff87,03c0,2362,1,0,3f9d2fea,1,0,fc570164fc2cff33fe18fe13ffe2ff87,1,1,0,1e5d0a171e5d0a171e5d0a171e5d0a17,1,0,00000000000000000000000000000000,1,0,23c1,0,0,0,23c1,0,0,0164ff33fe13ff87,1,0,40a003c0,0,1,0,fc57fc2cfe18ffe2,1,0,"Active","Active","Active","Active","Active","Inactive","Inactive","Active","_","Active","Stream Beat","Stream Beat","Stream Beat","Stream Beat","Stream Beat","No Streams","No Streams","Stream Beat","_","Stream Beat"
1117,1117,0,0,0,0,00000004,fe69fe72007e020d,03c0,2355,1,0,3f9e1028,1,0,fcf0fe69ff18fe72fffb007efe81020d,1,1,0,1e5d0a171e5d0a171e5d0a171e5d0a17,1,0,00000000000000000000000000000000,1,0,23c1,0,0,0,23c1,0,0,fe69fe72007e020d,1,0,40a003c0,0,1,0,fcf0ff18fffbfe81,1,0,"Active","Active","Active","Active","Active","Inactive","Inactive","Active","_","Active","Stream Beat","Stream Beat","Stream Beat","Stream Beat","Stream Beat","No Streams","No Streams","Stream Beat","_","Stream Beat"
1118,1118,0,0,0,0,00000004,ff3f0163020f0068,03c0,2a45,1,0,3f591020,1,0,ffd1ff3fff880163fd6d020ffc0d0068,1,1,0,1e5d0a171e5d0a171e5d0a171e5d0a17,1,0,00000000000000000000000000000000,1,0,23c1,0,0,0,23c1,0,0,ff3f0163020f0068,1,0,40a003c0,0,1,0,ffd1ff88fd6dfc0d,1,0,"Active","Active","Active","Active","Active","Inactive","Inactive","Active","_","Active","Stream Beat","Stream Beat","Stream Beat","Stream Beat","Stream Beat","No Streams","No Streams","Stream Beat","_","Stream Beat"
1119,1119,0,0,0,0,00000004,020d017dff57fe2c,03c0,2352,1,0,3f672fe3,1,0,fea0020dfc9c017dfc23ff57fdfafe2c,1,1,0,1e5d0a171e5d0a171e5d0a171e5d0a17,1,0,00000000000000000000000000000000,1,0,23c1,0,0,0,23c1,0,0,020d017dff57fe2c,1,0,40a003c0,0,1,0,fea0fc9cfc23fdfa,1,0,"Active","Active","Active","Active","Active","Inactive","Inactive","Active","_","Active","Stream Beat","Stream Beat","Stream Beat","Stream Beat","Stream Beat","No Streams","No Streams","Stream Beat","_","Stream Beat"
1120,1120,0,0,0,0,00000004,0095fe90fe540045,03c0,1d9d,1,0,3fa81ff6,1,0,fc0d0095fce2fe90feeffe5400010045,1,1,0,1e5d0a171e5d0a171e5d0a171e5d0a17,1,0,00000000000000000000000000000000,1,0,23c1,0,0,0,23c1,0,0,0095fe90fe540045,1,0,40a003c0,0,1,0,fc0dfce2feef0001,1,0,"Active","Active","Active","Active","Active","Inactive","Inactive","Active","_","Active","Stream Beat","Stream Beat","Stream Beat","Stream Beat","Stream Beat","No Streams","No Streams","Stream Beat","_","Stream Beat"
1121,1121,0,0,0,0,00000004,fe1aff15012f0217,03c0,2a4f,1,0,3f8d1031,1,0,fdc2fe1affb3ff15ffad012ffd9a0217,1,1,0,1e5d0a171e5d0a171e5d0a171e5d0a17,1,0,00000000000000000000000000000000,1,0,23c1,0,0,0,23c1,0,0,fe1aff15012f0217,1,0,40a003c0,0,1,0,fdc2ffb3ffadfd9a,1,0,"Active","Active","Active","Active","Active","Inactive","Inactive","Active","_","Active","Stream Beat","Stream Beat","Stream Beat","Stream Beat","Stream Beat","No Streams","No Streams","Stream Beat","_","Stream Beat"
1122,1122,0,0,0,0,00000004,003a020301a2ff8b,03c0,2a4b,1,0,3f552010,1,0,fffd003afed10203fc9b01a2fc11ff8b,1,1,0,1e5d0a171e5d0a171e5d0a171e5d0a17,1,0,00000000000000000000000000000000,1,0,23c1,0,0,0,23c1,0,0,003a020301a2ff8b,1,0,40a003c0,0,1,0,fffdfed1fc9bfc11,1,0,"Active","Active","Active","Active","Active","Inactive","Inactive","Active","_","Active","Stream Beat","Stream Beat","Stream Beat","Stream Beat","Stream Beat","No Streams","No Streams","Stream Beat","_","Stream Beat"
1123,1123,0,0,0,0,00000004,022200bffea4fe3f,03c0,1d90,1,0,2f7d1fdb,1,0,fdc40222fc1400bffca1fea4fecbfe3f,1,1,0,1e5d0a171e5d0a171e5d0a171e5d0a17,1,0,00000000000000000000000000000000,1,0,23c1,0,0,0,23c1,0,0,022200bffea4fe3f,1,0,40a003c0,0,1,0,fdc4fc14fca1fecb,1,0,"Active","Active","Active","Active","Active","Inactive","Inactive","Active","_","Active","Stream Beat","Stream Beat","Stream Beat","Stream Beat","Stream Beat","No Streams","No Streams","Stream Beat","_","Stream Beat"
1124,1124,0,0,0,0,00000004,ffb8fe1afef50142,03c0,1f5d,1,0,3fab2007,1,0,fbf2ffb8fd8ffe1aff9afef5ffb80142,1,1,0,1e5d0a171e5d0a171e5d0a171e5d0a17,1,0,00000000000000000000000000000000,1,0,23c1,0,0,0,23c1,0,0,ffb8fe1afef50142,1,0,40a003c0,0,1,0,fbf2fd8fff9affb8,1,0,"Active","Active","Active","Active","Active","Inactive","Inactive","Active","_","Active","Stream Beat","Stream Beat","Stream Beat","Stream Beat","Stream Beat","No Streams","No Streams","Stream Beat","_","Stream Beat"
1125,1125,0,0,0,0,00000004,fe32fffb01e201c2,03c0,2a49,1,0,3f771036,1,0,fe9dfe32fffdfffbff0001e2fcb801c2,1,1,0,1e5d0a171e5d0a171e5d0a171e5d0a17,1,0,00000000000000000000000000000000,1,0,23c1,0,0,0,23c1,0,0,fe32fffb01e201c2,1,0,40a003c0,0,1,0,fe9dfffdff00fcb8,1,0,"Active","Active","Active","Active","Active","Inactive","Inactive","Active","_","Active","Stream Beat","Stream Beat","Stream Beat","Stream Beat","Stream Beat","No Streams","No Streams","Stream Beat","_","Stream Beat"
1126,1126,0,0,0,0,00000004,0105022f00effec0,03c0,2343,1,0,3f541ffc,1,0,ffd90105fde1022ffc2b00effc86fec0,1,1,0,1e5d0a171e5d0a171e5d0a171e5d0a17,1,0,00000000000000000000000000000000,1,0,23c1,0,0,0,23c1,0,0,0105022f00effec0,1,0,40a003c0,0,1,0,ffd9fde1fc2bfc86,1,0,"Active","Active","Active","Active","Active","Inactive","Inactive","Active","_","Active","Stream Beat","Stream Beat","Stream Beat","Stream Beat","Stream Beat","No Streams","No Streams","Stream Beat","_","Stream Beat"
1127,1127,0,0,0,0,00000004,01ceffedfe26fec7,03c0,2362,1,0,3f8d2fe0,1,0,fcea01cefc13ffedfd6bfe26ff74fec7,1,1,0,1e5d0a171e5d0a171e5d0a171e5d0a17,1,0,00000000000000000000000000000000,1,0,23c1,0,0,0,23c1,0,0,01ceffedfe26fec7,1,0,40a003c0,0,1,0,fceafc13fd6bff74,1,0,"Active","Active","Active","Active","Active","Inactive","Inactive","Active","_","Active","Stream Beat","Stream Beat","Stream Beat","Stream Beat","Stream Beat","No Streams","No Streams","Stream Beat","_","Stream Beat"
1128,1128,0,0,0,0,00000004,feedfe29ffb501c6,03c0,235a,1,0,3fa5201d,1,0,fc5dfeedfe83fe29ffecffb5ff3101c6,1,1,0,1e5d0a171e5d0a171e5d0a171e5d0a17,1,0,00000000000000000000000000000000,1,0,23c1,0,0,0,23c1,0,0,feedfe29ffb501c6,1,0,40a003c0,0,1,0,fc5dfe83ffecff31,1,0,"Active","Active","Active","Active","Active","Inactive","Inactive","Active","_","Active","Stream Beat","Stream Beat","Stream Beat","Stream Beat","Stream Beat","No Streams","No Streams","Stream Beat","_","Stream Beat"
1129,1129,0,0,0,0,00000004,fe9900c9021c010c,03c0,233e,1,0,3f66102e,1,0,ff59fe99ffe000c9fe30021cfc38010c,1,1,0,1e5d0a171e5d0a171e5d0a171e5d0a17,1,0,00000000000000000000000000000000,1,0,23c1,0,0,0,23c1,0,0,fe9900c9021c010c,1,0,40a003c0,0,1,0,ff59ffe0fe30fc38,1,0,"Active","Active","Active","Active","Active","Inactive","Inactive","Active","_","Active","Stream Beat","Stream Beat","Stream Beat","Stream Beat","Stream Beat","No Streams","No Streams","Stream Beat","_","Stream Beat"
1130,1130,0,0,0,0,00000004,018f01e30013fe34,03c0,234a,1,0,3f5d2fea,1,0,ff5a018ffd1f01e3fbf10013fd2ffe34,1,1,0,1e5d0a171e5d0a171e5d0a171e5d0a17,1,0,00000000000000000000000000000000,1,0,23c1,0,0,0,23c1,0,0,018f01e30013fe34,1,0,40a003c0,0,1,0,ff5afd1ffbf1fd2f,1,0,"Active","Active","Active","Active","Active","Inactive","Inactive","Active","_","Active","Stream Beat","Stream Beat","Stream Beat","Stream Beat","Stream Beat","No Streams","No Streams","Stream Beat","_","Stream Beat"
1131,1131,0,0,0,0,00000004,0136ff0bfe1fffab,03c0,1d9a,1,0,3f9f2fe9,1,0,fc600136fc4bff0bfe48fe1fffeeffab,1,1,0,1e5d0a171e5d0a171e5d0a171e5d0a17,1,0,00000000000000000000000000000000,1,0,23c1,0,0,0,23c1,0,0,0136ff0bfe1fffab,1,0,40a003c0,0,1,0,fc60fc4bfe48ffee,1,0,"Active","Active","Active","Active","Active","Inactive","Inactive","Active","_","Active","Stream Beat","Stream Beat","Stream Beat","Stream Beat","Stream Beat","No Streams","No Streams","Stream Beat","_","Stream Beat"
1132,1132,0,0,0,0,00000004,fe59fea10097021c,03c0,1f4a,1,0,3f9a1028,1,0,fd16fe59ff4cfea1fff00097fe51021c,1,1,0,1e5d0a171e5d0a171e5d0a171e5d0a17,1,0,00000000000000000000000000000000,1,0,23c1,0,0,0,23c1,0,0,fe59fea10097021c,1,0,40a003c0,0,1,0,fd16ff4cfff0fe51,1,0,"Active","Active","Active","Active","Active","Inactive","Inactive","Active","_","Active","Stream Beat","Stream Beat","Stream Beat","Stream Beat","Stream Beat","No Streams","No Streams","Stream Beat","_","Stream Beat"
1133,1133,0,0,0,0,00000004,ff5c017e01f70039,03c0,2a46,1,0,3f59101b,1,0,ffdbff5cff70017efd5201f7fc030039,1,1,0,1e5d0a171e5d0a171e5d0a171e5d0a17,1,0,00000000000000000000000000000000,1,0,23c1,0,0,0,23c1,0,0,ff5c017e01f70039,1,0,40a003c0,0,1,0,ffdbff70fd52fc03,1,0,"Active","Active","Active","Active","Active","Inactive","Inactive","Active","_","Active","Stream Beat","Stream Beat","Stream Beat","Stream Beat","Stream Beat","No Streams","No Streams","Stream Beat","_","Stream Beat"
1134,1134,0,0,0,0,00000004,02210164ff2ffe0b,03c0,2353,1,0,3f6e2fe0,1,0,fe750221fc5d0164fc1bff2ffe0dfe0b,1,1,0,1e5d0a171e5d0a171e5d0a171e5d0a17,1,0,00000000000000000000000000000000,1,0,23c1,0,0,0,23c1,0,0,02210164ff2ffe0b,1,0,40a003c0,0,1,0,fe75fc5dfc1bfe0d,1,0,"Active","Active","Active","Active","Active","Inactive","Inactive","Active","_","Active","Stream Beat","Stream Beat","Stream Beat","Stream Beat","Stream Beat","No Streams","No Streams","Stream Beat","_","Stream Beat"
1135,1135,0,0,0,0,00000004,0061fe72fe780088,03c0,1d9b,1,0,3faa1ffa,1,0,fc220061fceffe72ff21fe78fff70088,1,1,0,1e5d0a171e5d0a171e5d0a171e5d0a17,1,0,00000000000000000000000000000000,1,0,23c1,0,0,0,23c1,0,0,0061fe72fe780088,1,0,40a003c0,0,1,0,fc22fcefff21fff7,1,0,"Active","Active","Active","Active","Active","Inactive","Inactive","Active","_","Active","Stream Beat","Stream Beat","Stream Beat","Stream Beat","Stream Beat","No Streams","No Streams","Stream Beat","_","Stream Beat"
1136,1136,0,0,0,0,00000004,fe19ff48017401f8,03c0,2a4e,1,0,3f8a1030,1,0,fdeafe19ffd2ff48ff820174fd9201f8,1,1,0,1e5d0a171e5d0a171e5d0a171e5d0a17,1,0,00000000000000000000000000000000,1,0,23c1,0,0,0,23c1,0,0,fe19ff48017401f8,1,0,40a003c0,0,1,0,fdeaffd2ff82fd92,1,0,"Active","Active","Active","Active","Active","Inactive","Inactive","Active","_","Active","Stream Beat","Stream Beat","Stream Beat","Stream Beat","Stream Beat","No Streams","No Streams","Stream Beat","_","Stream Beat"
1137,1137,0,0,0,0,00000004,007a020b0182ff5c,03c0,2a49,1,0,3f4f200b,1,0,fffc007afeaa020bfc860182fc19ff5c,1,1,0,1e5d0a171e5d0a171e5d0a171e5d0a17,1,0,00000000000000000000000000000000,1,0,23c1,0,0,0,23c1,0,0,007a020b0182ff5c,1,0,40a003c0,0,1,0,fffcfeaafc86fc19,1,0,"Active","Active","Active","Active","Active","Inactive","Inactive","Active","_","Active","Stream Beat","Stream Beat","Stream Beat","Stream Beat","Stream Beat","No Streams","No Streams","Stream Beat","_","Stream Beat"
1138,1138,0,0,0,0,00000004,020b0090fe85fe59,03c0,1d90,1,0,3f821fdd,1,0,fdb2020bfc100090fcbbfe85fef8fe59,1,1,0,1e5d0a171e5d0a171e5d0a171e5d0a17,1,0,00000000000000000000000000000000,1,0,23c1,0,0,0,23c1,0,0,020b0090fe85fe59,1,0,40a003c0,0,1,0,fdb2fc10fcbbfef8,1,0,"Active","Active","Active","Active","Active","Inactive","Inactive","Active","_","Active","Stream Beat","Stream Beat","Stream Beat","Stream Beat","Stream Beat","No Streams","No Streams","Stream Beat","_","Stream Beat"
1139,1139,0,0,0,0,00000004,ff88fe1eff14012c,03c0,2360,1,0,3fad200c,1,0,fc0eff88fdbefe1effb8ff14ffa9012c,1,1,0,1e5d0a171e5d0a171e5d0a171e5d0a17,1,0,00000000000000000000000000000000,1,0,23c1,0,0,0,23c1,0,0,ff88fe1eff14012c,1,0,40a003c0,0,1,0,fc0efdbeffb8ffa9,1,0,"Active","Active","Active","Active","Active","Inactive","Inactive","Active","_","Active","Stream Beat","Stream Beat","Stream Beat","Stream Beat","Stream Beat","No Streams","No Streams","Stream Beat","_","Stream Beat"
1140,1140,0,0,0,0,00000004,fe44001f01f201a5,03c0,2a48,1,0,3f741036,1,0,fecafe440000001ffed701f2fca201a5,1,1,0,1e5d0a171e5d0a171e5d0a171e5d0a17,1,0,00000000000000000000000000000000,1,0,23c1,0,0,0,23c1,0,0,fe44001f01f201a5,1,0,40a003c0,0,1,0,feca0000fed7fca2,1,0,"Active","Active","Active","Active","Active","Inactive","Inactive","Active","_","Active","Stream Beat","Stream Beat","Stream Beat","Stream Beat","Stream Beat","No Streams","No Streams","Stream Beat","_","Stream Beat"
1141,1141,0,0,0,0,00000004,0119022400c9fea0,03c0,2345,1,0,3f571ff7,1,0,ffc00119fdc50224fbee00c9fc9cfea0,1,1,0,1e5d0a171e5d0a171e5d0a171e5d0a17,1,0,00000000000000000000000000000000,1,0,23c1,0,0,0,23c1,0,0,0119022400c9fea0,1,0,40a003c0,0,1,0,ffc0fdc5fbeefc9c,1,0,"Active","Active","Active","Active","Active","Inactive","Inactive","Active","_","Active","Stream Beat","Stream Beat","Stream Beat","Stream Beat","Stream Beat","No Streams","No Streams","Stream Beat","_","Stream Beat"
1142,1142,0,0,0,0,00000004,01baffb6fe1efedd,03c0,1f5b,1,0,3f922fde,1,0,fcd401bafc01ffb6fd8bfe1eff95fedd,1,1,0,1e5d0a171e5d0a171e5d0a171e5d0a17,1,0,00000000000000000000000000000000,1,0,23c1,0,0,0,23c1,0,0,01baffb6fe1efedd,1,0,40a003c0,0,1,0,fcd4fc01fd8bff95,1,0,"Active","Active","Active","Active","Active","Inactive","Inactive","Active","_","Active","Stream Beat","Stream Beat","Stream Beat","Stream Beat","Stream Beat","No Streams","No Streams","Stream Beat","_","Stream Beat"
1143,1143,0,0,0,0,00000004,fec4fe3fffff01e2,03c0,235a,1,0,2fa4101f,1,0,fc8ffec4fea3fe3f0002fffffefc01e2,1,1,0,1e5d0a171e5d0a171e5d0a171e5d0a17,1,0,00000000000000000000000000000000,1,0,23c1,0,0,0,23c1,0,0,fec4fe3fffff01e2,1,0,40a003c0,0,1,0,fc8ffea30002fefc,1,0,"Active","Active","Active","Active","Active","Inactive","Inactive","Active","_","Active","Stream Beat","Stream Beat","Stream Beat","Stream Beat","Stream Beat","No Streams","No Streams","Stream Beat","_","Stream Beat"
1144,1144,0,0,0,0,00000004,fec200e8021800e9,03c0,2a43,1,0,3f60102a,1,0,ff7cfec2ffd600e8fdff0218fc4300e9,1,1,0,1e5d0a171e5d0a171e5d0a171e5d0a17,1,0,00000000000000000000000000000000,1,0,23c1,0,0,0,23c1,0,0,fec200e8021800e9,1,0,40a003c0,0,1,0,ff7cffd6fdfffc43,1,0,"Active","Active","Active","Active","Active","Inactive","Inactive","Active","_","Active","Stream Beat","Stream Beat","Stream Beat","Stream Beat","Stream Beat","No Streams","No Streams","Stream Beat","_","Stream Beat"
1145,1145,0,0,0,0,00000004,01d201dcffe4fe2e,03c0,234c,1,0,3f5f2fe6,1,0,ff2401d2fce801dcfbf9ffe4fd62fe2e,1,1,0,1e5d0a171e5d0a171e5d0a171e5d0a17,1,0,00000000000000000000000000000000,1,0,23c1,0,0,0,23c1,0,0,01d201dcffe4fe2e,1,0,40a003c0,0,1,0,ff24fce8fbf9fd62,1,0,"Active","Active","Active","Active","Active","Inactive","Inactive","Active","_","Active","Stream Beat","Stream Beat","Stream Beat","Stream Beat","Stream Beat","No Streams","No Streams","Stream Beat","_","Stream Beat"
1146,1146,0,0,0,0,00000004,0108feedfe24ffba,03c0,1d9a,1,0,2fa32fee,1,0,fc620108fc72feedfe74fe24fff3ffba,1,1,0,1e5d0a171e5d0a171e5d0a171e5d0a17,1,0,00000000000000000000000000000000,1,0,23c1,0,0,0,23c1,0,0,0108feedfe24ffba,1,0,40a003c0,0,1,0,fc62fc72fe74fff3,1,0,"Active","Active","Active","Active","Active","Inactive","Inactive","Active","_","Active","Stream Beat","Stream Beat","Stream Beat","Stream Beat","Stream Beat","No Streams","No Streams","Stream Beat","_","Stream Beat"
1147,1147,0,0,0,0,00000004,fe3afea100ce0225,03c0,2350,1,0,3f99102a,1,0,fd30fe3aff5cfea1ffe300cefe230225,1,1,0,1e5d0a171e5d0a171e5d0a171e5d0a17,1,0,00000000000000000000000000000000,1,0,23c1,0,0,0,23c1,0,0,fe3afea100ce0225,1,0,40a003c0,0,1,0,fd30ff5cffe3fe23,1,0,"Active","Active","Active","Active","Active","Inactive","Inactive","Active","_","Active","Stream Beat","Stream Beat","Stream Beat","Stream Beat","Stream Beat","No Streams","No Streams","Stream Beat","_","Stream Beat"
1148,1148,0,0,0,0,00000004,ff8d01c701fa0011,03c0,2a44,1,0,3f56201c,1,0,ffedff8dff3d01c7fd0801fafbe80011,1,1,0,1e5d0a171e5d0a171e5d0a171e5d0a17,1,0,00000000000000000000000000000000,1,0,23c1,0,0,0,23c1,0,0,ff8d01c701fa0011,1,0,40a003c0,0,1,0,ffedff3dfd08fbe8,1,0,"Active","Active","Active","Active","Active","Inactive","Inactive","Active","_","Active","Stream Beat","Stream Beat","Stream Beat","Stream Beat","Stream Beat","No Streams","No Streams","Stream Beat","_","Stream Beat"
1149,1149,0,0,0,0,00000004,01ff0131ff0dfe2b,03c0,1d8b,1,0,3f732fdd,1,0,fe6a01fffc730131fc50ff0dfe4ffe2b,1,1,0,1e5d0a171e5d0a171e5d0a171e5d0a17,1,0,00000000000000000000000000000000,1,0,23c1,0,0,0,23c1,0,0,01ff0131ff0dfe2b,1,0,40a003c0,0,1,0,fe6afc73fc50fe4f,1,0,"Active","Active","Active","Active","Active","Inactive","Inactive","Active","_","Active","Stream Beat","Stream Beat","Stream Beat","Stream Beat","Stream Beat","No Streams","No Streams","Stream Beat","_","Stream Beat"
1150,1150,0,0,0,0,00000004,003bfe5ffe850092,03c0,1d9c,1,0,3fa91ffc,1,0,fbfd003bfd21fe5fff3dfe85fff10092,1,1,0,1e5d0a171e5d0a171e5d0a171e5d0a17,1,0,00000000000000000000000000000000,1,0,23c1,0,0,0,23c1,0,0,003bfe5ffe850092,1,0,40a003c0,0,1,0,fbfdfd21ff3dfff1,1,0,"Active","Active","Active","Active","Active","Inactive","Inactive","Active","_","Active","Stream Beat","Stream Beat","Stream Beat","Stream Beat","Stream Beat","No Streams","No Streams","Stream Beat","_","Stream Beat"
1151,1151,0,0,0,0,00000004,fe04ff6a0188021b,03c0,2a4d,1,0,3f811035,1,0,fe00fe04ffe0ff6aff6a0188fd24021b,1,1,0,1e5d0a171e5d0a171e5d0a171e5d0a17,1,0,00000000000000000000000000000000,1,0,23c1,0,0,0,23c1,0,0,fe04ff6a0188021b,1,0,40a003c0,0,1,0,fe00ffe0ff6afd24,1,0,"Active","Active","Active","Active","Active","Inactive","Inactive","Active","_","Active","Stream Beat","Stream Beat","Stream Beat","Stream Beat","Stream Beat","No Streams","No Streams","Stream Beat","_","Stream Beat"
1152,1152,0,0,0,0,00000004,006b0207015dff33,03c0,2a4c,1,0,3f572006,1,0,fffd006bfe860207fc79015dfc31ff33,1,1,0,1e5d0a171e5d0a171e5d0a171e5d0a17,1,0,00000000000000000000000000000000,1,0,23c1,0,0,0,23c1,0,0,006b0207015dff33,1,0,40a003c0,0,1,0,fffdfe86fc79fc31,1,0,"Active","Active","Active","Active","Active","Inactive","Inactive","Active","_","Active","Stream Beat","Stream Beat","Stream Beat","Stream Beat","Stream Beat","No Streams","No Streams","Stream Beat","_","Stream Beat"
1153,1153,0,0,0,0,00000004,0218006efe68fe6f,03c0,1d93,1,0,3f841fdb,1,0,fd610218fc00006efcebfe68ff14fe6f,1,1,0,1e5d0a171e5d0a171e5d0a171e5d0a17,1,0,00000000000000000000000000000000,1,0,23c1,0,0,0,23c1,0,0,0218006efe68fe6f,1,0,40a003c0,0,1,0,fd61fc00fcebff14,1,0,"Active","Active","Active","Active","Active","Inactive","Inactive","Active","_","Active","Stream Beat","Stream Beat","Stream Beat","Stream Beat","Stream Beat","No Streams","No Streams","Stream Beat","_","Stream Beat"
1154,1154,0,0,0,0,00000004,ff58fe1cff490175,03c0,235f,1,0,3fa62011,1,0,fbfcff58fdedfe1cffceff49ff880175,1,1,0,1e5d0a171e5d0a171e5d0a171e5d0a17,1,0,00000000000000000000000000000000,1,0,23c1,0,0,0,23c1,0,0,ff58fe1cff490175,1,0,40a003c0,0,1,0,fbfcfdedffceff88,1,0,"Active","Active","Active","Active","Active","Inactive","Inactive","Active","_","Active","Stream Beat","Stream Beat","Stream Beat","Stream Beat","Stream Beat","No Streams","No Streams","Stream Beat","_","Stream Beat"
1155,1155,0,0,0,0,00000004,fe5b002301fc0186,03c0,2a48,1,0,3f721030,1,0,fef0fe5b00020023feb001fcfc850186,1,1,0,1e5d0a171e5d0a171e5d0a171e5d0a17,1,0,00000000000000000000000000000000,1,0,23c1,0,0,0,23c1,0,0,fe5b002301fc0186,1,0,40a003c0,0,1,0,fef00002feb0fc85,1,0,"Active","Active","Active","Active","Active","Inactive","Inactive","Active","_","Active","Stream Beat","Stream Beat","Stream Beat","Stream Beat","Stream Beat","No Streams","No Streams","Stream Beat","_","Stream Beat"
1156,1156,0,0,0,0,00000004,014d02240094fe92,03c0,2345,1,0,3f561ff5,1,0,ffa2014dfd900224fc2f0094fce3fe92,1,1,0,1e5d0a171e5d0a171e5d0a171e5d0a17,1,0,00000000000000000000000000000000,1,0,23c1,0,0,0,23c1,0,0,014d02240094fe92,1,0,40a003c0,0,1,0,ffa2fd90fc2ffce3,1,0,"Active","Active","Active","Active","Active","Inactive","Inactive","Active","_","Active","Stream Beat","Stream Beat","Stream Beat","Stream Beat","Stream Beat","No Streams","No Streams","Stream Beat","_","Stream Beat"
1157,1157,0,0,0,0,00000004,01a7ff87fe17ff02,03c0,2362,1,0,3f932fe3,1,0,fca301a7fc04ff87fdb3fe17ffb1ff02,1,1,0,1e5d0a171e5d0a171e5d0a171e5d0a17,1,0,00000000000000000000000000000000,1,0,23c1,0,0,0,23c1,0,0,01a7ff87fe17ff02,1,0,40a003c0,0,1,0,fca3fc04fdb3ffb1,1,0,"Active","Active","Active","Active","Active","Inactive","Inactive","Active","_","Active","Stream Beat","Stream Beat","Stream Beat","Stream Beat","Stream Beat","No Streams","No Streams","Stream Beat","_","Stream Beat"
1158,1158,0,0,0,0,00000004,fea5fe48001301f2,03c0,2358,1,0,2fa21020,1,0,fca4fea5fecbfe4800000013fed701f2,1,1,0,1e5d0a171e5d0a171e5d0a171e5d0a17,1,0,00000000000000000000000000000000,1,0,23c1,0,0,0,23c1,0,0,fea5fe48001301f2,1,0,40a003c0,0,1,0,fca4fecb0000fed7,1,0,"Active","Active","Active","Active","Active","Inactive","Inactive","Active","_","Active","Stream Beat","Stream Beat","Stream Beat","Stream Beat","Stream Beat","No Streams","No Streams","Stream Beat","_","Stream Beat"
1159,1159,0,0,0,0,00000004,fee9011b021c00c3,03c0,2a42,1,0,3f641029,1,0,ff9bfee9ffbf011bfdce021cfc1900c3,1,1,0,1e5d0a171e5d0a171e5d0a171e5d0a17,1,0,00000000000000000000000000000000,1,0,23c1,0,0,0,23c1,0,0,fee9011b021c00c3,1,0,40a003c0,0,1,0,ff9bffbffdcefc19,1,0,"Active","Active","Active","Active","Active","Inactive","Inactive","Active","_","Active","Stream Beat","Stream Beat","Stream Beat","Stream Beat","Stream Beat","No Streams","No Streams","Stream Beat","_","Stream Beat"
1160,1160,0,0,0,0,00000004,01e201b8ffb6fe21,03c0,234f,1,0,3f602fe4,1,0,fefc01e2fcdf01b8fc0fffb6fd87fe21,1,1,0,1e5d0a171e5d0a171e5d0a171e5d0a17,1,0,00000000000000000000000000000000,1,0,23c1,0,0,0,23c1,0,0,01e201b8ffb6fe21,1,0,40a003c0,0,1,0,fefcfcdffc0ffd87,1,0,"Active","Active","Active","Active","Active","Inactive","Inactive","Active","_","Active","Stream Beat","Stream Beat","Stream Beat","Stream Beat","Stream Beat","No Streams","No Streams","Stream Beat","_","Stream Beat"
1161,1161,0,0,0,0,00000004,00e9fec3fe35fff3,03c0,1d9c,1,0,2fa41fef,1,0,fc2600e9fc72fec3fea0fe35fffefff3,1,1,0,1e5d0a171e5d0a171e5d0a171e5d0a17,1,0,00000000000000000000000000000000,1,0,23c1,0,0,0,23c1,0,0,00e9fec3fe35fff3,1,0,40a003c0,0,1,0,fc26fc72fea0fffe,1,0,"Active","Active","Active","Active","Active","Inactive","Inactive","Active","_","Active","Stream Beat","Stream Beat","Stream Beat","Stream Beat","Stream Beat","No Streams","No Streams","Stream Beat","_","Stream Beat"
1162,1162,0,0,0,0,00000004,fe38feb600dd021f,03c0,27d2,1,0,3f94102e,1,0,fd60fe38ff7ffeb6ffd100ddfe05021f,1,1,0,1e5d0a171e5d0a171e5d0a171e5d0a17,1,0,00000000000000000000000000000000,1,0,23c1,0,0,0,23c1,0,0,fe38feb600dd021f,1,0,40a003c0,0,1,0,fd60ff7fffd1fe05,1,0,"Active","Active","Active","Active","Active","Inactive","Inactive","Active","_","Active","Stream Beat","Stream Beat","Stream Beat","Stream Beat","Stream Beat","No Streams","No Streams","Stream Beat","_","Stream Beat"
1163,1163,0,0,0,0,00000004,ffa101bf01e4ffdc,03c0,2a46,1,0,3f572017,1,0,fff9ffa1ff2301bffcee01e4fbf9ffdc,1,1,0,1e5d0a171e5d0a171e5d0a171e5d0a17,1,0,00000000000000000000000000000000,1,0,23c1,0,0,0,23c1,0,0,ffa101bf01e4ffdc,1,0,40a003c0,0,1,0,fff9ff23fceefbf9,1,0,"Active","Active","Active","Active","Active","Inactive","Inactive","Active","_","Active","Stream Beat","Stream Beat","Stream Beat","Stream Beat","Stream Beat","No Streams","No Streams","Stream Beat","_","Stream Beat"
1164,1164,0,0,0,0,00000004,022a011cfee5fe28,03c0,1d8d,1,0,3f732fdd,1,0,fe1e022afc33011cfc68fee5fe6bfe28,1,1,0,1e5d0a171e5d0a171e5d0a171e5d0a17,1,0,00000000000000000000000000000000,1,0,23c1,0,0,0,23c1,0,0,022a011cfee5fe28,1,0,40a003c0,0,1,0,fe1efc33fc68fe6b,1,0,"Active","Active","Active","Active","Active","Inactive","Inactive","Active","_","Active","Stream Beat","Stream Beat","Stream Beat","Stream Beat","Stream Beat","No Streams","No Streams","Stream Beat","_","Stream Beat"
1165,1165,0,0,0,0,00000004,000bfe49fea500c8,03c0,1908,1,0,3fab1ffe,1,0,fbd3000bfd3bfe49ff62fea5ffe400c8,1,1,0,1e5d0a171e5d0a171e5d0a171e5d0a17,1,0,00000000000000000000000000000000,1,0,23c1,0,0,0,23c1,0,0,000bfe49fea500c8,1,0,40a003c0,0,1,0,fbd3fd3bff62ffe4,1,0,"Active","Active","Active","Active","Active","Inactive","Inactive","Active","_","Active","Stream Beat","Stream Beat","Stream Beat","Stream Beat","Stream Beat","No Streams","No Streams","Stream Beat","_","Stream Beat"
1166,1166,0,0,0,0,00000004,fe28ff86019901ec,03c0,2a4c,1,0,3f802032,1,0,fe44fe28fff1ff86ff4a0199fd2f01ec,1,1,0,1e5d0a171e5d0a171e5d0a171e5d0a17,1,0,00000000000000000000000000000000,1,0,23c1,0,0,0,23c1,0,0,fe28ff86019901ec,1,0,40a003c0,0,1,0,fe44fff1ff4afd2f,1,0,"Active","Active","Active","Active","Active","Inactive","Inactive","Active","_","Active","Stream Beat","Stream Beat","Stream Beat","Stream Beat","Stream Beat","No Streams","No Streams","Stream Beat","_","Stream Beat"
1167,1167,0,0,0,0,00000004,007d021d0141ff0a,03c0,2340,1,0,3f522005,1,0,fffb007dfe4b021dfc5c0141fc55ff0a,1,1,0,1e5d0a171e5d0a171e5d0a171e5d0a17,1,0,00000000000000000000000000000000,1,0,23c1,0,0,0,23c1,0,0,007d021d0141ff0a,1,0,40a003c0,0,1,0,fffbfe4bfc5cfc55,1,0,"Active","Active","Active","Active","Active","Inactive","Inactive","Active","_","Active","Stream Beat","Stream Beat","Stream Beat","Stream Beat","Stream Beat","No Streams","No Streams","Stream Beat","_","Stream Beat"
1168,1168,0,0,0,0,00000004,01fe0040fe54fe94,03c0,1d95,1,0,3f851fdc,1,0,fd4d01fefc000040fd16fe54ff3cfe94,1,1,0,1e5d0a171e5d0a171e5d0a171e5d0a17,1,0,00000000000000000000000000000000,1,0,23c1,0,0,0,23c1,0,0,01fe0040fe54fe94,1,0,40a003c0,0,1,0,fd4dfc00fd16ff3c,1,0,"Active","Active","Active","Active","Active","Inactive","Inactive","Active","_","Active","Stream Beat","Stream Beat","Stream Beat","Stream Beat","Stream Beat","No Streams","No Streams","Stream Beat","_","Stream Beat"
1169,1169,0,0,0,0,00000004,ff29fe30ff8c018e,03c0,235e,1,0,3faa2013,1,0,fc2cff29fe1ffe30ffeeff8cff66018e,1,1,0,1e5d0a171e5d0a171e5d0a171e5d0a17,1,0,00000000000000000000000000000000,1,0,23c1,0,0,0,23c1,0,0,ff29fe30ff8c018e,1,0,40a003c0,0,1,0,fc2cfe1fffeeff66,1,0,"Active","Active","Active","Active","Active","Inactive","Inactive","Active","_","Active","Stream Beat","Stream Beat","Stream Beat","Stream Beat","Stream Beat","No Streams","No Streams","Stream Beat","_","Stream Beat"
1170,1170,0,0,0,0,00000004,fe60006a020f0171,03c0,2a44,1,0,3f6f102e,1,0,ff08fe600003006afe77020ffc650171,1,1,0,1e5d0a171e5d0a171e5d0a171e5d0a17,1,0,00000000000000000000000000000000,1,0,23c1,0,0,0,23c1,0,0,fe60006a020f0171,1,0,40a003c0,0,1,0,ff080003fe77fc65,1,0,"Active","Active","Active","Active","Active","Inactive","Inactive","Active","_","Active","Stream Beat","Stream Beat","Stream Beat","Stream Beat","Stream Beat","No Streams","No Streams","Stream Beat","_","Stream Beat"
1171,1171,0,0,0,0,00000004,017302120070fe5c,03c0,2349,1,0,3f591ff2,1,0,ff890173fd6e0212fbf50070fcd2fe5c,1,1,0,1e5d0a171e5d0a171e5d0a171e5d0a17,1,0,00000000000000000000000000000000,1,0,23c1,0,0,0,23c1,0,0,017302120070fe5c,1,0,40a003c0,0,1,0,ff89fd6efbf5fcd2,1,0,"Active","Active","Active","Active","Active","Inactive","Inactive","Active","_","Active","Stream Beat","Stream Beat","Stream Beat","Stream Beat","Stream Beat","No Streams","No Streams","Stream Beat","_","Stream Beat"
1172,1172,0,0,0,0,00000004,0188ff62fe1dff34,03c0,2363,1,0,3f992fe7,1,0,fc7b0188fc1dff62fdeffe1dffc8ff34,1,1,0,1e5d0a171e5d0a171e5d0a171e5d0a17,1,0,00000000000000000000000000000000,1,0,23c1,0,0,0,23c1,0,0,0188ff62fe1dff34,1,0,40a003c0,0,1,0,fc7bfc1dfdefffc8,1,0,"Active","Active","Active","Active","Active","Inactive","Inactive","Active","_","Active","Stream Beat","Stream Beat","Stream Beat","Stream Beat","Stream Beat","No Streams","No Streams","Stream Beat","_","Stream Beat"
1173,1173,0,0,0,0,00000004,fe91fe6100460214,03c0,2355,1,0,2f9e1024,1,0,fccafe91fefdfe61fffb0046fea80214,1,1,0,1e5d0a171e5d0a171e5d0a171e5d0a17,1,0,00000000000000000000000000000000,1,0,23c1,0,0,0,23c1,0,0,fe91fe6100460214,1,0,40a003c0,0,1,0,fccafefdfffbfea8,1,0,"Active","Active","Active","Active","Active","Inactive","Inactive","Active","_","Active","Stream Beat","Stream Beat","Stream Beat","Stream Beat","Stream Beat","No Streams","No Streams","Stream Beat","_","Stream Beat"
1174,1174,0,0,0,0,00000004,ff210133021b0094,03c0,2a45,1,0,3f5b1025,1,0,ffc3ff21ffa40133fda7021bfc050094,1,1,0,1e5d0a171e5d0a171e5d0a171e5d0a17,1,0,00000000000000000000000000000000,1,0,23c1,0,0,0,23c1,0,0,ff210133021b0094,1,0,40a003c0,0,1,0,ffc3ffa4fda7fc05,1,0,"Active","Active","Active","Active","Active","Inactive","Inactive","Active","_","Active","Stream Beat","Stream Beat","Stream Beat","Stream Beat","Stream Beat","No Streams","No Streams","Stream Beat","_","Stream Beat"
1175,1175,0,0,0,0,00000004,01f701b6ff7dfe29,03c0,2350,1,0,3f642fe3,1,0,feca01f7fca001b6fbf7ff7dfdb9fe29,1,1,0,1e5d0a171e5d0a171e5d0a171e5d0a17,1,0,00000000000000000000000000000000,1,0,23c1,0,0,0,23c1,0,0,01f701b6ff7dfe29,1,0,40a003c0,0,1,0,fecafca0fbf7fdb9,1,0,"Active","Active","Active","Active","Active","Inactive","Inactive","Active","_","Active","Stream Beat","Stream Beat","Stream Beat","Stream Beat","Stream Beat","No Streams","No Streams","Stream Beat","_","Stream Beat"
1176,1176,0,0,0,0,00000004,00ccfe9ffe510009,03c0,1d9b,1,0,3fa61ff4,1,0,fc1400ccfca3fe9ffec9fe5100080009,1,1,0,1e5d0a171e5d0a171e5d0a171e5d0a17,1,0,00000000000000000000000000000000,1,0,23c1,0,0,0,23c1,0,0,00ccfe9ffe510009,1,0,40a003c0,0,1,0,fc14fca3fec90008,1,0,"Active","Active","Active","Active","Active","Inactive","Inactive","Active","_","Active","Stream Beat","Stream Beat","Stream Beat","Stream Beat","Stream Beat","No Streams","No Streams","Stream Beat","_","Stream Beat"
1177,1177,0,0,0,0,00000004,fe20fed30117021a,03c0,27d1,1,0,3f911030,1,0,fd96fe20ff87fed3ffca0117fdc7021a,1,1,0,1e5d0a171e5d0a171e5d0a171e5d0a17,1,0,00000000000000000000000000000000,1,0,23c1,0,0,0,23c1,0,0,fe20fed30117021a,1,0,40a003c0,0,1,0,fd96ff87ffcafdc7,1,0,"Active","Active","Active","Active","Active","Inactive","Inactive","Active","_","Active","Stream Beat","Stream Beat","Stream Beat","Stream Beat","Stream Beat","No Streams","No Streams","Stream Beat","_","Stream Beat"
1178,1178,0,0,0,0,00000004,ffe001da01beffc1,03c0,2a47,1,0,3f512015,1,0,fffaffe0ff0701dafcc801befc1affc1,1,1,0,1e5d0a171e5d0a171e5d0a171e5d0a17,1,0,00000000000000000000000000000000,1,0,23c1,0,0,0,23c1,0,0,ffe001da01beffc1,1,0,40a003c0,0,1,0,fffaff07fcc8fc1a,1,0,"Active","Active","Active","Active","Active","Inactive","Inactive","Active","_","Active","Stream Beat","Stream Beat","Stream Beat","Stream Beat","Stream Beat","No Streams","No Streams","Stream Beat","_","Stream Beat"
1179,1179,0,0,0,0,00000004,023c00eafec0fe32,03c0,1d8e,1,0,2f781fdc,1,0,fde7023cfc2d00eafc69fec0fe9efe32,1,1,0,1e5d0a171e5d0a171e5d0a171e5d0a17,1,0,00000000000000000000000000000000,1,0,23c1,0,0,0,23c1,0,0,023c00eafec0fe32,1,0,40a003c0,0,1,0,fde7fc2dfc69fe9e,1,0,"Active","Active","Active","Active","Active","Inactive","Inactive","Active","_","Active","Stream Beat","Stream Beat","Stream Beat","Stream Beat","Stream Beat","No Streams","No Streams","Stream Beat","_","Stream Beat"
1180,1180,0,0,0,0,00000004,ffe5fe35fec400fd,03c0,1f5e,1,0,3faa2002,1,0,fbf2ffe5fd65fe35ff7efec4ffcf00fd,1,1,0,1e5d0a171e5d0a171e5d0a171e5d0a17,1,0,00000000000000000000000000000000,1,0,23c1,0,0,0,23c1,0,0,ffe5fe35fec400fd,1,0,40a003c0,0,1,0,fbf2fd65ff7effcf,1,0,"Active","Active","Active","Active","Active","Inactive","Inactive","Active","_","Active","Stream Beat","Stream Beat","Stream Beat","Stream Beat","Stream Beat","No Streams","No Streams","Stream Beat","_","Stream Beat"
1181,1181,0,0,0,0,00000004,fe30ffc901c701d9,03c0,2a4a,1,0,3f7e2033,1,0,fe76fe30fff8ffc9ff2701c7fcf501d9,1,1,0,1e5d0a171e5d0a171e5d0a171e5d0a17,1,0,00000000000000000000000000000000,1,0,23c1,0,0,0,23c1,0,0,fe30ffc901c701d9,1,0,40a003c0,0,1,0,fe76fff8ff27fcf5,1,0,"Active","Active","Active","Active","Active","Inactive","Inactive","Active","_","Active","Stream Beat","Stream Beat","Stream Beat","Stream Beat","Stream Beat","No Streams","No Streams","Stream Beat","_","Stream Beat"
1182,1182,0,0,0,0,00000004,00be02120121feee,03c0,2342,1,0,3f512001,1,0,ffee00befe2d0212fc310121fc7bfeee,1,1,0,1e5d0a171e5d0a171e5d0a171e5d0a17,1,0,00000000000000000000000000000000,1,0,23c1,0,0,0,23c1,0,0,00be02120121feee,1,0,40a003c0,0,1,0,ffeefe2dfc31fc7b,1,0,"Active","Active","Active","Active","Active","Inactive","Inactive","Active","_","Active","Stream Beat","Stream Beat","Stream Beat","Stream Beat","Stream Beat","No Streams","No Streams","Stream Beat","_","Stream Beat"
1183,1183,0,0,0,0,00000004,01e50018fe34fe97,03c0,1d95,1,0,3f8a2fdd,1,0,fd2601e5fc0e0018fd2efe34ff4efe97,1,1,0,1e5d0a171e5d0a171e5d0a171e5d0a17,1,0,00000000000000000000000000000000,1,0,23c1,0,0,0,23c1,0,0,01e50018fe34fe97,1,0,40a003c0,0,1,0,fd26fc0efd2eff4e,1,0,"Active","Active","Active","Active","Active","Inactive","Inactive","Active","_","Active","Stream Beat","Stream Beat","Stream Beat","Stream Beat","Stream Beat","No Streams","No Streams","Stream Beat","_","Stream Beat"
1184,1184,0,0,0,0,00000004,ff10fe26ff8201a7,03c0,235d,1,0,3fa82019,1,0,fc4eff10fe4afe26ffe9ff82ff4f01a7,1,1,0,1e5d0a171e5d0a171e5d0a171e5d0a17,1,0,00000000000000000000000000000000,1,0,23c1,0,0,0,23c1,0,0,ff10fe26ff8201a7,1,0,40a003c0,0,1,0,fc4efe4affe9ff4f,1,0,"Active","Active","Active","Active","Active","Inactive","Inactive","Active","_","Active","Stream Beat","Stream Beat","Stream Beat","Stream Beat","Stream Beat","No Streams","No Streams","Stream Beat","_","Stream Beat"
1185,1185,0,0,0,0,00000004,fe8e0087021c0140,03c0,2340,1,0,3f6c102d,1,0,ff3afe8efff60087fe52021cfc550140,1,1,0,1e5d0a171e5d0a171e5d0a171e5d0a17,1,0,00000000000000000000000000000000,1,0,23c1,0,0,0,23c1,0,0,fe8e0087021c0140,1,0,40a003c0,0,1,0,ff3afff6fe52fc55,1,0,"Active","Active","Active","Active","Active","Inactive","Inactive","Active","_","Active","Stream Beat","Stream Beat","Stream Beat","Stream Beat","Stream Beat","No Streams","No Streams","Stream Beat","_","Stream Beat"
1186,1186,0,0,0,0,00000004,018d02090046fe61,03c0,2348,1,0,3f5b1fec,1,0,ff6f018dfd360209fbf20046fd2cfe61,1,1,0,1e5d0a171e5d0a171e5d0a171e5d0a17,1,0,00000000000000000000000000000000,1,0,23c1,0,0,0,23c1,0,0,018d02090046fe61,1,0,40a003c0,0,1,0,ff6ffd36fbf2fd2c,1,0,"Active","Active","Active","Active","Active","Inactive","Inactive","Active","_","Active","Stream Beat","Stream Beat","Stream Beat","Stream Beat","Stream Beat","No Streams","No Streams","Stream Beat","_","Stream Beat"
1187,1187,0,0,0,0,00000004,015bff38fe38ff6e,03c0,2363,1,0,3f9d2fe5,1,0,fc8f015bfc46ff38fe30fe38ffdfff6e,1,1,0,1e5d0a171e5d0a171e5d0a171e5d0a17,1,0,00000000000000000000000000000000,1,0,23c1,0,0,0,23c1,0,0,015bff38fe38ff6e,1,0,40a003c0,0,1,0,fc8ffc46fe30ffdf,1,0,"Active","Active","Active","Active","Active","Inactive","Inactive","Active","_","Active","Stream Beat","Stream Beat","Stream Beat","Stream Beat","Stream Beat","No Streams","No Streams","Stream Beat","_","Stream Beat"
1188,1188,0,0,0,0,00000004,fe70fe6f005c0212,03c0,2355,1,0,3f9d1027,1,0,fcedfe70ff15fe6ffffe005cfe7e0212,1,1,0,1e5d0a171e5d0a171e5d0a171e5d0a17,1,0,00000000000000000000000000000000,1,0,23c1,0,0,0,23c1,0,0,fe70fe6f005c0212,1,0,40a003c0,0,1,0,fcedff15fffefe7e,1,0,"Active","Active","Active","Active","Active","Inactive","Inactive","Active","_","Active","Stream Beat","Stream Beat","Stream Beat","Stream Beat","Stream Beat","No Streams","No Streams","Stream Beat","_","Stream Beat"
1189,1189,0,0,0,0,00000004,ff440167020c006e,03c0,2a46,1,0,3f5c1023,1,0,ffd1ff44ff8a0167fd7b020cfbf3006e,1,1,0,1e5d0a171e5d0a171e5d0a171e5d0a17,1,0,00000000000000000000000000000000,1,0,23c1,0,0,0,23c1,0,0,ff440167020c006e,1,0,40a003c0,0,1,0,ffd1ff8afd7bfbf3,1,0,"Active","Active","Active","Active","Active","Inactive","Inactive","Active","_","Active","Stream Beat","Stream Beat","Stream Beat","Stream Beat","Stream Beat","No Streams","No Streams","Stream Beat","_","Stream Beat"
1190,1190,0,0,0,0,00000004,01fc018bff5afe1d,03c0,2351,1,0,3f6e2fe3,1,0,feaa01fcfc92018bfc17ff5afde3fe1d,1,1,0,1e5d0a171e5d0a171e5d0a171e5d0a17,1,0,00000000000000000000000000000000,1,0,23c1,0,0,0,23c1,0,0,01fc018bff5afe1d,1,0,40a003c0,0,1,0,feaafc92fc17fde3,1,0,"Active","Active","Active","Active","Active","Inactive","Inactive","Active","_","Active","Stream Beat","Stream Beat","Stream Beat","Stream Beat","Stream Beat","No Streams","No Streams","Stream Beat","_","Stream Beat"
1191,1191,0,0,0,0,00000004,00a9fe6bfe650045,03c0,1d9b,1,0,3fa71ff4,1,0,fbeb00a9fc98fe6bfeecfe6500090045,1,1,0,1e5d0a171e5d0a171e5d0a171e5d0a17,1,0,00000000000000000000000000000000,1,0,23c1,0,0,0,23c1,0,0,00a9fe6bfe650045,1,0,40a003c0,0,1,0,fbebfc98feec0009,1,0,"Active","Active","Active","Active","Active","Inactive","Inactive","Active","_","Active","Stream Beat","Stream Beat","Stream Beat","Stream Beat","Stream Beat","No Streams","No Streams","Stream Beat","_","Stream Beat"
1192,1192,0,0,0,0,00000004,fe28ff2d0145020a,03c0,27ce,1,0,3f8c1032,1,0,fdcbfe28ffb6ff2dffaf0145fda5020a,1,1,0,1e5d0a171e5d0a171e5d0a171e5d0a17,1,0,00000000000000000000000000000000,1,0,23c1,0,0,0,23c1,0,0,fe28ff2d0145020a,1,0,40a003c0,0,1,0,fdcbffb6ffaffda5,1,0,"Active","Active","Active","Active","Active","Inactive","Inactive","Active","_","Active","Stream Beat","Stream Beat","Stream Beat","Stream Beat","Stream Beat","No Streams","No Streams","Stream Beat","_","Stream Beat"
1193,1193,0,0,0,0,00000004,fffd01e101afff8d,03c0,2a47,1,0,3f53200f,1,0,0002fffdfee201e1fc9b01affc07ff8d,1,1,0,1e5d0a171e5d0a171e5d0a171e5d0a17,1,0,00000000000000000000000000000000,1,0,23c1,0,0,0,23c1,0,0,fffd01e101afff8d,1,0,40a003c0,0,1,0,0002fee2fc9bfc07,1,0,"Active","Active","Active","Active","Active","Inactive","Inactive","Active","_","Active","Stream Beat","Stream Beat","Stream Beat","Stream Beat","Stream Beat","No Streams","No Streams","Stream Beat","_","Stream Beat"
1194,1194,0,0,0,0,00000004,022000c5fea5fe49,03c0,1d8f,1,0,2f771fdb,1,0,fdd00220fc1d00c5fc9dfea5fec8fe49,1,1,0,1e5d0a171e5d0a171e5d0a171e5d0a17,1,0,00000000000000000000000000000000,1,0,23c1,0,0,0,23c1,0,0,022000c5fea5fe49,1,0,40a003c0,0,1,0,fdd0fc1dfc9dfec8,1,0,"Active","Active","Active","Active","Active","Inactive","Inactive","Active","_","Active","Stream Beat","Stream Beat","Stream Beat","Stream Beat","Stream Beat","No Streams","No Streams","Stream Beat","_","Stream Beat"
1195,1195,0,0,0,0,00000004,ffbcfe37fee7011f,03c0,2360,1,0,3fad200a,1,0,fc31ffbcfda4fe37ff99fee7ffbe011f,1,1,0,1e5d0a171e5d0a171e5d0a171e5d0a17,1,0,00000000000000000000000000000000,1,0,23c1,0,0,0,23c1,0,0,ffbcfe37fee7011f,1,0,40a003c0,0,1,0,fc31fda4ff99ffbe,1,0,"Active","Active","Active","Active","Active","Inactive","Inactive","Active","_","Active","Stream Beat","Stream Beat","Stream Beat","Stream Beat","Stream Beat","No Streams","No Streams","Stream Beat","_","Stream Beat"
1196,1196,0,0,0,0,00000004,fe30fff801d001ba,03c0,2a49,1,0,2f782031,1,0,fe8ffe300004fff8ff0501d0fce001ba,1,1,0,1e5d0a171e5d0a171e5d0a171e5d0a17,1,0,00000000000000000000000000000000,1,0,23c1,0,0,0,23c1,0,0,fe30fff801d001ba,1,0,40a003c0,0,1,0,fe8f0004ff05fce0,1,0,"Active","Active","Active","Active","Active","Inactive","Inactive","Active","_","Active","Stream Beat","Stream Beat","Stream Beat","Stream Beat","Stream Beat","No Streams","No Streams","Stream Beat","_","Stream Beat"
1197,1197,0,0,0,0,00000004,00e9022700f4fec5,03c0,2342,1,0,3f551ffd,1,0,ffd800e9fdf20227fc3600f4fc91fec5,1,1,0,1e5d0a171e5d0a171e5d0a171e5d0a17,1,0,00000000000000000000000000000000,1,0,23c1,0,0,0,23c1,0,0,00e9022700f4fec5,1,0,40a003c0,0,1,0,ffd8fdf2fc36fc91,1,0,"Active","Active","Active","Active","Active","Inactive","Inactive","Active","_","Active","Stream Beat","Stream Beat","Stream Beat","Stream Beat","Stream Beat","No Streams","No Streams","Stream Beat","_","Stream Beat"
1198,1198,0,0,0,0,00000004,01d8ffe4fe38fec5,03c0,1f59,1,0,3f922fdf,1,0,fd0101d8fc0cffe4fd65fe38ff7cfec5,1,1,0,1e5d0a171e5d0a171e5d0a171e5d0a17,1,0,00000000000000000000000000000000,1,0,23c1,0,0,0,23c1,0,0,01d8ffe4fe38fec5,1,0,40a003c0,0,1,0,fd01fc0cfd65ff7c,1,0,"Active","Active","Active","Active","Active","Inactive","Inactive","Active","_","Active","Stream Beat","Stream Beat","Stream Beat","Stream Beat","Stream Beat","No Streams","No Streams","Stream Beat","_","Stream Beat"
1199,1199,0,0,0,0,00000004,fee7fe2effb701c9,03c0,235b,1,0,2fa7201b,1,0,fc5afee7fe72fe2efff8ffb7ff2301c9,1,1,0,1e5d0a171e5d0a171e5d0a171e5d0a17,1,0,00000000000000000000000000000000,1,0,23c1,0,0,0,23c1,0,0,fee7fe2effb701c9,1,0,40a003c0,0,1,0,fc5afe72fff8ff23,1,0,"Active","Active","Active","Active","Active","Inactive","Inactive","Active","_","Active","Stream Beat","Stream Beat","Stream Beat","Stream Beat","Stream Beat","No Streams","No Streams","Stream Beat","_","Stream Beat"
1200,1200,0,0,0,0,00000004,fea700ba022e0121,03c0,233f,1,0,3f69102c,1,0,ff62fea7ffe400bafe20022efc230121,1,1,0,1e5d0a171e5d0a171e5d0a171e5d0a17,1,0,00000000000000000000000000000000,1,0,23c1,0,0,0,23c1,0,0,fea700ba022e0121,1,0,40e803f8,1,1,0,ff62ffe4fe20fc23,1,0,"Active","Active","Active","Active","Active","Inactive","Inactive","Active","Active","Active","Stream Beat","Stream Beat","Stream Beat","Stream Beat","Stream Beat","No Streams","No Streams","Stream Beat","Stream Beat","Stream Beat"
1201,1201,0,0,0,0,00000004,01a001f3000efe49,03f8,234a,1,0,3f5e2feb,1,0,ff4b01a0fd2701f3fbf8000efd37fe49,1,1,0,1e5d0a171e5d0a171e5d0a171e5d0a17,1,0,00000000000000000000000000000000,1,0,23c1,0,0,0,23c1,0,0,01a001f3000efe49,1,0,40e803f8,0,1,0,ff4bfd27fbf8fd37,1,0,"Active","Active","Active","Active","Active","Inactive","Inactive","Active","_","Active","Stream Beat","Stream Beat","Stream Beat","Stream Beat","Stream Beat","No Streams","No Streams","Stream Beat","_","Stream Beat"
1202,1202,0,0,0,0,00000004,013bff0bfe1cff98,03f8,1d9a,1,0,3f9e2fe9,1,0,fc56013bfc2cff0bfe3ffe1cfff0ff98,1,1,0,1e5d0a171e5d0a171e5d0a171e5d0a17,1,0,00000000000000000000000000000000,1,0,23c1,0,0,0,23c1,0,0,013bff0bfe1cff98,1,0,40e803f8,0,1,0,fc56fc2cfe3ffff0,1,0,"Active","Active","Active","Active","Active","Inactive","Inactive","Active","_","Active","Stream Beat","Stream Beat","Stream Beat","Stream Beat","Stream Beat","No Streams","No Streams","Stream Beat","_","Stream Beat"
1203,1203,0,0,0,0,00000004,fe5ffe9700980208,03f8,2352,1,0,3f98102b,1,0,fd16fe5fff46fe97ffee0098fe6c0208,1,1,0,1e5d0a171e5d0a171e5d0a171e5d0a17,1,0,00000000000000000000000000000000,1,0,23c1,0,0,0,23c1,0,0,fe5ffe9700980208,1,0,40e803f8,0,1,0,fd16ff46ffeefe6c,1,0,"Active","Active","Active","Active","Active","Inactive","Inactive","Active","_","Active","Stream Beat","Stream Beat","Stream Beat","Stream Beat","Stream Beat","No Streams","No Streams","Stream Beat","_","Stream Beat"
1204,1204,0,0,0,0,00000004,ff4d017401fa0040,03f8,2a46,1,0,3f5a101e,1,0,ffdbff4dff750174fd5501fafc010040,1,1,0,1e5d0a171e5d0a171e5d0a171e5d0a17,1,0,00000000000000000000000000000000,1,0,23c1,0,0,0,23c1,0,0,ff4d017401fa0040,1,0,40e803f8,0,1,0,ffdbff75fd55fc01,1,0,"Active","Active","Active","Active","Active","Inactive","Inactive","Active","_","Active","Stream Beat","Stream Beat","Stream Beat","Stream Beat","Stream Beat","No Streams","No Streams","Stream Beat","_","Stream Beat"
1205,1205,0,0,0,0,00000004,021e0172ff36fe12,03f8,2354,1,0,3f6b2fdf,1,0,fe72021efc620172fc45ff36fe04fe12,1,1,0,1e5d0a171e5d0a171e5d0a171e5d0a17,1,0,00000000000000000000000000000000,1,0,23c1,0,0,0,23c1,0,0,021e0172ff36fe12,1,0,40e803f8,0,1,0,fe72fc62fc45fe04,1,0,"Active","Active","Active","Active","Active","Inactive","Inactive","Active","_","Active","Stream Beat","Stream Beat","Stream Beat","Stream Beat","Stream Beat","No Streams","No Streams","Stream Beat","_","Stream Beat"
1206,1206,0,0,0,0,00000004,0071fe77fe8a0074,03f8,1d9c,1,0,3fab1ff9,1,0,fc060071fcfcfe77ff20fe8a00010074,1,1,0,1e5d0a171e5d0a171e5d0a171e5d0a17,1,0,00000000000000000000000000000000,1,0,23c1,0,0,0,23c1,0,0,0071fe77fe8a0074,1,0,40e803f8,0,1,0,fc06fcfcff200001,1,0,"Active","Active","Active","Active","Active","Inactive","Inactive","Active","_","Active","Stream Beat","Stream Beat","Stream Beat","Stream Beat","Stream Beat","No Streams","No Streams","Stream Beat","_","Stream Beat"
1207,1207,0,0,0,0,00000004,fe1cff270183021a,03f8,2a4e,1,0,3f8a102f,1,0,fde9fe1cffc3ff27ff850183fd68021a,1,1,0,1e5d0a171e5d0a171e5d0a171e5d0a17,1,0,00000000000000000000000000000000,1,0,23c1,0,0,0,23c1,0,0,fe1cff270183021a,1,0,40e803f8,0,1,0,fde9ffc3ff85fd68,1,0,"Active","Active","Active","Active","Active","Inactive","Inactive","Active","_","Active","Stream Beat","Stream Beat","Stream Beat","Stream Beat","Stream Beat","No Streams","No Streams","Stream Beat","_","Stream Beat"
1208,1208,0,0,0,0,00000004,004b02180182ff68,03f8,2a48,1,0,3f51200d,1,0,0000004bfea20218fc970182fc3bff68,1,1,0,1e5d0a171e5d0a171e5d0a171e5d0a17,1,0,00000000000000000000000000000000,1,0,23c1,0,0,0,23c1,0,0,004b02180182ff68,1,0,40e803f8,0,1,0,0000fea2fc97fc3b,1,0,"Active","Active","Active","Active","Active","Inactive","Inactive","Active","_","Active","Stream Beat","Stream Beat","Stream Beat","Stream Beat","Stream Beat","No Streams","No Streams","Stream Beat","_","Stream Beat"
1209,1209,0,0,0,0,00000004,0208009cfe8ffe71,03f8,1d92,1,0,2f821fde,1,0,fdbb0208fbfd009cfccbfe8fff00fe71,1,1,0,1e5d0a171e5d0a171e5d0a171e5d0a17,1,0,00000000000000000000000000000000,1,0,23c1,0,0,0,23c1,0,0,0208009cfe8ffe71,1,0,40e803f8,0,1,0,fdbbfbfdfccbff00,1,0,"Active","Active","Active","Active","Active","Inactive","Inactive","Active","_","Active","Stream Beat","Stream Beat","Stream Beat","Stream Beat","Stream Beat","No Streams","No Streams","Stream Beat","_","Stream Beat"
1210,1210,0,0,0,0,00000004,ff89fe18ff000137,03f8,2360,1,0,3fa9200e,1,0,fc06ff89fda9fe18ffb3ff00ffa70137,1,1,0,1e5d0a171e5d0a171e5d0a171e5d0a17,1,0,00000000000000000000000000000000,1,0,23c1,0,0,0,23c1,0,0,ff89fe18ff000137,1,0,40e803f8,0,1,0,fc06fda9ffb3ffa7,1,0,"Active","Active","Active","Active","Active","Inactive","Inactive","Active","_","Active","Stream Beat","Stream Beat","Stream Beat","Stream Beat","Stream Beat","No Streams","No Streams","Stream Beat","_","Stream Beat"
1211,1211,0,0,0,0,00000004,fe4c000a01f901a9,03f8,2a47,1,0,2f771034,1,0,feccfe4c0000000afed401f9fcb101a9,1,1,0,1e5d0a171e5d0a171e5d0a171e5d0a17,1,0,00000000000000000000000000000000,1,0,23c1,0,0,0,23c1,0,0,fe4c000a01f901a9,1,0,40e803f8,0,1,0,fecc0000fed4fcb1,1,0,"Active","Active","Active","Active","Active","Inactive","Inactive","Active","_","Active","Stream Beat","Stream Beat","Stream Beat","Stream Beat","Stream Beat","No Streams","No Streams","Stream Beat","_","Stream Beat"
1212,1212,0,0,0,0,00000004,010a022c00c3fea6,03f8,2345,1,0,3f581ffa,1,0,ffbb010afdcf022cfc1300c3fc92fea6,1,1,0,1e5d0a171e5d0a171e5d0a171e5d0a17,1,0,00000000000000000000000000000000,1,0,23c1,0,0,0,23c1,0,0,010a022c00c3fea6,1,0,40e803f8,0,1,0,ffbbfdcffc13fc92,1,0,"Active","Active","Active","Active","Active","Inactive","Inactive","Active","_","Active","Stream Beat","Stream Beat","Stream Beat","Stream Beat","Stream Beat","No Streams","No Streams","Stream Beat","_","Stream Beat"
1213,1213,0,0,0,0,00000004,01c5ffb2fe22fed5,03f8,1f59,1,0,3f902fdd,1,0,fcde01c5fc10ffb2fd75fe22ff9cfed5,1,1,0,1e5d0a171e5d0a171e5d0a171e5d0a17,1,0,00000000000000000000000000000000,1,0,23c1,0,0,0,23c1,0,0,01c5ffb2fe22fed5,1,0,40e803f8,0,1,0,fcdefc10fd75ff9c,1,0,"Active","Active","Active","Active","Active","Inactive","Inactive","Active","_","Active","Stream Beat","Stream Beat","Stream Beat","Stream Beat","Stream Beat","No Streams","No Streams","Stream Beat","_","Stream Beat"
1214,1214,0,0,0,0,00000004,fec6fe57fffa01e8,03f8,2359,1,0,2fa5101f,1,0,fc7ffec6feb2fe570004fffafef601e8,1,1,0,1e5d0a171e5d0a171e5d0a171e5d0a17,1,0,00000000000000000000000000000000,1,0,23c1,0,0,0,23c1,0,0,fec6fe57fffa01e8,1,0,40e803f8,0,1,0,fc7ffeb20004fef6,1,0,"Active","Active","Active","Active","Active","Inactive","Inactive","Active","_","Active","Stream Beat","Stream Beat","Stream Beat","Stream Beat","Stream Beat","No Streams","No Streams","Stream Beat","_","Stream Beat"
1215,1215,0,0,0,0,00000004,fec400f2022200f2,03f8,1f32,1,0,3f621029,1,0,ff7bfec4ffd600f2fdfc0222fc3100f2,1,1,0,1e5d0a171e5d0a171e5d0a171e5d0a17,1,0,00000000000000000000000000000000,1,0,23c1,0,0,0,23c1,0,0,fec400f2022200f2,1,0,40e803f8,0,1,0,ff7bffd6fdfcfc31,1,0,"Active","Active","Active","Active","Active","Inactive","Inactive","Active","_","Active","Stream Beat","Stream Beat","Stream Beat","Stream Beat","Stream Beat","No Streams","No Streams","Stream Beat","_","Stream Beat"
1216,1216,0,0,0,0,00000004,01b901e3ffe6fe2d,03f8,234c,1,0,3f5f2fe6,1,0,ff2e01b9fcee01e3fbf9ffe6fd55fe2d,1,1,0,1e5d0a171e5d0a171e5d0a171e5d0a17,1,0,00000000000000000000000000000000,1,0,23c1,0,0,0,23c1,0,0,01b901e3ffe6fe2d,1,0,40e803f8,0,1,0,ff2efceefbf9fd55,1,0,"Active","Active","Active","Active","Active","Inactive","Inactive","Active","_","Active","Stream Beat","Stream Beat","Stream Beat","Stream Beat","Stream Beat","No Streams","No Streams","Stream Beat","_","Stream Beat"
1217,1217,0,0,0,0,00000004,0116fef8fe20ffac,03f8,1d9c,1,0,2fa22fef,1,0,fc350116fc73fef8fe6dfe20fff2ffac,1,1,0,1e5d0a171e5d0a171e5d0a171e5d0a17,1,0,00000000000000000000000000000000,1,0,23c1,0,0,0,23c1,0,0,0116fef8fe20ffac,1,0,40e803f8,0,1,0,fc35fc73fe6dfff2,1,0,"Active","Active","Active","Active","Active","Inactive","Inactive","Active","_","Active","Stream Beat","Stream Beat","Stream Beat","Stream Beat","Stream Beat","No Streams","No Streams","Stream Beat","_","Stream Beat"
1218,1218,0,0,0,0,00000004,fe4ffe9e00c2021d,03f8,1f4a,1,0,3f97102c,1,0,fd43fe4fff5dfe9effe000c2fe38021d,1,1,0,1e5d0a171e5d0a171e5d0a171e5d0a17,1,0,00000000000000000000000000000000,1,0,23c1,0,0,0,23c1,0,0,fe4ffe9e00c2021d,1,0,40e803f8,0,1,0,fd43ff5dffe0fe38,1,0,"Active","Active","Active","Active","Active","Inactive","Inactive","Active","_","Active","Stream Beat","Stream Beat","Stream Beat","Stream Beat","Stream Beat","No Streams","No Streams","Stream Beat","_","Stream Beat"
1219,1219,0,0,0,0,00000004,ff85019501fc0015,03f8,2a46,1,0,3f56201a,1,0,ffe6ff85ff580195fd0f01fcfbf60015,1,1,0,1e5d0a171e5d0a171e5d0a171e5d0a17,1,0,00000000000000000000000000000000,1,0,23c1,0,0,0,23c1,0,0,ff85019501fc0015,1,0,40e803f8,0,1,0,ffe6ff58fd0ffbf6,1,0,"Active","Active","Active","Active","Active","Inactive","Inactive","Active","_","Active","Stream Beat","Stream Beat","Stream Beat","Stream Beat","Stream Beat","No Streams","No Streams","Stream Beat","_","Stream Beat"
1220,1220,0,0,0,0,00000004,022b0143ff12fe25,03f8,1d8b,1,0,3f702fdd,1,0,fe57022bfc380143fc2cff12fe4dfe25,1,1,0,1e5d0a171e5d0a171e5d0a171e5d0a17,1,0,00000000000000000000000000000000,1,0,23c1,0,0,0,23c1,0,0,022b0143ff12fe25,1,0,40e803f8,0,1,0,fe57fc38fc2cfe4d,1,0,"Active","Active","Active","Active","Active","Inactive","Inactive","Active","_","Active","Stream Beat","Stream Beat","Stream Beat","Stream Beat","Stream Beat","No Streams","No Streams","Stream Beat","_","Stream Beat"
1221,1221,0,0,0,0,00000004,003dfe63fe9600a2,03f8,1d9b,1,0,3fab1ffc,1,0,fc15003dfd15fe63ff49fe96ffea00a2,1,1,0,1e5d0a171e5d0a171e5d0a171e5d0a17,1,0,00000000000000000000000000000000,1,0,23c1,0,0,0,23c1,0,0,003dfe63fe9600a2,1,0,40e803f8,0,1,0,fc15fd15ff49ffea,1,0,"Active","Active","Active","Active","Active","Inactive","Inactive","Active","_","Active","Stream Beat","Stream Beat","Stream Beat","Stream Beat","Stream Beat","No Streams","No Streams","Stream Beat","_","Stream Beat"
1222,1222,0,0,0,0,00000004,fdffff5e017d01e2,03f8,2a4c,1,0,3f841032,1,0,fdf1fdffffdfff5eff71017dfd7c01e2,1,1,0,1e5d0a171e5d0a171e5d0a171e5d0a17,1,0,00000000000000000000000000000000,1,0,23c1,0,0,0,23c1,0,0,fdffff5e017d01e2,1,0,40e803f8,0,1,0,fdf1ffdfff71fd7c,1,0,"Active","Active","Active","Active","Active","Inactive","Inactive","Active","_","Active","Stream Beat","Stream Beat","Stream Beat","Stream Beat","Stream Beat","No Streams","No Streams","Stream Beat","_","Stream Beat"
1223,1223,0,0,0,0,00000004,006f02230170ff31,03f8,2a4a,1,0,3f50200a,1,0,fffc006ffe740223fc640170fc1fff31,1,1,0,1e5d0a171e5d0a171e5d0a171e5d0a17,1,0,00000000000000000000000000000000,1,0,23c1,0,0,0,23c1,0,0,006f02230170ff31,1,0,40e803f8,0,1,0,fffcfe74fc64fc1f,1,0,"Active","Active","Active","Active","Active","Inactive","Inactive","Active","_","Active","Stream Beat","Stream Beat","Stream Beat","Stream Beat","Stream Beat","No Streams","No Streams","Stream Beat","_","Stream Beat"
1224,1224,0,0,0,0,00000004,01fe0069fe7bfe78,03f8,1d92,1,0,3f851fdd,1,0,fd9801fefc1b0069fcf3fe7bff1cfe78,1,1,0,1e5d0a171e5d0a171e5d0a171e5d0a17,1,0,00000000000000000000000000000000,1,0,23c1,0,0,0,23c1,0,0,01fe0069fe7bfe78,1,0,40e803f8,0,1,0,fd98fc1bfcf3ff1c,1,0,"Active","Active","Active","Active","Active","Inactive","Inactive","Active","_","Active","Stream Beat","Stream Beat","Stream Beat","Stream Beat","Stream Beat","No Streams","No Streams","Stream Beat","_","Stream Beat"
1225,1225,0,0,0,0,00000004,ff60fe19ff420167,03f8,235f,1,0,3fab200b,1,0,fc26ff60fddbfe19ffd2ff42ff870167,1,1,0,1e5d0a171e5d0a171e5d0a171e5d0a17,1,0,00000000000000000000000000000000,1,0,23c1,0,0,0,23c1,0,0,ff60fe19ff420167,1,0,40e803f8,0,1,0,fc26fddbffd2ff87,1,0,"Active","Active","Active","Active","Active","Inactive","Inactive","Active","_","Active","Stream Beat","Stream Beat","Stream Beat","Stream Beat","Stream Beat","No Streams","No Streams","Stream Beat","_","Stream Beat"
1226,1226,0,0,0,0,00000004,fe4c004301f3018f,03f8,2a48,1,0,3f6f1033,1,0,fee7fe4c00010043feb801f3fc89018f,1,1,0,1e5d0a171e5d0a171e5d0a171e5d0a17,1,0,00000000000000000000000000000000,1,0,23c1,0,0,0,23c1,0,0,fe4c004301f3018f,1,0,40e803f8,0,1,0,fee70001feb8fc89,1,0,"Active","Active","Active","Active","Active","Inactive","Inactive","Active","_","Active","Stream Beat","Stream Beat","Stream Beat","Stream Beat","Stream Beat","No Streams","No Streams","Stream Beat","_","Stream Beat"
1227,1227,0,0,0,0,00000004,012e02160096fe8f,03f8,2345,1,0,3f5c1ff5,1,0,ffa8012efdb10216fc1a0096fcc3fe8f,1,1,0,1e5d0a171e5d0a171e5d0a171e5d0a17,1,0,00000000000000000000000000000000,1,0,23c1,0,0,0,23c1,0,0,012e02160096fe8f,1,0,40e803f8,0,1,0,ffa8fdb1fc1afcc3,1,0,"Active","Active","Active","Active","Active","Inactive","Inactive","Active","_","Active","Stream Beat","Stream Beat","Stream Beat","Stream Beat","Stream Beat","No Streams","No Streams","Stream Beat","_","Stream Beat"
1228,1228,0,0,0,0,00000004,019dff8bfe27ff18,03f8,1f5b,1,0,3f952fe2,1,0,fccd019dfc0eff8bfdb8fe27ffbcff18,1,1,0,1e5d0a171e5d0a171e5d0a171e5d0a17,1,0,00000000000000000000000000000000,1,0,23c1,0,0,0,23c1,0,0,019dff8bfe27ff18,1,0,40e803f8,0,1,0,fccdfc0efdb8ffbc,1,0,"Active","Active","Active","Active","Active","Inactive","Inactive","Active","_","Active","Stream Beat","Stream Beat","Stream Beat","Stream Beat","Stream Beat","No Streams","No Streams","Stream Beat","_","Stream Beat"
1229,1229,0,0,0,0,00000004,fea6fe58002901e0,03f8,2356,1,0,2fa21021,1,0,fca1fea6fecefe5800050029fee201e0,1,1,0,1e5d0a171e5d0a171e5d0a171e5d0a17,1,0,00000000000000000000000000000000,1,0,23c1,0,0,0,23c1,0,0,fea6fe58002901e0,1,0,40e803f8,0,1,0,fca1fece0005fee2,1,0,"Active","Active","Active","Active","Active","Inactive","Inactive","Active","_","Active","Stream Beat","Stream Beat","Stream Beat","Stream Beat","Stream Beat","No Streams","No Streams","Stream Beat","_","Stream Beat"
1230,1230,0,0,0,0,00000004,fef1013c021b00ca,03f8,27bc,1,0,3f631026,1,0,ff9bfef1ffbb013cfdd4021bfc2000ca,1,1,0,1e5d0a171e5d0a171e5d0a171e5d0a17,1,0,00000000000000000000000000000000,1,0,23c1,0,0,0,23c1,0,0,fef1013c021b00ca,1,0,40e803f8,0,1,0,ff9bffbbfdd4fc20,1,0,"Active","Active","Active","Active","Active","Inactive","Inactive","Active","_","Active","Stream Beat","Stream Beat","Stream Beat","Stream Beat","Stream Beat","No Streams","No Streams","Stream Beat","_","Stream Beat"
1231,1231,0,0,0,0,00000004,01d401c6ffb9fe1f,03f8,234e,1,0,3f642fe6,1,0,ff0501d4fcd501c6fc01ffb9fd7cfe1f,1,1,0,1e5d0a171e5d0a171e5d0a171e5d0a17,1,0,00000000000000000000000000000000,1,0,23c1,0,0,0,23c1,0,0,01d401c6ffb9fe1f,1,0,40e803f8,0,1,0,ff05fcd5fc01fd7c,1,0,"Active","Active","Active","Active","Active","Inactive","Inactive","Active","_","Active","Stream Beat","Stream Beat","Stream Beat","Stream Beat","Stream Beat","No Streams","No Streams","Stream Beat","_","Stream Beat"
1232,1232,0,0,0,0,00000004,00fcfec3fe25ffbb,03f8,1d9c,1,0,2fa51ff0,1,0,fbfc00fcfc66fec3fe8dfe25fffcffbb,1,1,0,1e5d0a171e5d0a171e5d0a171e5d0a17,1,0,00000000000000000000000000000000,1,0,23c1,0,0,0,23c1,0,0,00fcfec3fe25ffbb,1,0,40e803f8,0,1,0,fbfcfc66fe8dfffc,1,0,"Active","Active","Active","Active","Active","Inactive","Inactive","Active","_","Active","Stream Beat","Stream Beat","Stream Beat","Stream Beat","Stream Beat","No Streams","No Streams","Stream Beat","_","Stream Beat"
1233,1233,0,0,0,0,00000004,fe30fec600fe022f,03f8,27d2,1,0,3f941031,1,0,fd52fe30ff7ffec6ffd000fefdf7022f,1,1,0,1e5d0a171e5d0a171e5d0a171e5d0a17,1,0,00000000000000000000000000000000,1,0,23c1,0,0,0,23c1,0,0,fe30fec600fe022f,1,0,40e803f8,0,1,0,fd52ff7fffd0fdf7,1,0,"Active","Active","Active","Active","Active","Inactive","Inactive","Active","_","Active","Stream Beat","Stream Beat","Stream Beat","Stream Beat","Stream Beat","No Streams","No Streams","Stream Beat","_","Stream Beat"
1234,1234,0,0,0,0,00000004,ffa601ba01e3ffe6,03f8,2a46,1,0,3f552017,1,0,fff7ffa6ff2a01bafcf701e3fc03ffe6,1,1,0,1e5d0a171e5d0a171e5d0a171e5d0a17,1,0,00000000000000000000000000000000,1,0,23c1,0,0,0,23c1,0,0,ffa601ba01e3ffe6,1,0,40e803f8,0,1,0,fff7ff2afcf7fc03,1,0,"Active","Active","Active","Active","Active","Inactive","Inactive","Active","_","Active","Stream Beat","Stream Beat","Stream Beat","Stream Beat","Stream Beat","No Streams","No Streams","Stream Beat","_","Stream Beat"
1235,1235,0,0,0,0,00000004,02250120feeafe23,03f8,1d8d,1,0,3f6e2fd9,1,0,fe270225fc390120fc62feeafe64fe23,1,1,0,1e5d0a171e5d0a171e5d0a171e5d0a17,1,0,00000000000000000000000000000000,1,0,23c1,0,0,0,23c1,0,0,02250120feeafe23,1,0,40e803f8,0,1,0,fe27fc39fc62fe64,1,0,"Active","Active","Active","Active","Active","Inactive","Inactive","Active","_","Active","Stream Beat","Stream Beat","Stream Beat","Stream Beat","Stream Beat","No Streams","No Streams","Stream Beat","_","Stream Beat"
1236,1236,0,0,0,0,00000004,0015fe40feac00db,03f8,1907,1,0,3fa92002,1,0,fbf00015fd2afe40ff5ffeacffe500db,1,1,0,1e5d0a171e5d0a171e5d0a171e5d0a17,1,0,00000000000000000000000000000000,1,0,23c1,0,0,0,23c1,0,0,0015fe40feac00db,1,0,40e803f8,0,1,0,fbf0fd2aff5fffe5,1,0,"Active","Active","Active","Active","Active","Inactive","Inactive","Active","_","Active","Stream Beat","Stream Beat","Stream Beat","Stream Beat","Stream Beat","No Streams","No Streams","Stream Beat","_","Stream Beat"
1237,1237,0,0,0,0,00000004,fe22ff9301a101f0,03f8,2a4b,1,0,3f812032,1,0,fe3efe22fff0ff93ff4c01a1fd2c01f0,1,1,0,1e5d0a171e5d0a171e5d0a171e5d0a17,1,0,00000000000000000000000000000000,1,0,23c1,0,0,0,23c1,0,0,fe22ff9301a101f0,1,0,40e803f8,0,1,0,fe3efff0ff4cfd2c,1,0,"Active","Active","Active","Active","Active","Inactive","Inactive","Active","_","Active","Stream Beat","Stream Beat","Stream Beat","Stream Beat","Stream Beat","No Streams","No Streams","Stream Beat","_","Stream Beat"
1238,1238,0,0,0,0,00000004,009b02270140ff14,03f8,2341,1,0,3f522005,1,0,fff2009bfe510227fc610140fc52ff14,1,1,0,1e5d0a171e5d0a171e5d0a171e5d0a17,1,0,00000000000000000000000000000000,1,0,23c1,0,0,0,23c1,0,0,009b02270140ff14,1,0,40e803f8,0,1,0,fff2fe51fc61fc52,1,0,"Active","Active","Active","Active","Active","Inactive","Inactive","Active","_","Active","Stream Beat","Stream Beat","Stream Beat","Stream Beat","Stream Beat","No Streams","No Streams","Stream Beat","_","Stream Beat"
1239,1239,0,0,0,0,00000004,01fb0046fe53fe9f,03f8,1d94,1,0,3f851fdd,1,0,fd4f01fbfc100046fd01fe53ff46fe9f,1,1,0,1e5d0a171e5d0a171e5d0a171e5d0a17,1,0,00000000000000000000000000000000,1,0,23c1,0,0,0,23c1,0,0,01fb0046fe53fe9f,1,0,40e803f8,0,1,0,fd4ffc10fd01ff46,1,0,"Active","Active","Active","Active","Active","Inactive","Inactive","Active","_","Active","Stream Beat","Stream Beat","Stream Beat","Stream Beat","Stream Beat","No Streams","No Streams","Stream Beat","_","Stream Beat"
1240,1240,0,0,0,0,00000004,ff46fe02ff70019c,03f8,235e,1,0,3faa2014,1,0,fc23ff46fe09fe02ffd4ff70ff71019c,1,1,0,1e5d0a171e5d0a171e5d0a171e5d0a17,1,0,00000000000000000000000000000000,1,0,23c1,0,0,0,23c1,0,0,ff46fe02ff70019c,1,0,40e803f8,0,1,0,fc23fe09ffd4ff71,1,0,"Active","Active","Active","Active","Active","Inactive","Inactive","Active","_","Active","Stream Beat","Stream Beat","Stream Beat","Stream Beat","Stream Beat","No Streams","No Streams","Stream Beat","_","Stream Beat"
1241,1241,0,0,0,0,00000004,fe4f0066020d0161,03f8,2a46,1,0,3f6f1031,1,0,ff0bfe4ffff10066fe98020dfc600161,1,1,0,1e5d0a171e5d0a171e5d0a171e5d0a17,1,0,00000000000000000000000000000000,1,0,23c1,0,0,0,23c1,0,0,fe4f0066020d0161,1,0,40e803f8,0,1,0,ff0bfff1fe98fc60,1,0,"Active","Active","Active","Active","Active","Inactive","Inactive","Active","_","Active","Stream Beat","Stream Beat","Stream Beat","Stream Beat","Stream Beat","No Streams","No Streams","Stream Beat","_","Stream Beat"
1242,1242,0,0,0,0,00000004,01650207006efe79,03f8,2346,1,0,3f5a1ff3,1,0,ff8d0165fd890207fbfe006efce6fe79,1,1,0,1e5d0a171e5d0a171e5d0a171e5d0a17,1,0,00000000000000000000000000000000,1,0,23c1,0,0,0,23c1,0,0,01650207006efe79,1,0,40e803f8,0,1,0,ff8dfd89fbfefce6,1,0,"Active","Active","Active","Active","Active","Inactive","Inactive","Active","_","Active","Stream Beat","Stream Beat","Stream Beat","Stream Beat","Stream Beat","No Streams","No Streams","Stream Beat","_","Stream Beat"
1243,1243,0,0,0,0,00000004,0179ff6bfe1cff2c,03f8,2363,1,0,3f972fe5,1,0,fca90179fc2bff6bfde8fe1cffc4ff2c,1,1,0,1e5d0a171e5d0a171e5d0a171e5d0a17,1,0,00000000000000000000000000000000,1,0,23c1,0,0,0,23c1,0,0,0179ff6bfe1cff2c,1,0,40e803f8,0,1,0,fca9fc2bfde8ffc4,1,0,"Active","Active","Active","Active","Active","Inactive","Inactive","Active","_","Active","Stream Beat","Stream Beat","Stream Beat","Stream Beat","Stream Beat","No Streams","No Streams","Stream Beat","_","Stream Beat"
1244,1244,0,0,0,0,00000004,fe87fe58005c01e4,03f8,2358,1,0,3f9f1022,1,0,fcadfe87fef0fe58fffd005cfecb01e4,1,1,0,1e5d0a171e5d0a171e5d0a171e5d0a17,1,0,00000000000000000000000000000000,1,0,23c1,0,0,0,23c1,0,0,fe87fe58005c01e4,1,0,40e803f8,0,1,0,fcadfef0fffdfecb,1,0,"Active","Active","Active","Active","Active","Inactive","Inactive","Active","_","Active","Stream Beat","Stream Beat","Stream Beat","Stream Beat","Stream Beat","No Streams","No Streams","Stream Beat","_","Stream Beat"
1245,1245,0,0,0,0,00000004,ff06013c02250098,03f8,2a43,1,0,3f5f1025,1,0,ffb6ff06ffa4013cfda10225fc1c0098,1,1,0,1e5d0a171e5d0a171e5d0a171e5d0a17,1,0,00000000000000000000000000000000,1,0,23c1,0,0,0,23c1,0,0,ff06013c02250098,1,0,40e803f8,0,1,0,ffb6ffa4fda1fc1c,1,0,"Active","Active","Active","Active","Active","Inactive","Inactive","Active","_","Active","Stream Beat","Stream Beat","Stream Beat","Stream Beat","Stream Beat","No Streams","No Streams","Stream Beat","_","Stream Beat"
1246,1246,0,0,0,0,00000004,01e101aaff8dfe2f,03f8,2351,1,0,3f682fe2,1,0,fede01e1fcbb01aafc27ff8dfdbefe2f,1,1,0,1e5d0a171e5d0a171e5d0a171e5d0a17,1,0,00000000000000000000000000000000,1,0,23c1,0,0,0,23c1,0,0,01e101aaff8dfe2f,1,0,40e803f8,0,1,0,fedefcbbfc27fdbe,1,0,"Active","Active","Active","Active","Active","Inactive","Inactive","Active","_","Active","Stream Beat","Stream Beat","Stream Beat","Stream Beat","Stream Beat","No Streams","No Streams","Stream Beat","_","Stream Beat"
1247,1247,0,0,0,0,00000004,00d3fe95fe380017,03f8,1d9c,1,0,3fa61ff1,1,0,fc0d00d3fc7bfe95feb0fe3800090017,1,1,0,1e5d0a171e5d0a171e5d0a171e5d0a17,1,0,00000000000000000000000000000000,1,0,23c1,0,0,0,23c1,0,0,00d3fe95fe380017,1,0,40e803f8,0,1,0,fc0dfc7bfeb00009,1,0,"Active","Active","Active","Active","Active","Inactive","Inactive","Active","_","Active","Stream Beat","Stream Beat","Stream Beat","Stream Beat","Stream Beat","No Streams","No Streams","Stream Beat","_","Stream Beat"
1248,1248,0,0,0,0,00000004,fe38fed4011e0211,03f8,27d0,1,0,3f91102f,1,0,fd97fe38ff92fed4ffc1011efdde0211,1,1,0,1e5d0a171e5d0a171e5d0a171e5d0a17,1,0,00000000000000000000000000000000,1,0,23c1,0,0,0,23c1,0,0,fe38fed4011e0211,1,0,40e803f8,0,1,0,fd97ff92ffc1fdde,1,0,"Active","Active","Active","Active","Active","Inactive","Inactive","Active","_","Active","Stream Beat","Stream Beat","Stream Beat","Stream Beat","Stream Beat","No Streams","No Streams","Stream Beat","_","Stream Beat"
1249,1249,0,0,0,0,00000004,ffc701e101cdffba,03f8,2a48,1,0,3f572014,1,0,fffbffc7feff01e1fccf01cdfc1affba,1,1,0,1e5d0a171e5d0a171e5d0a171e5d0a17,1,0,00000000000000000000000000000000,1,0,23c1,0,0,0,23c1,0,0,ffc701e101cdffba,1,0,40e803f8,0,1,0,fffbfefffccffc1a,1,0,"Active","Active","Active","Active","Active","Inactive","Inactive","Active","_","Active","Stream Beat","Stream Beat","Stream Beat","Stream Beat","Stream Beat","No Streams","No Streams","Stream Beat","_","Stream Beat"
1250,1250,0,0,0,0,00000004,023500fafecffe38,03f8,1d8e,1,0,2f741fdb,1,0,fdf00235fc0b00fafc80fecffe9dfe38,1,1,0,1e5d0a171e5d0a171e5d0a171e5d0a17,1,0,00000000000000000000000000000000,1,0,23c1,0,0,0,23c1,0,0,023500fafecffe38,1,0,40e803f8,0,1,0,fdf0fc0bfc80fe9d,1,0,"Active","Active","Active","Active","Active","Inactive","Inactive","Active","_","Active","Stream Beat","Stream Beat","Stream Beat","Stream Beat","Stream Beat","No Streams","No Streams","Stream Beat","_","Stream Beat"
1251,1251,0,0,0,0,00000004,fff3fe2efed600df,03f8,1f5e,1,0,3fac2003,1,0,fc27fff3fd5efe2eff7dfed6ffdb00df,1,1,0,1e5d0a171e5d0a171e5d0a171e5d0a17,1,0,00000000000000000000000000000000,1,0,23c1,0,0,0,23c1,0,0,fff3fe2efed600df,1,0,40e803f8,0,1,0,fc27fd5eff7dffdb,1,0,"Active","Active","Active","Active","Active","Inactive","Inactive","Active","_","Active","Stream Beat","Stream Beat","Stream Beat","Stream Beat","Stream Beat","No Streams","No Streams","Stream Beat","_","Stream Beat"
1252,1252,0,0,0,0,00000004,fe2effba01b101cc,03f8,2a48,1,0,3f7e2032,1,0,fe75fe2efff2ffbaff3a01b1fd0c01cc,1,1,0,1e5d0a171e5d0a171e5d0a171e5d0a17,1,0,00000000000000000000000000000000,1,0,23c1,0,0,0,23c1,0,0,fe2effba01b101cc,1,0,40e803f8,0,1,0,fe75fff2ff3afd0c,1,0,"Active","Active","Active","Active","Active","Inactive","Inactive","Active","_","Active","Stream Beat","Stream Beat","Stream Beat","Stream Beat","Stream Beat","No Streams","No Streams","Stream Beat","_","Stream Beat"
1253,1253,0,0,0,0,00000004,00c6021a011afeeb,03f8,2342,1,0,3f512003,1,0,ffe300c6fe38021afc40011afc4bfeeb,1,1,0,1e5d0a171e5d0a171e5d0a171e5d0a17,1,0,00000000000000000000000000000000,1,0,23c1,0,0,0,23c1,0,0,00c6021a011afeeb,1,0,40e803f8,0,1,0,ffe3fe38fc40fc4b,1,0,"Active","Active","Active","Active","Active","Inactive","Inactive","Active","_","Active","Stream Beat","Stream Beat","Stream Beat","Stream Beat","Stream Beat","No Streams","No Streams","Stream Beat","_","Stream Beat"
1254,1254,0,0,0,0,00000004,01e80016fe47fead,03f8,1d95,1,0,3f8d2fdd,1,0,fd3601e8fc110016fd2ffe47ff62fead,1,1,0,1e5d0a171e5d0a171e5d0a171e5d0a17,1,0,00000000000000000000000000000000,1,0,23c1,0,0,0,23c1,0,0,01e80016fe47fead,1,0,40e803f8,0,1,0,fd36fc11fd2fff62,1,0,"Active","Active","Active","Active","Active","Inactive","Inactive","Active","_","Active","Stream Beat","Stream Beat","Stream Beat","Stream Beat","Stream Beat","No Streams","No Streams","Stream Beat","_","Stream Beat"
1255,1255,0,0,0,0,00000004,ff17fe12ff99019e,03f8,235b,1,0,3faa2016,1,0,fc42ff17fe33fe12ffedff99ff52019e,1,1,0,1e5d0a171e5d0a171e5d0a171e5d0a17,1,0,00000000000000000000000000000000,1,0,23c1,0,0,0,23c1,0,0,ff17fe12ff99019e,1,0,40e803f8,0,1,0,fc42fe33ffedff52,1,0,"Active","Active","Active","Active","Active","Inactive","Inactive","Active","_","Active","Stream Beat","Stream Beat","Stream Beat","Stream Beat","Stream Beat","No Streams","No Streams","Stream Beat","_","Stream Beat"
1256,1256,0,0,0,0,00000004,fe6f009602270147,03f8,2340,1,0,3f6a102e,1,0,ff31fe6fffed0096fe590227fc420147,1,1,0,1e5d0a171e5d0a171e5d0a171e5d0a17,1,0,00000000000000000000000000000000,1,0,23c1,0,0,0,23c1,0,0,fe6f009602270147,1,0,40e803f8,0,1,0,ff31ffedfe59fc42,1,0,"Active","Active","Active","Active","Active","Inactive","Inactive","Active","_","Active","Stream Beat","Stream Beat","Stream Beat","Stream Beat","Stream Beat","No Streams","No Streams","Stream Beat","_","Stream Beat"
1257,1257,0,0,0,0,00000004,018502070045fe5b,03f8,2348,1,0,3f5d1fef,1,0,ff710185fd4d0207fbf40045fd03fe5b,1,1,0,1e5d0a171e5d0a171e5d0a171e5d0a17,1,0,00000000000000000000000000000000,1,0,23c1,0,0,0,23c1,0,0,018502070045fe5b,1,0,40e803f8,0,1,0,ff71fd4dfbf4fd03,1,0,"Active","Active","Active","Active","Active","Inactive","Inactive","Active","_","Active","Stream Beat","Stream Beat","Stream Beat","Stream Beat","Stream Beat","No Streams","No Streams","Stream Beat","_","Stream Beat"
1258,1258,0,0,0,0,00000004,0162ff3efe1fff50,03f8,2363,1,0,3f9b2fe6,1,0,fc800162fc33ff3efe15fe1fffd7ff50,1,1,0,1e5d0a171e5d0a171e5d0a171e5d0a17,1,0,00000000000000000000000000000000,1,0,23c1,0,0,0,23c1,0,0,0162ff3efe1fff50,1,0,40e803f8,0,1,0,fc80fc33fe15ffd7,1,0,"Active","Active","Active","Active","Active","Inactive","Inactive","Active","_","Active","Stream Beat","Stream Beat","Stream Beat","Stream Beat","Stream Beat","No Streams","No Streams","Stream Beat","_","Stream Beat"
1259,1259,0,0,0,0,00000004,fe6cfe710076021c,03f8,2354,1,0,3f9b1027,1,0,fcd7fe6cff15fe71fffa0076fe81021c,1,1,0,1e5d0a171e5d0a171e5d0a171e5d0a17,1,0,00000000000000000000000000000000,1,0,23c1,0,0,0,23c1,0,0,fe6cfe710076021c,1,0,40e803f8,0,1,0,fcd7ff15fffafe81,1,0,"Active","Active","Active","Active","Active","Inactive","Inactive","Active","_","Active","Stream Beat","Stream Beat","Stream Beat","Stream Beat","Stream Beat","No Streams","No Streams","Stream Beat","_","Stream Beat"
1260,1260,0,0,0,0,00000004,ff4e016e02080076,03f8,2a44,1,0,3f5b1022,1,0,ffccff4eff8e016efd840208fbf10076,1,1,0,1e5d0a171e5d0a171e5d0a171e5d0a17,1,0,00000000000000000000000000000000,1,0,23c1,0,0,0,23c1,0,0,ff4e016e02080076,1,0,40e803f8,0,1,0,ffccff8efd84fbf1,1,0,"Active","Active","Active","Active","Active","Inactive","Inactive","Active","_","Active","Stream Beat","Stream Beat","Stream Beat","Stream Beat","Stream Beat","No Streams","No Streams","Stream Beat","_","Stream Beat"
1261,1261,0,0,0,0,00000004,01ee0182ff6bfe21,03f8,2351,1,0,3f692fe0,1,0,feca01eefc950182fc17ff6bfdeefe21,1,1,0,1e5d0a171e5d0a171e5d0a171e5d0a17,1,0,00000000000000000000000000000000,1,0,23c1,0,0,0,23c1,0,0,01ee0182ff6bfe21,1,0,40e803f8,0,1,0,fecafc95fc17fdee,1,0,"Active","Active","Active","Active","Active","Inactive","Inactive","Active","_","Active","Stream Beat","Stream Beat","Stream Beat","Stream Beat","Stream Beat","No Streams","No Streams","Stream Beat","_","Stream Beat"
1262,1262,0,0,0,0,00000004,009bfe8efe490043,03f8,1d9b,1,0,3fa61ff6,1,0,fc17009bfcb6fe8efeeafe49fff90043,1,1,0,1e5d0a171e5d0a171e5d0a171e5d0a17,1,0,00000000000000000000000000000000,1,0,23c1,0,0,0,23c1,0,0,009bfe8efe490043,1,0,40e803f8,0,1,0,fc17fcb6feeafff9,1,0,"Active","Active","Active","Active","Active","Inactive","Inactive","Active","_","Active","Stream Beat","Stream Beat","Stream Beat","Stream Beat","Stream Beat","No Streams","No Streams","Stream Beat","_","Stream Beat"
1263,1263,0,0,0,0,00000004,fe26ff14014c0214,03f8,2a51,1,0,3f8c1033,1,0,fdb6fe26ffb6ff14ffa4014cfdb30214,1,1,0,1e5d0a171e5d0a171e5d0a171e5d0a17,1,0,00000000000000000000000000000000,1,0,23c1,0,0,0,23c1,0,0,fe26ff14014c0214,1,0,40e803f8,0,1,0,fdb6ffb6ffa4fdb3,1,0,"Active","Active","Active","Active","Active","Inactive","Inactive","Active","_","Active","Stream Beat","Stream Beat","Stream Beat","Stream Beat","Stream Beat","No Streams","No Streams","Stream Beat","_","Stream Beat"
1264,1264,0,0,0,0,00000004,002501e501a3ff8f,03f8,2a48,1,0,3f56200f,1,0,00050025fee001e5fcc701a3fc16ff8f,1,1,0,1e5d0a171e5d0a171e5d0a171e5d0a17,1,0,00000000000000000000000000000000,1,0,23c1,0,0,0,23c1,0,0,002501e501a3ff8f,1,0,40e803f8,0,1,0,0005fee0fcc7fc16,1,0,"Active","Active","Active","Active","Active","Inactive","Inactive","Active","_","Active","Stream Beat","Stream Beat","Stream Beat","Stream Beat","Stream Beat","No Streams","No Streams","Stream Beat","_","Stream Beat"
1265,1265,0,0,0,0,00000004,024500d1fea3fe26,03f8,1d91,1,0,3f7b1fdb,1,0,fdaf0245fc0700d1fc8dfea3fea9fe26,1,1,0,1e5d0a171e5d0a171e5d0a171e5d0a17,1,0,00000000000000000000000000000000,1,0,23c1,0,0,0,23c1,0,0,024500d1fea3fe26,1,0,40e803f8,0,1,0,fdaffc07fc8dfea9,1,0,"Active","Active","Active","Active","Active","Inactive","Inactive","Active","_","Active","Stream Beat","Stream Beat","Stream Beat","Stream Beat","Stream Beat","No Streams","No Streams","Stream Beat","_","Stream Beat"
1266,1266,0,0,0,0,00000004,ffc5fe1bfef4011f,03f8,2361,1,0,3fac2009,1,0,fc0effc5fd78fe1bff9afef4ffc1011f,1,1,0,1e5d0a171e5d0a171e5d0a171e5d0a17,1,0,00000000000000000000000000000000,1,0,23c1,0,0,0,23c1,0,0,ffc5fe1bfef4011f,1,0,40e803f8,0,1,0,fc0efd78ff9affc1,1,0,"Active","Active","Active","Active","Active","Inactive","Inactive","Active","_","Active","Stream Beat","Stream Beat","Stream Beat","Stream Beat","Stream Beat","No Streams","No Streams","Stream Beat","_","Stream Beat"
1267,1267,0,0,0,0,00000004,fe1dffe001d501b5,03f8,2a49,1,0,2f7c1033,1,0,fe8efe1dfff4ffe0ff1301d5fce501b5,1,1,0,1e5d0a171e5d0a171e5d0a171e5d0a17,1,0,00000000000000000000000000000000,1,0,23c1,0,0,0,23c1,0,0,fe1dffe001d501b5,1,0,40e803f8,0,1,0,fe8efff4ff13fce5,1,0,"Active","Active","Active","Active","Active","Inactive","Inactive","Active","_","Active","Stream Beat","Stream Beat","Stream Beat","Stream Beat","Stream Beat","No Streams","No Streams","Stream Beat","_","Stream Beat"
1268,1268,0,0,0,0,00000004,00d6022600ebfeda,03f8,2343,1,0,3f4e1ffd,1,0,ffd700d6fe050226fc4100ebfc91feda,1,1,0,1e5d0a171e5d0a171e5d0a171e5d0a17,1,0,00000000000000000000000000000000,1,0,23c1,0,0,0,23c1,0,0,00d6022600ebfeda,1,0,40e803f8,0,1,0,ffd7fe05fc41fc91,1,0,"Active","Active","Active","Active","Active","Inactive","Inactive","Active","_","Active","Stream Beat","Stream Beat","Stream Beat","Stream Beat","Stream Beat","No Streams","No Streams","Stream Beat","_","Stream Beat"
1269,1269,0,0,0,0,00000004,01d3ffe9fe39fec5,03f8,1f58,1,0,3f8e2fdf,1,0,fd1401d3fc03ffe9fd59fe39ff7ffec5,1,1,0,1e5d0a171e5d0a171e5d0a171e5d0a17,1,0,00000000000000000000000000000000,1,0,23c1,0,0,0,23c1,0,0,01d3ffe9fe39fec5,1,0,40e803f8,0,1,0,fd14fc03fd59ff7f,1,0,"Active","Active","Active","Active","Active","Inactive","Inactive","Active","_","Active","Stream Beat","Stream Beat","Stream Beat","Stream Beat","Stream Beat","No Streams","No Streams","Stream Beat","_","Stream Beat"
1270,1270,0,0,0,0,00000004,fef3fe2fffb801b7,03f8,235b,1,0,3fa72018,1,0,fc6cfef3fe70fe2ffff7ffb8ff3001b7,1,1,0,1e5d0a171e5d0a171e5d0a171e5d0a17,1,0,00000000000000000000000000000000,1,0,23c1,0,0,0,23c1,0,0,fef3fe2fffb801b7,1,0,40e803f8,0,1,0,fc6cfe70fff7ff30,1,0,"Active","Active","Active","Active","Active","Inactive","Inactive","Active","_","Active","Stream Beat","Stream Beat","Stream Beat","Stream Beat","Stream Beat","No Streams","No Streams","Stream Beat","_","Stream Beat"
1271,1271,0,0,0,0,00000004,fea300a4021c011c,03f8,233f,1,0,3f6a102c,1,0,ff5afea3ffeb00a4fe34021cfc4e011c,1,1,0,1e5d0a171e5d0a171e5d0a171e5d0a17,1,0,00000000000000000000000000000000,1,0,23c1,0,0,0,23c1,0,0,fea300a4021c011c,1,0,40e803f8,0,1,0,ff5affebfe34fc4e,1,0,"Active","Active","Active","Active","Active","Inactive","Inactive","Active","_","Active","Stream Beat","Stream Beat","Stream Beat","Stream Beat","Stream Beat","No Streams","No Streams","Stream Beat","_","Stream Beat"
1272,1272,0,0,0,0,00000004,019e01f10018fe45,03f8,2349,1,0,3f5e2feb,1,0,ff51019efd2f01f1fbeb0018fd2cfe45,1,1,0,1e5d0a171e5d0a171e5d0a171e5d0a17,1,0,00000000000000000000000000000000,1,0,23c1,0,0,0,23c1,0,0,019e01f10018fe45,1,0,40e803f8,0,1,0,ff51fd2ffbebfd2c,1,0,"Active","Active","Active","Active","Active","Inactive","Inactive","Active","_","Active","Stream Beat","Stream Beat","Stream Beat","Stream Beat","Stream Beat","No Streams","No Streams","Stream Beat","_","Stream Beat"
1273,1273,0,0,0,0,00000004,014fff17fe2eff95,03f8,1d9b,1,0,3fa02fe9,1,0,fc4b014ffc57ff17fe46fe2effefff95,1,1,0,1e5d0a171e5d0a171e5d0a171e5d0a17,1,0,00000000000000000000000000000000,1,0,23c1,0,0,0,23c1,0,0,014fff17fe2eff95,1,0,40e803f8,0,1,0,fc4bfc57fe46ffef,1,0,"Active","Active","Active","Active","Active","Inactive","Inactive","Active","_","Active","Stream Beat","Stream Beat","Stream Beat","Stream Beat","Stream Beat","No Streams","No Streams","Stream Beat","_","Stream Beat"
1274,1274,0,0,0,0,00000004,fe59fe7300970206,03f8,2353,1,0,3f9c1027,1,0,fd0ffe59ff26fe73fff90097fe670206,1,1,0,1e5d0a171e5d0a171e5d0a171e5d0a17,1,0,00000000000000000000000000000000,1,0,23c1,0,0,0,23c1,0,0,fe59fe7300970206,1,0,40e803f8,0,1,0,fd0fff26fff9fe67,1,0,"Active","Active","Active","Active","Active","Inactive","Inactive","Active","_","Active","Stream Beat","Stream Beat","Stream Beat","Stream Beat","Stream Beat","No Streams","No Streams","Stream Beat","_","Stream Beat"
1275,1275,0,0,0,0,00000004,ff70017f0202004b,03f8,2a45,1,0,3f59101e,1,0,ffe4ff70ff72017ffd510202fbfa004b,1,1,0,1e5d0a171e5d0a171e5d0a171e5d0a17,1,0,00000000000000000000000000000000,1,0,23c1,0,0,0,23c1,0,0,ff70017f0202004b,1,0,40e803f8,0,1,0,ffe4ff72fd51fbfa,1,0,"Active","Active","Active","Active","Active","Inactive","Inactive","Active","_","Active","Stream Beat","Stream Beat","Stream Beat","Stream Beat","Stream Beat","No Streams","No Streams","Stream Beat","_","Stream Beat"
1276,1276,0,0,0,0,00000004,0216016eff38fe21,03f8,2353,1,0,3f6d2fe2,1,0,fe7d0216fc80016efc3cff38fe0afe21,1,1,0,1e5d0a171e5d0a171e5d0a171e5d0a17,1,0,00000000000000000000000000000000,1,0,23c1,0,0,0,23c1,0,0,0216016eff38fe21,1,0,40e803f8,0,1,0,fe7dfc80fc3cfe0a,1,0,"Active","Active","Active","Active","Active","Inactive","Inactive","Active","_","Active","Stream Beat","Stream Beat","Stream Beat","Stream Beat","Stream Beat","No Streams","No Streams","Stream Beat","_","Stream Beat"
1277,1277,0,0,0,0,00000004,0074fe79fe72006b,03f8,1d9c,1,0,3fa91ff6,1,0,fc030074fcf0fe79ff11fe720001006b,1,1,0,1e5d0a171e5d0a171e5d0a171e5d0a17,1,0,00000000000000000000000000000000,1,0,23c1,0,0,0,23c1,0,0,0074fe79fe72006b,1,0,40e803f8,0,1,0,fc03fcf0ff110001,1,0,"Active","Active","Active","Active","Active","Inactive","Inactive","Active","_","Active","Stream Beat","Stream Beat","Stream Beat","Stream Beat","Stream Beat","No Streams","No Streams","Stream Beat","_","Stream Beat"
1278,1278,0,0,0,0,00000004,fe14ff3001600210,03f8,2a4e,1,0,3f8a1033,1,0,fdccfe14ffceff30ff8b0160fd840210,1,1,0,1e5d0a171e5d0a171e5d0a171e5d0a17,1,0,00000000000000000000000000000000,1,0,23c1,0,0,0,23c1,0,0,fe14ff3001600210,1,0,40e803f8,0,1,0,fdccffceff8bfd84,1,0,"Active","Active","Active","Active","Active","Inactive","Inactive","Active","_","Active","Stream Beat","Stream Beat","Stream Beat","Stream Beat","Stream Beat","No Streams","No Streams","Stream Beat","_","Stream Beat"
1279,1279,0,0,0,0,00000004,003501fb018eff60,03f8,2a49,1,0,3f54200d,1,0,00010035feb501fbfc9c018efc16ff60,1,1,0,1e5d0a171e5d0a171e5d0a171e5d0a17,1,0,00000000000000000000000000000000,1,0,23c1,0,0,0,23c1,0,0,003501fb018eff60,1,0,40e803f8,0,1,0,0001feb5fc9cfc16,1,0,"Active","Active","Active","Active","Active","Inactive","Inactive","Active","_","Active","Stream Beat","Stream Beat","Stream Beat","Stream Beat","Stream Beat","No Streams","No Streams","Stream Beat","_","Stream Beat"
1280,1280,0,0,0,0,00000004,021f009bfe98fe4b,03f8,1d91,1,0,2f801fdc,1,0,fda7021ffc25009bfcccfe98fee5fe4b,1,1,0,1e5d0a171e5d0a171e5d0a171e5d0a17,1,0,00000000000000000000000000000000,1,0,23c1,0,0,0,23c1,0,0,021f009bfe98fe4b,1,0,40e803f8,0,1,0,fda7fc25fcccfee5,1,0,"Active","Active","Active","Active","Active","Inactive","Inactive","Active","_","Active","Stream Beat","Stream Beat","Stream Beat","Stream Beat","Stream Beat","No Streams","No Streams","Stream Beat","_","Stream Beat"
1281,1281,0,0,0,0,00000004,ff96fe17ff1f013b,03f8,235f,1,0,3faa200b,1,0,fbebff96fdaffe17ffb4ff1fffad013b,1,1,0,1e5d0a171e5d0a171e5d0a171e5d0a17,1,0,00000000000000000000000000000000,1,0,23c1,0,0,0,23c1,0,0,ff96fe17ff1f013b,1,0,40e803f8,0,1,0,fbebfdafffb4ffad,1,0,"Active","Active","Active","Active","Active","Inactive","Inactive","Active","_","Active","Stream Beat","Stream Beat","Stream Beat","Stream Beat","Stream Beat","No Streams","No Streams","Stream Beat","_","Stream Beat"
1282,1282,0,0,0,0,00000004,fe37002001f501a7,03f8,2a47,1,0,2f761031,1,0,febafe37fffe0020fee101f5fcae01a7,1,1,0,1e5d0a171e5d0a171e5d0a171e5d0a17,1,0,00000000000000000000000000000000,1,0,23c1,0,0,0,23c1,0,0,fe37002001f501a7,1,0,40e803f8,0,1,0,febafffefee1fcae,1,0,"Active","Active","Active","Active","Active","Inactive","Inactive","Active","_","Active","Stream Beat","Stream Beat","Stream Beat","Stream Beat","Stream Beat","No Streams","No Streams","Stream Beat","_","Stream Beat"
1283,1283,0,0,0,0,00000004,011d021d00cafea5,03f8,2345,1,0,3f571ff9,1,0,ffc0011dfddc021dfc2300cafc85fea5,1,1,0,1e5d0a171e5d0a171e5d0a171e5d0a17,1,0,00000000000000000000000000000000,1,0,23c1,0,0,0,23c1,0,0,011d021d00cafea5,1,0,40e803f8,0,1,0,ffc0fddcfc23fc85,1,0,"Active","Active","Active","Active","Active","Inactive","Inactive","Active","_","Active","Stream Beat","Stream Beat","Stream Beat","Stream Beat","Stream Beat","No Streams","No Streams","Stream Beat","_","Stream Beat"
1284,1284,0,0,0,0,00000004,01c2ffc6fe1efeec,03f8,2362,1,0,3f8f2fe0,1,0,fcd001c2fbf6ffc6fd7cfe1eff98feec,1,1,0,1e5d0a171e5d0a171e5d0a171e5d0a17,1,0,00000000000000000000000000000000,1,0,23c1,0,0,0,23c1,0,0,01c2ffc6fe1efeec,1,0,40e803f8,0,1,0,fcd0fbf6fd7cff98,1,0,"Active","Active","Active","Active","Active","Inactive","Inactive","Active","_","Active","Stream Beat","Stream Beat","Stream Beat","Stream Beat","Stream Beat","No Streams","No Streams","Stream Beat","_","Stream Beat"
1285,1285,0,0,0,0,00000004,fed9fe2effdf01e1,03f8,2359,1,0,3fa4101f,1,0,fc9dfed9fe95fe2efff6ffdfff0d01e1,1,1,0,1e5d0a171e5d0a171e5d0a171e5d0a17,1,0,00000000000000000000000000000000,1,0,23c1,0,0,0,23c1,0,0,fed9fe2effdf01e1,1,0,40e803f8,0,1,0,fc9dfe95fff6ff0d,1,0,"Active","Active","Active","Active","Active","Inactive","Inactive","Active","_","Active","Stream Beat","Stream Beat","Stream Beat","Stream Beat","Stream Beat","No Streams","No Streams","Stream Beat","_","Stream Beat"
1286,1286,0,0,0,0,00000004,feec00e7023c00fa,03f8,27be,1,0,3f64102a,1,0,ff89feecffdb00e7fde7023cfc2a00fa,1,1,0,1e5d0a171e5d0a171e5d0a171e5d0a17,1,0,00000000000000000000000000000000,1,0,23c1,0,0,0,23c1,0,0,feec00e7023c00fa,1,0,40e803f8,0,1,0,ff89ffdbfde7fc2a,1,0,"Active","Active","Active","Active","Active","Inactive","Inactive","Active","_","Active","Stream Beat","Stream Beat","Stream Beat","Stream Beat","Stream Beat","No Streams","No Streams","Stream Beat","_","Stream Beat"
1287,1287,0,0,0,0,00000004,01af01e6ffe9fe33,03f8,234b,1,0,3f5d2fe9,1,0,ff2f01affcff01e6fc03ffe9fd52fe33,1,1,0,1e5d0a171e5d0a171e5d0a171e5d0a17,1,0,00000000000000000000000000000000,1,0,23c1,0,0,0,23c1,0,0,01af01e6ffe9fe33,1,0,40e803f8,0,1,0,ff2ffcfffc03fd52,1,0,"Active","Active","Active","Active","Active","Inactive","Inactive","Active","_","Active","Stream Beat","Stream Beat","Stream Beat","Stream Beat","Stream Beat","No Streams","No Streams","Stream Beat","_","Stream Beat"
1288,1288,0,0,0,0,00000004,0121fef2fe2aff99,03f8,1d9b,1,0,3fa32fec,1,0,fc380121fc64fef2fe67fe2afff7ff99,1,1,0,1e5d0a171e5d0a171e5d0a171e5d0a17,1,0,00000000000000000000000000000000,1,0,23c1,0,0,0,23c1,0,0,0121fef2fe2aff99,1,0,40e803f8,0,1,0,fc38fc64fe67fff7,1,0,"Active","Active","Active","Active","Active","Inactive","Inactive","Active","_","Active","Stream Beat","Stream Beat","Stream Beat","Stream Beat","Stream Beat","No Streams","No Streams","Stream Beat","_","Stream Beat"
1289,1289,0,0,0,0,00000004,fe4ffe8e00bd022b,03f8,2352,1,0,3f971030,1,0,fd2bfe4fff58fe8effe100bdfe2e022b,1,1,0,1e5d0a171e5d0a171e5d0a171e5d0a17,1,0,00000000000000000000000000000000,1,0,23c1,0,0,0,23c1,0,0,fe4ffe8e00bd022b,1,0,40e803f8,0,1,0,fd2bff58ffe1fe2e,1,0,"Active","Active","Active","Active","Active","Inactive","Inactive","Active","_","Active","Stream Beat","Stream Beat","Stream Beat","Stream Beat","Stream Beat","No Streams","No Streams","Stream Beat","_","Stream Beat"
1290,1290,0,0,0,0,00000004,ff7301b501f30012,03f8,2a46,1,0,3f58201b,1,0,ffe8ff73ff4501b5fd3701f3fbf50012,1,1,0,1e5d0a171e5d0a171e5d0a171e5d0a17,1,0,00000000000000000000000000000000,1,0,23c1,0,0,0,23c1,0,0,ff7301b501f30012,1,0,40e803f8,0,1,0,ffe8ff45fd37fbf5,1,0,"Active","Active","Active","Active","Active","Inactive","Inactive","Active","_","Active","Stream Beat","Stream Beat","Stream Beat","Stream Beat","Stream Beat","No Streams","No Streams","Stream Beat","_","Stream Beat"
1291,1291,0,0,0,0,00000004,02160148ff18fe23,03f8,1d8b,1,0,3f6f2fdd,1,0,fe630216fc4e0148fc3fff18fe40fe23,1,1,0,1e5d0a171e5d0a171e5d0a171e5d0a17,1,0,00000000000000000000000000000000,1,0,23c1,0,0,0,23c1,0,0,02160148ff18fe23,1,0,40e803f8,0,1,0,fe63fc4efc3ffe40,1,0,"Active","Active","Active","Active","Active","Inactive","Inactive","Active","_","Active","Stream Beat","Stream Beat","Stream Beat","Stream Beat","Stream Beat","No Streams","No Streams","Stream Beat","_","Stream Beat"
1292,1292,0,0,0,0,00000004,004bfe5bfea200a3,03f8,1d9c,1,0,3fa91ffc,1,0,fc02004bfd0dfe5bff41fea2fff400a3,1,1,0,1e5d0a171e5d0a171e5d0a171e5d0a17,1,0,00000000000000000000000000000000,1,0,23c1,0,0,0,23c1,0,0,004bfe5bfea200a3,1,0,40e803f8,0,1,0,fc02fd0dff41fff4,1,0,"Active","Active","Active","Active","Active","Inactive","Inactive","Active","_","Active","Stream Beat","Stream Beat","Stream Beat","Stream Beat","Stream Beat","No Streams","No Streams","Stream Beat","_","Stream Beat"
1293,1293,0,0,0,0,00000004,fe17ff5d018e0213,03f8,2a4e,1,0,3f851032,1,0,fe04fe17ffdcff5dff6e018efd3f0213,1,1,0,1e5d0a171e5d0a171e5d0a171e5d0a17,1,0,00000000000000000000000000000000,1,0,23c1,0,0,0,23c1,0,0,fe17ff5d018e0213,1,0,40e803f8,0,1,0,fe04ffdcff6efd3f,1,0,"Active","Active","Active","Active","Active","Inactive","Inactive","Active","_","Active","Stream Beat","Stream Beat","Stream Beat","Stream Beat","Stream Beat","No Streams","No Streams","Stream Beat","_","Stream Beat"
1294,1294,0,0,0,0,00000004,006801f60168ff3b,03f8,2a4a,1,0,3f532009,1,0,ffff0068fe9a01f6fc860168fc2aff3b,1,1,0,1e5d0a171e5d0a171e5d0a171e5d0a17,1,0,00000000000000000000000000000000,1,0,23c1,0,0,0,23c1,0,0,006801f60168ff3b,1,0,40e803f8,0,1,0,fffffe9afc86fc2a,1,0,"Active","Active","Active","Active","Active","Inactive","Inactive","Active","_","Active","Stream Beat","Stream Beat","Stream Beat","Stream Beat","Stream Beat","No Streams","No Streams","Stream Beat","_","Stream Beat"
1295,1295,0,0,0,0,00000004,020c0074fe6efe6f,03f8,1d92,1,0,3f841fde,1,0,fd88020cfc140074fcd6fe6eff10fe6f,1,1,0,1e5d0a171e5d0a171e5d0a171e5d0a17,1,0,00000000000000000000000000000000,1,0,23c1,0,0,0,23c1,0,0,020c0074fe6efe6f,1,0,40e803f8,0,1,0,fd88fc14fcd6ff10,1,0,"Active","Active","Active","Active","Active","Inactive","Inactive","Active","_","Active","Stream Beat","Stream Beat","Stream Beat","Stream Beat","Stream Beat","No Streams","No Streams","Stream Beat","_","Stream Beat"
1296,1296,0,0,0,0,00000004,ff6bfe1fff270158,03f8,2360,1,0,3fa82011,1,0,fc1bff6bfde1fe1fffc5ff27ff910158,1,1,0,1e5d0a171e5d0a171e5d0a171e5d0a17,1,0,00000000000000000000000000000000,1,0,23c1,0,0,0,23c1,0,0,ff6bfe1fff270158,1,0,40e803f8,0,1,0,fc1bfde1ffc5ff91,1,0,"Active","Active","Active","Active","Active","Inactive","Inactive","Active","_","Active","Stream Beat","Stream Beat","Stream Beat","Stream Beat","Stream Beat","No Streams","No Streams","Stream Beat","_","Stream Beat"
1297,1297,0,0,0,0,00000004,fe56003602060190,03f8,2a46,1,0,3f741030,1,0,fef0fe56fffa0036feba0206fc830190,1,1,0,1e5d0a171e5d0a171e5d0a171e5d0a17,1,0,00000000000000000000000000000000,1,0,23c1,0,0,0,23c1,0,0,fe56003602060190,1,0,40e803f8,0,1,0,fef0fffafebafc83,1,0,"Active","Active","Active","Active","Active","Inactive","Inactive","Active","_","Active","Stream Beat","Stream Beat","Stream Beat","Stream Beat","Stream Beat","No Streams","No Streams","Stream Beat","_","Stream Beat"
1298,1298,0,0,0,0,00000004,012a022b00a0fe99,03f8,2346,1,0,3f581ff5,1,0,ffaf012afd9d022bfc0a00a0fcc7fe99,1,1,0,1e5d0a171e5d0a171e5d0a171e5d0a17,1,0,00000000000000000000000000000000,1,0,23c1,0,0,0,23c1,0,0,012a022b00a0fe99,1,0,40e803f8,0,1,0,ffaffd9dfc0afcc7,1,0,"Active","Active","Active","Active","Active","Inactive","Inactive","Active","_","Active","Stream Beat","Stream Beat","Stream Beat","Stream Beat","Stream Beat","No Streams","No Streams","Stream Beat","_","Stream Beat"
1299,1299,0,0,0,0,00000004,01baff90fe27ff20,03f8,1f5b,1,0,3f952fe0,1,0,fca101bafc00ff90fdb4fe27ffb9ff20,1,1,0,1e5d0a171e5d0a171e5d0a171e5d0a17,1,0,00000000000000000000000000000000,1,0,23c1,0,0,0,23c1,0,0,01baff90fe27ff20,1,0,40e803f8,0,1,0,fca1fc00fdb4ffb9,1,0,"Active","Active","Active","Active","Active","Inactive","Inactive","Active","_","Active","Stream Beat","Stream Beat","Stream Beat","Stream Beat","Stream Beat","No Streams","No Streams","Stream Beat","_","Stream Beat"
1300,1300,0,0,0,0,00000004,feabfe39000a01f9,03f8,2358,1,0,3fa21022,1,0,fc8dfeabfeb9fe390002000afed801f9,1,1,0,1e5d0a171e5d0a171e5d0a171e5d0a17,1,0,00000000000000000000000000000000,1,0,23c1,0,0,0,23c1,0,0,feabfe39000a01f9,1,0,40e803f8,0,1,0,fc8dfeb90002fed8,1,0,"Active","Active","Active","Active","Active","Inactive","Inactive","Active","_","Active","Stream Beat","Stream Beat","Stream Beat","Stream Beat","Stream Beat","No Streams","No Streams","Stream Beat","_","Stream Beat"
1301,1301,0,0,0,0,00000004,fee4010d022500d1,03f8,27be,1,0,3f611028,1,0,ff98fee4ffc1010dfddb0225fbfd00d1,1,1,0,1e5d0a171e5d0a171e5d0a171e5d0a17,1,0,00000000000000000000000000000000,1,0,23c1,0,0,0,23c1,0,0,fee4010d022500d1,1,0,40e803f8,0,1,0,ff98ffc1fddbfbfd,1,0,"Active","Active","Active","Active","Active","Inactive","Inactive","Active","_","Active","Stream Beat","Stream Beat","Stream Beat","Stream Beat","Stream Beat","No Streams","No Streams","Stream Beat","_","Stream Beat"
1302,1302,0,0,0,0,00000004,01d401c0ffc1fe19,03f8,234e,1,0,3f602fe9,1,0,ff1101d4fce001c0fbe2ffc1fd6dfe19,1,1,0,1e5d0a171e5d0a171e5d0a171e5d0a17,1,0,00000000000000000000000000000000,1,0,23c1,0,0,0,23c1,0,0,01d401c0ffc1fe19,1,0,40e803f8,0,1,0,ff11fce0fbe2fd6d,1,0,"Active","Active","Active","Active","Active","Inactive","Inactive","Active","_","Active","Stream Beat","Stream Beat","Stream Beat","Stream Beat","Stream Beat","No Streams","No Streams","Stream Beat","_","Stream Beat"
1303,1303,0,0,0,0,00000004,00ebfecffe3dffe7,03f8,1d9b,1,0,2fa21fee,1,0,fc4b00ebfc67fecffea4fe3dfff8ffe7,1,1,0,1e5d0a171e5d0a171e5d0a171e5d0a17,1,0,00000000000000000000000000000000,1,0,23c1,0,0,0,23c1,0,0,00ebfecffe3dffe7,1,0,40e803f8,0,1,0,fc4bfc67fea4fff8,1,0,"Active","Active","Active","Active","Active","Inactive","Inactive","Active","_","Active","Stream Beat","Stream Beat","Stream Beat","Stream Beat","Stream Beat","No Streams","No Streams","Stream Beat","_","Stream Beat"
1304,1304,0,0,0,0,00000004,fe42fec200f90229,03f8,2a53,1,0,3f93102e,1,0,fd67fe42ff7afec2ffd100f9fe070229,1,1,0,1e5d0a171e5d0a171e5d0a171e5d0a17,1,0,00000000000000000000000000000000,1,0,23c1,0,0,0,23c1,0,0,fe42fec200f90229,1,0,40e803f8,0,1,0,fd67ff7affd1fe07,1,0,"Active","Active","Active","Active","Active","Inactive","Inactive","Active","_","Active","Stream Beat","Stream Beat","Stream Beat","Stream Beat","Stream Beat","No Streams","No Streams","Stream Beat","_","Stream Beat"
1305,1305,0,0,0,0,00000004,ffbe01b201d3ffef,03f8,2a46,1,0,3f542016,1,0,fff4ffbeff3901b2fd1201d3fbe4ffef,1,1,0,1e5d0a171e5d0a171e5d0a171e5d0a17,1,0,00000000000000000000000000000000,1,0,23c1,0,0,0,23c1,0,0,ffbe01b201d3ffef,1,0,40e803f8,0,1,0,fff4ff39fd12fbe4,1,0,"Active","Active","Active","Active","Active","Inactive","Inactive","Active","_","Active","Stream Beat","Stream Beat","Stream Beat","Stream Beat","Stream Beat","No Streams","No Streams","Stream Beat","_","Stream Beat"
1306,1306,0,0,0,0,00000004,02170119fef7fe30,03f8,1d8c,1,0,3f742fdd,1,0,fe420217fc4c0119fc5cfef7fe73fe30,1,1,0,1e5d0a171e5d0a171e5d0a171e5d0a17,1,0,00000000000000000000000000000000,1,0,23c1,0,0,0,23c1,0,0,02170119fef7fe30,1,0,40e803f8,0,1,0,fe42fc4cfc5cfe73,1,0,"Active","Active","Active","Active","Active","Inactive","Inactive","Active","_","Active","Stream Beat","Stream Beat","Stream Beat","Stream Beat","Stream Beat","No Streams","No Streams","Stream Beat","_","Stream Beat"
1307,1307,0,0,0,0,00000004,001cfe57fea400ca,03f8,1d9c,1,0,3fab2002,1,0,fc0a001cfd45fe57ff5bfea4ffe300ca,1,1,0,1e5d0a171e5d0a171e5d0a171e5d0a17,1,0,00000000000000000000000000000000,1,0,23c1,0,0,0,23c1,0,0,001cfe57fea400ca,1,0,40e803f8,0,1,0,fc0afd45ff5bffe3,1,0,"Active","Active","Active","Active","Active","Inactive","Inactive","Active","_","Active","Stream Beat","Stream Beat","Stream Beat","Stream Beat","Stream Beat","No Streams","No Streams","Stream Beat","_","Stream Beat"
1308,1308,0,0,0,0,00000004,fe23ff79018c01fa,03f8,2a49,1,0,3f822033,1,0,fe3cfe23ffe8ff79ff5b018cfd2201fa,1,1,0,1e5d0a171e5d0a171e5d0a171e5d0a17,1,0,00000000000000000000000000000000,1,0,23c1,0,0,0,23c1,0,0,fe23ff79018c01fa,1,0,40e803f8,0,1,0,fe3cffe8ff5bfd22,1,0,"Active","Active","Active","Active","Active","Inactive","Inactive","Active","_","Active","Stream Beat","Stream Beat","Stream Beat","Stream Beat","Stream Beat","No Streams","No Streams","Stream Beat","_","Stream Beat"
1309,1309,0,0,0,0,00000004,009e02190145ff1d,03f8,2341,1,0,3f552005,1,0,fff3009efe620219fc5d0145fc52ff1d,1,1,0,1e5d0a171e5d0a171e5d0a171e5d0a17,1,0,00000000000000000000000000000000,1,0,23c1,0,0,0,23c1,0,0,009e02190145ff1d,1,0,40e803f8,0,1,0,fff3fe62fc5dfc52,1,0,"Active","Active","Active","Active","Active","Inactive","Inactive","Active","_","Active","Stream Beat","Stream Beat","Stream Beat","Stream Beat","Stream Beat","No Streams","No Streams","Stream Beat","_","Stream Beat"
1310,1310,0,0,0,0,00000004,01fc0052fe4ffe80,03f8,1d94,1,0,3f881fde,1,0,fd5601fcfbe90052fcf6fe4fff30fe80,1,1,0,1e5d0a171e5d0a171e5d0a171e5d0a17,1,0,00000000000000000000000000000000,1,0,23c1,0,0,0,23c1,0,0,01fc0052fe4ffe80,1,0,40e803f8,0,1,0,fd56fbe9fcf6ff30,1,0,"Active","Active","Active","Active","Active","Inactive","Inactive","Active","_","Active","Stream Beat","Stream Beat","Stream Beat","Stream Beat","Stream Beat","No Streams","No Streams","Stream Beat","_","Stream Beat"
1311,1311,0,0,0,0,00000004,ff47fe1eff640184,03f8,235e,1,0,3faa2012,1,0,fc41ff47fe13fe1effd7ff64ff790184,1,1,0,1e5d0a171e5d0a171e5d0a171e5d0a17,1,0,00000000000000000000000000000000,1,0,23c1,0,0,0,23c1,0,0,ff47fe1eff640184,1,0,40e803f8,0,1,0,fc41fe13ffd7ff79,1,0,"Active","Active","Active","Active","Active","Inactive","Inactive","Active","_","Active","Stream Beat","Stream Beat","Stream Beat","Stream Beat","Stream Beat","No Streams","No Streams","Stream Beat","_","Stream Beat"
1312,1312,0,0,0,0,00000004,fe6d004202150173,03f8,2a46,1,0,3f701031,1,0,ff0bfe6dffff0042fe890215fc610173,1,1,0,1e5d0a171e5d0a171e5d0a171e5d0a17,1,0,00000000000000000000000000000000,1,0,23c1,0,0,0,23c1,0,0,fe6d004202150173,1,0,40e803f8,0,1,0,ff0bfffffe89fc61,1,0,"Active","Active","Active","Active","Active","Inactive","Inactive","Active","_","Active","Stream Beat","Stream Beat","Stream Beat","Stream Beat","Stream Beat","No Streams","No Streams","Stream Beat","_","Stream Beat"
1313,1313,0,0,0,0,00000004,014a0210007dfe72,03f8,2347,1,0,3f561ff1,1,0,ffa4014afd730210fc1b007dfce7fe72,1,1,0,1e5d0a171e5d0a171e5d0a171e5d0a17,1,0,00000000000000000000000000000000,1,0,23c1,0,0,0,23c1,0,0,014a0210007dfe72,1,0,40e803f8,0,1,0,ffa4fd73fc1bfce7,1,0,"Active","Active","Active","Active","Active","Inactive","Inactive","Active","_","Active","Stream Beat","Stream Beat","Stream Beat","Stream Beat","Stream Beat","No Streams","No Streams","Stream Beat","_","Stream Beat"
1314,1314,0,0,0,0,00000004,0194ff71fe35ff30,03f8,2362,1,0,3f9a2fe4,1,0,fc840194fc26ff71fe05fe35ffbcff30,1,1,0,1e5d0a171e5d0a171e5d0a171e5d0a17,1,0,00000000000000000000000000000000,1,0,23c1,0,0,0,23c1,0,0,0194ff71fe35ff30,1,0,40e803f8,0,1,0,fc84fc26fe05ffbc,1,0,"Active","Active","Active","Active","Active","Inactive","Inactive","Active","_","Active","Stream Beat","Stream Beat","Stream Beat","Stream Beat","Stream Beat","No Streams","No Streams","Stream Beat","_","Stream Beat"
1315,1315,0,0,0,0,00000004,fe85fe55001d01ef,03f8,2355,1,0,3f9f1023,1,0,fcadfe85fee1fe550004001dfec201ef,1,1,0,1e5d0a171e5d0a171e5d0a171e5d0a17,1,0,00000000000000000000000000000000,1,0,23c1,0,0,0,23c1,0,0,fe85fe55001d01ef,1,0,40e803f8,0,1,0,fcadfee10004fec2,1,0,"Active","Active","Active","Active","Active","Inactive","Inactive","Active","_","Active","Stream Beat","Stream Beat","Stream Beat","Stream Beat","Stream Beat","No Streams","No Streams","Stream Beat","_","Stream Beat"
1316,1316,0,0,0,0,00000004,ff010152022100a3,03f8,2a45,1,0,3f611024,1,0,ffacff01ffa80152fda30221fc2e00a3,1,1,0,1e5d0a171e5d0a171e5d0a171e5d0a17,1,0,00000000000000000000000000000000,1,0,23c1,0,0,0,23c1,0,0,ff010152022100a3,1,0,40e803f8,0,1,0,ffacffa8fda3fc2e,1,0,"Active","Active","Active","Active","Active","Inactive","Inactive","Active","_","Active","Stream Beat","Stream Beat","Stream Beat","Stream Beat","Stream Beat","No Streams","No Streams","Stream Beat","_","Stream Beat"
1317,1317,0,0,0,0,00000004,01f401b1ff96fe1d,03f8,2350,1,0,3f662fe6,1,0,fedf01f4fcac01b1fc09ff96fdabfe1d,1,1,0,1e5d0a171e5d0a171e5d0a171e5d0a17,1,0,00000000000000000000000000000000,1,0,23c1,0,0,0,23c1,0,0,01f401b1ff96fe1d,1,0,40e803f8,0,1,0,fedffcacfc09fdab,1,0,"Active","Active","Active","Active","Active","Inactive","Inactive","Active","_","Active","Stream Beat","Stream Beat","Stream Beat","Stream Beat","Stream Beat","No Streams","No Streams","Stream Beat","_","Stream Beat"
1318,1318,0,0,0,0,00000004,00cffea6fe410009,03f8,1d9c,1,0,2fa51fee,1,0,fc2500cffc85fea6febcfe4100000009,1,1,0,1e5d0a171e5d0a171e5d0a171e5d0a17,1,0,00000000000000000000000000000000,1,0,23c1,0,0,0,23c1,0,0,00cffea6fe410009,1,0,40e803f8,0,1,0,fc25fc85febc0000,1,0,"Active","Active","Active","Active","Active","Inactive","Inactive","Active","_","Active","Stream Beat","Stream Beat","Stream Beat","Stream Beat","Stream Beat","No Streams","No Streams","Stream Beat","_","Stream Beat"
1319,1319,0,0,0,0,00000004,fe2efede010e021a,03f8,2a51,1,0,3f921031,1,0,fd86fe2eff93fedeffc6010efde0021a,1,1,0,1e5d0a171e5d0a171e5d0a171e5d0a17,1,0,00000000000000000000000000000000,1,0,23c1,0,0,0,23c1,0,0,fe2efede010e021a,1,0,40e803f8,0,1,0,fd86ff93ffc6fde0,1,0,"Active","Active","Active","Active","Active","Inactive","Inactive","Active","_","Active","Stream Beat","Stream Beat","Stream Beat","Stream Beat","Stream Beat","No Streams","No Streams","Stream Beat","_","Stream Beat"
1320,1320,0,0,0,0,00000004,ffdc01de01c6ffc1,03f8,2a47,1,0,3f532015,1,0,ffffffdcff0401defce401c6fc0effc1,1,1,0,1e5d0a171e5d0a171e5d0a171e5d0a17,1,0,00000000000000000000000000000000,1,0,23c1,0,0,0,23c1,0,0,ffdc01de01c6ffc1,1,0,40e803f8,0,1,0,ffffff04fce4fc0e,1,0,"Active","Active","Active","Active","Active","Inactive","Inactive","Active","_","Active","Stream Beat","Stream Beat","Stream Beat","Stream Beat","Stream Beat","No Streams","No Streams","Stream Beat","_","Stream Beat"
1321,1321,0,0,0,0,00000004,021000fbfed7fe2f,03f8,1d8c,1,0,2f761fdb,1,0,fe130210fc3600fbfc98fed7fe8cfe2f,1,1,0,1e5d0a171e5d0a171e5d0a171e5d0a17,1,0,00000000000000000000000000000000,1,0,23c1,0,0,0,23c1,0,0,021000fbfed7fe2f,1,0,40e803f8,0,1,0,fe13fc36fc98fe8c,1,0,"Active","Active","Active","Active","Active","Inactive","Inactive","Active","_","Active","Stream Beat","Stream Beat","Stream Beat","Stream Beat","Stream Beat","No Streams","No Streams","Stream Beat","_","Stream Beat"
1322,1322,0,0,0,0,00000004,fff1fe35feb200dd,03f8,1f5e,1,0,3fab2003,1,0,fbfbfff1fd57fe35ff6dfeb2ffde00dd,1,1,0,1e5d0a171e5d0a171e5d0a171e5d0a17,1,0,00000000000000000000000000000000,1,0,23c1,0,0,0,23c1,0,0,fff1fe35feb200dd,1,0,40e803f8,0,1,0,fbfbfd57ff6dffde,1,0,"Active","Active","Active","Active","Active","Inactive","Inactive","Active","_","Active","Stream Beat","Stream Beat","Stream Beat","Stream Beat","Stream Beat","No Streams","No Streams","Stream Beat","_","Stream Beat"
1323,1323,0,0,0,0,00000004,fe22ffa701c401ea,03f8,2a4a,1,0,3f7f2034,1,0,fe5cfe22fff7ffa7ff2a01c4fcf701ea,1,1,0,1e5d0a171e5d0a171e5d0a171e5d0a17,1,0,00000000000000000000000000000000,1,0,23c1,0,0,0,23c1,0,0,fe22ffa701c401ea,1,0,40e803f8,0,1,0,fe5cfff7ff2afcf7,1,0,"Active","Active","Active","Active","Active","Inactive","Inactive","Active","_","Active","Stream Beat","Stream Beat","Stream Beat","Stream Beat","Stream Beat","No Streams","No Streams","Stream Beat","_","Stream Beat"
1324,1324,0,0,0,0,00000004,00b602180129feed,03f8,2342,1,0,3f562001,1,0,ffea00b6fe3b0218fc360129fc51feed,1,1,0,1e5d0a171e5d0a171e5d0a171e5d0a17,1,0,00000000000000000000000000000000,1,0,23c1,0,0,0,23c1,0,0,00b602180129feed,1,0,40e803f8,0,1,0,ffeafe3bfc36fc51,1,0,"Active","Active","Active","Active","Active","Inactive","Inactive","Active","_","Active","Stream Beat","Stream Beat","Stream Beat","Stream Beat","Stream Beat","No Streams","No Streams","Stream Beat","_","Stream Beat"
1325,1325,0,0,0,0,00000004,01f10022fe47fea2,03f8,1d95,1,0,3f892fdb,1,0,fd2901f1fbed0022fd2ffe47ff55fea2,1,1,0,1e5d0a171e5d0a171e5d0a171e5d0a17,1,0,00000000000000000000000000000000,1,0,23c1,0,0,0,23c1,0,0,01f10022fe47fea2,1,0,40e803f8,0,1,0,fd29fbedfd2fff55,1,0,"Active","Active","Active","Active","Active","Inactive","Inactive","Active","_","Active","Stream Beat","Stream Beat","Stream Beat","Stream Beat","Stream Beat","No Streams","No Streams","Stream Beat","_","Stream Beat"
1326,1326,0,0,0,0,00000004,ff18fe14ff9d01a2,03f8,235c,1,0,3fa72017,1,0,fc2dff18fe33fe14ffe8ff9dff5901a2,1,1,0,1e5d0a171e5d0a171e5d0a171e5d0a17,1,0,00000000000000000000000000000000,1,0,23c1,0,0,0,23c1,0,0,ff18fe14ff9d01a2,1,0,40e803f8,0,1,0,fc2dfe33ffe8ff59,1,0,"Active","Active","Active","Active","Active","Inactive","Inactive","Active","_","Active","Stream Beat","Stream Beat","Stream Beat","Stream Beat","Stream Beat","No Streams","No Streams","Stream Beat","_","Stream Beat"
1327,1327,0,0,0,0,00000004,fe8a009c02140142,03f8,2340,1,0,3f6a102e,1,0,ff36fe8afff3009cfe670214fc6b0142,1,1,0,1e5d0a171e5d0a171e5d0a171e5d0a17,1,0,00000000000000000000000000000000,1,0,23c1,0,0,0,23c1,0,0,fe8a009c02140142,1,0,40e803f8,0,1,0,ff36fff3fe67fc6b,1,0,"Active","Active","Active","Active","Active","Inactive","Inactive","Active","_","Active","Stream Beat","Stream Beat","Stream Beat","Stream Beat","Stream Beat","No Streams","No Streams","Stream Beat","_","Stream Beat"
1328,1328,0,0,0,0,00000004,01770213004bfe55,03f8,2349,1,0,3f591fef,1,0,ff730177fd4b0213fbf2004bfcf5fe55,1,1,0,1e5d0a171e5d0a171e5d0a171e5d0a17,1,0,00000000000000000000000000000000,1,0,23c1,0,0,0,23c1,0,0,01770213004bfe55,1,0,40e803f8,0,1,0,ff73fd4bfbf2fcf5,1,0,"Active","Active","Active","Active","Active","Inactive","Inactive","Active","_","Active","Stream Beat","Stream Beat","Stream Beat","Stream Beat","Stream Beat","No Streams","No Streams","Stream Beat","_","Stream Beat"
1329,1329,0,0,0,0,00000004,016aff3cfe13ff60,03f8,2363,1,0,3f9a2fe6,1,0,fc75016afc0bff3cfdfcfe13ffe0ff60,1,1,0,1e5d0a171e5d0a171e5d0a171e5d0a17,1,0,00000000000000000000000000000000,1,0,23c1,0,0,0,23c1,0,0,016aff3cfe13ff60,1,0,40e803f8,0,1,0,fc75fc0bfdfcffe0,1,0,"Active","Active","Active","Active","Active","Inactive","Inactive","Active","_","Active","Stream Beat","Stream Beat","Stream Beat","Stream Beat","Stream Beat","No Streams","No Streams","Stream Beat","_","Stream Beat"
1330,1330,0,0,0,0,00000004,fe7ffe6a005f021e,03f8,2355,1,0,3f9f1027,1,0,fcdbfe7fff1bfe6afff2005ffe8d021e,1,1,0,1e5d0a171e5d0a171e5d0a171e5d0a17,1,0,00000000000000000000000000000000,1,0,23c1,0,0,0,23c1,0,0,fe7ffe6a005f021e,1,0,40e803f8,0,1,0,fcdbff1bfff2fe8d,1,0,"Active","Active","Active","Active","Active","Inactive","Inactive","Active","_","Active","Stream Beat","Stream Beat","Stream Beat","Stream Beat","Stream Beat","No Streams","No Streams","Stream Beat","_","Stream Beat"
1331,1331,0,0,0,0,00000004,ff15014802140075,03f8,2a44,1,0,3f5a1022,1,0,ffbbff15ff9a0148fd850214fbef0075,1,1,0,1e5d0a171e5d0a171e5d0a171e5d0a17,1,0,00000000000000000000000000000000,1,0,23c1,0,0,0,23c1,0,0,ff15014802140075,1,0,40e803f8,0,1,0,ffbbff9afd85fbef,1,0,"Active","Active","Active","Active","Active","Inactive","Inactive","Active","_","Active","Stream Beat","Stream Beat","Stream Beat","Stream Beat","Stream Beat","No Streams","No Streams","Stream Beat","_","Stream Beat"
1332,1332,0,0,0,0,00000004,020e018cff73fe0c,03f8,2351,1,0,3f652fe1,1,0,feb6020efc91018cfc28ff73fdcefe0c,1,1,0,1e5d0a171e5d0a171e5d0a171e5d0a17,1,0,00000000000000000000000000000000,1,0,23c1,0,0,0,23c1,0,0,020e018cff73fe0c,1,0,40e803f8,0,1,0,feb6fc91fc28fdce,1,0,"Active","Active","Active","Active","Active","Inactive","Inactive","Active","_","Active","Stream Beat","Stream Beat","Stream Beat","Stream Beat","Stream Beat","No Streams","No Streams","Stream Beat","_","Stream Beat"
1333,1333,0,0,0,0,00000004,00aafe90fe6e003b,03f8,1d9c,1,0,3fa71ff6,1,0,fbeb00aafcaefe90fefcfe6efffb003b,1,1,0,1e5d0a171e5d0a171e5d0a171e5d0a17,1,0,00000000000000000000000000000000,1,0,23c1,0,0,0,23c1,0,0,00aafe90fe6e003b,1,0,40e803f8,0,1,0,fbebfcaefefcfffb,1,0,"Active","Active","Active","Active","Active","Inactive","Inactive","Active","_","Active","Stream Beat","Stream Beat","Stream Beat","Stream Beat","Stream Beat","No Streams","No Streams","Stream Beat","_","Stream Beat"
1334,1334,0,0,0,0,00000004,fe1aff0a01230222,03f8,2a50,1,0,3f8c102e,1,0,fdabfe1affacff0affb50123fda90222,1,1,0,1e5d0a171e5d0a171e5d0a171e5d0a17,1,0,00000000000000000000000000000000,1,0,23c1,0,0,0,23c1,0,0,fe1aff0a01230222,1,0,40e803f8,0,1,0,fdabffacffb5fda9,1,0,"Active","Active","Active","Active","Active","Inactive","Inactive","Active","_","Active","Stream Beat","Stream Beat","Stream Beat","Stream Beat","Stream Beat","No Streams","No Streams","Stream Beat","_","Stream Beat"
1335,1335,0,0,0,0,00000004,ffff01f601beff9d,03f8,2a49,1,0,3f532011,1,0,fff8fffffee701f6fc8901befc02ff9d,1,1,0,1e5d0a171e5d0a171e5d0a171e5d0a17,1,0,00000000000000000000000000000000,1,0,23c1,0,0,0,23c1,0,0,ffff01f601beff9d,1,0,40e803f8,0,1,0,fff8fee7fc89fc02,1,0,"Active","Active","Active","Active","Active","Inactive","Inactive","Active","_","Active","Stream Beat","Stream Beat","Stream Beat","Stream Beat","Stream Beat","No Streams","No Streams","Stream Beat","_","Stream Beat"
1336,1336,0,0,0,0,00000004,021300cbfeb9fe45,03f8,1d8f,1,0,3f791fde,1,0,fdef0213fc2200cbfca1feb9fec7fe45,1,1,0,1e5d0a171e5d0a171e5d0a171e5d0a17,1,0,00000000000000000000000000000000,1,0,23c1,0,0,0,23c1,0,0,021300cbfeb9fe45,1,0,40e803f8,0,1,0,fdeffc22fca1fec7,1,0,"Active","Active","Active","Active","Active","Inactive","Inactive","Active","_","Active","Stream Beat","Stream Beat","Stream Beat","Stream Beat","Stream Beat","No Streams","No Streams","Stream Beat","_","Stream Beat"
1337,1337,0,0,0,0,00000004,ffc0fe2dfefb00fa,03f8,1f5f,1,0,3fab2006,1,0,fbfeffc0fd7ffe2dffa0fefbffc700fa,1,1,0,1e5d0a171e5d0a171e5d0a171e5d0a17,1,0,00000000000000000000000000000000,1,0,23c1,0,0,0,23c1,0,0,ffc0fe2dfefb00fa,1,0,40e803f8,0,1,0,fbfefd7fffa0ffc7,1,0,"Active","Active","Active","Active","Active","Inactive","Inactive","Active","_","Active","Stream Beat","Stream Beat","Stream Beat","Stream Beat","Stream Beat","No Streams","No Streams","Stream Beat","_","Stream Beat"
1338,1338,0,0,0,0,00000004,fe2dffe001c801c1,03f8,2a48,1,0,3f762035,1,0,fe87fe2d0003ffe0ff0d01c8fcf501c1,1,1,0,1e5d0a171e5d0a171e5d0a171e5d0a17,1,0,00000000000000000000000000000000,1,0,23c1,0,0,0,23c1,0,0,fe2dffe001c801c1,1,0,40e803f8,0,1,0,fe870003ff0dfcf5,1,0,"Active","Active","Active","Active","Active","Inactive","Inactive","Active","_","Active","Stream Beat","Stream Beat","Stream Beat","Stream Beat","Stream Beat","No Streams","No Streams","Stream Beat","_","Stream Beat"
1339,1339,0,0,0,0,00000004,00df022d00fdfecc,03f8,2342,1,0,3f571ffd,1,0,ffd600dffe03022dfc2600fdfc6efecc,1,1,0,1e5d0a171e5d0a171e5d0a171e5d0a17,1,0,00000000000000000000000000000000,1,0,23c1,0,0,0,23c1,0,0,00df022d00fdfecc,1,0,40e803f8,0,1,0,ffd6fe03fc26fc6e,1,0,"Active","Active","Active","Active","Active","Inactive","Inactive","Active","_","Active","Stream Beat","Stream Beat","Stream Beat","Stream Beat","Stream Beat","No Streams","No Streams","Stream Beat","_","Stream Beat"
1340,1340,0,0,0,0,00000004,01d8fff5fe2ffeb3,03f8,1f59,1,0,3f8e2fde,1,0,fd0501d8fbf6fff5fd48fe2fff73feb3,1,1,0,1e5d0a171e5d0a171e5d0a171e5d0a17,1,0,00000000000000000000000000000000,1,0,23c1,0,0,0,23c1,0,0,01d8fff5fe2ffeb3,1,0,40e803f8,0,1,0,fd05fbf6fd48ff73,1,0,"Active","Active","Active","Active","Active","Inactive","Inactive","Active","_","Active","Stream Beat","Stream Beat","Stream Beat","Stream Beat","Stream Beat","No Streams","No Streams","Stream Beat","_","Stream Beat"
1341,1341,0,0,0,0,00000004,fefefe21ff9b01a8,03f8,235b,1,0,2fa82019,1,0,fc5afefefe6dfe21ffe7ff9bff4601a8,1,1,0,1e5d0a171e5d0a171e5d0a171e5d0a17,1,0,00000000000000000000000000000000,1,0,23c1,0,0,0,23c1,0,0,fefefe21ff9b01a8,1,0,40e803f8,0,1,0,fc5afe6dffe7ff46,1,0,"Active","Active","Active","Active","Active","Inactive","Inactive","Active","_","Active","Stream Beat","Stream Beat","Stream Beat","Stream Beat","Stream Beat","No Streams","No Streams","Stream Beat","_","Stream Beat"
1342,1342,0,0,0,0,00000004,fe9b00ae0216011b,03f8,233f,1,0,3f66102d,1,0,ff53fe9bffe800aefe450216fc48011b,1,1,0,1e5d0a171e5d0a171e5d0a171e5d0a17,1,0,00000000000000000000000000000000,1,0,23c1,0,0,0,23c1,0,0,fe9b00ae0216011b,1,0,40e803f8,0,1,0,ff53ffe8fe45fc48,1,0,"Active","Active","Active","Active","Active","Inactive","Inactive","Active","_","Active","Stream Beat","Stream Beat","Stream Beat","Stream Beat","Stream Beat","No Streams","No Streams","Stream Beat","_","Stream Beat"
1343,1343,0,0,0,0,00000004,019501f20024fe49,03f8,234b,1,0,3f5b2fea,1,0,ff5e0195fd2a01f2fbe20024fd2efe49,1,1,0,1e5d0a171e5d0a171e5d0a171e5d0a17,1,0,00000000000000000000000000000000,1,0,23c1,0,0,0,23c1,0,0,019501f20024fe49,1,0,40e803f8,0,1,0,ff5efd2afbe2fd2e,1,0,"Active","Active","Active","Active","Active","Inactive","Inactive","Active","_","Active","Stream Beat","Stream Beat","Stream Beat","Stream Beat","Stream Beat","No Streams","No Streams","Stream Beat","_","Stream Beat"
1344,1344,0,0,0,0,00000004,0140ff1ffe29ff84,03f8,1d9b,1,0,3f9f2fe6,1,0,fc740140fc48ff1ffe44fe29ffe5ff84,1,1,0,1e5d0a171e5d0a171e5d0a171e5d0a17,1,0,00000000000000000000000000000000,1,0,23c1,0,0,0,23c1,0,0,0140ff1ffe29ff84,1,0,40e803f8,0,1,0,fc74fc48fe44ffe5,1,0,"Active","Active","Active","Active","Active","Inactive","Inactive","Active","_","Active","Stream Beat","Stream Beat","Stream Beat","Stream Beat","Stream Beat","No Streams","No Streams","Stream Beat","_","Stream Beat"
1345,1345,0,0,0,0,00000004,fe65fe7a0094021a,03f8,2352,1,0,3f9c1027,1,0,fd0cfe65ff2efe7afff30094fe65021a,1,1,0,1e5d0a171e5d0a171e5d0a171e5d0a17,1,0,00000000000000000000000000000000,1,0,23c1,0,0,0,23c1,0,0,fe65fe7a0094021a,1,0,40e803f8,0,1,0,fd0cff2efff3fe65,1,0,"Active","Active","Active","Active","Active","Inactive","Inactive","Active","_","Active","Stream Beat","Stream Beat","Stream Beat","Stream Beat","Stream Beat","No Streams","No Streams","Stream Beat","_","Stream Beat"
1346,1346,0,0,0,0,00000004,ff32017501fb004b,03f8,2a45,1,0,3f59101f,1,0,ffd2ff32ff780175fd6901fbfc14004b,1,1,0,1e5d0a171e5d0a171e5d0a171e5d0a17,1,0,00000000000000000000000000000000,1,0,23c1,0,0,0,23c1,0,0,ff32017501fb004b,1,0,40e803f8,0,1,0,ffd2ff78fd69fc14,1,0,"Active","Active","Active","Active","Active","Inactive","Inactive","Active","_","Active","Stream Beat","Stream Beat","Stream Beat","Stream Beat","Stream Beat","No Streams","No Streams","Stream Beat","_","Stream Beat"
1347,1347,0,0,0,0,00000004,0207016aff47fe23,03f8,2353,1,0,3f6e2fe0,1,0,fe990207fc83016afc46ff47fe0dfe23,1,1,0,1e5d0a171e5d0a171e5d0a171e5d0a17,1,0,00000000000000000000000000000000,1,0,23c1,0,0,0,23c1,0,0,0207016aff47fe23,1,0,40e803f8,0,1,0,fe99fc83fc46fe0d,1,0,"Active","Active","Active","Active","Active","Inactive","Inactive","Active","_","Active","Stream Beat","Stream Beat","Stream Beat","Stream Beat","Stream Beat","No Streams","No Streams","Stream Beat","_","Stream Beat"
1348,1348,0,0,0,0,00000004,0076fe7efe7c0064,03f8,1d9b,1,0,3fa91ff8,1,0,fc070076fce0fe7eff1efe7cfff80064,1,1,0,1e5d0a171e5d0a171e5d0a171e5d0a17,1,0,00000000000000000000000000000000,1,0,23c1,0,0,0,23c1,0,0,0076fe7efe7c0064,1,0,40e803f8,0,1,0,fc07fce0ff1efff8,1,0,"Active","Active","Active","Active","Active","Inactive","Inactive","Active","_","Active","Stream Beat","Stream Beat","Stream Beat","Stream Beat","Stream Beat","No Streams","No Streams","Stream Beat","_","Stream Beat"
1349,1349,0,0,0,0,00000004,fe1aff2201660211,03f8,2a4e,1,0,3f8c102e,1,0,fddffe1affbdff22ff920166fd890211,1,1,0,1e5d0a171e5d0a171e5d0a171e5d0a17,1,0,00000000000000000000000000000000,1,0,23c1,0,0,0,23c1,0,0,fe1aff2201660211,1,0,40e803f8,0,1,0,fddfffbdff92fd89,1,0,"Active","Active","Active","Active","Active","Inactive","Inactive","Active","_","Active","Stream Beat","Stream Beat","Stream Beat","Stream Beat","Stream Beat","No Streams","No Streams","Stream Beat","_","Stream Beat"
1350,1350,0,0,0,0,00000004,001c020b018cff75,03f8,2a49,1,0,3f56200d,1,0,fffd001cfeba020bfc90018cfc1eff75,1,1,0,1e5d0a171e5d0a171e5d0a171e5d0a17,1,0,00000000000000000000000000000000,1,0,23c1,0,0,0,23c1,0,0,001c020b018cff75,1,0,40e803f8,0,1,0,fffdfebafc90fc1e,1,0,"Active","Active","Active","Active","Active","Inactive","Inactive","Active","_","Active","Stream Beat","Stream Beat","Stream Beat","Stream Beat","Stream Beat","No Streams","No Streams","Stream Beat","_","Stream Beat"
1351,1351,0,0,0,0,00000004,021100a5fe97fe5e,03f8,1d90,1,0,3f7f1fdd,1,0,fdba0211fc1e00a5fcbffe97feeefe5e,1,1,0,1e5d0a171e5d0a171e5d0a171e5d0a17,1,0,00000000000000000000000000000000,1,0,23c1,0,0,0,23c1,0,0,021100a5fe97fe5e,1,0,40e803f8,0,1,0,fdbafc1efcbffeee,1,0,"Active","Active","Active","Active","Active","Inactive","Inactive","Active","_","Active","Stream Beat","Stream Beat","Stream Beat","Stream Beat","Stream Beat","No Streams","No Streams","Stream Beat","_","Stream Beat"
1352,1352,0,0,0,0,00000004,ff9efe27ff18014f,03f8,2360,1,0,3fab200b,1,0,fc22ff9efdb8fe27ffb0ff18ffaa014f,1,1,0,1e5d0a171e5d0a171e5d0a171e5d0a17,1,0,00000000000000000000000000000000,1,0,23c1,0,0,0,23c1,0,0,ff9efe27ff18014f,1,0,40e803f8,0,1,0,fc22fdb8ffb0ffaa,1,0,"Active","Active","Active","Active","Active","Inactive","Inactive","Active","_","Active","Stream Beat","Stream Beat","Stream Beat","Stream Beat","Stream Beat","No Streams","No Streams","Stream Beat","_","Stream Beat"
1353,1353,0,0,0,0,00000004,fe35001a01f801a4,03f8,2a49,1,0,3f761032,1,0,feb3fe350000001afee101f8fcca01a4,1,1,0,1e5d0a171e5d0a171e5d0a171e5d0a17,1,0,00000000000000000000000000000000,1,0,23c1,0,0,0,23c1,0,0,fe35001a01f801a4,1,0,40e803f8,0,1,0,feb30000fee1fcca,1,0,"Active","Active","Active","Active","Active","Inactive","Inactive","Active","_","Active","Stream Beat","Stream Beat","Stream Beat","Stream Beat","Stream Beat","No Streams","No Streams","Stream Beat","_","Stream Beat"
1354,1354,0,0,0,0,00000004,0102022200ccfeb2,03f8,2344,1,0,3f581ffa,1,0,ffca0102fddc0222fc3700ccfc95feb2,1,1,0,1e5d0a171e5d0a171e5d0a171e5d0a17,1,0,00000000000000000000000000000000,1,0,23c1,0,0,0,23c1,0,0,0102022200ccfeb2,1,0,40e803f8,0,1,0,ffcafddcfc37fc95,1,0,"Active","Active","Active","Active","Active","Inactive","Inactive","Active","_","Active","Stream Beat","Stream Beat","Stream Beat","Stream Beat","Stream Beat","No Streams","No Streams","Stream Beat","_","Stream Beat"
1355,1355,0,0,0,0,00000004,01c7ffcbfe34fed7,03f8,2360,1,0,3f932fe2,1,0,fcdb01c7fc03ffcbfd92fe34ff8cfed7,1,1,0,1e5d0a171e5d0a171e5d0a171e5d0a17,1,0,00000000000000000000000000000000,1,0,23c1,0,0,0,23c1,0,0,01c7ffcbfe34fed7,1,0,40e803f8,0,1,0,fcdbfc03fd92ff8c,1,0,"Active","Active","Active","Active","Active","Inactive","Inactive","Active","_","Active","Stream Beat","Stream Beat","Stream Beat","Stream Beat","Stream Beat","No Streams","No Streams","Stream Beat","_","Stream Beat"
1356,1356,0,0,0,0,00000004,fed6fe32ffcb01cb,03f8,235a,1,0,2fa5101e,1,0,fc87fed6fe8ffe32fff9ffcbff1601cb,1,1,0,1e5d0a171e5d0a171e5d0a171e5d0a17,1,0,00000000000000000000000000000000,1,0,23c1,0,0,0,23c1,0,0,fed6fe32ffcb01cb,1,0,40e803f8,0,1,0,fc87fe8ffff9ff16,1,0,"Active","Active","Active","Active","Active","Inactive","Inactive","Active","_","Active","Stream Beat","Stream Beat","Stream Beat","Stream Beat","Stream Beat","No Streams","No Streams","Stream Beat","_","Stream Beat"
1357,1357,0,0,0,0,00000004,feca00f802220103,03f8,233c,1,0,3f67102a,1,0,ff79fecaffd800f8fe080222fc1d0103,1,1,0,1e5d0a171e5d0a171e5d0a171e5d0a17,1,0,00000000000000000000000000000000,1,0,23c1,0,0,0,23c1,0,0,feca00f802220103,1,0,40e803f8,0,1,0,ff79ffd8fe08fc1d,1,0,"Active","Active","Active","Active","Active","Inactive","Inactive","Active","_","Active","Stream Beat","Stream Beat","Stream Beat","Stream Beat","Stream Beat","No Streams","No Streams","Stream Beat","_","Stream Beat"
1358,1358,0,0,0,0,00000004,01cc01e3fff3fe3a,03f8,234d,1,0,3f5f2fe9,1,0,ff2801ccfd0701e3fbf3fff3fd55fe3a,1,1,0,1e5d0a171e5d0a171e5d0a171e5d0a17,1,0,00000000000000000000000000000000,1,0,23c1,0,0,0,23c1,0,0,01cc01e3fff3fe3a,1,0,40e803f8,0,1,0,ff28fd07fbf3fd55,1,0,"Active","Active","Active","Active","Active","Inactive","Inactive","Active","_","Active","Stream Beat","Stream Beat","Stream Beat","Stream Beat","Stream Beat","No Streams","No Streams","Stream Beat","_","Stream Beat"
1359,1359,0,0,0,0,00000004,0121fef5fe30ffc7,03f8,1d9b,1,0,3fa22fe9,1,0,fc5c0121fc64fef5fe64fe30fffbffc7,1,1,0,1e5d0a171e5d0a171e5d0a171e5d0a17,1,0,00000000000000000000000000000000,1,0,23c1,0,0,0,23c1,0,0,0121fef5fe30ffc7,1,0,40e803f8,0,1,0,fc5cfc64fe64fffb,1,0,"Active","Active","Active","Active","Active","Inactive","Inactive","Active","_","Active","Stream Beat","Stream Beat","Stream Beat","Stream Beat","Stream Beat","No Streams","No Streams","Stream Beat","_","Stream Beat"
1360,1360,0,0,0,0,00000004,fe4afea200ab0214,03f8,1f4c,1,0,3f97102e,1,0,fd27fe4aff57fea2ffeb00abfe400214,1,1,0,1e5d0a171e5d0a171e5d0a171e5d0a17,1,0,00000000000000000000000000000000,1,0,23c1,0,0,0,23c1,0,0,fe4afea200ab0214,1,0,40e803f8,0,1,0,fd27ff57ffebfe40,1,0,"Active","Active","Active","Active","Active","Inactive","Inactive","Active","_","Active","Stream Beat","Stream Beat","Stream Beat","Stream Beat","Stream Beat","No Streams","No Streams","Stream Beat","_","Stream Beat"
1361,1361,0,0,0,0,00000004,ff9101a201f30020,03f8,2a45,1,0,3f57201d,1,0,ffe8ff91ff5701a2fd3301f3fbf50020,1,1,0,1e5d0a171e5d0a171e5d0a171e5d0a17,1,0,00000000000000000000000000000000,1,0,23c1,0,0,0,23c1,0,0,ff9101a201f30020,1,0,40e803f8,0,1,0,ffe8ff57fd33fbf5,1,0,"Active","Active","Active","Active","Active","Inactive","Inactive","Active","_","Active","Stream Beat","Stream Beat","Stream Beat","Stream Beat","Stream Beat","No Streams","No Streams","Stream Beat","_","Stream Beat"
1362,1362,0,0,0,0,00000004,020f0145ff22fe2c,03f8,1d8b,1,0,3f712fe0,1,0,fe6e020ffc690145fc4aff22fe46fe2c,1,1,0,1e5d0a171e5d0a171e5d0a171e5d0a17,1,0,00000000000000000000000000000000,1,0,23c1,0,0,0,23c1,0,0,020f0145ff22fe2c,1,0,40e803f8,0,1,0,fe6efc69fc4afe46,1,0,"Active","Active","Active","Active","Active","Inactive","Inactive","Active","_","Active","Stream Beat","Stream Beat","Stream Beat","Stream Beat","Stream Beat","No Streams","No Streams","Stream Beat","_","Stream Beat"
1363,1363,0,0,0,0,00000004,0051fe54fe790089,03f8,1d9d,1,0,3faa1ffa,1,0,fbf60051fcf0fe54ff2bfe79fff50089,1,1,0,1e5d0a171e5d0a171e5d0a171e5d0a17,1,0,00000000000000000000000000000000,1,0,23c1,0,0,0,23c1,0,0,0051fe54fe790089,1,0,40e803f8,0,1,0,fbf6fcf0ff2bfff5,1,0,"Active","Active","Active","Active","Active","Inactive","Inactive","Active","_","Active","Stream Beat","Stream Beat","Stream Beat","Stream Beat","Stream Beat","No Streams","No Streams","Stream Beat","_","Stream Beat"
1364,1364,0,0,0,0,00000004,fe2aff6501890210,03f8,2a4e,1,0,3f861034,1,0,fe19fe2affd9ff65ff750189fd4b0210,1,1,0,1e5d0a171e5d0a171e5d0a171e5d0a17,1,0,00000000000000000000000000000000,1,0,23c1,0,0,0,23c1,0,0,fe2aff6501890210,1,0,40e803f8,0,1,0,fe19ffd9ff75fd4b,1,0,"Active","Active","Active","Active","Active","Inactive","Inactive","Active","_","Active","Stream Beat","Stream Beat","Stream Beat","Stream Beat","Stream Beat","No Streams","No Streams","Stream Beat","_","Stream Beat"
1365,1365,0,0,0,0,00000004,006a01e50170ff44,03f8,2a4a,1,0,3f56200a,1,0,fffd006afeaf01e5fc740170fc1bff44,1,1,0,1e5d0a171e5d0a171e5d0a171e5d0a17,1,0,00000000000000000000000000000000,1,0,23c1,0,0,0,23c1,0,0,006a01e50170ff44,1,0,40e803f8,0,1,0,fffdfeaffc74fc1b,1,0,"Active","Active","Active","Active","Active","Inactive","Inactive","Active","_","Active","Stream Beat","Stream Beat","Stream Beat","Stream Beat","Stream Beat","No Streams","No Streams","Stream Beat","_","Stream Beat"
1366,1366,0,0,0,0,00000004,02160084fe76fe72,03f8,1d93,1,0,3f801fda,1,0,fd7a0216fbeb0084fce0fe76ff0efe72,1,1,0,1e5d0a171e5d0a171e5d0a171e5d0a17,1,0,00000000000000000000000000000000,1,0,23c1,0,0,0,23c1,0,0,02160084fe76fe72,1,0,40e803f8,0,1,0,fd7afbebfce0ff0e,1,0,"Active","Active","Active","Active","Active","Inactive","Inactive","Active","_","Active","Stream Beat","Stream Beat","Stream Beat","Stream Beat","Stream Beat","No Streams","No Streams","Stream Beat","_","Stream Beat"
1367,1367,0,0,0,0,00000004,ff75fe16ff3d0188,03f8,235f,1,0,3fab2012,1,0,fc1dff75fdd7fe16ffc4ff3dff8d0188,1,1,0,1e5d0a171e5d0a171e5d0a171e5d0a17,1,0,00000000000000000000000000000000,1,0,23c1,0,0,0,23c1,0,0,ff75fe16ff3d0188,1,0,40e803f8,0,1,0,fc1dfdd7ffc4ff8d,1,0,"Active","Active","Active","Active","Active","Inactive","Inactive","Active","_","Active","Stream Beat","Stream Beat","Stream Beat","Stream Beat","Stream Beat","No Streams","No Streams","Stream Beat","_","Stream Beat"
1368,1368,0,0,0,0,00000004,fe3c001f01ea017e,03f8,2a49,1,0,3f731030,1,0,fedafe3cfffa001ffed001eafcb5017e,1,1,0,1e5d0a171e5d0a171e5d0a171e5d0a17,1,0,00000000000000000000000000000000,1,0,23c1,0,0,0,23c1,0,0,fe3c001f01ea017e,1,0,40e803f8,0,1,0,fedafffafed0fcb5,1,0,"Active","Active","Active","Active","Active","Inactive","Inactive","Active","_","Active","Stream Beat","Stream Beat","Stream Beat","Stream Beat","Stream Beat","No Streams","No Streams","Stream Beat","_","Stream Beat"
1369,1369,0,0,0,0,00000004,0150021e00a8fe94,03f8,2346,1,0,3f551ff8,1,0,ffa70150fdb3021efc0500a8fcaefe94,1,1,0,1e5d0a171e5d0a171e5d0a171e5d0a17,1,0,00000000000000000000000000000000,1,0,23c1,0,0,0,23c1,0,0,0150021e00a8fe94,1,0,40e803f8,0,1,0,ffa7fdb3fc05fcae,1,0,"Active","Active","Active","Active","Active","Inactive","Inactive","Active","_","Active","Stream Beat","Stream Beat","Stream Beat","Stream Beat","Stream Beat","No Streams","No Streams","Stream Beat","_","Stream Beat"
1370,1370,0,0,0,0,00000004,01b2ff95fe24fefd,03f8,2362,1,0,3f942fe5,1,0,fcc601b2fc15ff95fda6fe24ffadfefd,1,1,0,1e5d0a171e5d0a171e5d0a171e5d0a17,1,0,00000000000000000000000000000000,1,0,23c1,0,0,0,23c1,0,0,01b2ff95fe24fefd,1,0,40e803f8,0,1,0,fcc6fc15fda6ffad,1,0,"Active","Active","Active","Active","Active","Inactive","Inactive","Active","_","Active","Stream Beat","Stream Beat","Stream Beat","Stream Beat","Stream Beat","No Streams","No Streams","Stream Beat","_","Stream Beat"
1371,1371,0,0,0,0,00000004,feaffe37000101cd,03f8,2358,1,0,3fa5101c,1,0,fc92feaffeacfe3700070001feef01cd,1,1,0,1e5d0a171e5d0a171e5d0a171e5d0a17,1,0,00000000000000000000000000000000,1,0,23c1,0,0,0,23c1,0,0,feaffe37000101cd,1,0,40e803f8,0,1,0,fc92feac0007feef,1,0,"Active","Active","Active","Active","Active","Inactive","Inactive","Active","_","Active","Stream Beat","Stream Beat","Stream Beat","Stream Beat","Stream Beat","No Streams","No Streams","Stream Beat","_","Stream Beat"
1372,1372,0,0,0,0,00000004,fede0129023400d3,03f8,2a44,1,0,3f60102a,1,0,ff92fedeffbf0129fdcf0234fc2100d3,1,1,0,1e5d0a171e5d0a171e5d0a171e5d0a17,1,0,00000000000000000000000000000000,1,0,23c1,0,0,0,23c1,0,0,fede0129023400d3,1,0,40e803f8,0,1,0,ff92ffbffdcffc21,1,0,"Active","Active","Active","Active","Active","Inactive","Inactive","Active","_","Active","Stream Beat","Stream Beat","Stream Beat","Stream Beat","Stream Beat","No Streams","No Streams","Stream Beat","_","Stream Beat"
1373,1373,0,0,0,0,00000004,01e601d3ffc8fe28,03f8,234e,1,0,3f622fe6,1,0,ff0701e6fcce01d3fbf1ffc8fd79fe28,1,1,0,1e5d0a171e5d0a171e5d0a171e5d0a17,1,0,00000000000000000000000000000000,1,0,23c1,0,0,0,23c1,0,0,01e601d3ffc8fe28,1,0,40e803f8,0,1,0,ff07fccefbf1fd79,1,0,"Active","Active","Active","Active","Active","Inactive","Inactive","Active","_","Active","Stream Beat","Stream Beat","Stream Beat","Stream Beat","Stream Beat","No Streams","No Streams","Stream Beat","_","Stream Beat"
1374,1374,0,0,0,0,00000004,0101fed7fe34ffd6,03f8,1d9b,1,0,2fa31feb,1,0,fc310101fc89fed7fe8efe34fffcffd6,1,1,0,1e5d0a171e5d0a171e5d0a171e5d0a17,1,0,00000000000000000000000000000000,1,0,23c1,0,0,0,23c1,0,0,0101fed7fe34ffd6,1,0,40e803f8,0,1,0,fc31fc89fe8efffc,1,0,"Active","Active","Active","Active","Active","Inactive","Inactive","Active","_","Active","Stream Beat","Stream Beat","Stream Beat","Stream Beat","Stream Beat","No Streams","No Streams","Stream Beat","_","Stream Beat"
1375,1375,0,0,0,0,00000004,fe36fec000e90214,03f8,27d3,1,0,3f941030,1,0,fd51fe36ff73fec0ffdb00e9fe170214,1,1,0,1e5d0a171e5d0a171e5d0a171e5d0a17,1,0,00000000000000000000000000000000,1,0,23c1,0,0,0,23c1,0,0,fe36fec000e90214,1,0,40e803f8,0,1,0,fd51ff73ffdbfe17,1,0,"Active","Active","Active","Active","Active","Inactive","Inactive","Active","_","Active","Stream Beat","Stream Beat","Stream Beat","Stream Beat","Stream Beat","No Streams","No Streams","Stream Beat","_","Stream Beat"
1376,1376,0,0,0,0,00000004,ff9e01b301cefff9,03f8,2a46,1,0,3f53201a,1,0,ffebff9eff3e01b3fd2001cefc15fff9,1,1,0,1e5d0a171e5d0a171e5d0a171e5d0a17,1,0,00000000000000000000000000000000,1,0,23c1,0,0,0,23c1,0,0,ff9e01b301cefff9,1,0,40e803f8,0,1,0,ffebff3efd20fc15,1,0,"Active","Active","Active","Active","Active","Inactive","Inactive","Active","_","Active","Stream Beat","Stream Beat","Stream Beat","Stream Beat","Stream Beat","No Streams","No Streams","Stream Beat","_","Stream Beat"
1377,1377,0,0,0,0,00000004,02230127fefefe28,03f8,1d8c,1,0,3f742fde,1,0,fe3b0223fc330127fc5bfefefe6cfe28,1,1,0,1e5d0a171e5d0a171e5d0a171e5d0a17,1,0,00000000000000000000000000000000,1,0,23c1,0,0,0,23c1,0,0,02230127fefefe28,1,0,40e803f8,0,1,0,fe3bfc33fc5bfe6c,1,0,"Active","Active","Active","Active","Active","Inactive","Inactive","Active","_","Active","Stream Beat","Stream Beat","Stream Beat","Stream Beat","Stream Beat","No Streams","No Streams","Stream Beat","_","Stream Beat"
1378,1378,0,0,0,0,00000004,0020fe4dfe9700ad,03f8,1d9c,1,0,3fab1fff,1,0,fbfc0020fd28fe4dff51fe97ffe900ad,1,1,0,1e5d0a171e5d0a171e5d0a171e5d0a17,1,0,00000000000000000000000000000000,1,0,23c1,0,0,0,23c1,0,0,0020fe4dfe9700ad,1,0,40e803f8,0,1,0,fbfcfd28ff51ffe9,1,0,"Active","Active","Active","Active","Active","Inactive","Inactive","Active","_","Active","Stream Beat","Stream Beat","Stream Beat","Stream Beat","Stream Beat","No Streams","No Streams","Stream Beat","_","Stream Beat"
1379,1379,0,0,0,0,00000004,fe3aff8f019b0202,03f8,2a4a,1,0,3f852031,1,0,fe46fe3afff0ff8fff53019bfd280202,1,1,0,1e5d0a171e5d0a171e5d0a171e5d0a17,1,0,00000000000000000000000000000000,1,0,23c1,0,0,0,23c1,0,0,fe3aff8f019b0202,1,0,40e803f8,0,1,0,fe46fff0ff53fd28,1,0,"Active","Active","Active","Active","Active","Inactive","Inactive","Active","_","Active","Stream Beat","Stream Beat","Stream Beat","Stream Beat","Stream Beat","No Streams","No Streams","Stream Beat","_","Stream Beat"
1380,1380,0,0,0,0,00000004,008702160152ff23,03f8,2340,1,0,3f532007,1,0,fff70087fe660216fc570152fc66ff23,1,1,0,1e5d0a171e5d0a171e5d0a171e5d0a17,1,0,00000000000000000000000000000000,1,0,23c1,0,0,0,23c1,0,0,008702160152ff23,1,0,40e803f8,0,1,0,fff7fe66fc57fc66,1,0,"Active","Active","Active","Active","Active","Inactive","Inactive","Active","_","Active","Stream Beat","Stream Beat","Stream Beat","Stream Beat","Stream Beat","No Streams","No Streams","Stream Beat","_","Stream Beat"
1381,1381,0,0,0,0,00000004,020b0053fe58fe57,03f8,1d93,1,0,3f851fdb,1,0,fd58020bfbdb0053fcf3fe58ff17fe57,1,1,0,1e5d0a171e5d0a171e5d0a171e5d0a17,1,0,00000000000000000000000000000000,1,0,23c1,0,0,0,23c1,0,0,020b0053fe58fe57,1,0,40e803f8,0,1,0,fd58fbdbfcf3ff17,1,0,"Active","Active","Active","Active","Active","Inactive","Inactive","Active","_","Active","Stream Beat","Stream Beat","Stream Beat","Stream Beat","Stream Beat","No Streams","No Streams","Stream Beat","_","Stream Beat"
1382,1382,0,0,0,0,00000004,ff45fe2cff6d01a3,03f8,235f,1,0,3fab2016,1,0,fc2dff45fe12fe2cffe0ff6dff6801a3,1,1,0,1e5d0a171e5d0a171e5d0a171e5d0a17,1,0,00000000000000000000000000000000,1,0,23c1,0,0,0,23c1,0,0,ff45fe2cff6d01a3,1,0,40e803f8,0,1,0,fc2dfe12ffe0ff68,1,0,"Active","Active","Active","Active","Active","Inactive","Inactive","Active","_","Active","Stream Beat","Stream Beat","Stream Beat","Stream Beat","Stream Beat","No Streams","No Streams","Stream Beat","_","Stream Beat"
1383,1383,0,0,0,0,00000004,fe50005202270170,03f8,2a45,1,0,3f711031,1,0,ff02fe50fff80052fe840227fc7c0170,1,1,0,1e5d0a171e5d0a171e5d0a171e5d0a17,1,0,00000000000000000000000000000000,1,0,23c1,0,0,0,23c1,0,0,fe50005202270170,1,0,40e803f8,0,1,0,ff02fff8fe84fc7c,1,0,"Active","Active","Active","Active","Active","Inactive","Inactive","Active","_","Active","Stream Beat","Stream Beat","Stream Beat","Stream Beat","Stream Beat","No Streams","No Streams","Stream Beat","_","Stream Beat"
1384,1384,0,0,0,0,00000004,01550213007bfe78,03f8,2347,1,0,3f531ff0,1,0,ff940155fd8d0213fbe9007bfccafe78,1,1,0,1e5d0a171e5d0a171e5d0a171e5d0a17,1,0,00000000000000000000000000000000,1,0,23c1,0,0,0,23c1,0,0,01550213007bfe78,1,0,40e803f8,0,1,0,ff94fd8dfbe9fcca,1,0,"Active","Active","Active","Active","Active","Inactive","Inactive","Active","_","Active","Stream Beat","Stream Beat","Stream Beat","Stream Beat","Stream Beat","No Streams","No Streams","Stream Beat","_","Stream Beat"
1385,1385,0,0,0,0,00000004,018aff6bfe19ff42,03f8,2363,1,0,3f982fe8,1,0,fcb6018afc07ff6bfdcdfe19ffccff42,1,1,0,1e5d0a171e5d0a171e5d0a171e5d0a17,1,0,00000000000000000000000000000000,1,0,23c1,0,0,0,23c1,0,0,018aff6bfe19ff42,1,0,40e803f8,0,1,0,fcb6fc07fdcdffcc,1,0,"Active","Active","Active","Active","Active","Inactive","Inactive","Active","_","Active","Stream Beat","Stream Beat","Stream Beat","Stream Beat","Stream Beat","No Streams","No Streams","Stream Beat","_","Stream Beat"
1386,1386,0,0,0,0,00000004,fe94fe45004501eb,03f8,2355,1,0,3f9f1023,1,0,fccdfe94fecffe4500090045fec301eb,1,1,0,1e5d0a171e5d0a171e5d0a171e5d0a17,1,0,00000000000000000000000000000000,1,0,23c1,0,0,0,23c1,0,0,fe94fe45004501eb,1,0,40e803f8,0,1,0,fccdfecf0009fec3,1,0,"Active","Active","Active","Active","Active","Inactive","Inactive","Active","_","Active","Stream Beat","Stream Beat","Stream Beat","Stream Beat","Stream Beat","No Streams","No Streams","Stream Beat","_","Stream Beat"
1387,1387,0,0,0,0,00000004,ff1a0134021f00b1,03f8,2a45,1,0,3f5d1025,1,0,ffafff1affb60134fda5021ffc1c00b1,1,1,0,1e5d0a171e5d0a171e5d0a171e5d0a17,1,0,00000000000000000000000000000000,1,0,23c1,0,0,0,23c1,0,0,ff1a0134021f00b1,1,0,40e803f8,0,1,0,ffafffb6fda5fc1c,1,0,"Active","Active","Active","Active","Active","Inactive","Inactive","Active","_","Active","Stream Beat","Stream Beat","Stream Beat","Stream Beat","Stream Beat","No Streams","No Streams","Stream Beat","_","Stream Beat"
1388,1388,0,0,0,0,00000004,01f001bfff9bfe1d,03f8,234e,1,0,3f652fe5,1,0,fee201f0fca401bffbfeff9bfda5fe1d,1,1,0,1e5d0a171e5d0a171e5d0a171e5d0a17,1,0,00000000000000000000000000000000,1,0,23c1,0,0,0,23c1,0,0,01f001bfff9bfe1d,1,0,40e803f8,0,1,0,fee2fca4fbfefda5,1,0,"Active","Active","Active","Active","Active","Inactive","Inactive","Active","_","Active","Stream Beat","Stream Beat","Stream Beat","Stream Beat","Stream Beat","No Streams","No Streams","Stream Beat","_","Stream Beat"
1389,1389,0,0,0,0,00000004,00cdfebdfe61fff6,03f8,1d9a,1,0,2fa61ff0,1,0,fc3700cdfcadfebdfecffe610002fff6,1,1,0,1e5d0a171e5d0a171e5d0a171e5d0a17,1,0,00000000000000000000000000000000,1,0,23c1,0,0,0,23c1,0,0,00cdfebdfe61fff6,1,0,40e803f8,0,1,0,fc37fcadfecf0002,1,0,"Active","Active","Active","Active","Active","Inactive","Inactive","Active","_","Active","Stream Beat","Stream Beat","Stream Beat","Stream Beat","Stream Beat","No Streams","No Streams","Stream Beat","_","Stream Beat"
1390,1390,0,0,0,0,00000004,fe36fee30114021e,03f8,2a54,1,0,3f921031,1,0,fd81fe36ff9afee3ffbf0114fdec021e,1,1,0,1e5d0a171e5d0a171e5d0a171e5d0a17,1,0,00000000000000000000000000000000,1,0,23c1,0,0,0,23c1,0,0,fe36fee30114021e,1,0,40e803f8,0,1,0,fd81ff9affbffdec,1,0,"Active","Active","Active","Active","Active","Inactive","Inactive","Active","_","Active","Stream Beat","Stream Beat","Stream Beat","Stream Beat","Stream Beat","No Streams","No Streams","Stream Beat","_","Stream Beat"
1391,1391,0,0,0,0,00000004,ffd801d601ccffc7,03f8,2a46,1,0,3f522016,1,0,fff7ffd8ff1301d6fcdd01ccfbffffc7,1,1,0,1e5d0a171e5d0a171e5d0a171e5d0a17,1,0,00000000000000000000000000000000,1,0,23c1,0,0,0,23c1,0,0,ffd801d601ccffc7,1,0,40e803f8,0,1,0,fff7ff13fcddfbff,1,0,"Active","Active","Active","Active","Active","Inactive","Inactive","Active","_","Active","Stream Beat","Stream Beat","Stream Beat","Stream Beat","Stream Beat","No Streams","No Streams","Stream Beat","_","Stream Beat"
1392,1392,0,0,0,0,00000004,022200f6fedcfe14,03f8,1d8e,1,0,2f7b2fde,1,0,fe140222fc4000f6fc78fedcfe7dfe14,1,1,0,1e5d0a171e5d0a171e5d0a171e5d0a17,1,0,00000000000000000000000000000000,1,0,23c1,0,0,0,23c1,0,0,022200f6fedcfe14,1,0,40e803f8,0,1,0,fe14fc40fc78fe7d,1,0,"Active","Active","Active","Active","Active","Inactive","Inactive","Active","_","Active","Stream Beat","Stream Beat","Stream Beat","Stream Beat","Stream Beat","No Streams","No Streams","Stream Beat","_","Stream Beat"
1393,1393,0,0,0,0,00000004,fff6fe37feb500d3,03f8,1f5f,1,0,3fac2004,1,0,fbfdfff6fd4bfe37ff71feb5ffda00d3,1,1,0,1e5d0a171e5d0a171e5d0a171e5d0a17,1,0,00000000000000000000000000000000,1,0,23c1,0,0,0,23c1,0,0,fff6fe37feb500d3,1,0,40e803f8,0,1,0,fbfdfd4bff71ffda,1,0,"Active","Active","Active","Active","Active","Inactive","Inactive","Active","_","Active","Stream Beat","Stream Beat","Stream Beat","Stream Beat","Stream Beat","No Streams","No Streams","Stream Beat","_","Stream Beat"
1394,1394,0,0,0,0,00000004,fe3cffc301a001e8,03f8,2a49,1,0,3f7e2034,1,0,fe6efe3cfffaffc3ff4001a0fd0301e8,1,1,0,1e5d0a171e5d0a171e5d0a171e5d0a17,1,0,00000000000000000000000000000000,1,0,23c1,0,0,0,23c1,0,0,fe3cffc301a001e8,1,0,40e803f8,0,1,0,fe6efffaff40fd03,1,0,"Active","Active","Active","Active","Active","Inactive","Inactive","Active","_","Active","Stream Beat","Stream Beat","Stream Beat","Stream Beat","Stream Beat","No Streams","No Streams","Stream Beat","_","Stream Beat"
1395,1395,0,0,0,0,00000004,00a4020f0126fef5,03f8,2340,1,0,3f542000,1,0,ffed00a4fe46020ffc570126fc58fef5,1,1,0,1e5d0a171e5d0a171e5d0a171e5d0a17,1,0,00000000000000000000000000000000,1,0,23c1,0,0,0,23c1,0,0,00a4020f0126fef5,1,0,40e803f8,0,1,0,ffedfe46fc57fc58,1,0,"Active","Active","Active","Active","Active","Inactive","Inactive","Active","_","Active","Stream Beat","Stream Beat","Stream Beat","Stream Beat","Stream Beat","No Streams","No Streams","Stream Beat","_","Stream Beat"
1396,1396,0,0,0,0,00000004,01f20021fe3ffea4,03f8,1d95,1,0,3f892fdb,1,0,fd3f01f2fbfc0021fd0ffe3fff56fea4,1,1,0,1e5d0a171e5d0a171e5d0a171e5d0a17,1,0,00000000000000000000000000000000,1,0,23c1,0,0,0,23c1,0,0,01f20021fe3ffea4,1,0,40e803f8,0,1,0,fd3ffbfcfd0fff56,1,0,"Active","Active","Active","Active","Active","Inactive","Inactive","Active","_","Active","Stream Beat","Stream Beat","Stream Beat","Stream Beat","Stream Beat","No Streams","No Streams","Stream Beat","_","Stream Beat"
1397,1397,0,0,0,0,00000004,ff16fe14ff8e0193,03f8,235d,1,0,3faa2018,1,0,fc27ff16fe22fe14ffeeff8eff580193,1,1,0,1e5d0a171e5d0a171e5d0a171e5d0a17,1,0,00000000000000000000000000000000,1,0,23c1,0,0,0,23c1,0,0,ff16fe14ff8e0193,1,0,40e803f8,0,1,0,fc27fe22ffeeff58,1,0,"Active","Active","Active","Active","Active","Inactive","Inactive","Active","_","Active","Stream Beat","Stream Beat","Stream Beat","Stream Beat","Stream Beat","No Streams","No Streams","Stream Beat","_","Stream Beat"
1398,1398,0,0,0,0,00000004,fe8c00820221014b,03f8,2341,1,0,3f6e102c,1,0,ff39fe8cfff50082fe610221fc6f014b,1,1,0,1e5d0a171e5d0a171e5d0a171e5d0a17,1,0,00000000000000000000000000000000,1,0,23c1,0,0,0,23c1,0,0,fe8c00820221014b,1,0,40e803f8,0,1,0,ff39fff5fe61fc6f,1,0,"Active","Active","Active","Active","Active","Inactive","Inactive","Active","_","Active","Stream Beat","Stream Beat","Stream Beat","Stream Beat","Stream Beat","No Streams","No Streams","Stream Beat","_","Stream Beat"
1399,1399,0,0,0,0,00000004,017c020a004dfe61,03f8,2348,1,0,3f5a1fef,1,0,ff74017cfd62020afbf9004dfcf4fe61,1,1,0,1e5d0a171e5d0a171e5d0a171e5d0a17,1,0,00000000000000000000000000000000,1,0,23c1,0,0,0,23c1,0,0,017c020a004dfe61,1,0,40e803f8,0,1,0,ff74fd62fbf9fcf4,1,0,"Active","Active","Active","Active","Active","Inactive","Inactive","Active","_","Active","Stream Beat","Stream Beat","Stream Beat","Stream Beat","Stream Beat","No Streams","No Streams","Stream Beat","_","Stream Beat"
1400,1400,0,0,0,0,00000004,017dff46fe1aff39,03f8,2364,1,0,3f982fe4,1,0,fc66017dfc26ff46fdfdfe1affd4ff39,1,1,0,1e5d0a171e5d0a171e5d0a171e5d0a17,1,0,00000000000000000000000000000000,1,0,23c1,0,0,0,23c1,0,0,017dff46fe1aff39,1,0,40e803f8,0,1,0,fc66fc26fdfdffd4,1,0,"Active","Active","Active","Active","Active","Inactive","Inactive","Active","_","Active","Stream Beat","Stream Beat","Stream Beat","Stream Beat","Stream Beat","No Streams","No Streams","Stream Beat","_","Stream Beat"
1401,1401,0,0,0,0,00000004,fe6afe6700580203,03f8,2354,1,0,3f9f1027,1,0,fcc3fe6aff04fe6700000058fe9a0203,1,1,0,1e5d0a171e5d0a171e5d0a171e5d0a17,1,0,00000000000000000000000000000000,1,0,23c1,0,0,0,23c1,0,0,fe6afe6700580203,1,0,40e803f8,0,1,0,fcc3ff040000fe9a,1,0,"Active","Active","Active","Active","Active","Inactive","Inactive","Active","_","Active","Stream Beat","Stream Beat","Stream Beat","Stream Beat","Stream Beat","No Streams","No Streams","Stream Beat","_","Stream Beat"
1402,1402,0,0,0,0,00000004,ff3b01530214008b,03f8,2a44,1,0,3f5c1023,1,0,ffc2ff3bff9f0153fd7f0214fbd8008b,1,1,0,1e5d0a171e5d0a171e5d0a171e5d0a17,1,0,00000000000000000000000000000000,1,0,23c1,0,0,0,23c1,0,0,ff3b01530214008b,1,0,40e803f8,0,1,0,ffc2ff9ffd7ffbd8,1,0,"Active","Active","Active","Active","Active","Inactive","Inactive","Active","_","Active","Stream Beat","Stream Beat","Stream Beat","Stream Beat","Stream Beat","No Streams","No Streams","Stream Beat","_","Stream Beat"
1403,1403,0,0,0,0,00000004,01fb0182ff79fe2b,03f8,2351,1,0,3f652fe1,1,0,febe01fbfcbe0182fc34ff79fdebfe2b,1,1,0,1e5d0a171e5d0a171e5d0a171e5d0a17,1,0,00000000000000000000000000000000,1,0,23c1,0,0,0,23c1,0,0,01fb0182ff79fe2b,1,0,40e803f8,0,1,0,febefcbefc34fdeb,1,0,"Active","Active","Active","Active","Active","Inactive","Inactive","Active","_","Active","Stream Beat","Stream Beat","Stream Beat","Stream Beat","Stream Beat","No Streams","No Streams","Stream Beat","_","Stream Beat"
1404,1404,0,0,0,0,00000004,00b0fe95fe560049,03f8,1d9a,1,0,2fa61ff2,1,0,fc2b00b0fccafe95fedafe5600060049,1,1,0,1e5d0a171e5d0a171e5d0a171e5d0a17,1,0,00000000000000000000000000000000,1,0,23c1,0,0,0,23c1,0,0,00b0fe95fe560049,1,0,40e803f8,0,1,0,fc2bfccafeda0006,1,0,"Active","Active","Active","Active","Active","Inactive","Inactive","Active","_","Active","Stream Beat","Stream Beat","Stream Beat","Stream Beat","Stream Beat","No Streams","No Streams","Stream Beat","_","Stream Beat"
1405,1405,0,0,0,0,00000004,fe28ff08010f0218,03f8,2a50,1,0,3f8b1032,1,0,fdb0fe28ffa9ff08ffc1010ffdb00218,1,1,0,1e5d0a171e5d0a171e5d0a171e5d0a17,1,0,00000000000000000000000000000000,1,0,23c1,0,0,0,23c1,0,0,fe28ff08010f0218,1,0,40e803f8,0,1,0,fdb0ffa9ffc1fdb0,1,0,"Active","Active","Active","Active","Active","Inactive","Inactive","Active","_","Active","Stream Beat","Stream Beat","Stream Beat","Stream Beat","Stream Beat","No Streams","No Streams","Stream Beat","_","Stream Beat"
1406,1406,0,0,0,0,00000004,ffff01f101bdff9e,03f8,2a48,1,0,3f592012,1,0,0002fffffee401f1fca801bdfc10ff9e,1,1,0,1e5d0a171e5d0a171e5d0a171e5d0a17,1,0,00000000000000000000000000000000,1,0,23c1,0,0,0,23c1,0,0,ffff01f101bdff9e,1,0,40e803f8,0,1,0,0002fee4fca8fc10,1,0,"Active","Active","Active","Active","Active","Inactive","Inactive","Active","_","Active","Stream Beat","Stream Beat","Stream Beat","Stream Beat","Stream Beat","No Streams","No Streams","Stream Beat","_","Stream Beat"
1407,1407,0,0,0,0,00000004,021d00dafeb4fe4e,03f8,1d8f,1,0,2f7d1fde,1,0,fde9021dfc1200dafc96feb4febffe4e,1,1,0,1e5d0a171e5d0a171e5d0a171e5d0a17,1,0,00000000000000000000000000000000,1,0,23c1,0,0,0,23c1,0,0,021d00dafeb4fe4e,1,0,40e803f8,0,1,0,fde9fc12fc96febf,1,0,"Active","Active","Active","Active","Active","Inactive","Inactive","Active","_","Active","Stream Beat","Stream Beat","Stream Beat","Stream Beat","Stream Beat","No Streams","No Streams","Stream Beat","_","Stream Beat"
1408,1408,0,0,0,0,00000004,ffc7fe2dfef30104,03f8,1f5e,1,0,3fac2005,1,0,fbfcffc7fd75fe2dff9cfef3ffc70104,1,1,0,1e5d0a171e5d0a171e5d0a171e5d0a17,1,0,00000000000000000000000000000000,1,0,23c1,0,0,0,23c1,0,0,ffc7fe2dfef30104,1,0,40e803f8,0,1,0,fbfcfd75ff9cffc7,1,0,"Active","Active","Active","Active","Active","Inactive","Inactive","Active","_","Active","Stream Beat","Stream Beat","Stream Beat","Stream Beat","Stream Beat","No Streams","No Streams","Stream Beat","_","Stream Beat"
1409,1409,0,0,0,0,00000004,fe3bffec01d801cb,03f8,2a48,1,0,2f792034,1,0,fe96fe3bfffdffecff0d01d8fcea01cb,1,1,0,1e5d0a171e5d0a171e5d0a171e5d0a17,1,0,00000000000000000000000000000000,1,0,23c1,0,0,0,23c1,0,0,fe3bffec01d801cb,1,0,40e803f8,0,1,0,fe96fffdff0dfcea,1,0,"Active","Active","Active","Active","Active","Inactive","Inactive","Active","_","Active","Stream Beat","Stream Beat","Stream Beat","Stream Beat","Stream Beat","No Streams","No Streams","Stream Beat","_","Stream Beat"
1410,1410,0,0,0,0,00000004,00df022600fdfee3,03f8,2342,1,0,3f551fff,1,0,ffdb00dffe0f0226fc3700fdfc93fee3,1,1,0,1e5d0a171e5d0a171e5d0a171e5d0a17,1,0,00000000000000000000000000000000,1,0,23c1,0,0,0,23c1,0,0,00df022600fdfee3,1,0,40e803f8,0,1,0,ffdbfe0ffc37fc93,1,0,"Active","Active","Active","Active","Active","Inactive","Inactive","Active","_","Active","Stream Beat","Stream Beat","Stream Beat","Stream Beat","Stream Beat","No Streams","No Streams","Stream Beat","_","Stream Beat"
1411,1411,0,0,0,0,00000004,01e3fffafe2dfeb8,03f8,1900,1,0,3f8d2fde,1,0,fd0801e3fc07fffafd3dfe2dff70feb8,1,1,0,1e5d0a171e5d0a171e5d0a171e5d0a17,1,0,00000000000000000000000000000000,1,0,23c1,0,0,0,23c1,0,0,01e3fffafe2dfeb8,1,0,40e803f8,0,1,0,fd08fc07fd3dff70,1,0,"Active","Active","Active","Active","Active","Inactive","Inactive","Active","_","Active","Stream Beat","Stream Beat","Stream Beat","Stream Beat","Stream Beat","No Streams","No Streams","Stream Beat","_","Stream Beat"
1412,1412,0,0,0,0,00000004,fefafe2aff8d01b8,03f8,235b,1,0,3fa8201c,1,0,fc4bfefafe65fe2affedff8dff3a01b8,1,1,0,1e5d0a171e5d0a171e5d0a171e5d0a17,1,0,00000000000000000000000000000000,1,0,23c1,0,0,0,23c1,0,0,fefafe2aff8d01b8,1,0,40e803f8,0,1,0,fc4bfe65ffedff3a,1,0,"Active","Active","Active","Active","Active","Inactive","Inactive","Active","_","Active","Stream Beat","Stream Beat","Stream Beat","Stream Beat","Stream Beat","No Streams","No Streams","Stream Beat","_","Stream Beat"
1413,1413,0,0,0,0,00000004,feae00c6021c012a,03f8,233e,1,0,3f6b102e,1,0,ff5dfeaeffe500c6fe44021cfc3a012a,1,1,0,1e5d0a171e5d0a171e5d0a171e5d0a17,1,0,00000000000000000000000000000000,1,0,23c1,0,0,0,23c1,0,0,feae00c6021c012a,1,0,40e803f8,0,1,0,ff5dffe5fe44fc3a,1,0,"Active","Active","Active","Active","Active","Inactive","Inactive","Active","_","Active","Stream Beat","Stream Beat","Stream Beat","Stream Beat","Stream Beat","No Streams","No Streams","Stream Beat","_","Stream Beat"
1414,1414,0,0,0,0,00000004,019001fa0023fe4b,03f8,234b,1,0,3f5b2fec,1,0,ff5b0190fd3601fafbfd0023fd1efe4b,1,1,0,1e5d0a171e5d0a171e5d0a171e5d0a17,1,0,00000000000000000000000000000000,1,0,23c1,0,0,0,23c1,0,0,019001fa0023fe4b,1,0,40e803f8,0,1,0,ff5bfd36fbfdfd1e,1,0,"Active","Active","Active","Active","Active","Inactive","Inactive","Active","_","Active","Stream Beat","Stream Beat","Stream Beat","Stream Beat","Stream Beat","No Streams","No Streams","Stream Beat","_","Stream Beat"
1415,1415,0,0,0,0,00000004,0153ff1efe1bff6d,03f8,1d9b,1,0,3f9d2fe6,1,0,fc680153fc4aff1efe26fe1bffe8ff6d,1,1,0,1e5d0a171e5d0a171e5d0a171e5d0a17,1,0,00000000000000000000000000000000,1,0,23c1,0,0,0,23c1,0,0,0153ff1efe1bff6d,1,0,40e803f8,0,1,0,fc68fc4afe26ffe8,1,0,"Active","Active","Active","Active","Active","Inactive","Inactive","Active","_","Active","Stream Beat","Stream Beat","Stream Beat","Stream Beat","Stream Beat","No Streams","No Streams","Stream Beat","_","Stream Beat"
1416,1416,0,0,0,0,00000004,fe63fe820078020a,03f8,2353,1,0,3f9c102b,1,0,fd0cfe63ff28fe82fffc0078fe6e020a,1,1,0,1e5d0a171e5d0a171e5d0a171e5d0a17,1,0,00000000000000000000000000000000,1,0,23c1,0,0,0,23c1,0,0,fe63fe820078020a,1,0,40e803f8,0,1,0,fd0cff28fffcfe6e,1,0,"Active","Active","Active","Active","Active","Inactive","Inactive","Active","_","Active","Stream Beat","Stream Beat","Stream Beat","Stream Beat","Stream Beat","No Streams","No Streams","Stream Beat","_","Stream Beat"
1417,1417,0,0,0,0,00000004,ff63019a01fc0059,03f8,2a46,1,0,3f5a101f,1,0,ffd1ff63ff79019afd6001fcfc0c0059,1,1,0,1e5d0a171e5d0a171e5d0a171e5d0a17,1,0,00000000000000000000000000000000,1,0,23c1,0,0,0,23c1,0,0,ff63019a01fc0059,1,0,40e803f8,0,1,0,ffd1ff79fd60fc0c,1,0,"Active","Active","Active","Active","Active","Inactive","Inactive","Active","_","Active","Stream Beat","Stream Beat","Stream Beat","Stream Beat","Stream Beat","No Streams","No Streams","Stream Beat","_","Stream Beat"
1418,1418,0,0,0,0,00000004,0212017fff51fe0b,03f8,2353,1,0,3f6c2fdf,1,0,fe970212fc53017ffc2dff51fdfdfe0b,1,1,0,1e5d0a171e5d0a171e5d0a171e5d0a17,1,0,00000000000000000000000000000000,1,0,23c1,0,0,0,23c1,0,0,0212017fff51fe0b,1,0,40e803f8,0,1,0,fe97fc53fc2dfdfd,1,0,"Active","Active","Active","Active","Active","Inactive","Inactive","Active","_","Active","Stream Beat","Stream Beat","Stream Beat","Stream Beat","Stream Beat","No Streams","No Streams","Stream Beat","_","Stream Beat"
1419,1419,0,0,0,0,00000004,0084fe6bfe49005a,03f8,1d9c,1,0,3fa91ff6,1,0,fbe80084fcb5fe6bfef7fe49fffb005a,1,1,0,1e5d0a171e5d0a171e5d0a171e5d0a17,1,0,00000000000000000000000000000000,1,0,23c1,0,0,0,23c1,0,0,0084fe6bfe49005a,1,0,40e803f8,0,1,0,fbe8fcb5fef7fffb,1,0,"Active","Active","Active","Active","Active","Inactive","Inactive","Active","_","Active","Stream Beat","Stream Beat","Stream Beat","Stream Beat","Stream Beat","No Streams","No Streams","Stream Beat","_","Stream Beat"
1420,1420,0,0,0,0,00000004,fe1fff2c01680212,03f8,2a4e,1,0,3f8b1035,1,0,fdd6fe1fffc3ff2cff930168fd8d0212,1,1,0,1e5d0a171e5d0a171e5d0a171e5d0a17,1,0,00000000000000000000000000000000,1,0,23c1,0,0,0,23c1,0,0,fe1fff2c01680212,1,0,40e803f8,0,1,0,fdd6ffc3ff93fd8d,1,0,"Active","Active","Active","Active","Active","Inactive","Inactive","Active","_","Active","Stream Beat","Stream Beat","Stream Beat","Stream Beat","Stream Beat","No Streams","No Streams","Stream Beat","_","Stream Beat"
1421,1421,0,0,0,0,00000004,003201f10183ff79,03f8,2a48,1,0,3f51200e,1,0,00000032feca01f1fcbf0183fc3dff79,1,1,0,1e5d0a171e5d0a171e5d0a171e5d0a17,1,0,00000000000000000000000000000000,1,0,23c1,0,0,0,23c1,0,0,003201f10183ff79,1,0,40e803f8,0,1,0,0000fecafcbffc3d,1,0,"Active","Active","Active","Active","Active","Inactive","Inactive","Active","_","Active","Stream Beat","Stream Beat","Stream Beat","Stream Beat","Stream Beat","No Streams","No Streams","Stream Beat","_","Stream Beat"
1422,1422,0,0,0,0,00000004,022800b3fe8cfe46,03f8,1d90,1,0,3f781fd9,1,0,fda90228fbf000b3fc97fe8cfed9fe46,1,1,0,1e5d0a171e5d0a171e5d0a171e5d0a17,1,0,00000000000000000000000000000000,1,0,23c1,0,0,0,23c1,0,0,022800b3fe8cfe46,1,0,40e803f8,0,1,0,fda9fbf0fc97fed9,1,0,"Active","Active","Active","Active","Active","Inactive","Inactive","Active","_","Active","Stream Beat","Stream Beat","Stream Beat","Stream Beat","Stream Beat","No Streams","No Streams","Stream Beat","_","Stream Beat"
1423,1423,0,0,0,0,00000004,ffa5fe29ff1e013b,03f8,1f5d,1,0,3fab200c,1,0,fc0bffa5fdb6fe29ffb0ff1effb2013b,1,1,0,1e5d0a171e5d0a171e5d0a171e5d0a17,1,0,00000000000000000000000000000000,1,0,23c1,0,0,0,23c1,0,0,ffa5fe29ff1e013b,1,0,40e803f8,0,1,0,fc0bfdb6ffb0ffb2,1,0,"Active","Active","Active","Active","Active","Inactive","Inactive","Active","_","Active","Stream Beat","Stream Beat","Stream Beat","Stream Beat","Stream Beat","No Streams","No Streams","Stream Beat","_","Stream Beat"
1424,1424,0,0,0,0,00000004,fe21000001f301af,03f8,2a47,1,0,2f7c1031,1,0,fea6fe21fffb0000feec01f3fcb801af,1,1,0,1e5d0a171e5d0a171e5d0a171e5d0a17,1,0,00000000000000000000000000000000,1,0,23c1,0,0,0,23c1,0,0,fe21000001f301af,1,0,40e803f8,0,1,0,fea6fffbfeecfcb8,1,0,"Active","Active","Active","Active","Active","Inactive","Inactive","Active","_","Active","Stream Beat","Stream Beat","Stream Beat","Stream Beat","Stream Beat","No Streams","No Streams","Stream Beat","_","Stream Beat"
1425,1425,0,0,0,0,00000004,010f022000d7feb8,03f8,2345,1,0,3f501ffa,1,0,ffc7010ffde80220fc1900d7fc8bfeb8,1,1,0,1e5d0a171e5d0a171e5d0a171e5d0a17,1,0,00000000000000000000000000000000,1,0,23c1,0,0,0,23c1,0,0,010f022000d7feb8,1,0,40e803f8,0,1,0,ffc7fde8fc19fc8b,1,0,"Active","Active","Active","Active","Active","Inactive","Inactive","Active","_","Active","Stream Beat","Stream Beat","Stream Beat","Stream Beat","Stream Beat","No Streams","No Streams","Stream Beat","_","Stream Beat"
1426,1426,0,0,0,0,00000004,01d3ffcffe23febe,03f8,1f5a,1,0,3f922fe2,1,0,fcd201d3fbf1ffcffd70fe23ff82febe,1,1,0,1e5d0a171e5d0a171e5d0a171e5d0a17,1,0,00000000000000000000000000000000,1,0,23c1,0,0,0,23c1,0,0,01d3ffcffe23febe,1,0,40e803f8,0,1,0,fcd2fbf1fd70ff82,1,0,"Active","Active","Active","Active","Active","Inactive","Inactive","Active","_","Active","Stream Beat","Stream Beat","Stream Beat","Stream Beat","Stream Beat","No Streams","No Streams","Stream Beat","_","Stream Beat"
1427,1427,0,0,0,0,00000004,fed8fe34ffd401ce,03f8,235b,1,0,3fa4101c,1,0,fc6afed8fe90fe34fff8ffd4ff1801ce,1,1,0,1e5d0a171e5d0a171e5d0a171e5d0a17,1,0,00000000000000000000000000000000,1,0,23c1,0,0,0,23c1,0,0,fed8fe34ffd401ce,1,0,40e803f8,0,1,0,fc6afe90fff8ff18,1,0,"Active","Active","Active","Active","Active","Inactive","Inactive","Active","_","Active","Stream Beat","Stream Beat","Stream Beat","Stream Beat","Stream Beat","No Streams","No Streams","Stream Beat","_","Stream Beat"
1428,1428,0,0,0,0,00000004,fe9100c4022800f6,03f8,1f31,1,0,3f65102b,1,0,ff5ffe91ffdd00c4fe110228fc5300f6,1,1,0,1e5d0a171e5d0a171e5d0a171e5d0a17,1,0,00000000000000000000000000000000,1,0,23c1,0,0,0,23c1,0,0,fe9100c4022800f6,1,0,40e803f8,0,1,0,ff5fffddfe11fc53,1,0,"Active","Active","Active","Active","Active","Inactive","Inactive","Active","_","Active","Stream Beat","Stream Beat","Stream Beat","Stream Beat","Stream Beat","No Streams","No Streams","Stream Beat","_","Stream Beat"
1429,1429,0,0,0,0,00000004,01b001e7fffdfe3c,03f8,234b,1,0,3f5b2fe8,1,0,ff4301b0fcfe01e7fc02fffdfd52fe3c,1,1,0,1e5d0a171e5d0a171e5d0a171e5d0a17,1,0,00000000000000000000000000000000,1,0,23c1,0,0,0,23c1,0,0,01b001e7fffdfe3c,1,0,40e803f8,0,1,0,ff43fcfefc02fd52,1,0,"Active","Active","Active","Active","Active","Inactive","Inactive","Active","_","Active","Stream Beat","Stream Beat","Stream Beat","Stream Beat","Stream Beat","No Streams","No Streams","Stream Beat","_","Stream Beat"
1430,1430,0,0,0,0,00000004,012bff03fe29ffb7,03f8,1d9b,1,0,3fa02fea,1,0,fc3b012bfc62ff03fe67fe29ffefffb7,1,1,0,1e5d0a171e5d0a171e5d0a171e5d0a17,1,0,00000000000000000000000000000000,1,0,23c1,0,0,0,23c1,0,0,012bff03fe29ffb7,1,0,40e803f8,0,1,0,fc3bfc62fe67ffef,1,0,"Active","Active","Active","Active","Active","Inactive","Inactive","Active","_","Active","Stream Beat","Stream Beat","Stream Beat","Stream Beat","Stream Beat","No Streams","No Streams","Stream Beat","_","Stream Beat"
1431,1431,0,0,0,0,00000004,fe41fe8900c3021f,03f8,2351,1,0,3f9a1027,1,0,fd12fe41ff47fe89ffe800c3fe42021f,1,1,0,1e5d0a171e5d0a171e5d0a171e5d0a17,1,0,00000000000000000000000000000000,1,0,23c1,0,0,0,23c1,0,0,fe41fe8900c3021f,1,0,40e803f8,0,1,0,fd12ff47ffe8fe42,1,0,"Active","Active","Active","Active","Active","Inactive","Inactive","Active","_","Active","Stream Beat","Stream Beat","Stream Beat","Stream Beat","Stream Beat","No Streams","No Streams","Stream Beat","_","Stream Beat"
1432,1432,0,0,0,0,00000004,ff78017702020026,03f8,2a45,1,0,3f59201d,1,0,ffebff78ff650177fd2b0202fc0b0026,1,1,0,1e5d0a171e5d0a171e5d0a171e5d0a17,1,0,00000000000000000000000000000000,1,0,23c1,0,0,0,23c1,0,0,ff78017702020026,1,0,40e803f8,0,1,0,ffebff65fd2bfc0b,1,0,"Active","Active","Active","Active","Active","Inactive","Inactive","Active","_","Active","Stream Beat","Stream Beat","Stream Beat","Stream Beat","Stream Beat","No Streams","No Streams","Stream Beat","_","Stream Beat"
1433,1433,0,0,0,0,00000004,021f015bff1efe32,03f8,1d8a,1,0,3f6f2fe0,1,0,fe63021ffc52015bfc46ff1efe37fe32,1,1,0,1e5d0a171e5d0a171e5d0a171e5d0a17,1,0,00000000000000000000000000000000,1,0,23c1,0,0,0,23c1,0,0,021f015bff1efe32,1,0,40e803f8,0,1,0,fe63fc52fc46fe37,1,0,"Active","Active","Active","Active","Active","Inactive","Inactive","Active","_","Active","Stream Beat","Stream Beat","Stream Beat","Stream Beat","Stream Beat","No Streams","No Streams","Stream Beat","_","Stream Beat"
1434,1434,0,0,0,0,00000004,0051fe69fe680092,03f8,1d9c,1,0,3fa81ffa,1,0,fc030051fd01fe69ff22fe68fff50092,1,1,0,1e5d0a171e5d0a171e5d0a171e5d0a17,1,0,00000000000000000000000000000000,1,0,23c1,0,0,0,23c1,0,0,0051fe69fe680092,1,0,40e803f8,0,1,0,fc03fd01ff22fff5,1,0,"Active","Active","Active","Active","Active","Inactive","Inactive","Active","_","Active","Stream Beat","Stream Beat","Stream Beat","Stream Beat","Stream Beat","No Streams","No Streams","Stream Beat","_","Stream Beat"
1435,1435,0,0,0,0,00000004,fe16ff4b017e0200,03f8,2a4c,1,0,3f881031,1,0,fdf7fe16ffd6ff4bff78017efd6f0200,1,1,0,1e5d0a171e5d0a171e5d0a171e5d0a17,1,0,00000000000000000000000000000000,1,0,23c1,0,0,0,23c1,0,0,fe16ff4b017e0200,1,0,40e803f8,0,1,0,fdf7ffd6ff78fd6f,1,0,"Active","Active","Active","Active","Active","Inactive","Inactive","Active","_","Active","Stream Beat","Stream Beat","Stream Beat","Stream Beat","Stream Beat","No Streams","No Streams","Stream Beat","_","Stream Beat"
1436,1436,0,0,0,0,00000004,006302010188ff48,03f8,2a4a,1,0,3f53200c,1,0,00030063fe980201fc5c0188fc30ff48,1,1,0,1e5d0a171e5d0a171e5d0a171e5d0a17,1,0,00000000000000000000000000000000,1,0,23c1,0,0,0,23c1,0,0,006302010188ff48,1,0,40e803f8,0,1,0,0003fe98fc5cfc30,1,0,"Active","Active","Active","Active","Active","Inactive","Inactive","Active","_","Active","Stream Beat","Stream Beat","Stream Beat","Stream Beat","Stream Beat","No Streams","No Streams","Stream Beat","_","Stream Beat"
1437,1437,0,0,0,0,00000004,02150084fe81fe77,03f8,1d93,1,0,3f811fdb,1,0,fd8d0215fbfe0084fceafe81ff0afe77,1,1,0,1e5d0a171e5d0a171e5d0a171e5d0a17,1,0,00000000000000000000000000000000,1,0,23c1,0,0,0,23c1,0,0,02150084fe81fe77,1,0,40e803f8,0,1,0,fd8dfbfefceaff0a,1,0,"Active","Active","Active","Active","Active","Inactive","Inactive","Active","_","Active","Stream Beat","Stream Beat","Stream Beat","Stream Beat","Stream Beat","No Streams","No Streams","Stream Beat","_","Stream Beat"
1438,1438,0,0,0,0,00000004,ff73fe1cff32013e,03f8,2360,1,0,3fab200d,1,0,fc1fff73fdcbfe1cffc9ff32ff9d013e,1,1,0,1e5d0a171e5d0a171e5d0a171e5d0a17,1,0,00000000000000000000000000000000,1,0,23c1,0,0,0,23c1,0,0,ff73fe1cff32013e,1,0,40e803f8,0,1,0,fc1ffdcbffc9ff9d,1,0,"Active","Active","Active","Active","Active","Inactive","Inactive","Active","_","Active","Stream Beat","Stream Beat","Stream Beat","Stream Beat","Stream Beat","No Streams","No Streams","Stream Beat","_","Stream Beat"
1439,1439,0,0,0,0,00000004,fe54002001e7019e,03f8,2a46,1,0,2f721033,1,0,fee1fe5400010020fecd01e7fc92019e,1,1,0,1e5d0a171e5d0a171e5d0a171e5d0a17,1,0,00000000000000000000000000000000,1,0,23c1,0,0,0,23c1,0,0,fe54002001e7019e,1,0,40e803f8,0,1,0,fee10001fecdfc92,1,0,"Active","Active","Active","Active","Active","Inactive","Inactive","Active","_","Active","Stream Beat","Stream Beat","Stream Beat","Stream Beat","Stream Beat","No Streams","No Streams","Stream Beat","_","Stream Beat"
1440,1440,0,0,0,0,00000004,0133021900adfe9d,03f8,2345,1,0,3f571ff9,1,0,ffb10133fdbe0219fc1600adfcbefe9d,1,1,0,1e5d0a171e5d0a171e5d0a171e5d0a17,1,0,00000000000000000000000000000000,1,0,23c1,0,0,0,23c1,0,0,0133021900adfe9d,1,0,40e803f8,0,1,0,ffb1fdbefc16fcbe,1,0,"Active","Active","Active","Active","Active","Inactive","Inactive","Active","_","Active","Stream Beat","Stream Beat","Stream Beat","Stream Beat","Stream Beat","No Streams","No Streams","Stream Beat","_","Stream Beat"
1441,1441,0,0,0,0,00000004,01aeffa2fe26fee4,03f8,2362,1,0,3f952fdf,1,0,fccc01aefc23ffa2fda6fe26ffa2fee4,1,1,0,1e5d0a171e5d0a171e5d0a171e5d0a17,1,0,00000000000000000000000000000000,1,0,23c1,0,0,0,23c1,0,0,01aeffa2fe26fee4,1,0,40e803f8,0,1,0,fcccfc23fda6ffa2,1,0,"Active","Active","Active","Active","Active","Inactive","Inactive","Active","_","Active","Stream Beat","Stream Beat","Stream Beat","Stream Beat","Stream Beat","No Streams","No Streams","Stream Beat","_","Stream Beat"
1442,1442,0,0,0,0,00000004,feb5fe37001201f9,03f8,2358,1,0,2fa4101f,1,0,fc8cfeb5feaffe3700010012fee301f9,1,1,0,1e5d0a171e5d0a171e5d0a171e5d0a17,1,0,00000000000000000000000000000000,1,0,23c1,0,0,0,23c1,0,0,feb5fe37001201f9,1,0,40e803f8,0,1,0,fc8cfeaf0001fee3,1,0,"Active","Active","Active","Active","Active","Inactive","Inactive","Active","_","Active","Stream Beat","Stream Beat","Stream Beat","Stream Beat","Stream Beat","No Streams","No Streams","Stream Beat","_","Stream Beat"
1443,1443,0,0,0,0,00000004,fed30112022500df,03f8,27bf,1,0,3f641029,1,0,ff8afed3ffc80112fde20225fc0700df,1,1,0,1e5d0a171e5d0a171e5d0a171e5d0a17,1,0,00000000000000000000000000000000,1,0,23c1,0,0,0,23c1,0,0,fed30112022500df,1,0,40e803f8,0,1,0,ff8affc8fde2fc07,1,0,"Active","Active","Active","Active","Active","Inactive","Inactive","Active","_","Active","Stream Beat","Stream Beat","Stream Beat","Stream Beat","Stream Beat","No Streams","No Streams","Stream Beat","_","Stream Beat"
1444,1444,0,0,0,0,00000004,01b501d4ffcdfe3c,03f8,234c,1,0,3f632fe5,1,0,ff2301b5fcd901d4fbe0ffcdfd8efe3c,1,1,0,1e5d0a171e5d0a171e5d0a171e5d0a17,1,0,00000000000000000000000000000000,1,0,23c1,0,0,0,23c1,0,0,01b501d4ffcdfe3c,1,0,40e803f8,0,1,0,ff23fcd9fbe0fd8e,1,0,"Active","Active","Active","Active","Active","Inactive","Inactive","Active","_","Active","Stream Beat","Stream Beat","Stream Beat","Stream Beat","Stream Beat","No Streams","No Streams","Stream Beat","_","Stream Beat"
1445,1445,0,0,0,0,00000004,010cfed4fe2affb9,03f8,1d9b,1,0,2fa11fef,1,0,fc14010cfc67fed4fe83fe2afff8ffb9,1,1,0,1e5d0a171e5d0a171e5d0a171e5d0a17,1,0,00000000000000000000000000000000,1,0,23c1,0,0,0,23c1,0,0,010cfed4fe2affb9,1,0,40e803f8,0,1,0,fc14fc67fe83fff8,1,0,"Active","Active","Active","Active","Active","Inactive","Inactive","Active","_","Active","Stream Beat","Stream Beat","Stream Beat","Stream Beat","Stream Beat","No Streams","No Streams","Stream Beat","_","Stream Beat"
1446,1446,0,0,0,0,00000004,fe49feba00ce022a,03f8,2a54,1,0,3f93102e,1,0,fd5dfe49ff73febaffde00cefe0d022a,1,1,0,1e5d0a171e5d0a171e5d0a171e5d0a17,1,0,00000000000000000000000000000000,1,0,23c1,0,0,0,23c1,0,0,fe49feba00ce022a,1,0,40900390,1,1,0,fd5dff73ffdefe0d,1,0,"Active","Active","Active","Active","Active","Inactive","Inactive","Active","Active","Active","Stream Beat","Stream Beat","Stream Beat","Stream Beat","Stream Beat","No Streams","No Streams","Stream Beat","Stream Beat","Stream Beat"
1447,1447,0,0,0,0,00000004,ff9c01ab01ebfff8,0390,2a46,1,0,3f562019,1,0,fff5ff9cff3a01abfd0b01ebfbfafff8,1,1,0,1e5d0a171e5d0a171e5d0a171e5d0a17,1,0,00000000000000000000000000000000,1,0,23c1,0,0,0,23c1,0,0,ff9c01ab01ebfff8,1,0,40900390,0,1,0,fff5ff3afd0bfbfa,1,0,"Active","Active","Active","Active","Active","Inactive","Inactive","Active","_","Active","Stream Beat","Stream Beat","Stream Beat","Stream Beat","Stream Beat","No Streams","No Streams","Stream Beat","_","Stream Beat"
1448,1448,0,0,0,0,00000004,02190128ff00fe2b,0390,1d8b,1,0,3f6f2fdc,1,0,fe430219fc590128fc6aff00fe5cfe2b,1,1,0,1e5d0a171e5d0a171e5d0a171e5d0a17,1,0,00000000000000000000000000000000,1,0,23c1,0,0,0,23c1,0,0,02190128ff00fe2b,1,0,40900390,0,1,0,fe43fc59fc6afe5c,1,0,"Active","Active","Active","Active","Active","Inactive","Inactive","Active","_","Active","Stream Beat","Stream Beat","Stream Beat","Stream Beat","Stream Beat","No Streams","No Streams","Stream Beat","_","Stream Beat"
1449,1449,0,0,0,0,00000004,002dfe4afe9b00c9,0390,1d9c,1,0,3fab1fff,1,0,fc10002dfd24fe4aff4cfe9bffeb00c9,1,1,0,1e5d0a171e5d0a171e5d0a171e5d0a17,1,0,00000000000000000000000000000000,1,0,23c1,0,0,0,23c1,0,0,002dfe4afe9b00c9,1,0,40900390,0,1,0,fc10fd24ff4cffeb,1,0,"Active","Active","Active","Active","Active","Inactive","Inactive","Active","_","Active","Stream Beat","Stream Beat","Stream Beat","Stream Beat","Stream Beat","No Streams","No Streams","Stream Beat","_","Stream Beat"
1450,1450,0,0,0,0,00000004,fe19ff81016a01e1,0390,2a4e,1,0,3f832032,1,0,fe2ffe19ffe1ff81ff76016afd4d01e1,1,1,0,1e5d0a171e5d0a171e5d0a171e5d0a17,1,0,00000000000000000000000000000000,1,0,23c1,0,0,0,23c1,0,0,fe19ff81016a01e1,1,0,40900390,0,1,0,fe2fffe1ff76fd4d,1,0,"Active","Active","Active","Active","Active","Inactive","Inactive","Active","_","Active","Stream Beat","Stream Beat","Stream Beat","Stream Beat","Stream Beat","No Streams","No Streams","Stream Beat","_","Stream Beat"
1451,1451,0,0,0,0,00000004,009202180150ff29,0390,2340,1,0,3f562006,1,0,fff40092fe6d0218fc620150fc4aff29,1,1,0,1e5d0a171e5d0a171e5d0a171e5d0a17,1,0,00000000000000000000000000000000,1,0,23c1,0,0,0,23c1,0,0,009202180150ff29,1,0,40900390,0,1,0,fff4fe6dfc62fc4a,1,0,"Active","Active","Active","Active","Active","Inactive","Inactive","Active","_","Active","Stream Beat","Stream Beat","Stream Beat","Stream Beat","Stream Beat","No Streams","No Streams","Stream Beat","_","Stream Beat"
1452,1452,0,0,0,0,00000004,02110052fe67fe8f,0390,1d93,1,0,3f861fdd,1,0,fd5d0211fc0a0052fcfbfe67ff36fe8f,1,1,0,1e5d0a171e5d0a171e5d0a171e5d0a17,1,0,00000000000000000000000000000000,1,0,23c1,0,0,0,23c1,0,0,02110052fe67fe8f,1,0,40900390,0,1,0,fd5dfc0afcfbff36,1,0,"Active","Active","Active","Active","Active","Inactive","Inactive","Active","_","Active","Stream Beat","Stream Beat","Stream Beat","Stream Beat","Stream Beat","No Streams","No Streams","Stream Beat","_","Stream Beat"
1453,1453,0,0,0,0,00000004,ff4bfe25ff4f0181,0390,235e,1,0,3fad200e,1,0,fc26ff4bfe05fe25ffd7ff4fff750181,1,1,0,1e5d0a171e5d0a171e5d0a171e5d0a17,1,0,00000000000000000000000000000000,1,0,23c1,0,0,0,23c1,0,0,ff4bfe25ff4f0181,1,0,40900390,0,1,0,fc26fe05ffd7ff75,1,0,"Active","Active","Active","Active","Active","Inactive","Inactive","Active","_","Active","Stream Beat","Stream Beat","Stream Beat","Stream Beat","Stream Beat","No Streams","No Streams","Stream Beat","_","Stream Beat"
1454,1454,0,0,0,0,00000004,fe58005301fc0171,0390,2a47,1,0,3f701032,1,0,fef6fe5800020053fea001fcfc900171,1,1,0,1e5d0a171e5d0a171e5d0a171e5d0a17,1,0,00000000000000000000000000000000,1,0,23c1,0,0,0,23c1,0,0,fe58005301fc0171,1,0,40900390,0,1,0,fef60002fea0fc90,1,0,"Active","Active","Active","Active","Active","Inactive","Inactive","Active","_","Active","Stream Beat","Stream Beat","Stream Beat","Stream Beat","Stream Beat","No Streams","No Streams","Stream Beat","_","Stream Beat"
1455,1455,0,0,0,0,00000004,016302170088fe74,0390,2346,1,0,3f591ff5,1,0,ff990163fd830217fc130088fcd3fe74,1,1,0,1e5d0a171e5d0a171e5d0a171e5d0a17,1,0,00000000000000000000000000000000,1,0,23c1,0,0,0,23c1,0,0,016302170088fe74,1,0,40900390,0,1,0,ff99fd83fc13fcd3,1,0,"Active","Active","Active","Active","Active","Inactive","Inactive","Active","_","Active","Stream Beat","Stream Beat","Stream Beat","Stream Beat","Stream Beat","No Streams","No Streams","Stream Beat","_","Stream Beat"
1456,1456,0,0,0,0,00000004,019bff74fe2eff1b,0390,2363,1,0,3f972fe4,1,0,fca3019bfc1dff74fde1fe2effbcff1b,1,1,0,1e5d0a171e5d0a171e5d0a171e5d0a17,1,0,00000000000000000000000000000000,1,0,23c1,0,0,0,23c1,0,0,019bff74fe2eff1b,1,0,40900390,0,1,0,fca3fc1dfde1ffbc,1,0,"Active","Active","Active","Active","Active","Inactive","Inactive","Active","_","Active","Stream Beat","Stream Beat","Stream Beat","Stream Beat","Stream Beat","No Streams","No Streams","Stream Beat","_","Stream Beat"
1457,1457,0,0,0,0,00000004,fe90fe6d004301ec,0390,2357,1,0,2fa21021,1,0,fcb5fe90fee5fe6d000a0043fec501ec,1,1,0,1e5d0a171e5d0a171e5d0a171e5d0a17,1,0,00000000000000000000000000000000,1,0,23c1,0,0,0,23c1,0,0,fe90fe6d004301ec,1,0,40900390,0,1,0,fcb5fee5000afec5,1,0,"Active","Active","Active","Active","Active","Inactive","Inactive","Active","_","Active","Stream Beat","Stream Beat","Stream Beat","Stream Beat","Stream Beat","No Streams","No Streams","Stream Beat","_","Stream Beat"
1458,1458,0,0,0,0,00000004,ff06012b021c00b6,0390,27bc,1,0,3f601027,1,0,ffa4ff06ffbc012bfdaf021cfc2500b6,1,1,0,1e5d0a171e5d0a171e5d0a171e5d0a17,1,0,00000000000000000000000000000000,1,0,23c1,0,0,0,23c1,0,0,ff06012b021c00b6,1,0,40900390,0,1,0,ffa4ffbcfdaffc25,1,0,"Active","Active","Active","Active","Active","Inactive","Inactive","Active","_","Active","Stream Beat","Stream Beat","Stream Beat","Stream Beat","Stream Beat","No Streams","No Streams","Stream Beat","_","Stream Beat"
1459,1459,0,0,0,0,00000004,01f901aaffa7fe0e,0390,234e,1,0,3f652fe5,1,0,fee301f9fcd001aafc0effa7fd8ffe0e,1,1,0,1e5d0a171e5d0a171e5d0a171e5d0a17,1,0,00000000000000000000000000000000,1,0,23c1,0,0,0,23c1,0,0,01f901aaffa7fe0e,1,0,40900390,0,1,0,fee3fcd0fc0efd8f,1,0,"Active","Active","Active","Active","Active","Inactive","Inactive","Active","_","Active","Stream Beat","Stream Beat","Stream Beat","Stream Beat","Stream Beat","No Streams","No Streams","Stream Beat","_","Stream Beat"
1460,1460,0,0,0,0,00000004,00dbfeb6fe470011,0390,1d9c,1,0,2fa61ff2,1,0,fc2e00dbfc92feb6feb5fe4700040011,1,1,0,1e5d0a171e5d0a171e5d0a171e5d0a17,1,0,00000000000000000000000000000000,1,0,23c1,0,0,0,23c1,0,0,00dbfeb6fe470011,1,0,40900390,0,1,0,fc2efc92feb50004,1,0,"Active","Active","Active","Active","Active","Inactive","Inactive","Active","_","Active","Stream Beat","Stream Beat","Stream Beat","Stream Beat","Stream Beat","No Streams","No Streams","Stream Beat","_","Stream Beat"
1461,1461,0,0,0,0,00000004,fe31fecf0119021f,0390,27d2,1,0,3f931030,1,0,fd7afe31ff8afecfffc60119fde9021f,1,1,0,1e5d0a171e5d0a171e5d0a171e5d0a17,1,0,00000000000000000000000000000000,1,0,23c1,0,0,0,23c1,0,0,fe31fecf0119021f,1,0,40900390,0,1,0,fd7aff8affc6fde9,1,0,"Active","Active","Active","Active","Active","Inactive","Inactive","Active","_","Active","Stream Beat","Stream Beat","Stream Beat","Stream Beat","Stream Beat","No Streams","No Streams","Stream Beat","_","Stream Beat"
1462,1462,0,0,0,0,00000004,ffbc01d301d1ffd0,0390,2a47,1,0,3f552015,1,0,fff5ffbcff1601d3fce101d1fc17ffd0,1,1,0,1e5d0a171e5d0a171e5d0a171e5d0a17,1,0,00000000000000000000000000000000,1,0,23c1,0,0,0,23c1,0,0,ffbc01d301d1ffd0,1,0,40900390,0,1,0,fff5ff16fce1fc17,1,0,"Active","Active","Active","Active","Active","Inactive","Inactive","Active","_","Active","Stream Beat","Stream Beat","Stream Beat","Stream Beat","Stream Beat","No Streams","No Streams","Stream Beat","_","Stream Beat"
1463,1463,0,0,0,0,00000004,022100fdfee5fe2e,0390,1d8e,1,0,2f771fde,1,0,fe1d0221fc3d00fdfc82fee5fe8bfe2e,1,1,0,1e5d0a171e5d0a171e5d0a171e5d0a17,1,0,00000000000000000000000000000000,1,0,23c1,0,0,0,23c1,0,0,022100fdfee5fe2e,1,0,40900390,0,1,0,fe1dfc3dfc82fe8b,1,0,"Active","Active","Active","Active","Active","Inactive","Inactive","Active","_","Active","Stream Beat","Stream Beat","Stream Beat","Stream Beat","Stream Beat","No Streams","No Streams","Stream Beat","_","Stream Beat"
1464,1464,0,0,0,0,00000004,fffcfe47fea400dd,0390,1f5d,1,0,3fab2003,1,0,fc13fffcfd58fe47ff6afea4ffd700dd,1,1,0,1e5d0a171e5d0a171e5d0a171e5d0a17,1,0,00000000000000000000000000000000,1,0,23c1,0,0,0,23c1,0,0,fffcfe47fea400dd,1,0,40900390,0,1,0,fc13fd58ff6affd7,1,0,"Active","Active","Active","Active","Active","Inactive","Inactive","Active","_","Active","Stream Beat","Stream Beat","Stream Beat","Stream Beat","Stream Beat","No Streams","No Streams","Stream Beat","_","Stream Beat"
1465,1465,0,0,0,0,00000004,fe1aff9c01a601eb,0390,2a4a,1,0,3f802033,1,0,fe56fe1affedff9cff4501a6fd0501eb,1,1,0,1e5d0a171e5d0a171e5d0a171e5d0a17,1,0,00000000000000000000000000000000,1,0,23c1,0,0,0,23c1,0,0,fe1aff9c01a601eb,1,0,40900390,0,1,0,fe56ffedff45fd05,1,0,"Active","Active","Active","Active","Active","Inactive","Inactive","Active","_","Active","Stream Beat","Stream Beat","Stream Beat","Stream Beat","Stream Beat","No Streams","No Streams","Stream Beat","_","Stream Beat"
1466,1466,0,0,0,0,00000004,00c2021a0127fefb,0390,2341,1,0,3f562003,1,0,ffe700c2fe4b021afc4b0127fc35fefb,1,1,0,1e5d0a171e5d0a171e5d0a171e5d0a17,1,0,00000000000000000000000000000000,1,0,23c1,0,0,0,23c1,0,0,00c2021a0127fefb,1,0,40900390,0,1,0,ffe7fe4bfc4bfc35,1,0,"Active","Active","Active","Active","Active","Inactive","Inactive","Active","_","Active","Stream Beat","Stream Beat","Stream Beat","Stream Beat","Stream Beat","No Streams","No Streams","Stream Beat","_","Stream Beat"
1467,1467,0,0,0,0,00000004,01f9002cfe45fe9c,0390,1d94,1,0,3f8a2fdc,1,0,fd3301f9fc13002cfd14fe45ff4ffe9c,1,1,0,1e5d0a171e5d0a171e5d0a171e5d0a17,1,0,00000000000000000000000000000000,1,0,23c1,0,0,0,23c1,0,0,01f9002cfe45fe9c,1,0,40900390,0,1,0,fd33fc13fd14ff4f,1,0,"Active","Active","Active","Active","Active","Inactive","Inactive","Active","_","Active","Stream Beat","Stream Beat","Stream Beat","Stream Beat","Stream Beat","No Streams","No Streams","Stream Beat","_","Stream Beat"
1468,1468,0,0,0,0,00000004,ff21fe2eff85018f,0390,235d,1,0,3fa82014,1,0,fc38ff21fe39fe2effe8ff85ff63018f,1,1,0,1e5d0a171e5d0a171e5d0a171e5d0a17,1,0,00000000000000000000000000000000,1,0,23c1,0,0,0,23c1,0,0,ff21fe2eff85018f,1,0,40900390,0,1,0,fc38fe39ffe8ff63,1,0,"Active","Active","Active","Active","Active","Inactive","Inactive","Active","_","Active","Stream Beat","Stream Beat","Stream Beat","Stream Beat","Stream Beat","No Streams","No Streams","Stream Beat","_","Stream Beat"
1469,1469,0,0,0,0,00000004,fe81009202170153,0390,2340,1,0,3f6b102f,1,0,ff28fe81fff90092fe6b0217fc6c0153,1,1,0,1e5d0a171e5d0a171e5d0a171e5d0a17,1,0,00000000000000000000000000000000,1,0,23c1,0,0,0,23c1,0,0,fe81009202170153,1,0,40900390,0,1,0,ff28fff9fe6bfc6c,1,0,"Active","Active","Active","Active","Active","Inactive","Inactive","Active","_","Active","Stream Beat","Stream Beat","Stream Beat","Stream Beat","Stream Beat","No Streams","No Streams","Stream Beat","_","Stream Beat"
1470,1470,0,0,0,0,00000004,018202070059fe6c,0390,2349,1,0,3f5a1ff0,1,0,ff790182fd650207fc080059fd0dfe6c,1,1,0,1e5d0a171e5d0a171e5d0a171e5d0a17,1,0,00000000000000000000000000000000,1,0,23c1,0,0,0,23c1,0,0,018202070059fe6c,1,0,40900390,0,1,0,ff79fd65fc08fd0d,1,0,"Active","Active","Active","Active","Active","Inactive","Inactive","Active","_","Active","Stream Beat","Stream Beat","Stream Beat","Stream Beat","Stream Beat","No Streams","No Streams","Stream Beat","_","Stream Beat"
1471,1471,0,0,0,0,00000004,017aff4bfe1bff55,0390,2363,1,0,3f9b2fe6,1,0,fc7e017afc26ff4bfdf9fe1bffd7ff55,1,1,0,1e5d0a171e5d0a171e5d0a171e5d0a17,1,0,00000000000000000000000000000000,1,0,23c1,0,0,0,23c1,0,0,017aff4bfe1bff55,1,0,40900390,0,1,0,fc7efc26fdf9ffd7,1,0,"Active","Active","Active","Active","Active","Inactive","Inactive","Active","_","Active","Stream Beat","Stream Beat","Stream Beat","Stream Beat","Stream Beat","No Streams","No Streams","Stream Beat","_","Stream Beat"
1472,1472,0,0,0,0,00000004,fe77fe5d00520208,0390,2357,1,0,3f9f1027,1,0,fccffe77fefbfe5d00010052fe990208,1,1,0,1e5d0a171e5d0a171e5d0a171e5d0a17,1,0,00000000000000000000000000000000,1,0,23c1,0,0,0,23c1,0,0,fe77fe5d00520208,1,0,40900390,0,1,0,fccffefb0001fe99,1,0,"Active","Active","Active","Active","Active","Inactive","Inactive","Active","_","Active","Stream Beat","Stream Beat","Stream Beat","Stream Beat","Stream Beat","No Streams","No Streams","Stream Beat","_","Stream Beat"
1473,1473,0,0,0,0,00000004,ff2301510212008a,0390,2a44,1,0,3f5f1024,1,0,ffbcff23ff9f0151fd8e0212fbfd008a,1,1,0,1e5d0a171e5d0a171e5d0a171e5d0a17,1,0,00000000000000000000000000000000,1,0,23c1,0,0,0,23c1,0,0,ff2301510212008a,1,0,40900390,0,1,0,ffbcff9ffd8efbfd,1,0,"Active","Active","Active","Active","Active","Inactive","Inactive","Active","_","Active","Stream Beat","Stream Beat","Stream Beat","Stream Beat","Stream Beat","No Streams","No Streams","Stream Beat","_","Stream Beat"
1474,1474,0,0,0,0,00000004,01f5019aff78fe1d,0390,2350,1,0,3f672fe3,1,0,fec701f5fc9d019afc13ff78fdd1fe1d,1,1,0,1e5d0a171e5d0a171e5d0a171e5d0a17,1,0,00000000000000000000000000000000,1,0,23c1,0,0,0,23c1,0,0,01f5019aff78fe1d,1,0,40900390,0,1,0,fec7fc9dfc13fdd1,1,0,"Active","Active","Active","Active","Active","Inactive","Inactive","Active","_","Active","Stream Beat","Stream Beat","Stream Beat","Stream Beat","Stream Beat","No Streams","No Streams","Stream Beat","_","Stream Beat"
1475,1475,0,0,0,0,00000004,00b3fe98fe4c0047,0390,1d9b,1,0,2fa61ff2,1,0,fc1000b3fcb4fe98fed5fe4c00040047,1,1,0,1e5d0a171e5d0a171e5d0a171e5d0a17,1,0,00000000000000000000000000000000,1,0,23c1,0,0,0,23c1,0,0,00b3fe98fe4c0047,1,0,40900390,0,1,0,fc10fcb4fed50004,1,0,"Active","Active","Active","Active","Active","Inactive","Inactive","Active","_","Active","Stream Beat","Stream Beat","Stream Beat","Stream Beat","Stream Beat","No Streams","No Streams","Stream Beat","_","Stream Beat"
1476,1476,0,0,0,0,00000004,fe29fef1012f0223,0390,27d0,1,0,3f8e1031,1,0,fda5fe29ffa5fef1ffb2012ffdb60223,1,1,0,1e5d0a171e5d0a171e5d0a171e5d0a17,1,0,00000000000000000000000000000000,1,0,23c1,0,0,0,23c1,0,0,fe29fef1012f0223,1,0,40900390,0,1,0,fda5ffa5ffb2fdb6,1,0,"Active","Active","Active","Active","Active","Inactive","Inactive","Active","_","Active","Stream Beat","Stream Beat","Stream Beat","Stream Beat","Stream Beat","No Streams","No Streams","Stream Beat","_","Stream Beat"
1477,1477,0,0,0,0,00000004,fffd01ca01a7ffa4,0390,2a47,1,0,3f542012,1,0,fffefffdff0101cafcdc01a7fc0bffa4,1,1,0,1e5d0a171e5d0a171e5d0a171e5d0a17,1,0,00000000000000000000000000000000,1,0,23c1,0,0,0,23c1,0,0,fffd01ca01a7ffa4,1,0,40900390,0,1,0,fffeff01fcdcfc0b,1,0,"Active","Active","Active","Active","Active","Inactive","Inactive","Active","_","Active","Stream Beat","Stream Beat","Stream Beat","Stream Beat","Stream Beat","No Streams","No Streams","Stream Beat","_","Stream Beat"
1478,1478,0,0,0,0,00000004,022900defeb7fe4d,0390,1d8f,1,0,2f791fdd,1,0,fde50229fc1400defc86feb7febdfe4d,1,1,0,1e5d0a171e5d0a171e5d0a171e5d0a17,1,0,00000000000000000000000000000000,1,0,23c1,0,0,0,23c1,0,0,022900defeb7fe4d,1,0,40900390,0,1,0,fde5fc14fc86febd,1,0,"Active","Active","Active","Active","Active","Inactive","Inactive","Active","_","Active","Stream Beat","Stream Beat","Stream Beat","Stream Beat","Stream Beat","No Streams","No Streams","Stream Beat","_","Stream Beat"
1479,1479,0,0,0,0,00000004,ffcbfe31fec30104,0390,1f5d,1,0,3fab2006,1,0,fbedffcbfd70fe31ff89fec3ffc80104,1,1,0,1e5d0a171e5d0a171e5d0a171e5d0a17,1,0,00000000000000000000000000000000,1,0,23c1,0,0,0,23c1,0,0,ffcbfe31fec30104,1,0,40900390,0,1,0,fbedfd70ff89ffc8,1,0,"Active","Active","Active","Active","Active","Inactive","Inactive","Active","_","Active","Stream Beat","Stream Beat","Stream Beat","Stream Beat","Stream Beat","No Streams","No Streams","Stream Beat","_","Stream Beat"
1480,1480,0,0,0,0,00000004,fe36ffc101d401d2,0390,2a49,1,0,3f7e2031,1,0,fe88fe36fffcffc1ff1001d4fced01d2,1,1,0,1e5d0a171e5d0a171e5d0a171e5d0a17,1,0,00000000000000000000000000000000,1,0,23c1,0,0,0,23c1,0,0,fe36ffc101d401d2,1,0,40900390,0,1,0,fe88fffcff10fced,1,0,"Active","Active","Active","Active","Active","Inactive","Inactive","Active","_","Active","Stream Beat","Stream Beat","Stream Beat","Stream Beat","Stream Beat","No Streams","No Streams","Stream Beat","_","Stream Beat"
1481,1481,0,0,0,0,00000004,00c402210105fee1,0390,2343,1,0,3f532000,1,0,ffe300c4fe160221fc3a0105fc87fee1,1,1,0,1e5d0a171e5d0a171e5d0a171e5d0a17,1,0,00000000000000000000000000000000,1,0,23c1,0,0,0,23c1,0,0,00c402210105fee1,1,0,40900390,0,1,0,ffe3fe16fc3afc87,1,0,"Active","Active","Active","Active","Active","Inactive","Inactive","Active","_","Active","Stream Beat","Stream Beat","Stream Beat","Stream Beat","Stream Beat","No Streams","No Streams","Stream Beat","_","Stream Beat"
1482,1482,0,0,0,0,00000004,01de0006fe3afea3,0390,1f58,1,0,3f8a2fdc,1,0,fd0f01defbe20006fd50fe3aff61fea3,1,1,0,1e5d0a171e5d0a171e5d0a171e5d0a17,1,0,00000000000000000000000000000000,1,0,23c1,0,0,0,23c1,0,0,01de0006fe3afea3,1,0,40900390,0,1,0,fd0ffbe2fd50ff61,1,0,"Active","Active","Active","Active","Active","Inactive","Inactive","Active","_","Active","Stream Beat","Stream Beat","Stream Beat","Stream Beat","Stream Beat","No Streams","No Streams","Stream Beat","_","Stream Beat"
1483,1483,0,0,0,0,00000004,ff00fe1affa001aa,0390,235b,1,0,3fa82019,1,0,fc61ff00fe4ffe1affedffa0ff4801aa,1,1,0,1e5d0a171e5d0a171e5d0a171e5d0a17,1,0,00000000000000000000000000000000,1,0,23c1,0,0,0,23c1,0,0,ff00fe1affa001aa,1,0,40900390,0,1,0,fc61fe4fffedff48,1,0,"Active","Active","Active","Active","Active","Inactive","Inactive","Active","_","Active","Stream Beat","Stream Beat","Stream Beat","Stream Beat","Stream Beat","No Streams","No Streams","Stream Beat","_","Stream Beat"
1484,1484,0,0,0,0,00000004,fe9800a0021f0126,0390,233f,1,0,3f6b102c,1,0,ff43fe98fff600a0fe3a021ffc7a0126,1,1,0,1e5d0a171e5d0a171e5d0a171e5d0a17,1,0,00000000000000000000000000000000,1,0,23c1,0,0,0,23c1,0,0,fe9800a0021f0126,1,0,40900390,0,1,0,ff43fff6fe3afc7a,1,0,"Active","Active","Active","Active","Active","Inactive","Inactive","Active","_","Active","Stream Beat","Stream Beat","Stream Beat","Stream Beat","Stream Beat","No Streams","No Streams","Stream Beat","_","Stream Beat"
1485,1485,0,0,0,0,00000004,018301e40034fe43,0390,234a,1,0,3f5a1fec,1,0,ff6a0183fd5001e4fbe20034fd19fe43,1,1,0,1e5d0a171e5d0a171e5d0a171e5d0a17,1,0,00000000000000000000000000000000,1,0,23c1,0,0,0,23c1,0,0,018301e40034fe43,1,0,40900390,0,1,0,ff6afd50fbe2fd19,1,0,"Active","Active","Active","Active","Active","Inactive","Inactive","Active","_","Active","Stream Beat","Stream Beat","Stream Beat","Stream Beat","Stream Beat","No Streams","No Streams","Stream Beat","_","Stream Beat"
1486,1486,0,0,0,0,00000004,015cff1bfe25ff73,0390,1d9b,1,0,3f9e2fe6,1,0,fc60015cfc18ff1bfe2ffe25ffe2ff73,1,1,0,1e5d0a171e5d0a171e5d0a171e5d0a17,1,0,00000000000000000000000000000000,1,0,23c1,0,0,0,23c1,0,0,015cff1bfe25ff73,1,0,40900390,0,1,0,fc60fc18fe2fffe2,1,0,"Active","Active","Active","Active","Active","Inactive","Inactive","Active","_","Active","Stream Beat","Stream Beat","Stream Beat","Stream Beat","Stream Beat","No Streams","No Streams","Stream Beat","_","Stream Beat"
1487,1487,0,0,0,0,00000004,fe53fe7e0090020d,0390,2354,1,0,3f9e1027,1,0,fce5fe53ff20fe7effff0090fe6e020d,1,1,0,1e5d0a171e5d0a171e5d0a171e5d0a17,1,0,00000000000000000000000000000000,1,0,23c1,0,0,0,23c1,0,0,fe53fe7e0090020d,1,0,40900390,0,1,0,fce5ff20fffffe6e,1,0,"Active","Active","Active","Active","Active","Inactive","Inactive","Active","_","Active","Stream Beat","Stream Beat","Stream Beat","Stream Beat","Stream Beat","No Streams","No Streams","Stream Beat","_","Stream Beat"
1488,1488,0,0,0,0,00000004,ff400170020c0060,0390,2a45,1,0,3f5b101d,1,0,ffd1ff40ff830170fd5c020cfbf10060,1,1,0,1e5d0a171e5d0a171e5d0a171e5d0a17,1,0,00000000000000000000000000000000,1,0,23c1,0,0,0,23c1,0,0,ff400170020c0060,1,0,40900390,0,1,0,ffd1ff83fd5cfbf1,1,0,"Active","Active","Active","Active","Active","Inactive","Inactive","Active","_","Active","Stream Beat","Stream Beat","Stream Beat","Stream Beat","Stream Beat","No Streams","No Streams","Stream Beat","_","Stream Beat"
1489,1489,0,0,0,0,00000004,020d0174ff51fe2f,0390,2352,1,0,3f682fe0,1,0,fe9e020dfc880174fc33ff51fe0ffe2f,1,1,0,1e5d0a171e5d0a171e5d0a171e5d0a17,1,0,00000000000000000000000000000000,1,0,23c1,0,0,0,23c1,0,0,020d0174ff51fe2f,1,0,40900390,0,1,0,fe9efc88fc33fe0f,1,0,"Active","Active","Active","Active","Active","Inactive","Inactive","Active","_","Active","Stream Beat","Stream Beat","Stream Beat","Stream Beat","Stream Beat","No Streams","No Streams","Stream Beat","_","Stream Beat"
1490,1490,0,0,0,0,00000004,0081fe81fe4b0048,0390,1d9c,1,0,3fa71ff6,1,0,fc050081fcccfe81fef8fe4bfffa0048,1,1,0,1e5d0a171e5d0a171e5d0a171e5d0a17,1,0,00000000000000000000000000000000,1,0,23c1,0,0,0,23c1,0,0,0081fe81fe4b0048,1,0,40900390,0,1,0,fc05fcccfef8fffa,1,0,"Active","Active","Active","Active","Active","Inactive","Inactive","Active","_","Active","Stream Beat","Stream Beat","Stream Beat","Stream Beat","Stream Beat","No Streams","No Streams","Stream Beat","_","Stream Beat"
1491,1491,0,0,0,0,00000004,fe2dff230142022a,0390,2a4e,1,0,3f8a1031,1,0,fdd7fe2dffc5ff23ff990142fd82022a,1,1,0,1e5d0a171e5d0a171e5d0a171e5d0a17,1,0,00000000000000000000000000000000,1,0,23c1,0,0,0,23c1,0,0,fe2dff230142022a,1,0,40900390,0,1,0,fdd7ffc5ff99fd82,1,0,"Active","Active","Active","Active","Active","Inactive","Inactive","Active","_","Active","Stream Beat","Stream Beat","Stream Beat","Stream Beat","Stream Beat","No Streams","No Streams","Stream Beat","_","Stream Beat"
1492,1492,0,0,0,0,00000004,002501f00193ff78,0390,2a48,1,0,3f562010,1,0,00010025fecc01f0fcb20193fc2aff78,1,1,0,1e5d0a171e5d0a171e5d0a171e5d0a17,1,0,00000000000000000000000000000000,1,0,23c1,0,0,0,23c1,0,0,002501f00193ff78,1,0,40900390,0,1,0,0001feccfcb2fc2a,1,0,"Active","Active","Active","Active","Active","Inactive","Inactive","Active","_","Active","Stream Beat","Stream Beat","Stream Beat","Stream Beat","Stream Beat","No Streams","No Streams","Stream Beat","_","Stream Beat"
1493,1493,0,0,0,0,00000004,021700b2fe95fe55,0390,1d90,1,0,3f7c1fd9,1,0,fdc90217fc0800b2fc9afe95fee0fe55,1,1,0,1e5d0a171e5d0a171e5d0a171e5d0a17,1,0,00000000000000000000000000000000,1,0,23c1,0,0,0,23c1,0,0,021700b2fe95fe55,1,0,40900390,0,1,0,fdc9fc08fc9afee0,1,0,"Active","Active","Active","Active","Active","Inactive","Inactive","Active","_","Active","Stream Beat","Stream Beat","Stream Beat","Stream Beat","Stream Beat","No Streams","No Streams","Stream Beat","_","Stream Beat"
1494,1494,0,0,0,0,00000004,ffa4fe2cff120146,0390,1f5d,1,0,3fab200b,1,0,fc0effa4fda5fe2cffb1ff12ffab0146,1,1,0,1e5d0a171e5d0a171e5d0a171e5d0a17,1,0,00000000000000000000000000000000,1,0,23c1,0,0,0,23c1,0,0,ffa4fe2cff120146,1,0,40900390,0,1,0,fc0efda5ffb1ffab,1,0,"Active","Active","Active","Active","Active","Inactive","Inactive","Active","_","Active","Stream Beat","Stream Beat","Stream Beat","Stream Beat","Stream Beat","No Streams","No Streams","Stream Beat","_","Stream Beat"
1495,1495,0,0,0,0,00000004,fe30fff601c901c1,0390,2a48,1,0,2f7a1032,1,0,fe9bfe300006fff6fefb01c9fcb701c1,1,1,0,1e5d0a171e5d0a171e5d0a171e5d0a17,1,0,00000000000000000000000000000000,1,0,23c1,0,0,0,23c1,0,0,fe30fff601c901c1,1,0,40900390,0,1,0,fe9b0006fefbfcb7,1,0,"Active","Active","Active","Active","Active","Inactive","Inactive","Active","_","Active","Stream Beat","Stream Beat","Stream Beat","Stream Beat","Stream Beat","No Streams","No Streams","Stream Beat","_","Stream Beat"
1496,1496,0,0,0,0,00000004,0102022a00eafea3,0390,2344,1,0,3f541ffb,1,0,ffcf0102fdd9022afc1500eafc6cfea3,1,1,0,1e5d0a171e5d0a171e5d0a171e5d0a17,1,0,00000000000000000000000000000000,1,0,23c1,0,0,0,23c1,0,0,0102022a00eafea3,1,0,40900390,0,1,0,ffcffdd9fc15fc6c,1,0,"Active","Active","Active","Active","Active","Inactive","Inactive","Active","_","Active","Stream Beat","Stream Beat","Stream Beat","Stream Beat","Stream Beat","No Streams","No Streams","Stream Beat","_","Stream Beat"
1497,1497,0,0,0,0,00000004,01deffcafe3efecb,0390,1f59,1,0,3f902fe2,1,0,fce601defc01ffcafd80fe3eff87fecb,1,1,0,1e5d0a171e5d0a171e5d0a171e5d0a17,1,0,00000000000000000000000000000000,1,0,23c1,0,0,0,23c1,0,0,01deffcafe3efecb,1,0,40900390,0,1,0,fce6fc01fd80ff87,1,0,"Active","Active","Active","Active","Active","Inactive","Inactive","Active","_","Active","Stream Beat","Stream Beat","Stream Beat","Stream Beat","Stream Beat","No Streams","No Streams","Stream Beat","_","Stream Beat"
1498,1498,0,0,0,0,00000004,fed1fe3affa901c7,0390,235a,1,0,2fa5201b,1,0,fc5efed1fe82fe3a0000ffa9ff1001c7,1,1,0,1e5d0a171e5d0a171e5d0a171e5d0a17,1,0,00000000000000000000000000000000,1,0,23c1,0,0,0,23c1,0,0,fed1fe3affa901c7,1,0,40900390,0,1,0,fc5efe820000ff10,1,0,"Active","Active","Active","Active","Active","Inactive","Inactive","Active","_","Active","Stream Beat","Stream Beat","Stream Beat","Stream Beat","Stream Beat","No Streams","No Streams","Stream Beat","_","Stream Beat"
1499,1499,0,0,0,0,00000004,feb700d102310111,0390,2340,1,0,3f62102b,1,0,ff6ffeb7ffdf00d1fe090231fc210111,1,1,0,1e5d0a171e5d0a171e5d0a171e5d0a17,1,0,00000000000000000000000000000000,1,0,23c1,0,0,0,23c1,0,0,feb700d102310111,1,0,40900390,0,1,0,ff6fffdffe09fc21,1,0,"Active","Active","Active","Active","Active","Inactive","Inactive","Active","_","Active","Stream Beat","Stream Beat","Stream Beat","Stream Beat","Stream Beat","No Streams","No Streams","Stream Beat","_","Stream Beat"
1500,1500,0,0,0,0,00000004,01b901dbfffefe43,0390,234b,1,0,3f5e2feb,1,0,ff3801b9fd2801dbfc0ffffefd4efe43,1,1,0,1e5d0a171e5d0a171e5d0a171e5d0a17,1,0,00000000000000000000000000000000,1,0,23c1,0,0,0,23c1,0,0,01b901dbfffefe43,1,0,40900390,0,1,0,ff38fd28fc0ffd4e,1,0,"Active","Active","Active","Active","Active","Inactive","Inactive","Active","_","Active","Stream Beat","Stream Beat","Stream Beat","Stream Beat","Stream Beat","No Streams","No Streams","Stream Beat","_","Stream Beat"
1501,1501,0,0,0,0,00000004,013dfef6fe18ff99,0390,1d9b,1,0,2f9f2fe7,1,0,fc3b013dfc43fef6fe45fe18fff3ff99,1,1,0,1e5d0a171e5d0a171e5d0a171e5d0a17,1,0,00000000000000000000000000000000,1,0,23c1,0,0,0,23c1,0,0,013dfef6fe18ff99,1,0,40900390,0,1,0,fc3bfc43fe45fff3,1,0,"Active","Active","Active","Active","Active","Inactive","Inactive","Active","_","Active","Stream Beat","Stream Beat","Stream Beat","Stream Beat","Stream Beat","No Streams","No Streams","Stream Beat","_","Stream Beat"
1502,1502,0,0,0,0,00000004,fe4ffe8d00b3021e,0390,2352,1,0,3f97102c,1,0,fd2ffe4fff3bfe8dfff500b3fe3a021e,1,1,0,1e5d0a171e5d0a171e5d0a171e5d0a17,1,0,00000000000000000000000000000000,1,0,23c1,0,0,0,23c1,0,0,fe4ffe8d00b3021e,1,0,40900390,0,1,0,fd2fff3bfff5fe3a,1,0,"Active","Active","Active","Active","Active","Inactive","Inactive","Active","_","Active","Stream Beat","Stream Beat","Stream Beat","Stream Beat","Stream Beat","No Streams","No Streams","Stream Beat","_","Stream Beat"
1503,1503,0,0,0,0,00000004,ff74019201eb0036,0390,2a46,1,0,3f5b201d,1,0,ffe1ff74ff660192fd4601ebfc0d0036,1,1,0,1e5d0a171e5d0a171e5d0a171e5d0a17,1,0,00000000000000000000000000000000,1,0,23c1,0,0,0,23c1,0,0,ff74019201eb0036,1,0,40900390,0,1,0,ffe1ff66fd46fc0d,1,0,"Active","Active","Active","Active","Active","Inactive","Inactive","Active","_","Active","Stream Beat","Stream Beat","Stream Beat","Stream Beat","Stream Beat","No Streams","No Streams","Stream Beat","_","Stream Beat"
1504,1504,0,0,0,0,00000004,0204014dff26fe13,0390,2354,1,0,3f6b2fde,1,0,fe7f0204fc7d014dfc34ff26fe1efe13,1,1,0,1e5d0a171e5d0a171e5d0a171e5d0a17,1,0,00000000000000000000000000000000,1,0,23c1,0,0,0,23c1,0,0,0204014dff26fe13,1,0,40900390,0,1,0,fe7ffc7dfc34fe1e,1,0,"Active","Active","Active","Active","Active","Inactive","Inactive","Active","_","Active","Stream Beat","Stream Beat","Stream Beat","Stream Beat","Stream Beat","No Streams","No Streams","Stream Beat","_","Stream Beat"
1505,1505,0,0,0,0,00000004,005cfe62fe7e0078,0390,1d9c,1,0,3fa91ffa,1,0,fbe3005cfcebfe62ff2bfe7efff70078,1,1,0,1e5d0a171e5d0a171e5d0a171e5d0a17,1,0,00000000000000000000000000000000,1,0,23c1,0,0,0,23c1,0,0,005cfe62fe7e0078,1,0,40900390,0,1,0,fbe3fcebff2bfff7,1,0,"Active","Active","Active","Active","Active","Inactive","Inactive","Active","_","Active","Stream Beat","Stream Beat","Stream Beat","Stream Beat","Stream Beat","No Streams","No Streams","Stream Beat","_","Stream Beat"
1506,1506,0,0,0,0,00000004,fe18ff5101720208,0390,2a4e,1,0,3f891032,1,0,fdf5fe18ffd5ff51ff800172fd6b0208,1,1,0,1e5d0a171e5d0a171e5d0a171e5d0a17,1,0,00000000000000000000000000000000,1,0,23c1,0,0,0,23c1,0,0,fe18ff5101720208,1,0,40900390,0,1,0,fdf5ffd5ff80fd6b,1,0,"Active","Active","Active","Active","Active","Inactive","Inactive","Active","_","Active","Stream Beat","Stream Beat","Stream Beat","Stream Beat","Stream Beat","No Streams","No Streams","Stream Beat","_","Stream Beat"
1507,1507,0,0,0,0,00000004,004202150179ff51,0390,2a4b,1,0,3f542008,1,0,fffb0042fe9a0215fc7e0179fc27ff51,1,1,0,1e5d0a171e5d0a171e5d0a171e5d0a17,1,0,00000000000000000000000000000000,1,0,23c1,0,0,0,23c1,0,0,004202150179ff51,1,0,40900390,0,1,0,fffbfe9afc7efc27,1,0,"Active","Active","Active","Active","Active","Inactive","Inactive","Active","_","Active","Stream Beat","Stream Beat","Stream Beat","Stream Beat","Stream Beat","No Streams","No Streams","Stream Beat","_","Stream Beat"
1508,1508,0,0,0,0,00000004,02260088fe8bfe71,0390,1d91,1,0,3f7f1fdb,1,0,fd810226fbf50088fce1fe8bff0efe71,1,1,0,1e5d0a171e5d0a171e5d0a171e5d0a17,1,0,00000000000000000000000000000000,1,0,23c1,0,0,0,23c1,0,0,02260088fe8bfe71,1,0,40900390,0,1,0,fd81fbf5fce1ff0e,1,0,"Active","Active","Active","Active","Active","Inactive","Inactive","Active","_","Active","Stream Beat","Stream Beat","Stream Beat","Stream Beat","Stream Beat","No Streams","No Streams","Stream Beat","_","Stream Beat"
1509,1509,0,0,0,0,00000004,ff81fe0eff2d016e,0390,2360,1,0,3fab200e,1,0,fc08ff81fdc3fe0effbdff2dff95016e,1,1,0,1e5d0a171e5d0a171e5d0a171e5d0a17,1,0,00000000000000000000000000000000,1,0,23c1,0,0,0,23c1,0,0,ff81fe0eff2d016e,1,0,40900390,0,1,0,fc08fdc3ffbdff95,1,0,"Active","Active","Active","Active","Active","Inactive","Inactive","Active","_","Active","Stream Beat","Stream Beat","Stream Beat","Stream Beat","Stream Beat","No Streams","No Streams","Stream Beat","_","Stream Beat"
1510,1510,0,0,0,0,00000004,fe5700340210018e,0390,2a47,1,0,3f731032,1,0,fee9fe57fff80034fec50210fca7018e,1,1,0,1e5d0a171e5d0a171e5d0a171e5d0a17,1,0,00000000000000000000000000000000,1,0,23c1,0,0,0,23c1,0,0,fe5700340210018e,1,0,40900390,0,1,0,fee9fff8fec5fca7,1,0,"Active","Active","Active","Active","Active","Inactive","Inactive","Active","_","Active","Stream Beat","Stream Beat","Stream Beat","Stream Beat","Stream Beat","No Streams","No Streams","Stream Beat","_","Stream Beat"
1511,1511,0,0,0,0,00000004,0131021300a8fea5,0390,2345,1,0,3f561ffa,1,0,ffaf0131fdd40213fc2d00a8fcaffea5,1,1,0,1e5d0a171e5d0a171e5d0a171e5d0a17,1,0,00000000000000000000000000000000,1,0,23c1,0,0,0,23c1,0,0,0131021300a8fea5,1,0,40900390,0,1,0,ffaffdd4fc2dfcaf,1,0,"Active","Active","Active","Active","Active","Inactive","Inactive","Active","_","Active","Stream Beat","Stream Beat","Stream Beat","Stream Beat","Stream Beat","No Streams","No Streams","Stream Beat","_","Stream Beat"
1512,1512,0,0,0,0,00000004,01afffa8fe3aff01,0390,2363,1,0,3f912fe2,1,0,fccf01affc05ffa8fdb7fe3affabff01,1,1,0,1e5d0a171e5d0a171e5d0a171e5d0a17,1,0,00000000000000000000000000000000,1,0,23c1,0,0,0,23c1,0,0,01afffa8fe3aff01,1,0,40900390,0,1,0,fccffc05fdb7ffab,1,0,"Active","Active","Active","Active","Active","Inactive","Inactive","Active","_","Active","Stream Beat","Stream Beat","Stream Beat","Stream Beat","Stream Beat","No Streams","No Streams","Stream Beat","_","Stream Beat"
1513,1513,0,0,0,0,00000004,fec0fe46fff401f3,0390,2358,1,0,3fa41022,1,0,fc8cfec0febcfe46fffafff4feef01f3,1,1,0,1e5d0a171e5d0a171e5d0a171e5d0a17,1,0,00000000000000000000000000000000,1,0,23c1,0,0,0,23c1,0,0,fec0fe46fff401f3,1,0,40900390,0,1,0,fc8cfebcfffafeef,1,0,"Active","Active","Active","Active","Active","Inactive","Inactive","Active","_","Active","Stream Beat","Stream Beat","Stream Beat","Stream Beat","Stream Beat","No Streams","No Streams","Stream Beat","_","Stream Beat"
1514,1514,0,0,0,0,00000004,fec300f3021800de,0390,27be,1,0,3f651029,1,0,ff85fec3ffcd00f3fdfa0218fc1800de,1,1,0,1e5d0a171e5d0a171e5d0a171e5d0a17,1,0,00000000000000000000000000000000,1,0,23c1,0,0,0,23c1,0,0,fec300f3021800de,1,0,40900390,0,1,0,ff85ffcdfdfafc18,1,0,"Active","Active","Active","Active","Active","Inactive","Inactive","Active","_","Active","Stream Beat","Stream Beat","Stream Beat","Stream Beat","Stream Beat","No Streams","No Streams","Stream Beat","_","Stream Beat"
1515,1515,0,0,0,0,00000004,01d001d7ffd3fe2f,0390,234d,1,0,3f632fe9,1,0,ff1701d0fce501d7fc06ffd3fd6efe2f,1,1,0,1e5d0a171e5d0a171e5d0a171e5d0a17,1,0,00000000000000000000000000000000,1,0,23c1,0,0,0,23c1,0,0,01d001d7ffd3fe2f,1,0,40900390,0,1,0,ff17fce5fc06fd6e,1,0,"Active","Active","Active","Active","Active","Inactive","Inactive","Active","_","Active","Stream Beat","Stream Beat","Stream Beat","Stream Beat","Stream Beat","No Streams","No Streams","Stream Beat","_","Stream Beat"
1516,1516,0,0,0,0,00000004,0108feddfe3cffd4,0390,1d9a,1,0,3fa32fee,1,0,fc330108fc6cfeddfe8bfe3cfffcffd4,1,1,0,1e5d0a171e5d0a171e5d0a171e5d0a17,1,0,00000000000000000000000000000000,1,0,23c1,0,0,0,23c1,0,0,0108feddfe3cffd4,1,0,40900390,0,1,0,fc33fc6cfe8bfffc,1,0,"Active","Active","Active","Active","Active","Inactive","Inactive","Active","_","Active","Stream Beat","Stream Beat","Stream Beat","Stream Beat","Stream Beat","No Streams","No Streams","Stream Beat","_","Stream Beat"
1517,1517,0,0,0,0,00000004,fe46fe9a00bf021d,0390,1f4a,1,0,3f96102a,1,0,fd4dfe46ff64fe9affdf00bffe22021d,1,1,0,1e5d0a171e5d0a171e5d0a171e5d0a17,1,0,00000000000000000000000000000000,1,0,23c1,0,0,0,23c1,0,0,fe46fe9a00bf021d,1,0,40900390,0,1,0,fd4dff64ffdffe22,1,0,"Active","Active","Active","Active","Active","Inactive","Inactive","Active","_","Active","Stream Beat","Stream Beat","Stream Beat","Stream Beat","Stream Beat","No Streams","No Streams","Stream Beat","_","Stream Beat"
1518,1518,0,0,0,0,00000004,ff9b01c901ebffff,0390,2a45,1,0,3f57201a,1,0,ffefff9bff3501c9fd0f01ebfbf4ffff,1,1,0,1e5d0a171e5d0a171e5d0a171e5d0a17,1,0,00000000000000000000000000000000,1,0,23c1,0,0,0,23c1,0,0,ff9b01c901ebffff,1,0,40900390,0,1,0,ffefff35fd0ffbf4,1,0,"Active","Active","Active","Active","Active","Inactive","Inactive","Active","_","Active","Stream Beat","Stream Beat","Stream Beat","Stream Beat","Stream Beat","No Streams","No Streams","Stream Beat","_","Stream Beat"
1519,1519,0,0,0,0,00000004,020f0127ff03fe19,0390,1d8b,1,0,3f722fdf,1,0,fe50020ffc6d0127fc56ff03fe4cfe19,1,1,0,1e5d0a171e5d0a171e5d0a171e5d0a17,1,0,00000000000000000000000000000000,1,0,23c1,0,0,0,23c1,0,0,020f0127ff03fe19,1,0,40900390,0,1,0,fe50fc6dfc56fe4c,1,0,"Active","Active","Active","Active","Active","Inactive","Inactive","Active","_","Active","Stream Beat","Stream Beat","Stream Beat","Stream Beat","Stream Beat","No Streams","No Streams","Stream Beat","_","Stream Beat"
1520,1520,0,0,0,0,00000004,0035fe41fe890099,0390,1909,1,0,3fab1ffb,1,0,fbfc0035fd0efe41ff3efe89fff20099,1,1,0,1e5d0a171e5d0a171e5d0a171e5d0a17,1,0,00000000000000000000000000000000,1,0,23c1,0,0,0,23c1,0,0,0035fe41fe890099,1,0,40900390,0,1,0,fbfcfd0eff3efff2,1,0,"Active","Active","Active","Active","Active","Inactive","Inactive","Active","_","Active","Stream Beat","Stream Beat","Stream Beat","Stream Beat","Stream Beat","No Streams","No Streams","Stream Beat","_","Stream Beat"
1521,1521,0,0,0,0,00000004,fe1fff6401b30205,0390,2a4b,1,0,3f822034,1,0,fe2afe1fffddff64ff5901b3fd260205,1,1,0,1e5d0a171e5d0a171e5d0a171e5d0a17,1,0,00000000000000000000000000000000,1,0,23c1,0,0,0,23c1,0,0,fe1fff6401b30205,1,0,40900390,0,1,0,fe2affddff59fd26,1,0,"Active","Active","Active","Active","Active","Inactive","Inactive","Active","_","Active","Stream Beat","Stream Beat","Stream Beat","Stream Beat","Stream Beat","No Streams","No Streams","Stream Beat","_","Stream Beat"
1522,1522,0,0,0,0,00000004,007a020b014eff29,0390,2341,1,0,3f552005,1,0,fffb007afe78020bfc81014efc3cff29,1,1,0,1e5d0a171e5d0a171e5d0a171e5d0a17,1,0,00000000000000000000000000000000,1,0,23c1,0,0,0,23c1,0,0,007a020b014eff29,1,0,40900390,0,1,0,fffbfe78fc81fc3c,1,0,"Active","Active","Active","Active","Active","Inactive","Inactive","Active","_","Active","Stream Beat","Stream Beat","Stream Beat","Stream Beat","Stream Beat","No Streams","No Streams","Stream Beat","_","Stream Beat"
1523,1523,0,0,0,0,00000004,020e005ffe60fe71,0390,1d93,1,0,3f831fd9,1,0,fd60020efc0c005ffceefe60ff1dfe71,1,1,0,1e5d0a171e5d0a171e5d0a171e5d0a17,1,0,00000000000000000000000000000000,1,0,23c1,0,0,0,23c1,0,0,020e005ffe60fe71,1,0,40900390,0,1,0,fd60fc0cfceeff1d,1,0,"Active","Active","Active","Active","Active","Inactive","Inactive","Active","_","Active","Stream Beat","Stream Beat","Stream Beat","Stream Beat","Stream Beat","No Streams","No Streams","Stream Beat","_","Stream Beat"
1524,1524,0,0,0,0,00000004,ff5bfe25ff400182,0390,235e,1,0,3fa82013,1,0,fc48ff5bfe06fe25ffcfff40ff7e0182,1,1,0,1e5d0a171e5d0a171e5d0a171e5d0a17,1,0,00000000000000000000000000000000,1,0,23c1,0,0,0,23c1,0,0,ff5bfe25ff400182,1,0,40900390,0,1,0,fc48fe06ffcfff7e,1,0,"Active","Active","Active","Active","Active","Inactive","Inactive","Active","_","Active","Stream Beat","Stream Beat","Stream Beat","Stream Beat","Stream Beat","No Streams","No Streams","Stream Beat","_","Stream Beat"
1525,1525,0,0,0,0,00000004,fe43004802120176,0390,2a47,1,0,3f73102f,1,0,fef1fe43fffa0048fea00212fc800176,1,1,0,1e5d0a171e5d0a171e5d0a171e5d0a17,1,0,00000000000000000000000000000000,1,0,23c1,0,0,0,23c1,0,0,fe43004802120176,1,0,40900390,0,1,0,fef1fffafea0fc80,1,0,"Active","Active","Active","Active","Active","Inactive","Inactive","Active","_","Active","Stream Beat","Stream Beat","Stream Beat","Stream Beat","Stream Beat","No Streams","No Streams","Stream Beat","_","Stream Beat"
1526,1526,0,0,0,0,00000004,013e01fd008dfe7a,0390,2348,1,0,3f571ff3,1,0,ffa6013efdad01fdfbf8008dfcc0fe7a,1,1,0,1e5d0a171e5d0a171e5d0a171e5d0a17,1,0,00000000000000000000000000000000,1,0,23c1,0,0,0,23c1,0,0,013e01fd008dfe7a,1,0,40900390,0,1,0,ffa6fdadfbf8fcc0,1,0,"Active","Active","Active","Active","Active","Inactive","Inactive","Active","_","Active","Stream Beat","Stream Beat","Stream Beat","Stream Beat","Stream Beat","No Streams","No Streams","Stream Beat","_","Stream Beat"
1527,1527,0,0,0,0,00000004,019aff79fe27ff37,0390,2362,1,0,3f992fe4,1,0,fcb0019afc10ff79fdd5fe27ffc2ff37,1,1,0,1e5d0a171e5d0a171e5d0a171e5d0a17,1,0,00000000000000000000000000000000,1,0,23c1,0,0,0,23c1,0,0,019aff79fe27ff37,1,0,40900390,0,1,0,fcb0fc10fdd5ffc2,1,0,"Active","Active","Active","Active","Active","Inactive","Inactive","Active","_","Active","Stream Beat","Stream Beat","Stream Beat","Stream Beat","Stream Beat","No Streams","No Streams","Stream Beat","_","Stream Beat"
1528,1528,0,0,0,0,00000004,fe96fe4bfffb01e2,0390,2357,1,0,3fa01021,1,0,fcabfe96fecdfe4b0007fffbfed001e2,1,1,0,1e5d0a171e5d0a171e5d0a171e5d0a17,1,0,00000000000000000000000000000000,1,0,23c1,0,0,0,23c1,0,0,fe96fe4bfffb01e2,1,0,40900390,0,1,0,fcabfecd0007fed0,1,0,"Active","Active","Active","Active","Active","Inactive","Inactive","Active","_","Active","Stream Beat","Stream Beat","Stream Beat","Stream Beat","Stream Beat","No Streams","No Streams","Stream Beat","_","Stream Beat"
1529,1529,0,0,0,0,00000004,ff060135022e00bc,0390,2a44,1,0,3f601024,1,0,ffadff06ffb30135fdae022efc0700bc,1,1,0,1e5d0a171e5d0a171e5d0a171e5d0a17,1,0,00000000000000000000000000000000,1,0,23c1,0,0,0,23c1,0,0,ff060135022e00bc,1,0,40900390,0,1,0,ffadffb3fdaefc07,1,0,"Active","Active","Active","Active","Active","Inactive","Inactive","Active","_","Active","Stream Beat","Stream Beat","Stream Beat","Stream Beat","Stream Beat","No Streams","No Streams","Stream Beat","_","Stream Beat"
1530,1530,0,0,0,0,00000004,01e301bfffa0fe2f,0390,234e,1,0,3f652fe7,1,0,fee701e3fcd201bffc0dffa0fd9efe2f,1,1,0,1e5d0a171e5d0a171e5d0a171e5d0a17,1,0,00000000000000000000000000000000,1,0,23c1,0,0,0,23c1,0,0,01e301bfffa0fe2f,1,0,40900390,0,1,0,fee7fcd2fc0dfd9e,1,0,"Active","Active","Active","Active","Active","Inactive","Inactive","Active","_","Active","Stream Beat","Stream Beat","Stream Beat","Stream Beat","Stream Beat","No Streams","No Streams","Stream Beat","_","Stream Beat"
1531,1531,0,0,0,0,00000004,00eafeb1fe41fff1,0390,1d9b,1,0,2fa42feb,1,0,fc1b00eafc84feb1fea4fe41000afff1,1,1,0,1e5d0a171e5d0a171e5d0a171e5d0a17,1,0,00000000000000000000000000000000,1,0,23c1,0,0,0,23c1,0,0,00eafeb1fe41fff1,1,0,40900390,0,1,0,fc1bfc84fea4000a,1,0,"Active","Active","Active","Active","Active","Inactive","Inactive","Active","_","Active","Stream Beat","Stream Beat","Stream Beat","Stream Beat","Stream Beat","No Streams","No Streams","Stream Beat","_","Stream Beat"
1532,1532,0,0,0,0,00000004,fe20fed00109021b,0390,2a52,1,0,3f911032,1,0,fd5ffe20ff84fed0ffcf0109fdec021b,1,1,0,1e5d0a171e5d0a171e5d0a171e5d0a17,1,0,00000000000000000000000000000000,1,0,23c1,0,0,0,23c1,0,0,fe20fed00109021b,1,0,40900390,0,1,0,fd5fff84ffcffdec,1,0,"Active","Active","Active","Active","Active","Inactive","Inactive","Active","_","Active","Stream Beat","Stream Beat","Stream Beat","Stream Beat","Stream Beat","No Streams","No Streams","Stream Beat","_","Stream Beat"
1533,1533,0,0,0,0,00000004,ffb401c101beffd8,0390,2a47,1,0,3f562017,1,0,fff5ffb4ff2401c1fd0801befbf8ffd8,1,1,0,1e5d0a171e5d0a171e5d0a171e5d0a17,1,0,00000000000000000000000000000000,1,0,23c1,0,0,0,23c1,0,0,ffb401c101beffd8,1,0,40900390,0,1,0,fff5ff24fd08fbf8,1,0,"Active","Active","Active","Active","Active","Inactive","Inactive","Active","_","Active","Stream Beat","Stream Beat","Stream Beat","Stream Beat","Stream Beat","No Streams","No Streams","Stream Beat","_","Stream Beat"
1534,1534,0,0,0,0,00000004,0217010ffed9fe1f,0390,1d8d,1,0,2f742fdc,1,0,fe1d0217fc33010ffc5ffed9fe75fe1f,1,1,0,1e5d0a171e5d0a171e5d0a171e5d0a17,1,0,00000000000000000000000000000000,1,0,23c1,0,0,0,23c1,0,0,0217010ffed9fe1f,1,0,40900390,0,1,0,fe1dfc33fc5ffe75,1,0,"Active","Active","Active","Active","Active","Inactive","Inactive","Active","_","Active","Stream Beat","Stream Beat","Stream Beat","Stream Beat","Stream Beat","No Streams","No Streams","Stream Beat","_","Stream Beat"
1535,1535,0,0,0,0,00000004,0007fe2efeb300c5,0390,1d9b,1,0,3fa92001,1,0,fc090007fd37fe2eff62feb3ffe800c5,1,1,0,1e5d0a171e5d0a171e5d0a171e5d0a17,1,0,00000000000000000000000000000000,1,0,23c1,0,0,0,23c1,0,0,0007fe2efeb300c5,1,0,40900390,0,1,0,fc09fd37ff62ffe8,1,0,"Active","Active","Active","Active","Active","Inactive","Inactive","Active","_","Active","Stream Beat","Stream Beat","Stream Beat","Stream Beat","Stream Beat","No Streams","No Streams","Stream Beat","_","Stream Beat"
1536,1536,0,0,0,0,00000004,fe36ff8701a201e9,0390,2a4c,1,0,3f812030,1,0,fe58fe36fff3ff87ff4301a2fd1201e9,1,1,0,1e5d0a171e5d0a171e5d0a171e5d0a17,1,0,00000000000000000000000000000000,1,0,23c1,0,0,0,23c1,0,0,fe36ff8701a201e9,1,0,40900390,0,1,0,fe58fff3ff43fd12,1,0,"Active","Active","Active","Active","Active","Inactive","Inactive","Active","_","Active","Stream Beat","Stream Beat","Stream Beat","Stream Beat","Stream Beat","No Streams","No Streams","Stream Beat","_","Stream Beat"
1537,1537,0,0,0,0,00000004,00bb02100139feff,0390,2341,1,0,3f522001,1,0,fff100bbfe4b0210fc520139fc64feff,1,1,0,1e5d0a171e5d0a171e5d0a171e5d0a17,1,0,00000000000000000000000000000000,1,0,23c1,0,0,0,23c1,0,0,00bb02100139feff,1,0,40900390,0,1,0,fff1fe4bfc52fc64,1,0,"Active","Active","Active","Active","Active","Inactive","Inactive","Active","_","Active","Stream Beat","Stream Beat","Stream Beat","Stream Beat","Stream Beat","No Streams","No Streams","Stream Beat","_","Stream Beat"
1538,1538,0,0,0,0,00000004,01f5002dfe44fe83,0390,1d94,1,0,3f881fda,1,0,fd5001f5fc08002dfd05fe44ff3dfe83,1,1,0,1e5d0a171e5d0a171e5d0a171e5d0a17,1,0,00000000000000000000000000000000,1,0,23c1,0,0,0,23c1,0,0,01f5002dfe44fe83,1,0,40900390,0,1,0,fd50fc08fd05ff3d,1,0,"Active","Active","Active","Active","Active","Inactive","Inactive","Active","_","Active","Stream Beat","Stream Beat","Stream Beat","Stream Beat","Stream Beat","No Streams","No Streams","Stream Beat","_","Stream Beat"
1539,1539,0,0,0,0,00000004,ff1efe23ff690175,0390,235e,1,0,3faa2014,1,0,fc1aff1efe21fe23ffe8ff69ff670175,1,1,0,1e5d0a171e5d0a171e5d0a171e5d0a17,1,0,00000000000000000000000000000000,1,0,23c1,0,0,0,23c1,0,0,ff1efe23ff690175,1,0,40900390,0,1,0,fc1afe21ffe8ff67,1,0,"Active","Active","Active","Active","Active","Inactive","Inactive","Active","_","Active","Stream Beat","Stream Beat","Stream Beat","Stream Beat","Stream Beat","No Streams","No Streams","Stream Beat","_","Stream Beat"
1540,1540,0,0,0,0,00000004,fe6a00860213015e,0390,233f,1,0,3f6f1030,1,0,ff24fe6afff30086fe780213fc5f015e,1,1,0,1e5d0a171e5d0a171e5d0a171e5d0a17,1,0,00000000000000000000000000000000,1,0,23c1,0,0,0,23c1,0,0,fe6a00860213015e,1,0,40900390,0,1,0,ff24fff3fe78fc5f,1,0,"Active","Active","Active","Active","Active","Inactive","Inactive","Active","_","Active","Stream Beat","Stream Beat","Stream Beat","Stream Beat","Stream Beat","No Streams","No Streams","Stream Beat","_","Stream Beat"
1541,1541,0,0,0,0,00000004,017102100057fe68,0390,2349,1,0,3f591fee,1,0,ff7c0171fd700210fbee0057fce2fe68,1,1,0,1e5d0a171e5d0a171e5d0a171e5d0a17,1,0,00000000000000000000000000000000,1,0,23c1,0,0,0,23c1,0,0,017102100057fe68,1,0,40900390,0,1,0,ff7cfd70fbeefce2,1,0,"Active","Active","Active","Active","Active","Inactive","Inactive","Active","_","Active","Stream Beat","Stream Beat","Stream Beat","Stream Beat","Stream Beat","No Streams","No Streams","Stream Beat","_","Stream Beat"
1542,1542,0,0,0,0,00000004,0180ff52fe34ff38,0390,2364,1,0,3f982fe1,1,0,fc7a0180fc1fff52fe0efe34ffd1ff38,1,1,0,1e5d0a171e5d0a171e5d0a171e5d0a17,1,0,00000000000000000000000000000000,1,0,23c1,0,0,0,23c1,0,0,0180ff52fe34ff38,1,0,40900390,0,1,0,fc7afc1ffe0effd1,1,0,"Active","Active","Active","Active","Active","Inactive","Inactive","Active","_","Active","Stream Beat","Stream Beat","Stream Beat","Stream Beat","Stream Beat","No Streams","No Streams","Stream Beat","_","Stream Beat"
1543,1543,0,0,0,0,00000004,fe75fe5e005e01e8,0390,2354,1,0,3f9e1026,1,0,fcc0fe75fef6fe5e0002005efeb401e8,1,1,0,1e5d0a171e5d0a171e5d0a171e5d0a17,1,0,00000000000000000000000000000000,1,0,23c1,0,0,0,23c1,0,0,fe75fe5e005e01e8,1,0,40900390,0,1,0,fcc0fef60002feb4,1,0,"Active","Active","Active","Active","Active","Inactive","Inactive","Active","_","Active","Stream Beat","Stream Beat","Stream Beat","Stream Beat","Stream Beat","No Streams","No Streams","Stream Beat","_","Stream Beat"
1544,1544,0,0,0,0,00000004,ff2f01460207008d,0390,2a46,1,0,3f5b1024,1,0,ffbfff2fffa30146fda20207fc1b008d,1,1,0,1e5d0a171e5d0a171e5d0a171e5d0a17,1,0,00000000000000000000000000000000,1,0,23c1,0,0,0,23c1,0,0,ff2f01460207008d,1,0,40900390,0,1,0,ffbfffa3fda2fc1b,1,0,"Active","Active","Active","Active","Active","Inactive","Inactive","Active","_","Active","Stream Beat","Stream Beat","Stream Beat","Stream Beat","Stream Beat","No Streams","No Streams","Stream Beat","_","Stream Beat"
1545,1545,0,0,0,0,00000004,01ec0193ff85fe25,0390,2351,1,0,3f672fe3,1,0,fed801ecfcac0193fc24ff85fdd6fe25,1,1,0,1e5d0a171e5d0a171e5d0a171e5d0a17,1,0,00000000000000000000000000000000,1,0,23c1,0,0,0,23c1,0,0,01ec0193ff85fe25,1,0,40900390,0,1,0,fed8fcacfc24fdd6,1,0,"Active","Active","Active","Active","Active","Inactive","Inactive","Active","_","Active","Stream Beat","Stream Beat","Stream Beat","Stream Beat","Stream Beat","No Streams","No Streams","Stream Beat","_","Stream Beat"
1546,1546,0,0,0,0,00000004,00b1fe9afe52003a,0390,1d9c,1,0,2fa61ff1,1,0,fc2a00b1fc9bfe9afeddfe52fffe003a,1,1,0,1e5d0a171e5d0a171e5d0a171e5d0a17,1,0,00000000000000000000000000000000,1,0,23c1,0,0,0,23c1,0,0,00b1fe9afe52003a,1,0,40900390,0,1,0,fc2afc9bfeddfffe,1,0,"Active","Active","Active","Active","Active","Inactive","Inactive","Active","_","Active","Stream Beat","Stream Beat","Stream Beat","Stream Beat","Stream Beat","No Streams","No Streams","Stream Beat","_","Stream Beat"
1547,1547,0,0,0,0,00000004,fe38feff0127020f,0390,2a51,1,0,3f911030,1,0,fdb0fe38ffa9feffffb50127fdd6020f,1,1,0,1e5d0a171e5d0a171e5d0a171e5d0a17,1,0,00000000000000000000000000000000,1,0,23c1,0,0,0,23c1,0,0,fe38feff0127020f,1,0,40900390,0,1,0,fdb0ffa9ffb5fdd6,1,0,"Active","Active","Active","Active","Active","Inactive","Inactive","Active","_","Active","Stream Beat","Stream Beat","Stream Beat","Stream Beat","Stream Beat","No Streams","No Streams","Stream Beat","_","Stream Beat"
1548,1548,0,0,0,0,00000004,fff701cf01c2ffab,0390,2a48,1,0,3f572012,1,0,fffffff7ff0001cffcb701c2fc1cffab,1,1,0,1e5d0a171e5d0a171e5d0a171e5d0a17,1,0,00000000000000000000000000000000,1,0,23c1,0,0,0,23c1,0,0,fff701cf01c2ffab,1,0,40900390,0,1,0,ffffff00fcb7fc1c,1,0,"Active","Active","Active","Active","Active","Inactive","Inactive","Active","_","Active","Stream Beat","Stream Beat","Stream Beat","Stream Beat","Stream Beat","No Streams","No Streams","Stream Beat","_","Stream Beat"
1549,1549,0,0,0,0,00000004,023a00e5feb8fe33,0390,1d8e,1,0,3f7a1fdd,1,0,fddc023afc0f00e5fc75feb8fea6fe33,1,1,0,1e5d0a171e5d0a171e5d0a171e5d0a17,1,0,00000000000000000000000000000000,1,0,23c1,0,0,0,23c1,0,0,023a00e5feb8fe33,1,0,40900390,0,1,0,fddcfc0ffc75fea6,1,0,"Active","Active","Active","Active","Active","Inactive","Inactive","Active","_","Active","Stream Beat","Stream Beat","Stream Beat","Stream Beat","Stream Beat","No Streams","No Streams","Stream Beat","_","Stream Beat"
1550,1550,0,0,0,0,00000004,ffd4fe39feb500f4,0390,1909,1,0,3fae2006,1,0,fbf9ffd4fd74fe39ff7ffeb5ffcc00f4,1,1,0,1e5d0a171e5d0a171e5d0a171e5d0a17,1,0,00000000000000000000000000000000,1,0,23c1,0,0,0,23c1,0,0,ffd4fe39feb500f4,1,0,40900390,0,1,0,fbf9fd74ff7fffcc,1,0,"Active","Active","Active","Active","Active","Inactive","Inactive","Active","_","Active","Stream Beat","Stream Beat","Stream Beat","Stream Beat","Stream Beat","No Streams","No Streams","Stream Beat","_","Stream Beat"
1551,1551,0,0,0,0,00000004,fe2affbe01ab01d3,0390,2a48,1,0,3f7d2033,1,0,fe7efe2afff9ffbeff2b01abfcf201d3,1,1,0,1e5d0a171e5d0a171e5d0a171e5d0a17,1,0,00000000000000000000000000000000,1,0,23c1,0,0,0,23c1,0,0,fe2affbe01ab01d3,1,0,40900390,0,1,0,fe7efff9ff2bfcf2,1,0,"Active","Active","Active","Active","Active","Inactive","Inactive","Active","_","Active","Stream Beat","Stream Beat","Stream Beat","Stream Beat","Stream Beat","No Streams","No Streams","Stream Beat","_","Stream Beat"
1552,1552,0,0,0,0,00000004,00de022d0107fee6,0390,2342,1,0,3f502000,1,0,ffdc00defe17022dfc3c0107fc75fee6,1,1,0,1e5d0a171e5d0a171e5d0a171e5d0a17,1,0,00000000000000000000000000000000,1,0,23c1,0,0,0,23c1,0,0,00de022d0107fee6,1,0,40900390,0,1,0,ffdcfe17fc3cfc75,1,0,"Active","Active","Active","Active","Active","Inactive","Inactive","Active","_","Active","Stream Beat","Stream Beat","Stream Beat","Stream Beat","Stream Beat","No Streams","No Streams","Stream Beat","_","Stream Beat"
1553,1553,0,0,0,0,00000004,01de000afe39fead,0390,18fe,1,0,3f8b2fdb,1,0,fd1b01defbfc000afd3ffe39ff66fead,1,1,0,1e5d0a171e5d0a171e5d0a171e5d0a17,1,0,00000000000000000000000000000000,1,0,23c1,0,0,0,23c1,0,0,01de000afe39fead,1,0,40900390,0,1,0,fd1bfbfcfd3fff66,1,0,"Active","Active","Active","Active","Active","Inactive","Inactive","Active","_","Active","Stream Beat","Stream Beat","Stream Beat","Stream Beat","Stream Beat","No Streams","No Streams","Stream Beat","_","Stream Beat"
1554,1554,0,0,0,0,00000004,ff0dfe2cffb401cd,0390,235c,1,0,3fa92016,1,0,fc68ff0dfe5dfe2cffefffb4ff3b01cd,1,1,0,1e5d0a171e5d0a171e5d0a171e5d0a17,1,0,00000000000000000000000000000000,1,0,23c1,0,0,0,23c1,0,0,ff0dfe2cffb401cd,1,0,40900390,0,1,0,fc68fe5dffefff3b,1,0,"Active","Active","Active","Active","Active","Inactive","Inactive","Active","_","Active","Stream Beat","Stream Beat","Stream Beat","Stream Beat","Stream Beat","No Streams","No Streams","Stream Beat","_","Stream Beat"
1555,1555,0,0,0,0,00000004,fe8200b3020f0126,0390,2341,1,0,3f6a102f,1,0,ff44fe82ffe900b3fe59020ffc700126,1,1,0,1e5d0a171e5d0a171e5d0a171e5d0a17,1,0,00000000000000000000000000000000,1,0,23c1,0,0,0,23c1,0,0,fe8200b3020f0126,1,0,40900390,0,1,0,ff44ffe9fe59fc70,1,0,"Active","Active","Active","Active","Active","Inactive","Inactive","Active","_","Active","Stream Beat","Stream Beat","Stream Beat","Stream Beat","Stream Beat","No Streams","No Streams","Stream Beat","_","Stream Beat"
1556,1556,0,0,0,0,00000004,01a40208002efe54,0390,234a,1,0,3f5b1fec,1,0,ff5a01a4fd360208fbf6002efd12fe54,1,1,0,1e5d0a171e5d0a171e5d0a171e5d0a17,1,0,00000000000000000000000000000000,1,0,23c1,0,0,0,23c1,0,0,01a40208002efe54,1,0,40900390,0,1,0,ff5afd36fbf6fd12,1,0,"Active","Active","Active","Active","Active","Inactive","Inactive","Active","_","Active","Stream Beat","Stream Beat","Stream Beat","Stream Beat","Stream Beat","No Streams","No Streams","Stream Beat","_","Stream Beat"
1557,1557,0,0,0,0,00000004,0158ff2ffe20ff64,0390,2365,1,0,3f9e2feb,1,0,fc640158fc3eff2ffe28fe20ffe0ff64,1,1,0,1e5d0a171e5d0a171e5d0a171e5d0a17,1,0,00000000000000000000000000000000,1,0,23c1,0,0,0,23c1,0,0,0158ff2ffe20ff64,1,0,40900390,0,1,0,fc64fc3efe28ffe0,1,0,"Active","Active","Active","Active","Active","Inactive","Inactive","Active","_","Active","Stream Beat","Stream Beat","Stream Beat","Stream Beat","Stream Beat","No Streams","No Streams","Stream Beat","_","Stream Beat"
1558,1558,0,0,0,0,00000004,fe6bfe5f00730212,0390,2354,1,0,3f9f1026,1,0,fcf3fe6bff18fe5ffff60073fe7c0212,1,1,0,1e5d0a171e5d0a171e5d0a171e5d0a17,1,0,00000000000000000000000000000000,1,0,23c1,0,0,0,23c1,0,0,fe6bfe5f00730212,1,0,40900390,0,1,0,fcf3ff18fff6fe7c,1,0,"Active","Active","Active","Active","Active","Inactive","Inactive","Active","_","Active","Stream Beat","Stream Beat","Stream Beat","Stream Beat","Stream Beat","No Streams","No Streams","Stream Beat","_","Stream Beat"
1559,1559,0,0,0,0,00000004,ff510178021f005e,0390,2a45,1,0,3f591022,1,0,ffd5ff51ff7f0178fd54021ffc05005e,1,1,0,1e5d0a171e5d0a171e5d0a171e5d0a17,1,0,00000000000000000000000000000000,1,0,23c1,0,0,0,23c1,0,0,ff510178021f005e,1,0,40900390,0,1,0,ffd5ff7ffd54fc05,1,0,"Active","Active","Active","Active","Active","Inactive","Inactive","Active","_","Active","Stream Beat","Stream Beat","Stream Beat","Stream Beat","Stream Beat","No Streams","No Streams","Stream Beat","_","Stream Beat"
1560,1560,0,0,0,0,00000004,0214018bff56fe12,0390,2353,1,0,3f6a2fe0,1,0,fe990214fc64018bfc2fff56fdebfe12,1,1,0,1e5d0a171e5d0a171e5d0a171e5d0a17,1,0,00000000000000000000000000000000,1,0,23c1,0,0,0,23c1,0,0,0214018bff56fe12,1,0,40900390,0,1,0,fe99fc64fc2ffdeb,1,0,"Active","Active","Active","Active","Active","Inactive","Inactive","Active","_","Active","Stream Beat","Stream Beat","Stream Beat","Stream Beat","Stream Beat","No Streams","No Streams","Stream Beat","_","Stream Beat"
1561,1561,0,0,0,0,00000004,008ffe80fe78003d,0390,1d9d,1,0,3fa71ff4,1,0,fc15008ffcd0fe80ff07fe780001003d,1,1,0,1e5d0a171e5d0a171e5d0a171e5d0a17,1,0,00000000000000000000000000000000,1,0,23c1,0,0,0,23c1,0,0,008ffe80fe78003d,1,0,40900390,0,1,0,fc15fcd0ff070001,1,0,"Active","Active","Active","Active","Active","Inactive","Inactive","Active","_","Active","Stream Beat","Stream Beat","Stream Beat","Stream Beat","Stream Beat","No Streams","No Streams","Stream Beat","_","Stream Beat"
1562,1562,0,0,0,0,00000004,fe17ff2d014b0223,0390,2a4f,1,0,3f8a1034,1,0,fdbdfe17ffbfff2dffa2014bfd850223,1,1,0,1e5d0a171e5d0a171e5d0a171e5d0a17,1,0,00000000000000000000000000000000,1,0,23c1,0,0,0,23c1,0,0,fe17ff2d014b0223,1,0,40900390,0,1,0,fdbdffbfffa2fd85,1,0,"Active","Active","Active","Active","Active","Inactive","Inactive","Active","_","Active","Stream Beat","Stream Beat","Stream Beat","Stream Beat","Stream Beat","No Streams","No Streams","Stream Beat","_","Stream Beat"
1563,1563,0,0,0,0,00000004,000e01e70196ff7f,0390,2a48,1,0,3f512010,1,0,0004000efed301e7fcbb0196fc1bff7f,1,1,0,1e5d0a171e5d0a171e5d0a171e5d0a17,1,0,00000000000000000000000000000000,1,0,23c1,0,0,0,23c1,0,0,000e01e70196ff7f,1,0,40900390,0,1,0,0004fed3fcbbfc1b,1,0,"Active","Active","Active","Active","Active","Inactive","Inactive","Active","_","Active","Stream Beat","Stream Beat","Stream Beat","Stream Beat","Stream Beat","No Streams","No Streams","Stream Beat","_","Stream Beat"
1564,1564,0,0,0,0,00000004,022700b9fe9ffe4c,0390,1d90,1,0,2f7e1fdc,1,0,fdbb0227fc1800b9fcaffe9ffed1fe4c,1,1,0,1e5d0a171e5d0a171e5d0a171e5d0a17,1,0,00000000000000000000000000000000,1,0,23c1,0,0,0,23c1,0,0,022700b9fe9ffe4c,1,0,40900390,0,1,0,fdbbfc18fcaffed1,1,0,"Active","Active","Active","Active","Active","Inactive","Inactive","Active","_","Active","Stream Beat","Stream Beat","Stream Beat","Stream Beat","Stream Beat","No Streams","No Streams","Stream Beat","_","Stream Beat"
1565,1565,0,0,0,0,00000004,ffaafe39ff0e013d,0390,1f5e,1,0,3faa200b,1,0,fc1bffaafdaefe39ffaeff0effb1013d,1,1,0,1e5d0a171e5d0a171e5d0a171e5d0a17,1,0,00000000000000000000000000000000,1,0,23c1,0,0,0,23c1,0,0,ffaafe39ff0e013d,1,0,40900390,0,1,0,fc1bfdaeffaeffb1,1,0,"Active","Active","Active","Active","Active","Inactive","Inactive","Active","_","Active","Stream Beat","Stream Beat","Stream Beat","Stream Beat","Stream Beat","No Streams","No Streams","Stream Beat","_","Stream Beat"
1566,1566,0,0,0,0,00000004,fe48fff001da01b7,0390,2a49,1,0,2f7a1030,1,0,feaffe480004fff0fef501dafcd701b7,1,1,0,1e5d0a171e5d0a171e5d0a171e5d0a17,1,0,00000000000000000000000000000000,1,0,23c1,0,0,0,23c1,0,0,fe48fff001da01b7,1,0,40900390,0,1,0,feaf0004fef5fcd7,1,0,"Active","Active","Active","Active","Active","Inactive","Inactive","Active","_","Active","Stream Beat","Stream Beat","Stream Beat","Stream Beat","Stream Beat","No Streams","No Streams","Stream Beat","_","Stream Beat"
1567,1567,0,0,0,0,00000004,0109023500e0febb,0390,2344,1,0,3f551ffc,1,0,ffc70109fde30235fc3300e0fc82febb,1,1,0,1e5d0a171e5d0a171e5d0a171e5d0a17,1,0,00000000000000000000000000000000,1,0,23c1,0,0,0,23c1,0,0,0109023500e0febb,1,0,40900390,0,1,0,ffc7fde3fc33fc82,1,0,"Active","Active","Active","Active","Active","Inactive","Inactive","Active","_","Active","Stream Beat","Stream Beat","Stream Beat","Stream Beat","Stream Beat","No Streams","No Streams","Stream Beat","_","Stream Beat"
1568,1568,0,0,0,0,00000004,01d5ffd8fe3ffeb7,0390,2361,1,0,3f922fe2,1,0,fcec01d5fc10ffd8fd7cfe3fff82feb7,1,1,0,1e5d0a171e5d0a171e5d0a171e5d0a17,1,0,00000000000000000000000000000000,1,0,23c1,0,0,0,23c1,0,0,01d5ffd8fe3ffeb7,1,0,40900390,0,1,0,fcecfc10fd7cff82,1,0,"Active","Active","Active","Active","Active","Inactive","Inactive","Active","_","Active","Stream Beat","Stream Beat","Stream Beat","Stream Beat","Stream Beat","No Streams","No Streams","Stream Beat","_","Stream Beat"
1569,1569,0,0,0,0,00000004,feedfe22ffaa01b8,0390,235b,1,0,2fa7201c,1,0,fc76feedfe7dfe22fff0ffaaff2a01b8,1,1,0,1e5d0a171e5d0a171e5d0a171e5d0a17,1,0,00000000000000000000000000000000,1,0,23c1,0,0,0,23c1,0,0,feedfe22ffaa01b8,1,0,40900390,0,1,0,fc76fe7dfff0ff2a,1,0,"Active","Active","Active","Active","Active","Inactive","Inactive","Active","_","Active","Stream Beat","Stream Beat","Stream Beat","Stream Beat","Stream Beat","No Streams","No Streams","Stream Beat","_","Stream Beat"
1570,1570,0,0,0,0,00000004,feb900cc020f010a,0390,233f,1,0,3f65102d,1,0,ff74feb9ffd900ccfe3b020ffc23010a,1,1,0,1e5d0a171e5d0a171e5d0a171e5d0a17,1,0,00000000000000000000000000000000,1,0,23c1,0,0,0,23c1,0,0,feb900cc020f010a,1,0,40900390,0,1,0,ff74ffd9fe3bfc23,1,0,"Active","Active","Active","Active","Active","Inactive","Inactive","Active","_","Active","Stream Beat","Stream Beat","Stream Beat","Stream Beat","Stream Beat","No Streams","No Streams","Stream Beat","_","Stream Beat"
1571,1571,0,0,0,0,00000004,01ac01e40002fe45,0390,234a,1,0,3f5f2fea,1,0,ff4401acfd2401e4fc110002fd3efe45,1,1,0,1e5d0a171e5d0a171e5d0a171e5d0a17,1,0,00000000000000000000000000000000,1,0,23c1,0,0,0,23c1,0,0,01ac01e40002fe45,1,0,40900390,0,1,0,ff44fd24fc11fd3e,1,0,"Active","Active","Active","Active","Active","Inactive","Inactive","Active","_","Active","Stream Beat","Stream Beat","Stream Beat","Stream Beat","Stream Beat","No Streams","No Streams","Stream Beat","_","Stream Beat"
1572,1572,0,0,0,0,00000004,0131ff0bfe2eff77,0390,1d9b,1,0,3fa02fe7,1,0,fc520131fc55ff0bfe5efe2effe8ff77,1,1,0,1e5d0a171e5d0a171e5d0a171e5d0a17,1,0,00000000000000000000000000000000,1,0,23c1,0,0,0,23c1,0,0,0131ff0bfe2eff77,1,0,40900390,0,1,0,fc52fc55fe5effe8,1,0,"Active","Active","Active","Active","Active","Inactive","Inactive","Active","_","Active","Stream Beat","Stream Beat","Stream Beat","Stream Beat","Stream Beat","No Streams","No Streams","Stream Beat","_","Stream Beat"
1573,1573,0,0,0,0,00000004,fe57fe8900950218,0390,2353,1,0,3f9a1029,1,0,fd1cfe57ff44fe89ffed0095fe540218,1,1,0,1e5d0a171e5d0a171e5d0a171e5d0a17,1,0,00000000000000000000000000000000,1,0,23c1,0,0,0,23c1,0,0,fe57fe8900950218,1,0,40900390,0,1,0,fd1cff44ffedfe54,1,0,"Active","Active","Active","Active","Active","Inactive","Inactive","Active","_","Active","Stream Beat","Stream Beat","Stream Beat","Stream Beat","Stream Beat","No Streams","No Streams","Stream Beat","_","Stream Beat"
1574,1574,0,0,0,0,00000004,ff79018b02080031,0390,2a44,1,0,3f5b101d,1,0,ffe7ff79ff64018bfd360208fc060031,1,1,0,1e5d0a171e5d0a171e5d0a171e5d0a17,1,0,00000000000000000000000000000000,1,0,23c1,0,0,0,23c1,0,0,ff79018b02080031,1,0,40900390,0,1,0,ffe7ff64fd36fc06,1,0,"Active","Active","Active","Active","Active","Inactive","Inactive","Active","_","Active","Stream Beat","Stream Beat","Stream Beat","Stream Beat","Stream Beat","No Streams","No Streams","Stream Beat","_","Stream Beat"
1575,1575,0,0,0,0,00000004,02070163ff26fe28,0390,2354,1,0,3f6e2fde,1,0,fe7b0207fc620163fc2eff26fe26fe28,1,1,0,1e5d0a171e5d0a171e5d0a171e5d0a17,1,0,00000000000000000000000000000000,1,0,23c1,0,0,0,23c1,0,0,02070163ff26fe28,1,0,40900390,0,1,0,fe7bfc62fc2efe26,1,0,"Active","Active","Active","Active","Active","Inactive","Inactive","Active","_","Active","Stream Beat","Stream Beat","Stream Beat","Stream Beat","Stream Beat","No Streams","No Streams","Stream Beat","_","Stream Beat"
1576,1576,0,0,0,0,00000004,0067fe5bfe7f0085,0390,1d9b,1,0,3faa1ff8,1,0,fbe70067fcdbfe5bff23fe7ffffc0085,1,1,0,1e5d0a171e5d0a171e5d0a171e5d0a17,1,0,00000000000000000000000000000000,1,0,23c1,0,0,0,23c1,0,0,0067fe5bfe7f0085,1,0,40900390,0,1,0,fbe7fcdbff23fffc,1,0,"Active","Active","Active","Active","Active","Inactive","Inactive","Active","_","Active","Stream Beat","Stream Beat","Stream Beat","Stream Beat","Stream Beat","No Streams","No Streams","Stream Beat","_","Stream Beat"
1577,1577,0,0,0,0,00000004,fe17ff42017801fc,0390,2a4f,1,0,3f881033,1,0,fdf8fe17ffc9ff42ff870178fd7901fc,1,1,0,1e5d0a171e5d0a171e5d0a171e5d0a17,1,0,00000000000000000000000000000000,1,0,23c1,0,0,0,23c1,0,0,fe17ff42017801fc,1,0,40900390,0,1,0,fdf8ffc9ff87fd79,1,0,"Active","Active","Active","Active","Active","Inactive","Inactive","Active","_","Active","Stream Beat","Stream Beat","Stream Beat","Stream Beat","Stream Beat","No Streams","No Streams","Stream Beat","_","Stream Beat"
1578,1578,0,0,0,0,00000004,004902210183ff5d,0390,2a48,1,0,3f53200b,1,0,fffb0049fe990221fc6b0183fc22ff5d,1,1,0,1e5d0a171e5d0a171e5d0a171e5d0a17,1,0,00000000000000000000000000000000,1,0,23c1,0,0,0,23c1,0,0,004902210183ff5d,1,0,40900390,0,1,0,fffbfe99fc6bfc22,1,0,"Active","Active","Active","Active","Active","Inactive","Inactive","Active","_","Active","Stream Beat","Stream Beat","Stream Beat","Stream Beat","Stream Beat","No Streams","No Streams","Stream Beat","_","Stream Beat"
1579,1579,0,0,0,0,00000004,020e0089fe7cfe5f,0390,1d92,1,0,3f7e1fdc,1,0,fdaa020efc140089fcb3fe7cfefffe5f,1,1,0,1e5d0a171e5d0a171e5d0a171e5d0a17,1,0,00000000000000000000000000000000,1,0,23c1,0,0,0,23c1,0,0,020e0089fe7cfe5f,1,0,40900390,0,1,0,fdaafc14fcb3feff,1,0,"Active","Active","Active","Active","Active","Inactive","Inactive","Active","_","Active","Stream Beat","Stream Beat","Stream Beat","Stream Beat","Stream Beat","No Streams","No Streams","Stream Beat","_","Stream Beat"
1580,1580,0,0,0,0,00000004,ff80fe12ff150145,0390,2360,1,0,3fac200c,1,0,fc0bff80fdb4fe12ffbcff15ff9e0145,1,1,0,1e5d0a171e5d0a171e5d0a171e5d0a17,1,0,00000000000000000000000000000000,1,0,23c1,0,0,0,23c1,0,0,ff80fe12ff150145,1,0,40900390,0,1,0,fc0bfdb4ffbcff9e,1,0,"Active","Active","Active","Active","Active","Inactive","Inactive","Active","_","Active","Stream Beat","Stream Beat","Stream Beat","Stream Beat","Stream Beat","No Streams","No Streams","Stream Beat","_","Stream Beat"
1581,1581,0,0,0,0,00000004,fe33002501f2019c,0390,2a46,1,0,3f721034,1,0,fec5fe33fffe0025fed401f2fca7019c,1,1,0,1e5d0a171e5d0a171e5d0a171e5d0a17,1,0,00000000000000000000000000000000,1,0,23c1,0,0,0,23c1,0,0,fe33002501f2019c,1,0,40900390,0,1,0,fec5fffefed4fca7,1,0,"Active","Active","Active","Active","Active","Inactive","Inactive","Active","_","Active","Stream Beat","Stream Beat","Stream Beat","Stream Beat","Stream Beat","No Streams","No Streams","Stream Beat","_","Stream Beat"
1582,1582,0,0,0,0,00000004,0123021f00bafea6,0390,2344,1,0,3f571ff7,1,0,ffbb0123fdc4021ffc1600bafcb4fea6,1,1,0,1e5d0a171e5d0a171e5d0a171e5d0a17,1,0,00000000000000000000000000000000,1,0,23c1,0,0,0,23c1,0,0,0123021f00bafea6,1,0,40900390,0,1,0,ffbbfdc4fc16fcb4,1,0,"Active","Active","Active","Active","Active","Inactive","Inactive","Active","_","Active","Stream Beat","Stream Beat","Stream Beat","Stream Beat","Stream Beat","No Streams","No Streams","Stream Beat","_","Stream Beat"
1583,1583,0,0,0,0,00000004,01b0ffaffe24fef5,0390,1f5b,1,0,3f912fde,1,0,fcde01b0fc0dffaffd99fe24ff9ffef5,1,1,0,1e5d0a171e5d0a171e5d0a171e5d0a17,1,0,00000000000000000000000000000000,1,0,23c1,0,0,0,23c1,0,0,01b0ffaffe24fef5,1,0,40900390,0,1,0,fcdefc0dfd99ff9f,1,0,"Active","Active","Active","Active","Active","Inactive","Inactive","Active","_","Active","Stream Beat","Stream Beat","Stream Beat","Stream Beat","Stream Beat","No Streams","No Streams","Stream Beat","_","Stream Beat"
1584,1584,0,0,0,0,00000004,fec3fe3a000a01d4,0390,2358,1,0,3fa3101e,1,0,fc9bfec3fea4fe3a0002000afeff01d4,1,1,0,1e5d0a171e5d0a171e5d0a171e5d0a17,1,0,00000000000000000000000000000000,1,0,23c1,0,0,0,23c1,0,0,fec3fe3a000a01d4,1,0,40900390,0,1,0,fc9bfea40002feff,1,0,"Active","Active","Active","Active","Active","Inactive","Inactive","Active","_","Active","Stream Beat","Stream Beat","Stream Beat","Stream Beat","Stream Beat","No Streams","No Streams","Stream Beat","_","Stream Beat"
1585,1585,0,0,0,0,00000004,fecc00da021e00e7,0390,27bf,1,0,3f64102a,1,0,ff7ffeccffda00dafdf1021efc3100e7,1,1,0,1e5d0a171e5d0a171e5d0a171e5d0a17,1,0,00000000000000000000000000000000,1,0,23c1,0,0,0,23c1,0,0,fecc00da021e00e7,1,0,40900390,0,1,0,ff7fffdafdf1fc31,1,0,"Active","Active","Active","Active","Active","Inactive","Inactive","Active","_","Active","Stream Beat","Stream Beat","Stream Beat","Stream Beat","Stream Beat","No Streams","No Streams","Stream Beat","_","Stream Beat"
1586,1586,0,0,0,0,00000004,01ca01d7ffe0fe3e,0390,234d,1,0,3f622fe7,1,0,ff2401cafcdf01d7fbefffe0fd88fe3e,1,1,0,1e5d0a171e5d0a171e5d0a171e5d0a17,1,0,00000000000000000000000000000000,1,0,23c1,0,0,0,23c1,0,0,01ca01d7ffe0fe3e,1,0,40900390,0,1,0,ff24fcdffbeffd88,1,0,"Active","Active","Active","Active","Active","Inactive","Inactive","Active","_","Active","Stream Beat","Stream Beat","Stream Beat","Stream Beat","Stream Beat","No Streams","No Streams","Stream Beat","_","Stream Beat"
1587,1587,0,0,0,0,00000004,0118fedffe32ffbe,0390,1d9b,1,0,2fa41fed,1,0,fc220118fc64fedffe82fe32fff5ffbe,1,1,0,1e5d0a171e5d0a171e5d0a171e5d0a17,1,0,00000000000000000000000000000000,1,0,23c1,0,0,0,23c1,0,0,0118fedffe32ffbe,1,0,40900390,0,1,0,fc22fc64fe82fff5,1,0,"Active","Active","Active","Active","Active","Inactive","Inactive","Active","_","Active","Stream Beat","Stream Beat","Stream Beat","Stream Beat","Stream Beat","No Streams","No Streams","Stream Beat","_","Stream Beat"
1588,1588,0,0,0,0,00000004,fe46feb900ac0214,0390,1f4a,1,0,3f97102a,1,0,fd51fe46ff66feb9ffeb00acfe260214,1,1,0,1e5d0a171e5d0a171e5d0a171e5d0a17,1,0,00000000000000000000000000000000,1,0,23c1,0,0,0,23c1,0,0,fe46feb900ac0214,1,0,40900390,0,1,0,fd51ff66ffebfe26,1,0,"Active","Active","Active","Active","Active","Inactive","Inactive","Active","_","Active","Stream Beat","Stream Beat","Stream Beat","Stream Beat","Stream Beat","No Streams","No Streams","Stream Beat","_","Stream Beat"
1589,1589,0,0,0,0,00000004,ff98019601f0000b,0390,2a45,1,0,3f57201b,1,0,fff3ff98ff4d0196fd1001f0fbf6000b,1,1,0,1e5d0a171e5d0a171e5d0a171e5d0a17,1,0,00000000000000000000000000000000,1,0,23c1,0,0,0,23c1,0,0,ff98019601f0000b,1,0,40900390,0,1,0,fff3ff4dfd10fbf6,1,0,"Active","Active","Active","Active","Active","Inactive","Inactive","Active","_","Active","Stream Beat","Stream Beat","Stream Beat","Stream Beat","Stream Beat","No Streams","No Streams","Stream Beat","_","Stream Beat"
1590,1590,0,0,0,0,00000004,021f013aff02fe25,0390,1d8c,1,0,3f6f2fde,1,0,fe49021ffc54013afc53ff02fe49fe25,1,1,0,1e5d0a171e5d0a171e5d0a171e5d0a17,1,0,00000000000000000000000000000000,1,0,23c1,0,0,0,23c1,0,0,021f013aff02fe25,1,0,40900390,0,1,0,fe49fc54fc53fe49,1,0,"Active","Active","Active","Active","Active","Inactive","Inactive","Active","_","Active","Stream Beat","Stream Beat","Stream Beat","Stream Beat","Stream Beat","No Streams","No Streams","Stream Beat","_","Stream Beat"
1591,1591,0,0,0,0,00000004,002cfe6bfe9d00c0,0390,1d9d,1,0,3fac1ffb,1,0,fc1e002cfd35fe6bff4ffe9dffeb00c0,1,1,0,1e5d0a171e5d0a171e5d0a171e5d0a17,1,0,00000000000000000000000000000000,1,0,23c1,0,0,0,23c1,0,0,002cfe6bfe9d00c0,1,0,40900390,0,1,0,fc1efd35ff4fffeb,1,0,"Active","Active","Active","Active","Active","Inactive","Inactive","Active","_","Active","Stream Beat","Stream Beat","Stream Beat","Stream Beat","Stream Beat","No Streams","No Streams","Stream Beat","_","Stream Beat"
1592,1592,0,0,0,0,00000004,fe14ff5b016401fe,0390,2a4d,1,0,3f841032,1,0,fe10fe14ffe5ff5bff6e0164fd5001fe,1,1,0,1e5d0a171e5d0a171e5d0a171e5d0a17,1,0,00000000000000000000000000000000,1,0,23c1,0,0,0,23c1,0,0,fe14ff5b016401fe,1,0,40900390,0,1,0,fe10ffe5ff6efd50,1,0,"Active","Active","Active","Active","Active","Inactive","Inactive","Active","_","Active","Stream Beat","Stream Beat","Stream Beat","Stream Beat","Stream Beat","No Streams","No Streams","Stream Beat","_","Stream Beat"
1593,1593,0,0,0,0,00000004,007002240155ff26,0390,2a4b,1,0,3f532008,1,0,fff10070fe740224fc780155fc1bff26,1,1,0,1e5d0a171e5d0a171e5d0a171e5d0a17,1,0,00000000000000000000000000000000,1,0,23c1,0,0,0,23c1,0,0,007002240155ff26,1,0,40900390,0,1,0,fff1fe74fc78fc1b,1,0,"Active","Active","Active","Active","Active","Inactive","Inactive","Active","_","Active","Stream Beat","Stream Beat","Stream Beat","Stream Beat","Stream Beat","No Streams","No Streams","Stream Beat","_","Stream Beat"
1594,1594,0,0,0,0,00000004,0215005bfe7efe79,0390,1d93,1,0,3f881fdf,1,0,fd6f0215fbfd005bfd00fe7eff2dfe79,1,1,0,1e5d0a171e5d0a171e5d0a171e5d0a17,1,0,00000000000000000000000000000000,1,0,23c1,0,0,0,23c1,0,0,0215005bfe7efe79,1,0,40900390,0,1,0,fd6ffbfdfd00ff2d,1,0,"Active","Active","Active","Active","Active","Inactive","Inactive","Active","_","Active","Stream Beat","Stream Beat","Stream Beat","Stream Beat","Stream Beat","No Streams","No Streams","Stream Beat","_","Stream Beat"
1595,1595,0,0,0,0,00000004,ff52fe11ff550162,0390,235f,1,0,3fab200d,1,0,fc18ff52fde0fe11ffd8ff55ff830162,1,1,0,1e5d0a171e5d0a171e5d0a171e5d0a17,1,0,00000000000000000000000000000000,1,0,23c1,0,0,0,23c1,0,0,ff52fe11ff550162,1,0,40900390,0,1,0,fc18fde0ffd8ff83,1,0,"Active","Active","Active","Active","Active","Inactive","Inactive","Active","_","Active","Stream Beat","Stream Beat","Stream Beat","Stream Beat","Stream Beat","No Streams","No Streams","Stream Beat","_","Stream Beat"
1596,1596,0,0,0,0,00000004,fe68004902020197,0390,2a46,1,0,3f6f1030,1,0,fefffe6800000049fea60202fc580197,1,1,0,1e5d0a171e5d0a171e5d0a171e5d0a17,1,0,00000000000000000000000000000000,1,0,23c1,0,0,0,23c1,0,0,fe68004902020197,1,0,40900390,0,1,0,feff0000fea6fc58,1,0,"Active","Active","Active","Active","Active","Inactive","Inactive","Active","_","Active","Stream Beat","Stream Beat","Stream Beat","Stream Beat","Stream Beat","No Streams","No Streams","Stream Beat","_","Stream Beat"
1597,1597,0,0,0,0,00000004,014f02160090fe7e,0390,2346,1,0,3f591ff6,1,0,ffa0014ffd9d0216fc060090fcbcfe7e,1,1,0,1e5d0a171e5d0a171e5d0a171e5d0a17,1,0,00000000000000000000000000000000,1,0,23c1,0,0,0,23c1,0,0,014f02160090fe7e,1,0,40900390,0,1,0,ffa0fd9dfc06fcbc,1,0,"Active","Active","Active","Active","Active","Inactive","Inactive","Active","_","Active","Stream Beat","Stream Beat","Stream Beat","Stream Beat","Stream Beat","No Streams","No Streams","Stream Beat","_","Stream Beat"
1598,1598,0,0,0,0,00000004,01a1ff85fe15ff0a,0390,2362,1,0,3f952fe1,1,0,fca001a1fc20ff85fdb9fe15ffb4ff0a,1,1,0,1e5d0a171e5d0a171e5d0a171e5d0a17,1,0,00000000000000000000000000000000,1,0,23c1,0,0,0,23c1,0,0,01a1ff85fe15ff0a,1,0,40900390,0,1,0,fca0fc20fdb9ffb4,1,0,"Active","Active","Active","Active","Active","Inactive","Inactive","Active","_","Active","Stream Beat","Stream Beat","Stream Beat","Stream Beat","Stream Beat","No Streams","No Streams","Stream Beat","_","Stream Beat"
1599,1599,0,0,0,0,00000004,fea2fe52002c01f1,0390,2358,1,0,2f9f1024,1,0,fca2fea2fed9fe520000002cfed501f1,1,1,0,1e5d0a171e5d0a171e5d0a171e5d0a17,1,0,00000000000000000000000000000000,1,0,23c1,0,0,0,23c1,0,0,fea2fe52002c01f1,1,0,40900390,0,1,0,fca2fed90000fed5,1,0,"Active","Active","Active","Active","Active","Inactive","Inactive","Active","_","Active","Stream Beat","Stream Beat","Stream Beat","Stream Beat","Stream Beat","No Streams","No Streams","Stream Beat","_","Stream Beat"
1600,1600,0,0,0,0,00000004,fee2013a021d00bd,0390,2a43,1,0,3f5f1027,1,0,ff98fee2ffb6013afdcb021dfc0500bd,1,1,0,1e5d0a171e5d0a171e5d0a171e5d0a17,1,0,00000000000000000000000000000000,1,0,23c1,0,0,0,23c1,0,0,fee2013a021d00bd,1,0,40900390,0,1,0,ff98ffb6fdcbfc05,1,0,"Active","Active","Active","Active","Active","Inactive","Inactive","Active","_","Active","Stream Beat","Stream Beat","Stream Beat","Stream Beat","Stream Beat","No Streams","No Streams","Stream Beat","_","Stream Beat"
1601,1601,0,0,0,0,00000004,01e001aeffb4fe1d,0390,234f,1,0,3f622fe4,1,0,fefc01e0fce001aefc1bffb4fd90fe1d,1,1,0,1e5d0a171e5d0a171e5d0a171e5d0a17,1,0,00000000000000000000000000000000,1,0,23c1,0,0,0,23c1,0,0,01e001aeffb4fe1d,1,0,40900390,0,1,0,fefcfce0fc1bfd90,1,0,"Active","Active","Active","Active","Active","Inactive","Inactive","Active","_","Active","Stream Beat","Stream Beat","Stream Beat","Stream Beat","Stream Beat","No Streams","No Streams","Stream Beat","_","Stream Beat"
1602,1602,0,0,0,0,00000004,00e6fec7fe3d0005,0390,1d9c,1,0,2fa51ff1,1,0,fc3000e6fc9bfec7fea7fe3d00000005,1,1,0,1e5d0a171e5d0a171e5d0a171e5d0a17,1,0,00000000000000000000000000000000,1,0,23c1,0,0,0,23c1,0,0,00e6fec7fe3d0005,1,0,40900390,0,1,0,fc30fc9bfea70000,1,0,"Active","Active","Active","Active","Active","Inactive","Inactive","Active","_","Active","Stream Beat","Stream Beat","Stream Beat","Stream Beat","Stream Beat","No Streams","No Streams","Stream Beat","_","Stream Beat"
1603,1603,0,0,0,0,00000004,fe3cfed80107023b,0390,2a53,1,0,3f91102f,1,0,fd75fe3cff8bfed8ffcb0107fddd023b,1,1,0,1e5d0a171e5d0a171e5d0a171e5d0a17,1,0,00000000000000000000000000000000,1,0,23c1,0,0,0,23c1,0,0,fe3cfed80107023b,1,0,40900390,0,1,0,fd75ff8bffcbfddd,1,0,"Active","Active","Active","Active","Active","Inactive","Inactive","Active","_","Active","Stream Beat","Stream Beat","Stream Beat","Stream Beat","Stream Beat","No Streams","No Streams","Stream Beat","_","Stream Beat"
1604,1604,0,0,0,0,00000004,ffbd01c101daffdb,0390,2a46,1,0,3f582015,1,0,fff7ffbdff2501c1fce901dafc03ffdb,1,1,0,1e5d0a171e5d0a171e5d0a171e5d0a17,1,0,00000000000000000000000000000000,1,0,23c1,0,0,0,23c1,0,0,ffbd01c101daffdb,1,0,40900390,0,1,0,fff7ff25fce9fc03,1,0,"Active","Active","Active","Active","Active","Inactive","Inactive","Active","_","Active","Stream Beat","Stream Beat","Stream Beat","Stream Beat","Stream Beat","No Streams","No Streams","Stream Beat","_","Stream Beat"
1605,1605,0,0,0,0,00000004,02170116fedefe19,0390,1d8d,1,0,2f771fde,1,0,fe280217fc260116fc55fedefe6cfe19,1,1,0,1e5d0a171e5d0a171e5d0a171e5d0a17,1,0,00000000000000000000000000000000,1,0,23c1,0,0,0,23c1,0,0,02170116fedefe19,1,0,40900390,0,1,0,fe28fc26fc55fe6c,1,0,"Active","Active","Active","Active","Active","Inactive","Inactive","Active","_","Active","Stream Beat","Stream Beat","Stream Beat","Stream Beat","Stream Beat","No Streams","No Streams","Stream Beat","_","Stream Beat"
1606,1606,0,0,0,0,00000004,000bfe2ffea200b2,0390,1f5f,1,0,3faa2005,1,0,fbf7000bfd27fe2fff5dfea2ffe800b2,1,1,0,1e5d0a171e5d0a171e5d0a171e5d0a17,1,0,00000000000000000000000000000000,1,0,23c1,0,0,0,23c1,0,0,000bfe2ffea200b2,1,0,40900390,0,1,0,fbf7fd27ff5dffe8,1,0,"Active","Active","Active","Active","Active","Inactive","Inactive","Active","_","Active","Stream Beat","Stream Beat","Stream Beat","Stream Beat","Stream Beat","No Streams","No Streams","Stream Beat","_","Stream Beat"
1607,1607,0,0,0,0,00000004,fe22ff9901a601e7,0390,2a4c,1,0,3f802033,1,0,fe4dfe22ffeeff99ff4a01a6fd1e01e7,1,1,0,1e5d0a171e5d0a171e5d0a171e5d0a17,1,0,00000000000000000000000000000000,1,0,23c1,0,0,0,23c1,0,0,fe22ff9901a601e7,1,0,40900390,0,1,0,fe4dffeeff4afd1e,1,0,"Active","Active","Active","Active","Active","Inactive","Inactive","Active","_","Active","Stream Beat","Stream Beat","Stream Beat","Stream Beat","Stream Beat","No Streams","No Streams","Stream Beat","_","Stream Beat"
1608,1608,0,0,0,0,00000004,008602100132ff09,0390,2341,1,0,3f502002,1,0,fff30086fe580210fc620132fc4eff09,1,1,0,1e5d0a171e5d0a171e5d0a171e5d0a17,1,0,00000000000000000000000000000000,1,0,23c1,0,0,0,23c1,0,0,008602100132ff09,1,0,40900390,0,1,0,fff3fe58fc62fc4e,1,0,"Active","Active","Active","Active","Active","Inactive","Inactive","Active","_","Active","Stream Beat","Stream Beat","Stream Beat","Stream Beat","Stream Beat","No Streams","No Streams","Stream Beat","_","Stream Beat"
1609,1609,0,0,0,0,00000004,0200003ffe53fe94,0390,1d94,1,0,3f861fd8,1,0,fd350200fbdb003ffd1dfe53ff43fe94,1,1,0,1e5d0a171e5d0a171e5d0a171e5d0a17,1,0,00000000000000000000000000000000,1,0,23c1,0,0,0,23c1,0,0,0200003ffe53fe94,1,0,40900390,0,1,0,fd35fbdbfd1dff43,1,0,"Active","Active","Active","Active","Active","Inactive","Inactive","Active","_","Active","Stream Beat","Stream Beat","Stream Beat","Stream Beat","Stream Beat","No Streams","No Streams","Stream Beat","_","Stream Beat"
1610,1610,0,0,0,0,00000004,ff36fe21ff760197,0390,235f,1,0,3faa2014,1,0,fc2dff36fe2efe21ffdbff76ff6c0197,1,1,0,1e5d0a171e5d0a171e5d0a171e5d0a17,1,0,00000000000000000000000000000000,1,0,23c1,0,0,0,23c1,0,0,ff36fe21ff760197,1,0,40900390,0,1,0,fc2dfe2effdbff6c,1,0,"Active","Active","Active","Active","Active","Inactive","Inactive","Active","_","Active","Stream Beat","Stream Beat","Stream Beat","Stream Beat","Stream Beat","No Streams","No Streams","Stream Beat","_","Stream Beat"
1611,1611,0,0,0,0,00000004,fe8a006e02210150,0390,2a46,1,0,3f6f102d,1,0,ff2dfe8afff6006efe790221fc7b0150,1,1,0,1e5d0a171e5d0a171e5d0a171e5d0a17,1,0,00000000000000000000000000000000,1,0,23c1,0,0,0,23c1,0,0,fe8a006e02210150,1,0,40900390,0,1,0,ff2dfff6fe79fc7b,1,0,"Active","Active","Active","Active","Active","Inactive","Inactive","Active","_","Active","Stream Beat","Stream Beat","Stream Beat","Stream Beat","Stream Beat","No Streams","No Streams","Stream Beat","_","Stream Beat"
1612,1612,0,0,0,0,00000004,0179020f0067fe6e,0390,2347,1,0,3f571ff2,1,0,ff810179fd6a020ffbf30067fcf5fe6e,1,1,0,1e5d0a171e5d0a171e5d0a171e5d0a17,1,0,00000000000000000000000000000000,1,0,23c1,0,0,0,23c1,0,0,0179020f0067fe6e,1,0,40900390,0,1,0,ff81fd6afbf3fcf5,1,0,"Active","Active","Active","Active","Active","Inactive","Inactive","Active","_","Active","Stream Beat","Stream Beat","Stream Beat","Stream Beat","Stream Beat","No Streams","No Streams","Stream Beat","_","Stream Beat"
1613,1613,0,0,0,0,00000004,018aff50fe0cff38,0390,2363,1,0,3f9a2fe6,1,0,fc88018afc1cff50fdd5fe0cffd0ff38,1,1,0,1e5d0a171e5d0a171e5d0a171e5d0a17,1,0,00000000000000000000000000000000,1,0,23c1,0,0,0,23c1,0,0,018aff50fe0cff38,1,0,40900390,0,1,0,fc88fc1cfdd5ffd0,1,0,"Active","Active","Active","Active","Active","Inactive","Inactive","Active","_","Active","Stream Beat","Stream Beat","Stream Beat","Stream Beat","Stream Beat","No Streams","No Streams","Stream Beat","_","Stream Beat"
1614,1614,0,0,0,0,00000004,fe7dfe620043020f,0390,2357,1,0,3fa11026,1,0,fcb9fe7dfef7fe6200040043fe99020f,1,1,0,1e5d0a171e5d0a171e5d0a171e5d0a17,1,0,00000000000000000000000000000000,1,0,23c1,0,0,0,23c1,0,0,fe7dfe620043020f,1,0,40900390,0,1,0,fcb9fef70004fe99,1,0,"Active","Active","Active","Active","Active","Inactive","Inactive","Active","_","Active","Stream Beat","Stream Beat","Stream Beat","Stream Beat","Stream Beat","No Streams","No Streams","Stream Beat","_","Stream Beat"
1615,1615,0,0,0,0,00000004,ff17015702170091,0390,2a45,1,0,3f5d1025,1,0,ffb5ff17ff9f0157fd9d0217fc090091,1,1,0,1e5d0a171e5d0a171e5d0a171e5d0a17,1,0,00000000000000000000000000000000,1,0,23c1,0,0,0,23c1,0,0,ff17015702170091,1,0,40900390,0,1,0,ffb5ff9ffd9dfc09,1,0,"Active","Active","Active","Active","Active","Inactive","Inactive","Active","_","Active","Stream Beat","Stream Beat","Stream Beat","Stream Beat","Stream Beat","No Streams","No Streams","Stream Beat","_","Stream Beat"
1616,1616,0,0,0,0,00000004,01fc0188ff8cfe1e,0390,2350,1,0,3f642fe1,1,0,fedb01fcfcc10188fc02ff8cfdccfe1e,1,1,0,1e5d0a171e5d0a171e5d0a171e5d0a17,1,0,00000000000000000000000000000000,1,0,23c1,0,0,0,23c1,0,0,01fc0188ff8cfe1e,1,0,40900390,0,1,0,fedbfcc1fc02fdcc,1,0,"Active","Active","Active","Active","Active","Inactive","Inactive","Active","_","Active","Stream Beat","Stream Beat","Stream Beat","Stream Beat","Stream Beat","No Streams","No Streams","Stream Beat","_","Stream Beat"
1617,1617,0,0,0,0,00000004,00b9fea4fe3f002c,0390,1d9c,1,0,2fa41ff3,1,0,fc2e00b9fca2fea4fecffe3ffff8002c,1,1,0,1e5d0a171e5d0a171e5d0a171e5d0a17,1,0,00000000000000000000000000000000,1,0,23c1,0,0,0,23c1,0,0,00b9fea4fe3f002c,1,0,40900390,0,1,0,fc2efca2fecffff8,1,0,"Active","Active","Active","Active","Active","Inactive","Inactive","Active","_","Active","Stream Beat","Stream Beat","Stream Beat","Stream Beat","Stream Beat","No Streams","No Streams","Stream Beat","_","Stream Beat"
1618,1618,0,0,0,0,00000004,fe34feec0119021e,0390,27ce,1,0,3f8f1031,1,0,fdacfe34ff9afeecffc00119fdc7021e,1,1,0,1e5d0a171e5d0a171e5d0a171e5d0a17,1,0,00000000000000000000000000000000,1,0,23c1,0,0,0,23c1,0,0,fe34feec0119021e,1,0,40900390,0,1,0,fdacff9affc0fdc7,1,0,"Active","Active","Active","Active","Active","Inactive","Inactive","Active","_","Active","Stream Beat","Stream Beat","Stream Beat","Stream Beat","Stream Beat","No Streams","No Streams","Stream Beat","_","Stream Beat"
1619,1619,0,0,0,0,00000004,000701ea01c2ffb4,0390,2a47,1,0,3f562012,1,0,00040007fef301eafcc201c2fc19ffb4,1,1,0,1e5d0a171e5d0a171e5d0a171e5d0a17,1,0,00000000000000000000000000000000,1,0,23c1,0,0,0,23c1,0,0,000701ea01c2ffb4,1,0,40900390,0,1,0,0004fef3fcc2fc19,1,0,"Active","Active","Active","Active","Active","Inactive","Inactive","Active","_","Active","Stream Beat","Stream Beat","Stream Beat","Stream Beat","Stream Beat","No Streams","No Streams","Stream Beat","_","Stream Beat"
1620,1620,0,0,0,0,00000004,022100edfebbfe39,0390,1d8e,1,0,3f791fdc,1,0,fded0221fc2d00edfc83febbfe9ffe39,1,1,0,1e5d0a171e5d0a171e5d0a171e5d0a17,1,0,00000000000000000000000000000000,1,0,23c1,0,0,0,23c1,0,0,022100edfebbfe39,1,0,40900390,0,1,0,fdedfc2dfc83fe9f,1,0,"Active","Active","Active","Active","Active","Inactive","Inactive","Active","_","Active","Stream Beat","Stream Beat","Stream Beat","Stream Beat","Stream Beat","No Streams","No Streams","Stream Beat","_","Stream Beat"
1621,1621,0,0,0,0,00000004,ffe7fe35feb900f7,0390,1f5d,1,0,3fac2005,1,0,fbfeffe7fd7dfe35ff72feb9ffd800f7,1,1,0,1e5d0a171e5d0a171e5d0a171e5d0a17,1,0,00000000000000000000000000000000,1,0,23c1,0,0,0,23c1,0,0,ffe7fe35feb900f7,1,0,40900390,0,1,0,fbfefd7dff72ffd8,1,0,"Active","Active","Active","Active","Active","Inactive","Inactive","Active","_","Active","Stream Beat","Stream Beat","Stream Beat","Stream Beat","Stream Beat","No Streams","No Streams","Stream Beat","_","Stream Beat"
1622,1622,0,0,0,0,00000004,fe2effd601c501cf,0390,2a49,1,0,2f7d1036,1,0,fe81fe2efff4ffd6ff2c01c5fcee01cf,1,1,0,1e5d0a171e5d0a171e5d0a171e5d0a17,1,0,00000000000000000000000000000000,1,0,23c1,0,0,0,23c1,0,0,fe2effd601c501cf,1,0,40900390,0,1,0,fe81fff4ff2cfcee,1,0,"Active","Active","Active","Active","Active","Inactive","Inactive","Active","_","Active","Stream Beat","Stream Beat","Stream Beat","Stream Beat","Stream Beat","No Streams","No Streams","Stream Beat","_","Stream Beat"
1623,1623,0,0,0,0,00000004,00de02210111fee6,0390,2343,1,0,3f532000,1,0,ffde00defe260221fc320111fc5ffee6,1,1,0,1e5d0a171e5d0a171e5d0a171e5d0a17,1,0,00000000000000000000000000000000,1,0,23c1,0,0,0,23c1,0,0,00de02210111fee6,1,0,40900390,0,1,0,ffdefe26fc32fc5f,1,0,"Active","Active","Active","Active","Active","Inactive","Inactive","Active","_","Active","Stream Beat","Stream Beat","Stream Beat","Stream Beat","Stream Beat","No Streams","No Streams","Stream Beat","_","Stream Beat"
1624,1624,0,0,0,0,00000004,01f60006fe39fe92,0390,1f58,1,0,3f8c2fdc,1,0,fd1601f6fc160006fd2afe39ff5afe92,1,1,0,1e5d0a171e5d0a171e5d0a171e5d0a17,1,0,00000000000000000000000000000000,1,0,23c1,0,0,0,23c1,0,0,01f60006fe39fe92,1,0,40900390,0,1,0,fd16fc16fd2aff5a,1,0,"Active","Active","Active","Active","Active","Inactive","Inactive","Active","_","Active","Stream Beat","Stream Beat","Stream Beat","Stream Beat","Stream Beat","No Streams","No Streams","Stream Beat","_","Stream Beat"
1625,1625,0,0,0,0,00000004,ff04fe27ff9501a7,0390,235a,1,0,3fa82019,1,0,fc39ff04fe4bfe27fff3ff95ff4201a7,1,1,0,1e5d0a171e5d0a171e5d0a171e5d0a17,1,0,00000000000000000000000000000000,1,0,23c1,0,0,0,23c1,0,0,ff04fe27ff9501a7,1,0,40900390,0,1,0,fc39fe4bfff3ff42,1,0,"Active","Active","Active","Active","Active","Inactive","Inactive","Active","_","Active","Stream Beat","Stream Beat","Stream Beat","Stream Beat","Stream Beat","No Streams","No Streams","Stream Beat","_","Stream Beat"
1626,1626,0,0,0,0,00000004,fe9600bc02130138,0390,233f,1,0,3f69102f,1,0,ff4cfe96ffe700bcfe5e0213fc4c0138,1,1,0,1e5d0a171e5d0a171e5d0a171e5d0a17,1,0,00000000000000000000000000000000,1,0,23c1,0,0,0,23c1,0,0,fe9600bc02130138,1,0,40900390,0,1,0,ff4cffe7fe5efc4c,1,0,"Active","Active","Active","Active","Active","Inactive","Inactive","Active","_","Active","Stream Beat","Stream Beat","Stream Beat","Stream Beat","Stream Beat","No Streams","No Streams","Stream Beat","_","Stream Beat"
1627,1627,0,0,0,0,00000004,018e02140034fe54,0390,2349,1,0,3f5b1fec,1,0,ff62018efd2e0214fbfb0034fd0afe54,1,1,0,1e5d0a171e5d0a171e5d0a171e5d0a17,1,0,00000000000000000000000000000000,1,0,23c1,0,0,0,23c1,0,0,018e02140034fe54,1,0,40900390,0,1,0,ff62fd2efbfbfd0a,1,0,"Active","Active","Active","Active","Active","Inactive","Inactive","Active","_","Active","Stream Beat","Stream Beat","Stream Beat","Stream Beat","Stream Beat","No Streams","No Streams","Stream Beat","_","Stream Beat"
1628,1628,0,0,0,0,00000004,0166ff26fe14ff66,0390,2365,1,0,3f9b2fe6,1,0,fc690166fc25ff26fe0bfe14ffe5ff66,1,1,0,1e5d0a171e5d0a171e5d0a171e5d0a17,1,0,00000000000000000000000000000000,1,0,23c1,0,0,0,23c1,0,0,0166ff26fe14ff66,1,0,40900390,0,1,0,fc69fc25fe0bffe5,1,0,"Active","Active","Active","Active","Active","Inactive","Inactive","Active","_","Active","Stream Beat","Stream Beat","Stream Beat","Stream Beat","Stream Beat","No Streams","No Streams","Stream Beat","_","Stream Beat"
1629,1629,0,0,0,0,00000004,fe69fe8b008b020c,0390,2354,1,0,3f9d1029,1,0,fceafe69ff2afe8bfffb008bfe7c020c,1,1,0,1e5d0a171e5d0a171e5d0a171e5d0a17,1,0,00000000000000000000000000000000,1,0,23c1,0,0,0,23c1,0,0,fe69fe8b008b020c,1,0,40900390,0,1,0,fceaff2afffbfe7c,1,0,"Active","Active","Active","Active","Active","Inactive","Inactive","Active","_","Active","Stream Beat","Stream Beat","Stream Beat","Stream Beat","Stream Beat","No Streams","No Streams","Stream Beat","_","Stream Beat"
1630,1630,0,0,0,0,00000004,ff1f0167020b0068,0390,2a46,1,0,3f591022,1,0,ffbeff1fff8e0167fd6e020bfbff0068,1,1,0,1e5d0a171e5d0a171e5d0a171e5d0a17,1,0,00000000000000000000000000000000,1,0,23c1,0,0,0,23c1,0,0,ff1f0167020b0068,1,0,40900390,0,1,0,ffbeff8efd6efbff,1,0,"Active","Active","Active","Active","Active","Inactive","Inactive","Active","_","Active","Stream Beat","Stream Beat","Stream Beat","Stream Beat","Stream Beat","No Streams","No Streams","Stream Beat","_","Stream Beat"
1631,1631,0,0,0,0,00000004,02180183ff5ffe17,0390,2351,1,0,3f672fe0,1,0,fe9e0218fc7b0183fc11ff5ffdf5fe17,1,1,0,1e5d0a171e5d0a171e5d0a171e5d0a17,1,0,00000000000000000000000000000000,1,0,23c1,0,0,0,23c1,0,0,02180183ff5ffe17,1,0,40900390,0,1,0,fe9efc7bfc11fdf5,1,0,"Active","Active","Active","Active","Active","Inactive","Inactive","Active","_","Active","Stream Beat","Stream Beat","Stream Beat","Stream Beat","Stream Beat","No Streams","No Streams","Stream Beat","_","Stream Beat"
1632,1632,0,0,0,0,00000004,0096fe7cfe4a005c,0390,1d9b,1,0,3fa81ff8,1,0,fc1f0096fcc2fe7cfee6fe4a0001005c,1,1,0,1e5d0a171e5d0a171e5d0a171e5d0a17,1,0,00000000000000000000000000000000,1,0,23c1,0,0,0,23c1,0,0,0096fe7cfe4a005c,1,0,40900390,0,1,0,fc1ffcc2fee60001,1,0,"Active","Active","Active","Active","Active","Inactive","Inactive","Active","_","Active","Stream Beat","Stream Beat","Stream Beat","Stream Beat","Stream Beat","No Streams","No Streams","Stream Beat","_","Stream Beat"
1633,1633,0,0,0,0,00000004,fe0dff06013a021c,0390,2a4f,1,0,3f8b102f,1,0,fdadfe0dffb0ff06ffac013afd90021c,1,1,0,1e5d0a171e5d0a171e5d0a171e5d0a17,1,0,00000000000000000000000000000000,1,0,23c1,0,0,0,23c1,0,0,fe0dff06013a021c,1,0,40900390,0,1,0,fdadffb0ffacfd90,1,0,"Active","Active","Active","Active","Active","Inactive","Inactive","Active","_","Active","Stream Beat","Stream Beat","Stream Beat","Stream Beat","Stream Beat","No Streams","No Streams","Stream Beat","_","Stream Beat"
1634,1634,0,0,0,0,00000004,002401e001a0ff87,0390,2a48,1,0,3f512011,1,0,00050024fedc01e0fcb201a0fc21ff87,1,1,0,1e5d0a171e5d0a171e5d0a171e5d0a17,1,0,00000000000000000000000000000000,1,0,23c1,0,0,0,23c1,0,0,002401e001a0ff87,1,0,40900390,0,1,0,0005fedcfcb2fc21,1,0,"Active","Active","Active","Active","Active","Inactive","Inactive","Active","_","Active","Stream Beat","Stream Beat","Stream Beat","Stream Beat","Stream Beat","No Streams","No Streams","Stream Beat","_","Stream Beat"
1635,1635,0,0,0,0,00000004,022900c4fe99fe52,0390,1d90,1,0,2f7c1fdb,1,0,fdbe0229fc0800c4fc94fe99fed0fe52,1,1,0,1e5d0a171e5d0a171e5d0a171e5d0a17,1,0,00000000000000000000000000000000,1,0,23c1,0,0,0,23c1,0,0,022900c4fe99fe52,1,0,40900390,0,1,0,fdbefc08fc94fed0,1,0,"Active","Active","Active","Active","Active","Inactive","Inactive","Active","_","Active","Stream Beat","Stream Beat","Stream Beat","Stream Beat","Stream Beat","No Streams","No Streams","Stream Beat","_","Stream Beat"
1636,1636,0,0,0,0,00000004,ffb1fe20fecf012d,0390,1f5c,1,0,3fa92006,1,0,fc08ffb1fd8afe20ff93fecfffb9012d,1,1,0,1e5d0a171e5d0a171e5d0a171e5d0a17,1,0,00000000000000000000000000000000,1,0,23c1,0,0,0,23c1,0,0,ffb1fe20fecf012d,1,0,40900390,0,1,0,fc08fd8aff93ffb9,1,0,"Active","Active","Active","Active","Active","Inactive","Inactive","Active","_","Active","Stream Beat","Stream Beat","Stream Beat","Stream Beat","Stream Beat","No Streams","No Streams","Stream Beat","_","Stream Beat"
1637,1637,0,0,0,0,00000004,fe38000701e201bf,0390,2a48,1,0,2f7b1032,1,0,fea1fe3800020007fef901e2fcce01bf,1,1,0,1e5d0a171e5d0a171e5d0a171e5d0a17,1,0,00000000000000000000000000000000,1,0,23c1,0,0,0,23c1,0,0,fe38000701e201bf,1,0,40900390,0,1,0,fea10002fef9fcce,1,0,"Active","Active","Active","Active","Active","Inactive","Inactive","Active","_","Active","Stream Beat","Stream Beat","Stream Beat","Stream Beat","Stream Beat","No Streams","No Streams","Stream Beat","_","Stream Beat"
1638,1638,0,0,0,0,00000004,00e9022000e7feba,0390,2344,1,0,3f521ffd,1,0,ffd400e9fdf90220fc3800e7fc6efeba,1,1,0,1e5d0a171e5d0a171e5d0a171e5d0a17,1,0,00000000000000000000000000000000,1,0,23c1,0,0,0,23c1,0,0,00e9022000e7feba,1,0,40900390,0,1,0,ffd4fdf9fc38fc6e,1,0,"Active","Active","Active","Active","Active","Inactive","Inactive","Active","_","Active","Stream Beat","Stream Beat","Stream Beat","Stream Beat","Stream Beat","No Streams","No Streams","Stream Beat","_","Stream Beat"
1639,1639,0,0,0,0,00000004,01d8ffdefe41fecc,0390,2361,1,0,3f8d2fdc,1,0,fcf501d8fbe3ffdefd7bfe41ff83fecc,1,1,0,1e5d0a171e5d0a171e5d0a171e5d0a17,1,0,00000000000000000000000000000000,1,0,23c1,0,0,0,23c1,0,0,01d8ffdefe41fecc,1,0,40900390,0,1,0,fcf5fbe3fd7bff83,1,0,"Active","Active","Active","Active","Active","Inactive","Inactive","Active","_","Active","Stream Beat","Stream Beat","Stream Beat","Stream Beat","Stream Beat","No Streams","No Streams","Stream Beat","_","Stream Beat"
1640,1640,0,0,0,0,00000004,fee2fe18ffd101bf,0390,235b,1,0,2fa6101e,1,0,fc5efee2fe65fe18fffbffd1ff2501bf,1,1,0,1e5d0a171e5d0a171e5d0a171e5d0a17,1,0,00000000000000000000000000000000,1,0,23c1,0,0,0,23c1,0,0,fee2fe18ffd101bf,1,0,40900390,0,1,0,fc5efe65fffbff25,1,0,"Active","Active","Active","Active","Active","Inactive","Inactive","Active","_","Active","Stream Beat","Stream Beat","Stream Beat","Stream Beat","Stream Beat","No Streams","No Streams","Stream Beat","_","Stream Beat"
1641,1641,0,0,0,0,00000004,fea100c20218010c,0390,27bc,1,0,3f67102a,1,0,ff5dfea1ffe500c2fe2b0218fc55010c,1,1,0,1e5d0a171e5d0a171e5d0a171e5d0a17,1,0,00000000000000000000000000000000,1,0,23c1,0,0,0,23c1,0,0,fea100c20218010c,1,0,40900390,0,1,0,ff5dffe5fe2bfc55,1,0,"Active","Active","Active","Active","Active","Inactive","Inactive","Active","_","Active","Stream Beat","Stream Beat","Stream Beat","Stream Beat","Stream Beat","No Streams","No Streams","Stream Beat","_","Stream Beat"
1642,1642,0,0,0,0,00000004,01a701ea000ffe38,0390,234b,1,0,3f5d2fec,1,0,ff4a01a7fd1e01eafbf4000ffd30fe38,1,1,0,1e5d0a171e5d0a171e5d0a171e5d0a17,1,0,00000000000000000000000000000000,1,0,23c1,0,0,0,23c1,0,0,01a701ea000ffe38,1,0,40900390,0,1,0,ff4afd1efbf4fd30,1,0,"Active","Active","Active","Active","Active","Inactive","Inactive","Active","_","Active","Stream Beat","Stream Beat","Stream Beat","Stream Beat","Stream Beat","No Streams","No Streams","Stream Beat","_","Stream Beat"
1643,1643,0,0,0,0,00000004,0135ff0efe25ff99,0390,1d9b,1,0,3f9e2fe8,1,0,fc740135fc69ff0efe48fe25fff0ff99,1,1,0,1e5d0a171e5d0a171e5d0a171e5d0a17,1,0,00000000000000000000000000000000,1,0,23c1,0,0,0,23c1,0,0,0135ff0efe25ff99,1,0,40900390,0,1,0,fc74fc69fe48fff0,1,0,"Active","Active","Active","Active","Active","Inactive","Inactive","Active","_","Active","Stream Beat","Stream Beat","Stream Beat","Stream Beat","Stream Beat","No Streams","No Streams","Stream Beat","_","Stream Beat"
1644,1644,0,0,0,0,00000004,fe49fe900096021f,0390,2352,1,0,3f9c1028,1,0,fd08fe49ff3cfe90fff70096fe47021f,1,1,0,1e5d0a171e5d0a171e5d0a171e5d0a17,1,0,00000000000000000000000000000000,1,0,23c1,0,0,0,23c1,0,0,fe49fe900096021f,1,0,40900390,0,1,0,fd08ff3cfff7fe47,1,0,"Active","Active","Active","Active","Active","Inactive","Inactive","Active","_","Active","Stream Beat","Stream Beat","Stream Beat","Stream Beat","Stream Beat","No Streams","No Streams","Stream Beat","_","Stream Beat"
1645,1645,0,0,0,0,00000004,ff72017d01fd003d,0390,2a44,1,0,3f58101d,1,0,ffe2ff72ff70017dfd4601fdfc06003d,1,1,0,1e5d0a171e5d0a171e5d0a171e5d0a17,1,0,00000000000000000000000000000000,1,0,23c1,0,0,0,23c1,0,0,ff72017d01fd003d,1,0,40900390,0,1,0,ffe2ff70fd46fc06,1,0,"Active","Active","Active","Active","Active","Inactive","Inactive","Active","_","Active","Stream Beat","Stream Beat","Stream Beat","Stream Beat","Stream Beat","No Streams","No Streams","Stream Beat","_","Stream Beat"
1646,1646,0,0,0,0,00000004,02010161ff33fe22,0390,2354,1,0,3f712fe0,1,0,fe870201fc700161fc43ff33fe1efe22,1,1,0,1e5d0a171e5d0a171e5d0a171e5d0a17,1,0,00000000000000000000000000000000,1,0,23c1,0,0,0,23c1,0,0,02010161ff33fe22,1,0,40900390,0,1,0,fe87fc70fc43fe1e,1,0,"Active","Active","Active","Active","Active","Inactive","Inactive","Active","_","Active","Stream Beat","Stream Beat","Stream Beat","Stream Beat","Stream Beat","No Streams","No Streams","Stream Beat","_","Stream Beat"
1647,1647,0,0,0,0,00000004,0069fe6cfe670076,0390,1d9c,1,0,3fa81ff8,1,0,fc0d0069fcf0fe6cff12fe67fffc0076,1,1,0,1e5d0a171e5d0a171e5d0a171e5d0a17,1,0,00000000000000000000000000000000,1,0,23c1,0,0,0,23c1,0,0,0069fe6cfe670076,1,0,40900390,0,1,0,fc0dfcf0ff12fffc,1,0,"Active","Active","Active","Active","Active","Inactive","Inactive","Active","_","Active","Stream Beat","Stream Beat","Stream Beat","Stream Beat","Stream Beat","No Streams","No Streams","Stream Beat","_","Stream Beat"
1648,1648,0,0,0,0,00000004,fe0cff4a01780212,0390,2a4d,1,0,3f891032,1,0,fddcfe0cffd0ff4aff850178fd6a0212,1,1,0,1e5d0a171e5d0a171e5d0a171e5d0a17,1,0,00000000000000000000000000000000,1,0,23c1,0,0,0,23c1,0,0,fe0cff4a01780212,1,0,40900390,0,1,0,fddcffd0ff85fd6a,1,0,"Active","Active","Active","Active","Active","Inactive","Inactive","Active","_","Active","Stream Beat","Stream Beat","Stream Beat","Stream Beat","Stream Beat","No Streams","No Streams","Stream Beat","_","Stream Beat"
1649,1649,0,0,0,0,00000004,004c02090184ff5a,0390,2a48,1,0,3f55200b,1,0,fffc004cfea90209fc860184fc15ff5a,1,1,0,1e5d0a171e5d0a171e5d0a171e5d0a17,1,0,00000000000000000000000000000000,1,0,23c1,0,0,0,23c1,0,0,004c02090184ff5a,1,0,40900390,0,1,0,fffcfea9fc86fc15,1,0,"Active","Active","Active","Active","Active","Inactive","Inactive","Active","_","Active","Stream Beat","Stream Beat","Stream Beat","Stream Beat","Stream Beat","No Streams","No Streams","Stream Beat","_","Stream Beat"
1650,1650,0,0,0,0,00000004,0209008dfe85fe5e,0390,1d91,1,0,3f801fdb,1,0,fdba0209fc11008dfcb3fe85fefdfe5e,1,1,0,1e5d0a171e5d0a171e5d0a171e5d0a17,1,0,00000000000000000000000000000000,1,0,23c1,0,0,0,23c1,0,0,0209008dfe85fe5e,1,0,40900390,0,1,0,fdbafc11fcb3fefd,1,0,"Active","Active","Active","Active","Active","Inactive","Inactive","Active","_","Active","Stream Beat","Stream Beat","Stream Beat","Stream Beat","Stream Beat","No Streams","No Streams","Stream Beat","_","Stream Beat"
1651,1651,0,0,0,0,00000004,ff87fe1eff020142,0390,235f,1,0,3fa9200e,1,0,fc17ff87fdbbfe1effb4ff02ffa10142,1,1,0,1e5d0a171e5d0a171e5d0a171e5d0a17,1,0,00000000000000000000000000000000,1,0,23c1,0,0,0,23c1,0,0,ff87fe1eff020142,1,0,40900390,0,1,0,fc17fdbbffb4ffa1,1,0,"Active","Active","Active","Active","Active","Inactive","Inactive","Active","_","Active","Stream Beat","Stream Beat","Stream Beat","Stream Beat","Stream Beat","No Streams","No Streams","Stream Beat","_","Stream Beat"
1652,1652,0,0,0,0,00000004,fe52001a01ed01a3,0390,2a48,1,0,3f741033,1,0,fed1fe520002001afed601edfcac01a3,1,1,0,1e5d0a171e5d0a171e5d0a171e5d0a17,1,0,00000000000000000000000000000000,1,0,23c1,0,0,0,23c1,0,0,fe52001a01ed01a3,1,0,40900390,0,1,0,fed10002fed6fcac,1,0,"Active","Active","Active","Active","Active","Inactive","Inactive","Active","_","Active","Stream Beat","Stream Beat","Stream Beat","Stream Beat","Stream Beat","No Streams","No Streams","Stream Beat","_","Stream Beat"
1653,1653,0,0,0,0,00000004,0137021400c3fea1,0390,2343,1,0,3f571ff7,1,0,ffb60137fdd80214fc1100c3fc9ffea1,1,1,0,1e5d0a171e5d0a171e5d0a171e5d0a17,1,0,00000000000000000000000000000000,1,0,23c1,0,0,0,23c1,0,0,0137021400c3fea1,1,0,40900390,0,1,0,ffb6fdd8fc11fc9f,1,0,"Active","Active","Active","Active","Active","Inactive","Inactive","Active","_","Active","Stream Beat","Stream Beat","Stream Beat","Stream Beat","Stream Beat","No Streams","No Streams","Stream Beat","_","Stream Beat"
1654,1654,0,0,0,0,00000004,01c0ffb5fe2bfef6,0390,1f5b,1,0,3f922fde,1,0,fcc901c0fc0dffb5fd96fe2bffa1fef6,1,1,0,1e5d0a171e5d0a171e5d0a171e5d0a17,1,0,00000000000000000000000000000000,1,0,23c1,0,0,0,23c1,0,0,01c0ffb5fe2bfef6,1,0,40900390,0,1,0,fcc9fc0dfd96ffa1,1,0,"Active","Active","Active","Active","Active","Inactive","Inactive","Active","_","Active","Stream Beat","Stream Beat","Stream Beat","Stream Beat","Stream Beat","No Streams","No Streams","Stream Beat","_","Stream Beat"
1655,1655,0,0,0,0,00000004,fec5fe36ffe401ed,0390,235a,1,0,2fa5101f,1,0,fc91fec5fe9ffe36fffdffe4fef701ed,1,1,0,1e5d0a171e5d0a171e5d0a171e5d0a17,1,0,00000000000000000000000000000000,1,0,23c1,0,0,0,23c1,0,0,fec5fe36ffe401ed,1,0,40900390,0,1,0,fc91fe9ffffdfef7,1,0,"Active","Active","Active","Active","Active","Inactive","Inactive","Active","_","Active","Stream Beat","Stream Beat","Stream Beat","Stream Beat","Stream Beat","No Streams","No Streams","Stream Beat","_","Stream Beat"
1656,1656,0,0,0,0,00000004,fed500f6021700f0,0390,27be,1,0,3f63102a,1,0,ff82fed5ffd700f6fdfc0217fc2b00f0,1,1,0,1e5d0a171e5d0a171e5d0a171e5d0a17,1,0,00000000000000000000000000000000,1,0,23c1,0,0,0,23c1,0,0,fed500f6021700f0,1,0,40900390,0,1,0,ff82ffd7fdfcfc2b,1,0,"Active","Active","Active","Active","Active","Inactive","Inactive","Active","_","Active","Stream Beat","Stream Beat","Stream Beat","Stream Beat","Stream Beat","No Streams","No Streams","Stream Beat","_","Stream Beat"
1657,1657,0,0,0,0,00000004,01e901e4ffe0fe29,0390,234c,1,0,3f602fe9,1,0,ff1201e9fce401e4fbffffe0fd5afe29,1,1,0,1e5d0a171e5d0a171e5d0a171e5d0a17,1,0,00000000000000000000000000000000,1,0,23c1,0,0,0,23c1,0,0,01e901e4ffe0fe29,1,0,40900390,0,1,0,ff12fce4fbfffd5a,1,0,"Active","Active","Active","Active","Active","Inactive","Inactive","Active","_","Active","Stream Beat","Stream Beat","Stream Beat","Stream Beat","Stream Beat","No Streams","No Streams","Stream Beat","_","Stream Beat"
1658,1658,0,0,0,0,00000004,0111feeffe24ffbd,0390,1d9c,1,0,3fa22fec,1,0,fc370111fc72feeffe72fe24fff7ffbd,1,1,0,1e5d0a171e5d0a171e5d0a171e5d0a17,1,0,00000000000000000000000000000000,1,0,23c1,0,0,0,23c1,0,0,0111feeffe24ffbd,1,0,40900390,0,1,0,fc37fc72fe72fff7,1,0,"Active","Active","Active","Active","Active","Inactive","Inactive","Active","_","Active","Stream Beat","Stream Beat","Stream Beat","Stream Beat","Stream Beat","No Streams","No Streams","Stream Beat","_","Stream Beat"
1659,1659,0,0,0,0,00000004,fe4ffebb00bb0227,0390,27d3,1,0,3f98102d,1,0,fd47fe4fff6ffebbffdf00bbfe280227,1,1,0,1e5d0a171e5d0a171e5d0a171e5d0a17,1,0,00000000000000000000000000000000,1,0,23c1,0,0,0,23c1,0,0,fe4ffebb00bb0227,1,0,40900390,0,1,0,fd47ff6fffdffe28,1,0,"Active","Active","Active","Active","Active","Inactive","Inactive","Active","_","Active","Stream Beat","Stream Beat","Stream Beat","Stream Beat","Stream Beat","No Streams","No Streams","Stream Beat","_","Stream Beat"
1660,1660,0,0,0,0,00000004,ff7201a001ed000b,0390,2a46,1,0,3f54201d,1,0,ffe5ff72ff4e01a0fd2101edfbf3000b,1,1,0,1e5d0a171e5d0a171e5d0a171e5d0a17,1,0,00000000000000000000000000000000,1,0,23c1,0,0,0,23c1,0,0,ff7201a001ed000b,1,0,40900390,0,1,0,ffe5ff4efd21fbf3,1,0,"Active","Active","Active","Active","Active","Inactive","Inactive","Active","_","Active","Stream Beat","Stream Beat","Stream Beat","Stream Beat","Stream Beat","No Streams","No Streams","Stream Beat","_","Stream Beat"
1661,1661,0,0,0,0,00000004,0218013aff10fe22,0390,1d8b,1,0,3f712fde,1,0,fe5f0218fc46013afc45ff10fe4dfe22,1,1,0,1e5d0a171e5d0a171e5d0a171e5d0a17,1,0,00000000000000000000000000000000,1,0,23c1,0,0,0,23c1,0,0,0218013aff10fe22,1,0,40900390,0,1,0,fe5ffc46fc45fe4d,1,0,"Active","Active","Active","Active","Active","Inactive","Inactive","Active","_","Active","Stream Beat","Stream Beat","Stream Beat","Stream Beat","Stream Beat","No Streams","No Streams","Stream Beat","_","Stream Beat"
1662,1662,0,0,0,0,00000004,0035fe63fe8b0094,0390,1d9c,1,0,3fab1ffe,1,0,fc0c0035fd1cfe63ff46fe8bffeb0094,1,1,0,1e5d0a171e5d0a171e5d0a171e5d0a17,1,0,00000000000000000000000000000000,1,0,23c1,0,0,0,23c1,0,0,0035fe63fe8b0094,1,0,40900390,0,1,0,fc0cfd1cff46ffeb,1,0,"Active","Active","Active","Active","Active","Inactive","Inactive","Active","_","Active","Stream Beat","Stream Beat","Stream Beat","Stream Beat","Stream Beat","No Streams","No Streams","Stream Beat","_","Stream Beat"
1663,1663,0,0,0,0,00000004,fe26ff79018201f0,0390,2a4e,1,0,3f841030,1,0,fe20fe26ffe6ff79ff6a0182fd6401f0,1,1,0,1e5d0a171e5d0a171e5d0a171e5d0a17,1,0,00000000000000000000000000000000,1,0,23c1,0,0,0,23c1,0,0,fe26ff79018201f0,1,0,40900390,0,1,0,fe20ffe6ff6afd64,1,0,"Active","Active","Active","Active","Active","Inactive","Inactive","Active","_","Active","Stream Beat","Stream Beat","Stream Beat","Stream Beat","Stream Beat","No Streams","No Streams","Stream Beat","_","Stream Beat"
1664,1664,0,0,0,0,00000004,005d020b016aff31,0390,2a4b,1,0,3f532008,1,0,fffe005dfe83020bfc5d016afc2fff31,1,1,0,1e5d0a171e5d0a171e5d0a171e5d0a17,1,0,00000000000000000000000000000000,1,0,23c1,0,0,0,23c1,0,0,005d020b016aff31,1,0,40900390,0,1,0,fffefe83fc5dfc2f,1,0,"Active","Active","Active","Active","Active","Inactive","Inactive","Active","_","Active","Stream Beat","Stream Beat","Stream Beat","Stream Beat","Stream Beat","No Streams","No Streams","Stream Beat","_","Stream Beat"
1665,1665,0,0,0,0,00000004,020d0070fe5ffe64,0390,1d93,1,0,3f851fdb,1,0,fd70020dfbdf0070fcd6fe5fff10fe64,1,1,0,1e5d0a171e5d0a171e5d0a171e5d0a17,1,0,00000000000000000000000000000000,1,0,23c1,0,0,0,23c1,0,0,020d0070fe5ffe64,1,0,40900390,0,1,0,fd70fbdffcd6ff10,1,0,"Active","Active","Active","Active","Active","Inactive","Inactive","Active","_","Active","Stream Beat","Stream Beat","Stream Beat","Stream Beat","Stream Beat","No Streams","No Streams","Stream Beat","_","Stream Beat"
1666,1666,0,0,0,0,00000004,ff62fe29ff3c017a,0390,235f,1,0,3fad2011,1,0,fc2dff62fdfefe29ffc9ff3cff87017a,1,1,0,1e5d0a171e5d0a171e5d0a171e5d0a17,1,0,00000000000000000000000000000000,1,0,23c1,0,0,0,23c1,0,0,ff62fe29ff3c017a,1,0,40900390,0,1,0,fc2dfdfeffc9ff87,1,0,"Active","Active","Active","Active","Active","Inactive","Inactive","Active","_","Active","Stream Beat","Stream Beat","Stream Beat","Stream Beat","Stream Beat","No Streams","No Streams","Stream Beat","_","Stream Beat"
1667,1667,0,0,0,0,00000004,fe4b002902030180,0390,2a47,1,0,3f701030,1,0,fee2fe4b00030029feac0203fc900180,1,1,0,1e5d0a171e5d0a171e5d0a171e5d0a17,1,0,00000000000000000000000000000000,1,0,23c1,0,0,0,23c1,0,0,fe4b002902030180,1,0,40900390,0,1,0,fee20003feacfc90,1,0,"Active","Active","Active","Active","Active","Inactive","Inactive","Active","_","Active","Stream Beat","Stream Beat","Stream Beat","Stream Beat","Stream Beat","No Streams","No Streams","Stream Beat","_","Stream Beat"
1668,1668,0,0,0,0,00000004,013f021f00a7fe7e,0390,2347,1,0,3f531ff4,1,0,ffae013ffd8b021ffbdf00a7fcc7fe7e,1,1,0,1e5d0a171e5d0a171e5d0a171e5d0a17,1,0,00000000000000000000000000000000,1,0,23c1,0,0,0,23c1,0,0,013f021f00a7fe7e,1,0,40900390,0,1,0,ffaefd8bfbdffcc7,1,0,"Active","Active","Active","Active","Active","Inactive","Inactive","Active","_","Active","Stream Beat","Stream Beat","Stream Beat","Stream Beat","Stream Beat","No Streams","No Streams","Stream Beat","_","Stream Beat"
1669,1669,0,0,0,0,00000004,0196ff89fe1dff28,0390,2363,1,0,3f972fe4,1,0,fcd10196fc2bff89fdbbfe1dffb9ff28,1,1,0,1e5d0a171e5d0a171e5d0a171e5d0a17,1,0,00000000000000000000000000000000,1,0,23c1,0,0,0,23c1,0,0,0196ff89fe1dff28,1,0,40900390,0,1,0,fcd1fc2bfdbbffb9,1,0,"Active","Active","Active","Active","Active","Inactive","Inactive","Active","_","Active","Stream Beat","Stream Beat","Stream Beat","Stream Beat","Stream Beat","No Streams","No Streams","Stream Beat","_","Stream Beat"
1670,1670,0,0,0,0,00000004,fea5fe47001c01d3,0390,2356,1,0,2fa2101f,1,0,fc9efea5fecafe470004001cfee401d3,1,1,0,1e5d0a171e5d0a171e5d0a171e5d0a17,1,0,00000000000000000000000000000000,1,0,23c1,0,0,0,23c1,0,0,fea5fe47001c01d3,1,0,40900390,0,1,0,fc9efeca0004fee4,1,0,"Active","Active","Active","Active","Active","Inactive","Inactive","Active","_","Active","Stream Beat","Stream Beat","Stream Beat","Stream Beat","Stream Beat","No Streams","No Streams","Stream Beat","_","Stream Beat"
1671,1671,0,0,0,0,00000004,fee7013a022900c1,0390,2a44,1,0,3f5d1028,1,0,ff9ffee7ffb2013afdca0229fc0a00c1,1,1,0,1e5d0a171e5d0a171e5d0a171e5d0a17,1,0,00000000000000000000000000000000,1,0,23c1,0,0,0,23c1,0,0,fee7013a022900c1,1,0,40900390,0,1,0,ff9fffb2fdcafc0a,1,0,"Active","Active","Active","Active","Active","Inactive","Inactive","Active","_","Active","Stream Beat","Stream Beat","Stream Beat","Stream Beat","Stream Beat","No Streams","No Streams","Stream Beat","_","Stream Beat"
1672,1672,0,0,0,0,00000004,01e601c1ffb6fe34,0390,234f,1,0,3f672fe6,1,0,fefd01e6fccd01c1fc2cffb6fd9bfe34,1,1,0,1e5d0a171e5d0a171e5d0a171e5d0a17,1,0,00000000000000000000000000000000,1,0,23c1,0,0,0,23c1,0,0,01e601c1ffb6fe34,1,0,40900390,0,1,0,fefdfccdfc2cfd9b,1,0,"Active","Active","Active","Active","Active","Inactive","Inactive","Active","_","Active","Stream Beat","Stream Beat","Stream Beat","Stream Beat","Stream Beat","No Streams","No Streams","Stream Beat","_","Stream Beat"
1673,1673,0,0,0,0,00000004,00effec3fe3cfff6,0390,1d9c,1,0,2fa51fed,1,0,fc0700effc6cfec3feaafe3cfffbfff6,1,1,0,1e5d0a171e5d0a171e5d0a171e5d0a17,1,0,00000000000000000000000000000000,1,0,23c1,0,0,0,23c1,0,0,00effec3fe3cfff6,1,0,40900390,0,1,0,fc07fc6cfeaafffb,1,0,"Active","Active","Active","Active","Active","Inactive","Inactive","Active","_","Active","Stream Beat","Stream Beat","Stream Beat","Stream Beat","Stream Beat","No Streams","No Streams","Stream Beat","_","Stream Beat"
1674,1674,0,0,0,0,00000004,fe36feb900d1022f,0390,27d2,1,0,3f921030,1,0,fd5ffe36ff7ffeb9ffd300d1fdf6022f,1,1,0,1e5d0a171e5d0a171e5d0a171e5d0a17,1,0,00000000000000000000000000000000,1,0,23c1,0,0,0,23c1,0,0,fe36feb900d1022f,1,0,40900390,0,1,0,fd5fff7fffd3fdf6,1,0,"Active","Active","Active","Active","Active","Inactive","Inactive","Active","_","Active","Stream Beat","Stream Beat","Stream Beat","Stream Beat","Stream Beat","No Streams","No Streams","Stream Beat","_","Stream Beat"
1675,1675,0,0,0,0,00000004,ff9e01c101dcffdd,0390,2a46,1,0,3f592019,1,0,fff5ff9eff2401c1fcfa01dcfbf5ffdd,1,1,0,1e5d0a171e5d0a171e5d0a171e5d0a17,1,0,00000000000000000000000000000000,1,0,23c1,0,0,0,23c1,0,0,ff9e01c101dcffdd,1,0,40900390,0,1,0,fff5ff24fcfafbf5,1,0,"Active","Active","Active","Active","Active","Inactive","Inactive","Active","_","Active","Stream Beat","Stream Beat","Stream Beat","Stream Beat","Stream Beat","No Streams","No Streams","Stream Beat","_","Stream Beat"
1676,1676,0,0,0,0,00000004,0238011afee8fe15,0390,1d8c,1,0,3f712fde,1,0,fe140238fc2e011afc66fee8fe61fe15,1,1,0,1e5d0a171e5d0a171e5d0a171e5d0a17,1,0,00000000000000000000000000000000,1,0,23c1,0,0,0,23c1,0,0,0238011afee8fe15,1,0,40900390,0,1,0,fe14fc2efc66fe61,1,0,"Active","Active","Active","Active","Active","Inactive","Inactive","Active","_","Active","Stream Beat","Stream Beat","Stream Beat","Stream Beat","Stream Beat","No Streams","No Streams","Stream Beat","_","Stream Beat"
1677,1677,0,0,0,0,00000004,000ffe3ffea800bd,0390,1d9b,1,0,3faa1ffe,1,0,fbf8000ffd31fe3fff61fea8ffe500bd,1,1,0,1e5d0a171e5d0a171e5d0a171e5d0a17,1,0,00000000000000000000000000000000,1,0,23c1,0,0,0,23c1,0,0,000ffe3ffea800bd,1,0,40900390,0,1,0,fbf8fd31ff61ffe5,1,0,"Active","Active","Active","Active","Active","Inactive","Inactive","Active","_","Active","Stream Beat","Stream Beat","Stream Beat","Stream Beat","Stream Beat","No Streams","No Streams","Stream Beat","_","Stream Beat"
1678,1678,0,0,0,0,00000004,fe37ff75019101eb,0390,2a4b,1,0,3f802031,1,0,fe57fe37ffeaff75ff520191fd2701eb,1,1,0,1e5d0a171e5d0a171e5d0a171e5d0a17,1,0,00000000000000000000000000000000,1,0,23c1,0,0,0,23c1,0,0,fe37ff75019101eb,1,0,40900390,0,1,0,fe57ffeaff52fd27,1,0,"Active","Active","Active","Active","Active","Inactive","Inactive","Active","_","Active","Stream Beat","Stream Beat","Stream Beat","Stream Beat","Stream Beat","No Streams","No Streams","Stream Beat","_","Stream Beat"
1679,1679,0,0,0,0,00000004,009602180141ff0b,0390,233f,1,0,3f502004,1,0,fff60096fe530218fc500141fc49ff0b,1,1,0,1e5d0a171e5d0a171e5d0a171e5d0a17,1,0,00000000000000000000000000000000,1,0,23c1,0,0,0,23c1,0,0,009602180141ff0b,1,0,40900390,0,1,0,fff6fe53fc50fc49,1,0,"Active","Active","Active","Active","Active","Inactive","Inactive","Active","_","Active","Stream Beat","Stream Beat","Stream Beat","Stream Beat","Stream Beat","No Streams","No Streams","Stream Beat","_","Stream Beat"
1680,1680,0,0,0,0,00000004,01f60043fe4dfe8d,0390,1d94,1,0,3f861fdb,1,0,fd4e01f6fbfe0043fd0bfe4dff39fe8d,1,1,0,1e5d0a171e5d0a171e5d0a171e5d0a17,1,0,00000000000000000000000000000000,1,0,23c1,0,0,0,23c1,0,0,01f60043fe4dfe8d,1,0,40900390,0,1,0,fd4efbfefd0bff39,1,0,"Active","Active","Active","Active","Active","Inactive","Inactive","Active","_","Active","Stream Beat","Stream Beat","Stream Beat","Stream Beat","Stream Beat","No Streams","No Streams","Stream Beat","_","Stream Beat"
1681,1681,0,0,0,0,00000004,ff35fe05ff6d0187,0390,235d,1,0,3fab2012,1,0,fc32ff35fe01fe05ffdeff6dff710187,1,1,0,1e5d0a171e5d0a171e5d0a171e5d0a17,1,0,00000000000000000000000000000000,1,0,23c1,0,0,0,23c1,0,0,ff35fe05ff6d0187,1,0,40900390,0,1,0,fc32fe01ffdeff71,1,0,"Active","Active","Active","Active","Active","Inactive","Inactive","Active","_","Active","Stream Beat","Stream Beat","Stream Beat","Stream Beat","Stream Beat","No Streams","No Streams","Stream Beat","_","Stream Beat"
1682,1682,0,0,0,0,00000004,fe600063020d015b,0390,2a47,1,0,3f6e102f,1,0,ff0ffe60fffc0063fe84020dfc84015b,1,1,0,1e5d0a171e5d0a171e5d0a171e5d0a17,1,0,00000000000000000000000000000000,1,0,23c1,0,0,0,23c1,0,0,fe600063020d015b,1,0,40900390,0,1,0,ff0ffffcfe84fc84,1,0,"Active","Active","Active","Active","Active","Inactive","Inactive","Active","_","Active","Stream Beat","Stream Beat","Stream Beat","Stream Beat","Stream Beat","No Streams","No Streams","Stream Beat","_","Stream Beat"
1683,1683,0,0,0,0,00000004,017d020a006bfe67,0390,2347,1,0,3f591ff1,1,0,ff87017dfd77020afc0d006bfcdcfe67,1,1,0,1e5d0a171e5d0a171e5d0a171e5d0a17,1,0,00000000000000000000000000000000,1,0,23c1,0,0,0,23c1,0,0,017d020a006bfe67,1,0,40900390,0,1,0,ff87fd77fc0dfcdc,1,0,"Active","Active","Active","Active","Active","Inactive","Inactive","Active","_","Active","Stream Beat","Stream Beat","Stream Beat","Stream Beat","Stream Beat","No Streams","No Streams","Stream Beat","_","Stream Beat"
1684,1684,0,0,0,0,00000004,017bff67fe1fff31,0390,2364,1,0,3f982fe2,1,0,fc89017bfc17ff67fdf9fe1fffc3ff31,1,1,0,1e5d0a171e5d0a171e5d0a171e5d0a17,1,0,00000000000000000000000000000000,1,0,23c1,0,0,0,23c1,0,0,017bff67fe1fff31,1,0,40900390,0,1,0,fc89fc17fdf9ffc3,1,0,"Active","Active","Active","Active","Active","Inactive","Inactive","Active","_","Active","Stream Beat","Stream Beat","Stream Beat","Stream Beat","Stream Beat","No Streams","No Streams","Stream Beat","_","Stream Beat"
1685,1685,0,0,0,0,00000004,fe8efe5900400208,0390,2356,1,0,3fa11022,1,0,fcbdfe8efefdfe59fff40040feb80208,1,1,0,1e5d0a171e5d0a171e5d0a171e5d0a17,1,0,00000000000000000000000000000000,1,0,23c1,0,0,0,23c1,0,0,fe8efe5900400208,1,0,40900390,0,1,0,fcbdfefdfff4feb8,1,0,"Active","Active","Active","Active","Active","Inactive","Inactive","Active","_","Active","Stream Beat","Stream Beat","Stream Beat","Stream Beat","Stream Beat","No Streams","No Streams","Stream Beat","_","Stream Beat"
1686,1686,0,0,0,0,00000004,ff190152021e0096,0390,2a45,1,0,3f5e1025,1,0,ffbbff19ff9e0152fda4021efbeb0096,1,1,0,1e5d0a171e5d0a171e5d0a171e5d0a17,1,0,00000000000000000000000000000000,1,0,23c1,0,0,0,23c1,0,0,ff190152021e0096,1,0,40900390,0,1,0,ffbbff9efda4fbeb,1,0,"Active","Active","Active","Active","Active","Inactive","Inactive","Active","_","Active","Stream Beat","Stream Beat","Stream Beat","Stream Beat","Stream Beat","No Streams","No Streams","Stream Beat","_","Stream Beat"
1687,1687,0,0,0,0,00000004,01db01a6ff86fe27,0390,234f,1,0,3f652fe3,1,0,fee401dbfcaf01a6fc01ff86fdbffe27,1,1,0,1e5d0a171e5d0a171e5d0a171e5d0a17,1,0,00000000000000000000000000000000,1,0,23c1,0,0,0,23c1,0,0,01db01a6ff86fe27,1,0,40900390,0,1,0,fee4fcaffc01fdbf,1,0,"Active","Active","Active","Active","Active","Inactive","Inactive","Active","_","Active","Stream Beat","Stream Beat","Stream Beat","Stream Beat","Stream Beat","No Streams","No Streams","Stream Beat","_","Stream Beat"
1688,1688,0,0,0,0,00000004,00c7fea4fe48001e,0390,1d9b,1,0,3fa61ff2,1,0,fc0c00c7fc9ffea4fec9fe480002001e,1,1,0,1e5d0a171e5d0a171e5d0a171e5d0a17,1,0,00000000000000000000000000000000,1,0,23c1,0,0,0,23c1,0,0,00c7fea4fe48001e,1,0,40900390,0,1,0,fc0cfc9ffec90002,1,0,"Active","Active","Active","Active","Active","Inactive","Inactive","Active","_","Active","Stream Beat","Stream Beat","Stream Beat","Stream Beat","Stream Beat","No Streams","No Streams","Stream Beat","_","Stream Beat"
1689,1689,0,0,0,0,00000004,fe24ff0001300235,0390,27d2,1,0,3f8e1031,1,0,fd86fe24ffa4ff00ffba0130fdb70235,1,1,0,1e5d0a171e5d0a171e5d0a171e5d0a17,1,0,00000000000000000000000000000000,1,0,23c1,0,0,0,23c1,0,0,fe24ff0001300235,1,0,40900390,0,1,0,fd86ffa4ffbafdb7,1,0,"Active","Active","Active","Active","Active","Inactive","Inactive","Active","_","Active","Stream Beat","Stream Beat","Stream Beat","Stream Beat","Stream Beat","No Streams","No Streams","Stream Beat","_","Stream Beat"
1690,1690,0,0,0,0,00000004,ffe601e401c3ffb5,0390,2a46,1,0,3f552012,1,0,ffffffe6fefa01e4fcd301c3fc12ffb5,1,1,0,1e5d0a171e5d0a171e5d0a171e5d0a17,1,0,00000000000000000000000000000000,1,0,23c1,0,0,0,23c1,0,0,ffe601e401c3ffb5,1,0,40900390,0,1,0,fffffefafcd3fc12,1,0,"Active","Active","Active","Active","Active","Inactive","Inactive","Active","_","Active","Stream Beat","Stream Beat","Stream Beat","Stream Beat","Stream Beat","No Streams","No Streams","Stream Beat","_","Stream Beat"
1691,1691,0,0,0,0,00000004,022200f0fec7fe28,0390,1d8f,1,0,2f771fdd,1,0,fdf60222fc3000f0fc8afec7fe91fe28,1,1,0,1e5d0a171e5d0a171e5d0a171e5d0a17,1,0,00000000000000000000000000000000,1,0,23c1,0,0,0,23c1,0,0,022200f0fec7fe28,1,0,40e00410,1,1,0,fdf6fc30fc8afe91,1,0,"Active","Active","Active","Active","Active","Inactive","Inactive","Active","Active","Active","Stream Beat","Stream Beat","Stream Beat","Stream Beat","Stream Beat","No Streams","No Streams","Stream Beat","Stream Beat","Stream Beat"
1692,1692,0,0,0,0,00000004,ffe8fe25fec5010d,0410,1f5f,1,0,3fa92008,1,0,fc0affe8fd56fe25ff77fec5ffd4010d,1,1,0,1e5d0a171e5d0a171e5d0a171e5d0a17,1,0,00000000000000000000000000000000,1,0,23c1,0,0,0,23c1,0,0,ffe8fe25fec5010d,1,0,40e00410,0,1,0,fc0afd56ff77ffd4,1,0,"Active","Active","Active","Active","Active","Inactive","Inactive","Active","_","Active","Stream Beat","Stream Beat","Stream Beat","Stream Beat","Stream Beat","No Streams","No Streams","Stream Beat","_","Stream Beat"
1693,1693,0,0,0,0,00000004,fe24ffab01b301cd,0410,2a49,1,0,3f7d2034,1,0,fe66fe24fff8ffabff2e01b3fd0a01cd,1,1,0,1e5d0a171e5d0a171e5d0a171e5d0a17,1,0,00000000000000000000000000000000,1,0,23c1,0,0,0,23c1,0,0,fe24ffab01b301cd,1,0,40e00410,0,1,0,fe66fff8ff2efd0a,1,0,"Active","Active","Active","Active","Active","Inactive","Inactive","Active","_","Active","Stream Beat","Stream Beat","Stream Beat","Stream Beat","Stream Beat","No Streams","No Streams","Stream Beat","_","Stream Beat"
1694,1694,0,0,0,0,00000004,00ba02110123feda,0410,2342,1,0,3f542000,1,0,ffe700bafe320211fc290123fc43feda,1,1,0,1e5d0a171e5d0a171e5d0a171e5d0a17,1,0,00000000000000000000000000000000,1,0,23c1,0,0,0,23c1,0,0,00ba02110123feda,1,0,40e00410,0,1,0,ffe7fe32fc29fc43,1,0,"Active","Active","Active","Active","Active","Inactive","Inactive","Active","_","Active","Stream Beat","Stream Beat","Stream Beat","Stream Beat","Stream Beat","No Streams","No Streams","Stream Beat","_","Stream Beat"
1695,1695,0,0,0,0,00000004,01f9000cfe46feae,0410,1d94,1,0,3f8a2fdd,1,0,fd1a01f9fbfc000cfd34fe46ff64feae,1,1,0,1e5d0a171e5d0a171e5d0a171e5d0a17,1,0,00000000000000000000000000000000,1,0,23c1,0,0,0,23c1,0,0,01f9000cfe46feae,1,0,40e00410,0,1,0,fd1afbfcfd34ff64,1,0,"Active","Active","Active","Active","Active","Inactive","Inactive","Active","_","Active","Stream Beat","Stream Beat","Stream Beat","Stream Beat","Stream Beat","No Streams","No Streams","Stream Beat","_","Stream Beat"
1696,1696,0,0,0,0,00000004,ff09fe15ff7a01b7,0410,235d,1,0,3fa92014,1,0,fc35ff09fe37fe15ffecff7aff4001b7,1,1,0,1e5d0a171e5d0a171e5d0a171e5d0a17,1,0,00000000000000000000000000000000,1,0,23c1,0,0,0,23c1,0,0,ff09fe15ff7a01b7,1,0,40e00410,0,1,0,fc35fe37ffecff40,1,0,"Active","Active","Active","Active","Active","Inactive","Inactive","Active","_","Active","Stream Beat","Stream Beat","Stream Beat","Stream Beat","Stream Beat","No Streams","No Streams","Stream Beat","_","Stream Beat"
1697,1697,0,0,0,0,00000004,fe8a00a2021d0140,0410,2340,1,0,3f68102c,1,0,ff38fe8afff300a2fe53021dfc510140,1,1,0,1e5d0a171e5d0a171e5d0a171e5d0a17,1,0,00000000000000000000000000000000,1,0,23c1,0,0,0,23c1,0,0,fe8a00a2021d0140,1,0,40e00410,0,1,0,ff38fff3fe53fc51,1,0,"Active","Active","Active","Active","Active","Inactive","Inactive","Active","_","Active","Stream Beat","Stream Beat","Stream Beat","Stream Beat","Stream Beat","No Streams","No Streams","Stream Beat","_","Stream Beat"
1698,1698,0,0,0,0,00000004,018802050042fe58,0410,2348,1,0,3f5a1fef,1,0,ff6f0188fd400205fc0a0042fd17fe58,1,1,0,1e5d0a171e5d0a171e5d0a171e5d0a17,1,0,00000000000000000000000000000000,1,0,23c1,0,0,0,23c1,0,0,018802050042fe58,1,0,40e00410,0,1,0,ff6ffd40fc0afd17,1,0,"Active","Active","Active","Active","Active","Inactive","Inactive","Active","_","Active","Stream Beat","Stream Beat","Stream Beat","Stream Beat","Stream Beat","No Streams","No Streams","Stream Beat","_","Stream Beat"
1699,1699,0,0,0,0,00000004,0160ff3bfe36ff60,0410,2364,1,0,3f992fe4,1,0,fc800160fc4dff3bfe2ffe36ffddff60,1,1,0,1e5d0a171e5d0a171e5d0a171e5d0a17,1,0,00000000000000000000000000000000,1,0,23c1,0,0,0,23c1,0,0,0160ff3bfe36ff60,1,0,40e00410,0,1,0,fc80fc4dfe2fffdd,1,0,"Active","Active","Active","Active","Active","Inactive","Inactive","Active","_","Active","Stream Beat","Stream Beat","Stream Beat","Stream Beat","Stream Beat","No Streams","No Streams","Stream Beat","_","Stream Beat"
1700,1700,0,0,0,0,00000004,fe60fe6500690212,0410,2355,1,0,3f9c1028,1,0,fcd2fe60ff0dfe65fffe0069fe7f0212,1,1,0,1e5d0a171e5d0a171e5d0a171e5d0a17,1,0,00000000000000000000000000000000,1,0,23c1,0,0,0,23c1,0,0,fe60fe6500690212,1,0,40e00410,0,1,0,fcd2ff0dfffefe7f,1,0,"Active","Active","Active","Active","Active","Inactive","Inactive","Active","_","Active","Stream Beat","Stream Beat","Stream Beat","Stream Beat","Stream Beat","No Streams","No Streams","Stream Beat","_","Stream Beat"
1701,1701,0,0,0,0,00000004,ff3b015b0206006e,0410,2a45,1,0,3f5d1022,1,0,ffd0ff3bff8c015bfd820206fc02006e,1,1,0,1e5d0a171e5d0a171e5d0a171e5d0a17,1,0,00000000000000000000000000000000,1,0,23c1,0,0,0,23c1,0,0,ff3b015b0206006e,1,0,40e00410,0,1,0,ffd0ff8cfd82fc02,1,0,"Active","Active","Active","Active","Active","Inactive","Inactive","Active","_","Active","Stream Beat","Stream Beat","Stream Beat","Stream Beat","Stream Beat","No Streams","No Streams","Stream Beat","_","Stream Beat"
1702,1702,0,0,0,0,00000004,02120189ff5efe20,0410,2352,1,0,3f6d2fe3,1,0,fea30212fc8d0189fc2fff5efde5fe20,1,1,0,1e5d0a171e5d0a171e5d0a171e5d0a17,1,0,00000000000000000000000000000000,1,0,23c1,0,0,0,23c1,0,0,02120189ff5efe20,1,0,40e00410,0,1,0,fea3fc8dfc2ffde5,1,0,"Active","Active","Active","Active","Active","Inactive","Inactive","Active","_","Active","Stream Beat","Stream Beat","Stream Beat","Stream Beat","Stream Beat","No Streams","No Streams","Stream Beat","_","Stream Beat"
1703,1703,0,0,0,0,00000004,0097fe9cfe4d0043,0410,1d9c,1,0,3fa51ff4,1,0,fc130097fce5fe9cfeebfe4dffff0043,1,1,0,1e5d0a171e5d0a171e5d0a171e5d0a17,1,0,00000000000000000000000000000000,1,0,23c1,0,0,0,23c1,0,0,0097fe9cfe4d0043,1,0,40e00410,0,1,0,fc13fce5feebffff,1,0,"Active","Active","Active","Active","Active","Inactive","Inactive","Active","_","Active","Stream Beat","Stream Beat","Stream Beat","Stream Beat","Stream Beat","No Streams","No Streams","Stream Beat","_","Stream Beat"
1704,1704,0,0,0,0,00000004,fe19ff0a01400217,0410,2a51,1,0,3f8e1030,1,0,fdb6fe19ffb1ff0affa80140fda60217,1,1,0,1e5d0a171e5d0a171e5d0a171e5d0a17,1,0,00000000000000000000000000000000,1,0,23c1,0,0,0,23c1,0,0,fe19ff0a01400217,1,0,40e00410,0,1,0,fdb6ffb1ffa8fda6,1,0,"Active","Active","Active","Active","Active","Inactive","Inactive","Active","_","Active","Stream Beat","Stream Beat","Stream Beat","Stream Beat","Stream Beat","No Streams","No Streams","Stream Beat","_","Stream Beat"
1705,1705,0,0,0,0,00000004,001401e801a8ff8b,0410,2a48,1,0,3f542011,1,0,00010014fedf01e8fca701a8fbfbff8b,1,1,0,1e5d0a171e5d0a171e5d0a171e5d0a17,1,0,00000000000000000000000000000000,1,0,23c1,0,0,0,23c1,0,0,001401e801a8ff8b,1,0,40e00410,0,1,0,0001fedffca7fbfb,1,0,"Active","Active","Active","Active","Active","Inactive","Inactive","Active","_","Active","Stream Beat","Stream Beat","Stream Beat","Stream Beat","Stream Beat","No Streams","No Streams","Stream Beat","_","Stream Beat"
1706,1706,0,0,0,0,00000004,021d00c1fea3fe3f,0410,1d8f,1,0,3f7e1fdc,1,0,fdd1021dfc3000c1fc96fea3fec3fe3f,1,1,0,1e5d0a171e5d0a171e5d0a171e5d0a17,1,0,00000000000000000000000000000000,1,0,23c1,0,0,0,23c1,0,0,021d00c1fea3fe3f,1,0,40e00410,0,1,0,fdd1fc30fc96fec3,1,0,"Active","Active","Active","Active","Active","Inactive","Inactive","Active","_","Active","Stream Beat","Stream Beat","Stream Beat","Stream Beat","Stream Beat","No Streams","No Streams","Stream Beat","_","Stream Beat"
1707,1707,0,0,0,0,00000004,ffc1fe2afee0013d,0410,2361,1,0,3fab2007,1,0,fc08ffc1fd9bfe2aff91fee0ffbb013d,1,1,0,1e5d0a171e5d0a171e5d0a171e5d0a17,1,0,00000000000000000000000000000000,1,0,23c1,0,0,0,23c1,0,0,ffc1fe2afee0013d,1,0,40e00410,0,1,0,fc08fd9bff91ffbb,1,0,"Active","Active","Active","Active","Active","Inactive","Inactive","Active","_","Active","Stream Beat","Stream Beat","Stream Beat","Stream Beat","Stream Beat","No Streams","No Streams","Stream Beat","_","Stream Beat"
1708,1708,0,0,0,0,00000004,fe2dffe601c901b5,0410,2a48,1,0,2f781032,1,0,fea0fe2dfff6ffe6ff1601c9fcd701b5,1,1,0,1e5d0a171e5d0a171e5d0a171e5d0a17,1,0,00000000000000000000000000000000,1,0,23c1,0,0,0,23c1,0,0,fe2dffe601c901b5,1,0,40e00410,0,1,0,fea0fff6ff16fcd7,1,0,"Active","Active","Active","Active","Active","Inactive","Inactive","Active","_","Active","Stream Beat","Stream Beat","Stream Beat","Stream Beat","Stream Beat","No Streams","No Streams","Stream Beat","_","Stream Beat"
1709,1709,0,0,0,0,00000004,00dc022d00e7fed2,0410,2344,1,0,3f551ffc,1,0,ffd100dcfdfd022dfc2b00e7fc85fed2,1,1,0,1e5d0a171e5d0a171e5d0a171e5d0a17,1,0,00000000000000000000000000000000,1,0,23c1,0,0,0,23c1,0,0,00dc022d00e7fed2,1,0,40e00410,0,1,0,ffd1fdfdfc2bfc85,1,0,"Active","Active","Active","Active","Active","Inactive","Inactive","Active","_","Active","Stream Beat","Stream Beat","Stream Beat","Stream Beat","Stream Beat","No Streams","No Streams","Stream Beat","_","Stream Beat"
1710,1710,0,0,0,0,00000004,01deffe6fe35febe,0410,1f58,1,0,3f8e2fe0,1,0,fcee01defbfcffe6fd60fe35ff7efebe,1,1,0,1e5d0a171e5d0a171e5d0a171e5d0a17,1,0,00000000000000000000000000000000,1,0,23c1,0,0,0,23c1,0,0,01deffe6fe35febe,1,0,40e00410,0,1,0,fceefbfcfd60ff7e,1,0,"Active","Active","Active","Active","Active","Inactive","Inactive","Active","_","Active","Stream Beat","Stream Beat","Stream Beat","Stream Beat","Stream Beat","No Streams","No Streams","Stream Beat","_","Stream Beat"
1711,1711,0,0,0,0,00000004,feebfe45ffb701be,0410,2359,1,0,3fa82019,1,0,fc5afeebfe8efe45fff2ffb7ff2f01be,1,1,0,1e5d0a171e5d0a171e5d0a171e5d0a17,1,0,00000000000000000000000000000000,1,0,23c1,0,0,0,23c1,0,0,feebfe45ffb701be,1,0,40e00410,0,1,0,fc5afe8efff2ff2f,1,0,"Active","Active","Active","Active","Active","Inactive","Inactive","Active","_","Active","Stream Beat","Stream Beat","Stream Beat","Stream Beat","Stream Beat","No Streams","No Streams","Stream Beat","_","Stream Beat"
1712,1712,0,0,0,0,00000004,fe9100c0021a0118,0410,233e,1,0,3f67102c,1,0,ff52fe91ffe600c0fe31021afc3a0118,1,1,0,1e5d0a171e5d0a171e5d0a171e5d0a17,1,0,00000000000000000000000000000000,1,0,23c1,0,0,0,23c1,0,0,fe9100c0021a0118,1,0,40e00410,0,1,0,ff52ffe6fe31fc3a,1,0,"Active","Active","Active","Active","Active","Inactive","Inactive","Active","_","Active","Stream Beat","Stream Beat","Stream Beat","Stream Beat","Stream Beat","No Streams","No Streams","Stream Beat","_","Stream Beat"
1713,1713,0,0,0,0,00000004,01a601ee0013fe40,0410,234b,1,0,3f5c2feb,1,0,ff4901a6fd2801eefbf10013fd33fe40,1,1,0,1e5d0a171e5d0a171e5d0a171e5d0a17,1,0,00000000000000000000000000000000,1,0,23c1,0,0,0,23c1,0,0,01a601ee0013fe40,1,0,40e00410,0,1,0,ff49fd28fbf1fd33,1,0,"Active","Active","Active","Active","Active","Inactive","Inactive","Active","_","Active","Stream Beat","Stream Beat","Stream Beat","Stream Beat","Stream Beat","No Streams","No Streams","Stream Beat","_","Stream Beat"
1714,1714,0,0,0,0,00000004,014aff04fe2fffa8,0410,1d9a,1,0,3fa02fea,1,0,fc50014afc35ff04fe47fe2ffff6ffa8,1,1,0,1e5d0a171e5d0a171e5d0a171e5d0a17,1,0,00000000000000000000000000000000,1,0,23c1,0,0,0,23c1,0,0,014aff04fe2fffa8,1,0,40e00410,0,1,0,fc50fc35fe47fff6,1,0,"Active","Active","Active","Active","Active","Inactive","Inactive","Active","_","Active","Stream Beat","Stream Beat","Stream Beat","Stream Beat","Stream Beat","No Streams","No Streams","Stream Beat","_","Stream Beat"
1715,1715,0,0,0,0,00000004,fe57fe77009d021e,0410,2354,1,0,3f9a1028,1,0,fd19fe57ff29fe77fff9009dfe4b021e,1,1,0,1e5d0a171e5d0a171e5d0a171e5d0a17,1,0,00000000000000000000000000000000,1,0,23c1,0,0,0,23c1,0,0,fe57fe77009d021e,1,0,40e00410,0,1,0,fd19ff29fff9fe4b,1,0,"Active","Active","Active","Active","Active","Inactive","Inactive","Active","_","Active","Stream Beat","Stream Beat","Stream Beat","Stream Beat","Stream Beat","No Streams","No Streams","Stream Beat","_","Stream Beat"
1716,1716,0,0,0,0,00000004,ff6c017c01fa0047,0410,2a46,1,0,3f59101e,1,0,ffe1ff6cff74017cfd5001fafbf10047,1,1,0,1e5d0a171e5d0a171e5d0a171e5d0a17,1,0,00000000000000000000000000000000,1,0,23c1,0,0,0,23c1,0,0,ff6c017c01fa0047,1,0,40e00410,0,1,0,ffe1ff74fd50fbf1,1,0,"Active","Active","Active","Active","Active","Inactive","Inactive","Active","_","Active","Stream Beat","Stream Beat","Stream Beat","Stream Beat","Stream Beat","No Streams","No Streams","Stream Beat","_","Stream Beat"
1717,1717,0,0,0,0,00000004,01f90162ff35fe21,0410,2353,1,0,3f6c2fe2,1,0,fe8d01f9fc880162fc3aff35fe14fe21,1,1,0,1e5d0a171e5d0a171e5d0a171e5d0a17,1,0,00000000000000000000000000000000,1,0,23c1,0,0,0,23c1,0,0,01f90162ff35fe21,1,0,40e00410,0,1,0,fe8dfc88fc3afe14,1,0,"Active","Active","Active","Active","Active","Inactive","Inactive","Active","_","Active","Stream Beat","Stream Beat","Stream Beat","Stream Beat","Stream Beat","No Streams","No Streams","Stream Beat","_","Stream Beat"
1718,1718,0,0,0,0,00000004,0072fe60fe6f0080,0410,1d9c,1,0,3fa81ff8,1,0,fbfb0072fcd1fe60ff10fe6f00000080,1,1,0,1e5d0a171e5d0a171e5d0a171e5d0a17,1,0,00000000000000000000000000000000,1,0,23c1,0,0,0,23c1,0,0,0072fe60fe6f0080,1,0,40e00410,0,1,0,fbfbfcd1ff100000,1,0,"Active","Active","Active","Active","Active","Inactive","Inactive","Active","_","Active","Stream Beat","Stream Beat","Stream Beat","Stream Beat","Stream Beat","No Streams","No Streams","Stream Beat","_","Stream Beat"
1719,1719,0,0,0,0,00000004,fe29ff3a0182020d,0410,2a4e,1,0,3f891032,1,0,fdf1fe29ffccff3aff830182fd78020d,1,1,0,1e5d0a171e5d0a171e5d0a171e5d0a17,1,0,00000000000000000000000000000000,1,0,23c1,0,0,0,23c1,0,0,fe29ff3a0182020d,1,0,40e00410,0,1,0,fdf1ffccff83fd78,1,0,"Active","Active","Active","Active","Active","Inactive","Inactive","Active","_","Active","Stream Beat","Stream Beat","Stream Beat","Stream Beat","Stream Beat","No Streams","No Streams","Stream Beat","_","Stream Beat"
1720,1720,0,0,0,0,00000004,004302080190ff5e,0410,2a49,1,0,3f56200b,1,0,00010043fea90208fc820190fc19ff5e,1,1,0,1e5d0a171e5d0a171e5d0a171e5d0a17,1,0,00000000000000000000000000000000,1,0,23c1,0,0,0,23c1,0,0,004302080190ff5e,1,0,40e00410,0,1,0,0001fea9fc82fc19,1,0,"Active","Active","Active","Active","Active","Inactive","Inactive","Active","_","Active","Stream Beat","Stream Beat","Stream Beat","Stream Beat","Stream Beat","No Streams","No Streams","Stream Beat","_","Stream Beat"
1721,1721,0,0,0,0,00000004,02080097fe8efe51,0410,1d91,1,0,2f7d1fdc,1,0,fdb80208fc1e0097fcc8fe8efeeafe51,1,1,0,1e5d0a171e5d0a171e5d0a171e5d0a17,1,0,00000000000000000000000000000000,1,0,23c1,0,0,0,23c1,0,0,02080097fe8efe51,1,0,40e00410,0,1,0,fdb8fc1efcc8feea,1,0,"Active","Active","Active","Active","Active","Inactive","Inactive","Active","_","Active","Stream Beat","Stream Beat","Stream Beat","Stream Beat","Stream Beat","No Streams","No Streams","Stream Beat","_","Stream Beat"
1722,1722,0,0,0,0,00000004,ff90fe1bff19013e,0410,2360,1,0,3fab200f,1,0,fc0cff90fdb8fe1bffb4ff19ffa9013e,1,1,0,1e5d0a171e5d0a171e5d0a171e5d0a17,1,0,00000000000000000000000000000000,1,0,23c1,0,0,0,23c1,0,0,ff90fe1bff19013e,1,0,40e00410,0,1,0,fc0cfdb8ffb4ffa9,1,0,"Active","Active","Active","Active","Active","Inactive","Inactive","Active","_","Active","Stream Beat","Stream Beat","Stream Beat","Stream Beat","Stream Beat","No Streams","No Streams","Stream Beat","_","Stream Beat"
1723,1723,0,0,0,0,00000004,fe36001501ff01ac,0410,2a48,1,0,2f741033,1,0,febdfe36ffff0015fed501fffc9e01ac,1,1,0,1e5d0a171e5d0a171e5d0a171e5d0a17,1,0,00000000000000000000000000000000,1,0,23c1,0,0,0,23c1,0,0,fe36001501ff01ac,1,0,40e00410,0,1,0,febdfffffed5fc9e,1,0,"Active","Active","Active","Active","Active","Inactive","Inactive","Active","_","Active","Stream Beat","Stream Beat","Stream Beat","Stream Beat","Stream Beat","No Streams","No Streams","Stream Beat","_","Stream Beat"
1724,1724,0,0,0,0,00000004,0135021700bafea9,0410,2344,1,0,3f581ff7,1,0,ffb60135fddf0217fc4d00bafc9cfea9,1,1,0,1e5d0a171e5d0a171e5d0a171e5d0a17,1,0,00000000000000000000000000000000,1,0,23c1,0,0,0,23c1,0,0,0135021700bafea9,1,0,40e00410,0,1,0,ffb6fddffc4dfc9c,1,0,"Active","Active","Active","Active","Active","Inactive","Inactive","Active","_","Active","Stream Beat","Stream Beat","Stream Beat","Stream Beat","Stream Beat","No Streams","No Streams","Stream Beat","_","Stream Beat"
1725,1725,0,0,0,0,00000004,01b9ffb9fe30ff0c,0410,2362,1,0,3f922fe0,1,0,fce701b9fc18ffb9fd91fe30ffaaff0c,1,1,0,1e5d0a171e5d0a171e5d0a171e5d0a17,1,0,00000000000000000000000000000000,1,0,23c1,0,0,0,23c1,0,0,01b9ffb9fe30ff0c,1,0,40e00410,0,1,0,fce7fc18fd91ffaa,1,0,"Active","Active","Active","Active","Active","Inactive","Inactive","Active","_","Active","Stream Beat","Stream Beat","Stream Beat","Stream Beat","Stream Beat","No Streams","No Streams","Stream Beat","_","Stream Beat"
1726,1726,0,0,0,0,00000004,febffe30ffda01e9,0410,235a,1,0,3fa2101f,1,0,fc74febffe92fe30ffffffdafefa01e9,1,1,0,1e5d0a171e5d0a171e5d0a171e5d0a17,1,0,00000000000000000000000000000000,1,0,23c1,0,0,0,23c1,0,0,febffe30ffda01e9,1,0,40e00410,0,1,0,fc74fe92fffffefa,1,0,"Active","Active","Active","Active","Active","Inactive","Inactive","Active","_","Active","Stream Beat","Stream Beat","Stream Beat","Stream Beat","Stream Beat","No Streams","No Streams","Stream Beat","_","Stream Beat"
1727,1727,0,0,0,0,00000004,fed4010102190100,0410,27be,1,0,3f67102a,1,0,ff7efed4ffd80101fdfe0219fc090100,1,1,0,1e5d0a171e5d0a171e5d0a171e5d0a17,1,0,00000000000000000000000000000000,1,0,23c1,0,0,0,23c1,0,0,fed4010102190100,1,0,40e00410,0,1,0,ff7effd8fdfefc09,1,0,"Active","Active","Active","Active","Active","Inactive","Inactive","Active","_","Active","Stream Beat","Stream Beat","Stream Beat","Stream Beat","Stream Beat","No Streams","No Streams","Stream Beat","_","Stream Beat"
1728,1728,0,0,0,0,00000004,019b01eaffe6fe3b,0410,234d,1,0,3f632fea,1,0,ff33019bfcee01eafc08ffe6fd6cfe3b,1,1,0,1e5d0a171e5d0a171e5d0a171e5d0a17,1,0,00000000000000000000000000000000,1,0,23c1,0,0,0,23c1,0,0,019b01eaffe6fe3b,1,0,40e00410,0,1,0,ff33fceefc08fd6c,1,0,"Active","Active","Active","Active","Active","Inactive","Inactive","Active","_","Active","Stream Beat","Stream Beat","Stream Beat","Stream Beat","Stream Beat","No Streams","No Streams","Stream Beat","_","Stream Beat"
1729,1729,0,0,0,0,00000004,0117feedfe29ffa4,0410,1d9a,1,0,3f9f2feb,1,0,fc4d0117fc76feedfe64fe29fffdffa4,1,1,0,1e5d0a171e5d0a171e5d0a171e5d0a17,1,0,00000000000000000000000000000000,1,0,23c1,0,0,0,23c1,0,0,0117feedfe29ffa4,1,0,40e00410,0,1,0,fc4dfc76fe64fffd,1,0,"Active","Active","Active","Active","Active","Inactive","Inactive","Active","_","Active","Stream Beat","Stream Beat","Stream Beat","Stream Beat","Stream Beat","No Streams","No Streams","Stream Beat","_","Stream Beat"
1730,1730,0,0,0,0,00000004,fe54fea700b9022b,0410,2352,1,0,3f95102e,1,0,fd38fe54ff69fea7ffde00b9fe29022b,1,1,0,1e5d0a171e5d0a171e5d0a171e5d0a17,1,0,00000000000000000000000000000000,1,0,23c1,0,0,0,23c1,0,0,fe54fea700b9022b,1,0,40e00410,0,1,0,fd38ff69ffdefe29,1,0,"Active","Active","Active","Active","Active","Inactive","Inactive","Active","_","Active","Stream Beat","Stream Beat","Stream Beat","Stream Beat","Stream Beat","No Streams","No Streams","Stream Beat","_","Stream Beat"
1731,1731,0,0,0,0,00000004,ff83019c01e9000b,0410,2a45,1,0,3f59201a,1,0,ffeaff83ff4e019cfd3a01e9fbfc000b,1,1,0,1e5d0a171e5d0a171e5d0a171e5d0a17,1,0,00000000000000000000000000000000,1,0,23c1,0,0,0,23c1,0,0,ff83019c01e9000b,1,0,40e00410,0,1,0,ffeaff4efd3afbfc,1,0,"Active","Active","Active","Active","Active","Inactive","Inactive","Active","_","Active","Stream Beat","Stream Beat","Stream Beat","Stream Beat","Stream Beat","No Streams","No Streams","Stream Beat","_","Stream Beat"
1732,1732,0,0,0,0,00000004,02120140ff14fe1f,0410,1d8b,1,0,3f722fdd,1,0,fe680212fc490140fc3fff14fe43fe1f,1,1,0,1e5d0a171e5d0a171e5d0a171e5d0a17,1,0,00000000000000000000000000000000,1,0,23c1,0,0,0,23c1,0,0,02120140ff14fe1f,1,0,40e00410,0,1,0,fe68fc49fc3ffe43,1,0,"Active","Active","Active","Active","Active","Inactive","Inactive","Active","_","Active","Stream Beat","Stream Beat","Stream Beat","Stream Beat","Stream Beat","No Streams","No Streams","Stream Beat","_","Stream Beat"
1733,1733,0,0,0,0,00000004,003afe6bfe80009c,0410,1d9c,1,0,3faa1ffd,1,0,fbf0003afd1bfe6bff3ffe80ffeb009c,1,1,0,1e5d0a171e5d0a171e5d0a171e5d0a17,1,0,00000000000000000000000000000000,1,0,23c1,0,0,0,23c1,0,0,003afe6bfe80009c,1,0,40e00410,0,1,0,fbf0fd1bff3fffeb,1,0,"Active","Active","Active","Active","Active","Inactive","Inactive","Active","_","Active","Stream Beat","Stream Beat","Stream Beat","Stream Beat","Stream Beat","No Streams","No Streams","Stream Beat","_","Stream Beat"
1734,1734,0,0,0,0,00000004,fe26ff64019d0215,0410,2a4d,1,0,3f861031,1,0,fe11fe26ffe7ff64ff5c019dfd450215,1,1,0,1e5d0a171e5d0a171e5d0a171e5d0a17,1,0,00000000000000000000000000000000,1,0,23c1,0,0,0,23c1,0,0,fe26ff64019d0215,1,0,40e00410,0,1,0,fe11ffe7ff5cfd45,1,0,"Active","Active","Active","Active","Active","Inactive","Inactive","Active","_","Active","Stream Beat","Stream Beat","Stream Beat","Stream Beat","Stream Beat","No Streams","No Streams","Stream Beat","_","Stream Beat"
1735,1735,0,0,0,0,00000004,005a0217016dff36,0410,2a4a,1,0,3f532008,1,0,ffff005afe7c0217fc70016dfc45ff36,1,1,0,1e5d0a171e5d0a171e5d0a171e5d0a17,1,0,00000000000000000000000000000000,1,0,23c1,0,0,0,23c1,0,0,005a0217016dff36,1,0,40e00410,0,1,0,fffffe7cfc70fc45,1,0,"Active","Active","Active","Active","Active","Inactive","Inactive","Active","_","Active","Stream Beat","Stream Beat","Stream Beat","Stream Beat","Stream Beat","No Streams","No Streams","Stream Beat","_","Stream Beat"
1736,1736,0,0,0,0,00000004,020c0070fe69fe67,0410,1d92,1,0,3f831fdc,1,0,fd80020cfbfc0070fcd8fe69ff0ffe67,1,1,0,1e5d0a171e5d0a171e5d0a171e5d0a17,1,0,00000000000000000000000000000000,1,0,23c1,0,0,0,23c1,0,0,020c0070fe69fe67,1,0,40e00410,0,1,0,fd80fbfcfcd8ff0f,1,0,"Active","Active","Active","Active","Active","Inactive","Inactive","Active","_","Active","Stream Beat","Stream Beat","Stream Beat","Stream Beat","Stream Beat","No Streams","No Streams","Stream Beat","_","Stream Beat"
1737,1737,0,0,0,0,00000004,ff5bfe1eff2f015d,0410,235f,1,0,3fa92013,1,0,fc14ff5bfdddfe1effccff2fff8d015d,1,1,0,1e5d0a171e5d0a171e5d0a171e5d0a17,1,0,00000000000000000000000000000000,1,0,23c1,0,0,0,23c1,0,0,ff5bfe1eff2f015d,1,0,40e00410,0,1,0,fc14fdddffccff8d,1,0,"Active","Active","Active","Active","Active","Inactive","Inactive","Active","_","Active","Stream Beat","Stream Beat","Stream Beat","Stream Beat","Stream Beat","No Streams","No Streams","Stream Beat","_","Stream Beat"
1738,1738,0,0,0,0,00000004,fe5f005001f80194,0410,2a47,1,0,3f731031,1,0,feedfe5f00060050feb001f8fc890194,1,1,0,1e5d0a171e5d0a171e5d0a171e5d0a17,1,0,00000000000000000000000000000000,1,0,23c1,0,0,0,23c1,0,0,fe5f005001f80194,1,0,40e00410,0,1,0,feed0006feb0fc89,1,0,"Active","Active","Active","Active","Active","Inactive","Inactive","Active","_","Active","Stream Beat","Stream Beat","Stream Beat","Stream Beat","Stream Beat","No Streams","No Streams","Stream Beat","_","Stream Beat"
1739,1739,0,0,0,0,00000004,01320213009bfe87,0410,2347,1,0,3f561ff4,1,0,ffab0132fdae0213fc1c009bfcbdfe87,1,1,0,1e5d0a171e5d0a171e5d0a171e5d0a17,1,0,00000000000000000000000000000000,1,0,23c1,0,0,0,23c1,0,0,01320213009bfe87,1,0,40e00410,0,1,0,ffabfdaefc1cfcbd,1,0,"Active","Active","Active","Active","Active","Inactive","Inactive","Active","_","Active","Stream Beat","Stream Beat","Stream Beat","Stream Beat","Stream Beat","No Streams","No Streams","Stream Beat","_","Stream Beat"
1740,1740,0,0,0,0,00000004,01a0ff90fe2eff30,0410,1f5b,1,0,3f942fe0,1,0,fcbf01a0fc17ff90fdc8fe2effbeff30,1,1,0,1e5d0a171e5d0a171e5d0a171e5d0a17,1,0,00000000000000000000000000000000,1,0,23c1,0,0,0,23c1,0,0,01a0ff90fe2eff30,1,0,40e00410,0,1,0,fcbffc17fdc8ffbe,1,0,"Active","Active","Active","Active","Active","Inactive","Inactive","Active","_","Active","Stream Beat","Stream Beat","Stream Beat","Stream Beat","Stream Beat","No Streams","No Streams","Stream Beat","_","Stream Beat"
1741,1741,0,0,0,0,00000004,feabfe42002801f7,0410,2356,1,0,2fa21023,1,0,fcaefeabfebefe4200040028fed601f7,1,1,0,1e5d0a171e5d0a171e5d0a171e5d0a17,1,0,00000000000000000000000000000000,1,0,23c1,0,0,0,23c1,0,0,feabfe42002801f7,1,0,40e00410,0,1,0,fcaefebe0004fed6,1,0,"Active","Active","Active","Active","Active","Inactive","Inactive","Active","_","Active","Stream Beat","Stream Beat","Stream Beat","Stream Beat","Stream Beat","No Streams","No Streams","Stream Beat","_","Stream Beat"
1742,1742,0,0,0,0,00000004,feed0115021a00cd,0410,27bc,1,0,3f631026,1,0,ff9cfeedffc30115fdd5021afc1700cd,1,1,0,1e5d0a171e5d0a171e5d0a171e5d0a17,1,0,00000000000000000000000000000000,1,0,23c1,0,0,0,23c1,0,0,feed0115021a00cd,1,0,40e00410,0,1,0,ff9cffc3fdd5fc17,1,0,"Active","Active","Active","Active","Active","Inactive","Inactive","Active","_","Active","Stream Beat","Stream Beat","Stream Beat","Stream Beat","Stream Beat","No Streams","No Streams","Stream Beat","_","Stream Beat"
1743,1743,0,0,0,0,00000004,01d301d4ffb5fe1e,0410,234f,1,0,3f652fe8,1,0,ff0101d3fcc501d4fbf1ffb5fd76fe1e,1,1,0,1e5d0a171e5d0a171e5d0a171e5d0a17,1,0,00000000000000000000000000000000,1,0,23c1,0,0,0,23c1,0,0,01d301d4ffb5fe1e,1,0,40e00410,0,1,0,ff01fcc5fbf1fd76,1,0,"Active","Active","Active","Active","Active","Inactive","Inactive","Active","_","Active","Stream Beat","Stream Beat","Stream Beat","Stream Beat","Stream Beat","No Streams","No Streams","Stream Beat","_","Stream Beat"
1744,1744,0,0,0,0,00000004,00f4fec2fe35ffe2,0410,1d9b,1,0,2fa41ff0,1,0,fc2f00f4fc73fec2fe92fe350004ffe2,1,1,0,1e5d0a171e5d0a171e5d0a171e5d0a17,1,0,00000000000000000000000000000000,1,0,23c1,0,0,0,23c1,0,0,00f4fec2fe35ffe2,1,0,40e00410,0,1,0,fc2ffc73fe920004,1,0,"Active","Active","Active","Active","Active","Inactive","Inactive","Active","_","Active","Stream Beat","Stream Beat","Stream Beat","Stream Beat","Stream Beat","No Streams","No Streams","Stream Beat","_","Stream Beat"
1745,1745,0,0,0,0,00000004,fe45feb100e30215,0410,2a53,1,0,3f94102e,1,0,fd71fe45ff75feb1ffd600e3fe0b0215,1,1,0,1e5d0a171e5d0a171e5d0a171e5d0a17,1,0,00000000000000000000000000000000,1,0,23c1,0,0,0,23c1,0,0,fe45feb100e30215,1,0,40e00410,0,1,0,fd71ff75ffd6fe0b,1,0,"Active","Active","Active","Active","Active","Inactive","Inactive","Active","_","Active","Stream Beat","Stream Beat","Stream Beat","Stream Beat","Stream Beat","No Streams","No Streams","Stream Beat","_","Stream Beat"
1746,1746,0,0,0,0,00000004,ffb001d601e6ffe5,0410,2a46,1,0,3f522017,1,0,fff9ffb0ff1d01d6fcf201e6fbecffe5,1,1,0,1e5d0a171e5d0a171e5d0a171e5d0a17,1,0,00000000000000000000000000000000,1,0,23c1,0,0,0,23c1,0,0,ffb001d601e6ffe5,1,0,40e00410,0,1,0,fff9ff1dfcf2fbec,1,0,"Active","Active","Active","Active","Active","Inactive","Inactive","Active","_","Active","Stream Beat","Stream Beat","Stream Beat","Stream Beat","Stream Beat","No Streams","No Streams","Stream Beat","_","Stream Beat"
1747,1747,0,0,0,0,00000004,021f0121fee7fe21,0410,1d8d,1,0,2f732fdc,1,0,fe2b021ffc370121fc57fee7fe62fe21,1,1,0,1e5d0a171e5d0a171e5d0a171e5d0a17,1,0,00000000000000000000000000000000,1,0,23c1,0,0,0,23c1,0,0,021f0121fee7fe21,1,0,40e00410,0,1,0,fe2bfc37fc57fe62,1,0,"Active","Active","Active","Active","Active","Inactive","Inactive","Active","_","Active","Stream Beat","Stream Beat","Stream Beat","Stream Beat","Stream Beat","No Streams","No Streams","Stream Beat","_","Stream Beat"
1748,1748,0,0,0,0,00000004,0017fe3bfe9400bc,0410,1d9b,1,0,3fac1ffe,1,0,fbea0017fd26fe3bff51fe94ffea00bc,1,1,0,1e5d0a171e5d0a171e5d0a171e5d0a17,1,0,00000000000000000000000000000000,1,0,23c1,0,0,0,23c1,0,0,0017fe3bfe9400bc,1,0,40e00410,0,1,0,fbeafd26ff51ffea,1,0,"Active","Active","Active","Active","Active","Inactive","Inactive","Active","_","Active","Stream Beat","Stream Beat","Stream Beat","Stream Beat","Stream Beat","No Streams","No Streams","Stream Beat","_","Stream Beat"
1749,1749,0,0,0,0,00000004,fe1fff85019c020a,0410,2a4a,1,0,3f7f2035,1,0,fe3afe1fffedff85ff50019cfd02020a,1,1,0,1e5d0a171e5d0a171e5d0a171e5d0a17,1,0,00000000000000000000000000000000,1,0,23c1,0,0,0,23c1,0,0,fe1fff85019c020a,1,0,40e00410,0,1,0,fe3affedff50fd02,1,0,"Active","Active","Active","Active","Active","Inactive","Inactive","Active","_","Active","Stream Beat","Stream Beat","Stream Beat","Stream Beat","Stream Beat","No Streams","No Streams","Stream Beat","_","Stream Beat"
1750,1750,0,0,0,0,00000004,009e021b0143ff15,0410,2341,1,0,3f512004,1,0,fff3009efe58021bfc5d0143fc59ff15,1,1,0,1e5d0a171e5d0a171e5d0a171e5d0a17,1,0,00000000000000000000000000000000,1,0,23c1,0,0,0,23c1,0,0,009e021b0143ff15,1,0,40e00410,0,1,0,fff3fe58fc5dfc59,1,0,"Active","Active","Active","Active","Active","Inactive","Inactive","Active","_","Active","Stream Beat","Stream Beat","Stream Beat","Stream Beat","Stream Beat","No Streams","No Streams","Stream Beat","_","Stream Beat"
1751,1751,0,0,0,0,00000004,02000048fe51fe8d,0410,1d95,1,0,3f841fda,1,0,fd4f0200fbe20048fd00fe51ff3afe8d,1,1,0,1e5d0a171e5d0a171e5d0a171e5d0a17,1,0,00000000000000000000000000000000,1,0,23c1,0,0,0,23c1,0,0,02000048fe51fe8d,1,0,40e00410,0,1,0,fd4ffbe2fd00ff3a,1,0,"Active","Active","Active","Active","Active","Inactive","Inactive","Active","_","Active","Stream Beat","Stream Beat","Stream Beat","Stream Beat","Stream Beat","No Streams","No Streams","Stream Beat","_","Stream Beat"
1752,1752,0,0,0,0,00000004,ff3ffe35ff920176,0410,235d,1,0,3fa72014,1,0,fc25ff3ffe31fe35ffe3ff92ff790176,1,1,0,1e5d0a171e5d0a171e5d0a171e5d0a17,1,0,00000000000000000000000000000000,1,0,23c1,0,0,0,23c1,0,0,ff3ffe35ff920176,1,0,40e00410,0,1,0,fc25fe31ffe3ff79,1,0,"Active","Active","Active","Active","Active","Inactive","Inactive","Active","_","Active","Stream Beat","Stream Beat","Stream Beat","Stream Beat","Stream Beat","No Streams","No Streams","Stream Beat","_","Stream Beat"
1753,1753,0,0,0,0,00000004,fe56005c02000162,0410,2a47,1,0,3f701031,1,0,ff0dfe56fff6005cfe9b0200fc700162,1,1,0,1e5d0a171e5d0a171e5d0a171e5d0a17,1,0,00000000000000000000000000000000,1,0,23c1,0,0,0,23c1,0,0,fe56005c02000162,1,0,40e00410,0,1,0,ff0dfff6fe9bfc70,1,0,"Active","Active","Active","Active","Active","Inactive","Inactive","Active","_","Active","Stream Beat","Stream Beat","Stream Beat","Stream Beat","Stream Beat","No Streams","No Streams","Stream Beat","_","Stream Beat"
1754,1754,0,0,0,0,00000004,016f0210006cfe72,0410,2347,1,0,3f561ff2,1,0,ff85016ffd850210fbfb006cfcd9fe72,1,1,0,1e5d0a171e5d0a171e5d0a171e5d0a17,1,0,00000000000000000000000000000000,1,0,23c1,0,0,0,23c1,0,0,016f0210006cfe72,1,0,40e00410,0,1,0,ff85fd85fbfbfcd9,1,0,"Active","Active","Active","Active","Active","Inactive","Inactive","Active","_","Active","Stream Beat","Stream Beat","Stream Beat","Stream Beat","Stream Beat","No Streams","No Streams","Stream Beat","_","Stream Beat"
1755,1755,0,0,0,0,00000004,0182ff65fe24ff31,0410,2363,1,0,3f9b2fe7,1,0,fca20182fc25ff65fde8fe24ffccff31,1,1,0,1e5d0a171e5d0a171e5d0a171e5d0a17,1,0,00000000000000000000000000000000,1,0,23c1,0,0,0,23c1,0,0,0182ff65fe24ff31,1,0,40e00410,0,1,0,fca2fc25fde8ffcc,1,0,"Active","Active","Active","Active","Active","Inactive","Inactive","Active","_","Active","Stream Beat","Stream Beat","Stream Beat","Stream Beat","Stream Beat","No Streams","No Streams","Stream Beat","_","Stream Beat"
1756,1756,0,0,0,0,00000004,fe88fe4500400209,0410,2354,1,0,3fa01021,1,0,fcc2fe88feddfe4500010040feaf0209,1,1,0,1e5d0a171e5d0a171e5d0a171e5d0a17,1,0,00000000000000000000000000000000,1,0,23c1,0,0,0,23c1,0,0,fe88fe4500400209,1,0,40e00410,0,1,0,fcc2fedd0001feaf,1,0,"Active","Active","Active","Active","Active","Inactive","Inactive","Active","_","Active","Stream Beat","Stream Beat","Stream Beat","Stream Beat","Stream Beat","No Streams","No Streams","Stream Beat","_","Stream Beat"
1757,1757,0,0,0,0,00000004,ff26015c021100a6,0410,2a45,1,0,3f5d1025,1,0,ffb5ff26ffa9015cfda60211fc0b00a6,1,1,0,1e5d0a171e5d0a171e5d0a171e5d0a17,1,0,00000000000000000000000000000000,1,0,23c1,0,0,0,23c1,0,0,ff26015c021100a6,1,0,40e00410,0,1,0,ffb5ffa9fda6fc0b,1,0,"Active","Active","Active","Active","Active","Inactive","Inactive","Active","_","Active","Stream Beat","Stream Beat","Stream Beat","Stream Beat","Stream Beat","No Streams","No Streams","Stream Beat","_","Stream Beat"
1758,1758,0,0,0,0,00000004,01f001a3ff91fe2c,0410,2350,1,0,3f672fe3,1,0,fedc01f0fcbd01a3fc0cff91fdc8fe2c,1,1,0,1e5d0a171e5d0a171e5d0a171e5d0a17,1,0,00000000000000000000000000000000,1,0,23c1,0,0,0,23c1,0,0,01f001a3ff91fe2c,1,0,40e00410,0,1,0,fedcfcbdfc0cfdc8,1,0,"Active","Active","Active","Active","Active","Inactive","Inactive","Active","_","Active","Stream Beat","Stream Beat","Stream Beat","Stream Beat","Stream Beat","No Streams","No Streams","Stream Beat","_","Stream Beat"
1759,1759,0,0,0,0,00000004,00ccfeaafe5c0009,0410,1d9c,1,0,2fa41ff1,1,0,fc2000ccfca4feaafed1fe5c00020009,1,1,0,1e5d0a171e5d0a171e5d0a171e5d0a17,1,0,00000000000000000000000000000000,1,0,23c1,0,0,0,23c1,0,0,00ccfeaafe5c0009,1,0,40e00410,0,1,0,fc20fca4fed10002,1,0,"Active","Active","Active","Active","Active","Inactive","Inactive","Active","_","Active","Stream Beat","Stream Beat","Stream Beat","Stream Beat","Stream Beat","No Streams","No Streams","Stream Beat","_","Stream Beat"
1760,1760,0,0,0,0,00000004,fe13fed7010e021a,0410,27cf,1,0,3f901033,1,0,fd73fe13ff8dfed7ffc8010efdd4021a,1,1,0,1e5d0a171e5d0a171e5d0a171e5d0a17,1,0,00000000000000000000000000000000,1,0,23c1,0,0,0,23c1,0,0,fe13fed7010e021a,1,0,40e00410,0,1,0,fd73ff8dffc8fdd4,1,0,"Active","Active","Active","Active","Active","Inactive","Inactive","Active","_","Active","Stream Beat","Stream Beat","Stream Beat","Stream Beat","Stream Beat","No Streams","No Streams","Stream Beat","_","Stream Beat"
1761,1761,0,0,0,0,00000004,ffcc01cd01b8ffc0,0410,2a48,1,0,3f562015,1,0,fff7ffccff1001cdfce401b8fbf5ffc0,1,1,0,1e5d0a171e5d0a171e5d0a171e5d0a17,1,0,00000000000000000000000000000000,1,0,23c1,0,0,0,23c1,0,0,ffcc01cd01b8ffc0,1,0,40e00410,0,1,0,fff7ff10fce4fbf5,1,0,"Active","Active","Active","Active","Active","Inactive","Inactive","Active","_","Active","Stream Beat","Stream Beat","Stream Beat","Stream Beat","Stream Beat","No Streams","No Streams","Stream Beat","_","Stream Beat"
1762,1762,0,0,0,0,00000004,020e00f6feccfe32,0410,1d8e,1,0,2f791fdd,1,0,fe19020efc1600f6fc76feccfe9cfe32,1,1,0,1e5d0a171e5d0a171e5d0a171e5d0a17,1,0,00000000000000000000000000000000,1,0,23c1,0,0,0,23c1,0,0,020e00f6feccfe32,1,0,40e00410,0,1,0,fe19fc16fc76fe9c,1,0,"Active","Active","Active","Active","Active","Inactive","Inactive","Active","_","Active","Stream Beat","Stream Beat","Stream Beat","Stream Beat","Stream Beat","No Streams","No Streams","Stream Beat","_","Stream Beat"
1763,1763,0,0,0,0,00000004,ffe8fe30fed400d1,0410,1f5d,1,0,3fa92001,1,0,fbfdffe8fd51fe30ff84fed4ffd800d1,1,1,0,1e5d0a171e5d0a171e5d0a171e5d0a17,1,0,00000000000000000000000000000000,1,0,23c1,0,0,0,23c1,0,0,ffe8fe30fed400d1,1,0,40e00410,0,1,0,fbfdfd51ff84ffd8,1,0,"Active","Active","Active","Active","Active","Inactive","Inactive","Active","_","Active","Stream Beat","Stream Beat","Stream Beat","Stream Beat","Stream Beat","No Streams","No Streams","Stream Beat","_","Stream Beat"
1764,1764,0,0,0,0,00000004,fe26ffbb01bf01d7,0410,2a4a,1,0,3f7e2031,1,0,fe6cfe26fff6ffbbff2c01bffd0801d7,1,1,0,1e5d0a171e5d0a171e5d0a171e5d0a17,1,0,00000000000000000000000000000000,1,0,23c1,0,0,0,23c1,0,0,fe26ffbb01bf01d7,1,0,40e00410,0,1,0,fe6cfff6ff2cfd08,1,0,"Active","Active","Active","Active","Active","Inactive","Inactive","Active","_","Active","Stream Beat","Stream Beat","Stream Beat","Stream Beat","Stream Beat","No Streams","No Streams","Stream Beat","_","Stream Beat"
1765,1765,0,0,0,0,00000004,00d70237011bfee3,0410,2341,1,0,3f542000,1,0,ffe200d7fe1f0237fc3d011bfc2efee3,1,1,0,1e5d0a171e5d0a171e5d0a171e5d0a17,1,0,00000000000000000000000000000000,1,0,23c1,0,0,0,23c1,0,0,00d70237011bfee3,1,0,40e00410,0,1,0,ffe2fe1ffc3dfc2e,1,0,"Active","Active","Active","Active","Active","Inactive","Inactive","Active","_","Active","Stream Beat","Stream Beat","Stream Beat","Stream Beat","Stream Beat","No Streams","No Streams","Stream Beat","_","Stream Beat"
1766,1766,0,0,0,0,00000004,01f3001cfe38fea4,0410,18fe,1,0,3f8a2fdb,1,0,fd1a01f3fbf3001cfd1ffe38ff5afea4,1,1,0,1e5d0a171e5d0a171e5d0a171e5d0a17,1,0,00000000000000000000000000000000,1,0,23c1,0,0,0,23c1,0,0,01f3001cfe38fea4,1,0,40e00410,0,1,0,fd1afbf3fd1fff5a,1,0,"Active","Active","Active","Active","Active","Inactive","Inactive","Active","_","Active","Stream Beat","Stream Beat","Stream Beat","Stream Beat","Stream Beat","No Streams","No Streams","Stream Beat","_","Stream Beat"
1767,1767,0,0,0,0,00000004,ff1bfe25ff9d01ac,0410,235d,1,0,3fa92017,1,0,fc3cff1bfe4efe25ffe6ff9dff5501ac,1,1,0,1e5d0a171e5d0a171e5d0a171e5d0a17,1,0,00000000000000000000000000000000,1,0,23c1,0,0,0,23c1,0,0,ff1bfe25ff9d01ac,1,0,40e00410,0,1,0,fc3cfe4effe6ff55,1,0,"Active","Active","Active","Active","Active","Inactive","Inactive","Active","_","Active","Stream Beat","Stream Beat","Stream Beat","Stream Beat","Stream Beat","No Streams","No Streams","Stream Beat","_","Stream Beat"
1768,1768,0,0,0,0,00000004,fe890096020f0139,0410,233e,1,0,3f661030,1,0,ff3cfe89ffef0096fe6c020ffc620139,1,1,0,1e5d0a171e5d0a171e5d0a171e5d0a17,1,0,00000000000000000000000000000000,1,0,23c1,0,0,0,23c1,0,0,fe890096020f0139,1,0,40e00410,0,1,0,ff3cffeffe6cfc62,1,0,"Active","Active","Active","Active","Active","Inactive","Inactive","Active","_","Active","Stream Beat","Stream Beat","Stream Beat","Stream Beat","Stream Beat","No Streams","No Streams","Stream Beat","_","Stream Beat"
1769,1769,0,0,0,0,00000004,018d02010043fe61,0410,2349,1,0,3f581fee,1,0,ff6d018dfd540201fc100043fd14fe61,1,1,0,1e5d0a171e5d0a171e5d0a171e5d0a17,1,0,00000000000000000000000000000000,1,0,23c1,0,0,0,23c1,0,0,018d02010043fe61,1,0,40e00410,0,1,0,ff6dfd54fc10fd14,1,0,"Active","Active","Active","Active","Active","Inactive","Inactive","Active","_","Active","Stream Beat","Stream Beat","Stream Beat","Stream Beat","Stream Beat","No Streams","No Streams","Stream Beat","_","Stream Beat"
1770,1770,0,0,0,0,00000004,016fff3efe2dff59,0410,2364,1,0,3f9c2fe8,1,0,fc5e016ffc30ff3efe22fe2dffdaff59,1,1,0,1e5d0a171e5d0a171e5d0a171e5d0a17,1,0,00000000000000000000000000000000,1,0,23c1,0,0,0,23c1,0,0,016fff3efe2dff59,1,0,40e00410,0,1,0,fc5efc30fe22ffda,1,0,"Active","Active","Active","Active","Active","Inactive","Inactive","Active","_","Active","Stream Beat","Stream Beat","Stream Beat","Stream Beat","Stream Beat","No Streams","No Streams","Stream Beat","_","Stream Beat"
1771,1771,0,0,0,0,00000004,fe83fe7c0078020c,0410,2354,1,0,3f9f1026,1,0,fd0afe83ff19fe7cfffb0078fe8c020c,1,1,0,1e5d0a171e5d0a171e5d0a171e5d0a17,1,0,00000000000000000000000000000000,1,0,23c1,0,0,0,23c1,0,0,fe83fe7c0078020c,1,0,40e00410,0,1,0,fd0aff19fffbfe8c,1,0,"Active","Active","Active","Active","Active","Inactive","Inactive","Active","_","Active","Stream Beat","Stream Beat","Stream Beat","Stream Beat","Stream Beat","No Streams","No Streams","Stream Beat","_","Stream Beat"
1772,1772,0,0,0,0,00000004,ff0e015202280077,0410,2a44,1,0,3f5e1023,1,0,ffbdff0eff960152fd5d0228fbf30077,1,1,0,1e5d0a171e5d0a171e5d0a171e5d0a17,1,0,00000000000000000000000000000000,1,0,23c1,0,0,0,23c1,0,0,ff0e015202280077,1,0,40e00410,0,1,0,ffbdff96fd5dfbf3,1,0,"Active","Active","Active","Active","Active","Inactive","Inactive","Active","_","Active","Stream Beat","Stream Beat","Stream Beat","Stream Beat","Stream Beat","No Streams","No Streams","Stream Beat","_","Stream Beat"
1773,1773,0,0,0,0,00000004,01f10189ff68fe16,0410,2351,1,0,3f682fe3,1,0,febd01f1fc960189fc27ff68fddbfe16,1,1,0,1e5d0a171e5d0a171e5d0a171e5d0a17,1,0,00000000000000000000000000000000,1,0,23c1,0,0,0,23c1,0,0,01f10189ff68fe16,1,0,40e00410,0,1,0,febdfc96fc27fddb,1,0,"Active","Active","Active","Active","Active","Inactive","Inactive","Active","_","Active","Stream Beat","Stream Beat","Stream Beat","Stream Beat","Stream Beat","No Streams","No Streams","Stream Beat","_","Stream Beat"
1774,1774,0,0,0,0,00000004,00a1fe82fe4f004f,0410,1d9b,1,0,3faa1ff8,1,0,fc1c00a1fcb0fe82fee2fe4f0003004f,1,1,0,1e5d0a171e5d0a171e5d0a171e5d0a17,1,0,00000000000000000000000000000000,1,0,23c1,0,0,0,23c1,0,0,00a1fe82fe4f004f,1,0,40e00410,0,1,0,fc1cfcb0fee20003,1,0,"Active","Active","Active","Active","Active","Inactive","Inactive","Active","_","Active","Stream Beat","Stream Beat","Stream Beat","Stream Beat","Stream Beat","No Streams","No Streams","Stream Beat","_","Stream Beat"
1775,1775,0,0,0,0,00000004,fe0dff0b012e0220,0410,2a51,1,0,3f8a102f,1,0,fd9dfe0dffb0ff0bffb0012efd9f0220,1,1,0,1e5d0a171e5d0a171e5d0a171e5d0a17,1,0,00000000000000000000000000000000,1,0,23c1,0,0,0,23c1,0,0,fe0dff0b012e0220,1,0,40e00410,0,1,0,fd9dffb0ffb0fd9f,1,0,"Active","Active","Active","Active","Active","Inactive","Inactive","Active","_","Active","Stream Beat","Stream Beat","Stream Beat","Stream Beat","Stream Beat","No Streams","No Streams","Stream Beat","_","Stream Beat"
1776,1776,0,0,0,0,00000004,001801db019fff93,0410,2a48,1,0,3f55200f,1,0,fffd0018feed01dbfcc3019ffc08ff93,1,1,0,1e5d0a171e5d0a171e5d0a171e5d0a17,1,0,00000000000000000000000000000000,1,0,23c1,0,0,0,23c1,0,0,001801db019fff93,1,0,40e00410,0,1,0,fffdfeedfcc3fc08,1,0,"Active","Active","Active","Active","Active","Inactive","Inactive","Active","_","Active","Stream Beat","Stream Beat","Stream Beat","Stream Beat","Stream Beat","No Streams","No Streams","Stream Beat","_","Stream Beat"
1777,1777,0,0,0,0,00000004,022900c3feb5fe41,0410,1d90,1,0,2f7b1fdc,1,0,fdd50229fc2a00c3fca7feb5fec6fe41,1,1,0,1e5d0a171e5d0a171e5d0a171e5d0a17,1,0,00000000000000000000000000000000,1,0,23c1,0,0,0,23c1,0,0,022900c3feb5fe41,1,0,40e00410,0,1,0,fdd5fc2afca7fec6,1,0,"Active","Active","Active","Active","Active","Inactive","Inactive","Active","_","Active","Stream Beat","Stream Beat","Stream Beat","Stream Beat","Stream Beat","No Streams","No Streams","Stream Beat","_","Stream Beat"
1778,1778,0,0,0,0,00000004,ffb6fe35fef10121,0410,1f5d,1,0,3fa92006,1,0,fbffffb6fd8bfe35ffa2fef1ffba0121,1,1,0,1e5d0a171e5d0a171e5d0a171e5d0a17,1,0,00000000000000000000000000000000,1,0,23c1,0,0,0,23c1,0,0,ffb6fe35fef10121,1,0,40e00410,0,1,0,fbfffd8bffa2ffba,1,0,"Active","Active","Active","Active","Active","Inactive","Inactive","Active","_","Active","Stream Beat","Stream Beat","Stream Beat","Stream Beat","Stream Beat","No Streams","No Streams","Stream Beat","_","Stream Beat"
1779,1779,0,0,0,0,00000004,fe4fffee01c501d9,0410,2a47,1,0,3f7b1032,1,0,fea2fe4f0007ffeeff0701c5fcc601d9,1,1,0,1e5d0a171e5d0a171e5d0a171e5d0a17,1,0,00000000000000000000000000000000,1,0,23c1,0,0,0,23c1,0,0,fe4fffee01c501d9,1,0,40e00410,0,1,0,fea20007ff07fcc6,1,0,"Active","Active","Active","Active","Active","Inactive","Inactive","Active","_","Active","Stream Beat","Stream Beat","Stream Beat","Stream Beat","Stream Beat","No Streams","No Streams","Stream Beat","_","Stream Beat"
1780,1780,0,0,0,0,00000004,00e6021f00f8fec7,0410,2343,1,0,3f561ffe,1,0,ffda00e6fe03021ffc3100f8fc7efec7,1,1,0,1e5d0a171e5d0a171e5d0a171e5d0a17,1,0,00000000000000000000000000000000,1,0,23c1,0,0,0,23c1,0,0,00e6021f00f8fec7,1,0,40e00410,0,1,0,ffdafe03fc31fc7e,1,0,"Active","Active","Active","Active","Active","Inactive","Inactive","Active","_","Active","Stream Beat","Stream Beat","Stream Beat","Stream Beat","Stream Beat","No Streams","No Streams","Stream Beat","_","Stream Beat"
1781,1781,0,0,0,0,00000004,01d6ffeffe31fea7,0410,1f59,1,0,3f8e2fdf,1,0,fd0601d6fc0cffeffd5afe31ff6afea7,1,1,0,1e5d0a171e5d0a171e5d0a171e5d0a17,1,0,00000000000000000000000000000000,1,0,23c1,0,0,0,23c1,0,0,01d6ffeffe31fea7,1,0,40e00410,0,1,0,fd06fc0cfd5aff6a,1,0,"Active","Active","Active","Active","Active","Inactive","Inactive","Active","_","Active","Stream Beat","Stream Beat","Stream Beat","Stream Beat","Stream Beat","No Streams","No Streams","Stream Beat","_","Stream Beat"
1782,1782,0,0,0,0,00000004,fef0fe2effd101b4,0410,235c,1,0,2fa7201d,1,0,fc71fef0fe6bfe2efffbffd1ff3301b4,1,1,0,1e5d0a171e5d0a171e5d0a171e5d0a17,1,0,00000000000000000000000000000000,1,0,23c1,0,0,0,23c1,0,0,fef0fe2effd101b4,1,0,40e00410,0,1,0,fc71fe6bfffbff33,1,0,"Active","Active","Active","Active","Active","Inactive","Inactive","Active","_","Active","Stream Beat","Stream Beat","Stream Beat","Stream Beat","Stream Beat","No Streams","No Streams","Stream Beat","_","Stream Beat"
1783,1783,0,0,0,0,00000004,fe8d00bb021d0125,0410,2340,1,0,3f68102c,1,0,ff49fe8dffee00bbfe2c021dfc3f0125,1,1,0,1e5d0a171e5d0a171e5d0a171e5d0a17,1,0,00000000000000000000000000000000,1,0,23c1,0,0,0,23c1,0,0,fe8d00bb021d0125,1,0,40e00410,0,1,0,ff49ffeefe2cfc3f,1,0,"Active","Active","Active","Active","Active","Inactive","Inactive","Active","_","Active","Stream Beat","Stream Beat","Stream Beat","Stream Beat","Stream Beat","No Streams","No Streams","Stream Beat","_","Stream Beat"
1784,1784,0,0,0,0,00000004,01bb01fe001cfe45,0410,234b,1,0,3f5d2fe9,1,0,ff4701bbfd1301fefc04001cfd38fe45,1,1,0,1e5d0a171e5d0a171e5d0a171e5d0a17,1,0,00000000000000000000000000000000,1,0,23c1,0,0,0,23c1,0,0,01bb01fe001cfe45,1,0,40e00410,0,1,0,ff47fd13fc04fd38,1,0,"Active","Active","Active","Active","Active","Inactive","Inactive","Active","_","Active","Stream Beat","Stream Beat","Stream Beat","Stream Beat","Stream Beat","No Streams","No Streams","Stream Beat","_","Stream Beat"
1785,1785,0,0,0,0,00000004,0144ff0efe1dff84,0410,1d9b,1,0,3fa02fea,1,0,fc5c0144fc28ff0efe39fe1dffeaff84,1,1,0,1e5d0a171e5d0a171e5d0a171e5d0a17,1,0,00000000000000000000000000000000,1,0,23c1,0,0,0,23c1,0,0,0144ff0efe1dff84,1,0,40e00410,0,1,0,fc5cfc28fe39ffea,1,0,"Active","Active","Active","Active","Active","Inactive","Inactive","Active","_","Active","Stream Beat","Stream Beat","Stream Beat","Stream Beat","Stream Beat","No Streams","No Streams","Stream Beat","_","Stream Beat"
1786,1786,0,0,0,0,00000004,fe60fe8f008c0217,0410,2353,1,0,3f9a1028,1,0,fd10fe60ff3dfe8ffff3008cfe610217,1,1,0,1e5d0a171e5d0a171e5d0a171e5d0a17,1,0,00000000000000000000000000000000,1,0,23c1,0,0,0,23c1,0,0,fe60fe8f008c0217,1,0,40e00410,0,1,0,fd10ff3dfff3fe61,1,0,"Active","Active","Active","Active","Active","Inactive","Inactive","Active","_","Active","Stream Beat","Stream Beat","Stream Beat","Stream Beat","Stream Beat","No Streams","No Streams","Stream Beat","_","Stream Beat"
1787,1787,0,0,0,0,00000004,ff72018d01f20048,0410,2a43,1,0,3f591021,1,0,ffddff72ff72018dfd6601f2fbfa0048,1,1,0,1e5d0a171e5d0a171e5d0a171e5d0a17,1,0,00000000000000000000000000000000,1,0,23c1,0,0,0,23c1,0,0,ff72018d01f20048,1,0,40e00410,0,1,0,ffddff72fd66fbfa,1,0,"Active","Active","Active","Active","Active","Inactive","Inactive","Active","_","Active","Stream Beat","Stream Beat","Stream Beat","Stream Beat","Stream Beat","No Streams","No Streams","Stream Beat","_","Stream Beat"
1788,1788,0,0,0,0,00000004,02000166ff3dfe24,0410,2353,1,0,3f6a2fdf,1,0,fe930200fc7f0166fc26ff3dfe1afe24,1,1,0,1e5d0a171e5d0a171e5d0a171e5d0a17,1,0,00000000000000000000000000000000,1,0,23c1,0,0,0,23c1,0,0,02000166ff3dfe24,1,0,40e00410,0,1,0,fe93fc7ffc26fe1a,1,0,"Active","Active","Active","Active","Active","Inactive","Inactive","Active","_","Active","Stream Beat","Stream Beat","Stream Beat","Stream Beat","Stream Beat","No Streams","No Streams","Stream Beat","_","Stream Beat"
1789,1789,0,0,0,0,00000004,0078fe73fe730057,0410,1d9b,1,0,3faa1ff9,1,0,fbfb0078fce9fe73ff11fe7300000057,1,1,0,1e5d0a171e5d0a171e5d0a171e5d0a17,1,0,00000000000000000000000000000000,1,0,23c1,0,0,0,23c1,0,0,0078fe73fe730057,1,0,40e00410,0,1,0,fbfbfce9ff110000,1,0,"Active","Active","Active","Active","Active","Inactive","Inactive","Active","_","Active","Stream Beat","Stream Beat","Stream Beat","Stream Beat","Stream Beat","No Streams","No Streams","Stream Beat","_","Stream Beat"
1790,1790,0,0,0,0,00000004,fe13ff4801580210,0410,2a4f,1,0,3f8a1033,1,0,fdd7fe13ffccff48ff940158fd7c0210,1,1,0,1e5d0a171e5d0a171e5d0a171e5d0a17,1,0,00000000000000000000000000000000,1,0,23c1,0,0,0,23c1,0,0,fe13ff4801580210,1,0,40e00410,0,1,0,fdd7ffccff94fd7c,1,0,"Active","Active","Active","Active","Active","Inactive","Inactive","Active","_","Active","Stream Beat","Stream Beat","Stream Beat","Stream Beat","Stream Beat","No Streams","No Streams","Stream Beat","_","Stream Beat"
1791,1791,0,0,0,0,00000004,00280205018aff6a,0410,2a49,1,0,3f55200c,1,0,fffd0028feb70205fc8f018afc23ff6a,1,1,0,1e5d0a171e5d0a171e5d0a171e5d0a17,1,0,00000000000000000000000000000000,1,0,23c1,0,0,0,23c1,0,0,00280205018aff6a,1,0,40e00410,0,1,0,fffdfeb7fc8ffc23,1,0,"Active","Active","Active","Active","Active","Inactive","Inactive","Active","_","Active","Stream Beat","Stream Beat","Stream Beat","Stream Beat","Stream Beat","No Streams","No Streams","Stream Beat","_","Stream Beat"
1792,1792,0,0,0,0,00000004,022300a0fe98fe4a,0410,1d90,1,0,2f7f1fdb,1,0,fda10223fc1200a0fccffe98fee5fe4a,1,1,0,1e5d0a171e5d0a171e5d0a171e5d0a17,1,0,00000000000000000000000000000000,1,0,23c1,0,0,0,23c1,0,0,022300a0fe98fe4a,1,0,40e00410,0,1,0,fda1fc12fccffee5,1,0,"Active","Active","Active","Active","Active","Inactive","Inactive","Active","_","Active","Stream Beat","Stream Beat","Stream Beat","Stream Beat","Stream Beat","No Streams","No Streams","Stream Beat","_","Stream Beat"
1793,1793,0,0,0,0,00000004,ff93fe12ff03014c,0410,235f,1,0,3fab200c,1,0,fc23ff93fd9efe12ffaeff03ffa7014c,1,1,0,1e5d0a171e5d0a171e5d0a171e5d0a17,1,0,00000000000000000000000000000000,1,0,23c1,0,0,0,23c1,0,0,ff93fe12ff03014c,1,0,40e00410,0,1,0,fc23fd9effaeffa7,1,0,"Active","Active","Active","Active","Active","Inactive","Inactive","Active","_","Active","Stream Beat","Stream Beat","Stream Beat","Stream Beat","Stream Beat","No Streams","No Streams","Stream Beat","_","Stream Beat"
1794,1794,0,0,0,0,00000004,fe3d000701da01a7,0410,2a48,1,0,3f761032,1,0,feb4fe3d00060007fee601dafcc501a7,1,1,0,1e5d0a171e5d0a171e5d0a171e5d0a17,1,0,00000000000000000000000000000000,1,0,23c1,0,0,0,23c1,0,0,fe3d000701da01a7,1,0,40e00410,0,1,0,feb40006fee6fcc5,1,0,"Active","Active","Active","Active","Active","Inactive","Inactive","Active","_","Active","Stream Beat","Stream Beat","Stream Beat","Stream Beat","Stream Beat","No Streams","No Streams","Stream Beat","_","Stream Beat"
1795,1795,0,0,0,0,00000004,0126021200cefea1,0410,2345,1,0,3f561ffa,1,0,ffc10126fde10212fc2f00cefc8efea1,1,1,0,1e5d0a171e5d0a171e5d0a171e5d0a17,1,0,00000000000000000000000000000000,1,0,23c1,0,0,0,23c1,0,0,0126021200cefea1,1,0,40e00410,0,1,0,ffc1fde1fc2ffc8e,1,0,"Active","Active","Active","Active","Active","Inactive","Inactive","Active","_","Active","Stream Beat","Stream Beat","Stream Beat","Stream Beat","Stream Beat","No Streams","No Streams","Stream Beat","_","Stream Beat"
1796,1796,0,0,0,0,00000004,01d4ffbffe37feea,0410,1f5a,1,0,3f912fdf,1,0,fcc401d4fc0fffbffd97fe37ff98feea,1,1,0,1e5d0a171e5d0a171e5d0a171e5d0a17,1,0,00000000000000000000000000000000,1,0,23c1,0,0,0,23c1,0,0,01d4ffbffe37feea,1,0,40e00410,0,1,0,fcc4fc0ffd97ff98,1,0,"Active","Active","Active","Active","Active","Inactive","Inactive","Active","_","Active","Stream Beat","Stream Beat","Stream Beat","Stream Beat","Stream Beat","No Streams","No Streams","Stream Beat","_","Stream Beat"
1797,1797,0,0,0,0,00000004,fec7fe28ffd401d5,0410,235a,1,0,2fa6101c,1,0,fc6afec7fe8cfe28fffcffd4ff0901d5,1,1,0,1e5d0a171e5d0a171e5d0a171e5d0a17,1,0,00000000000000000000000000000000,1,0,23c1,0,0,0,23c1,0,0,fec7fe28ffd401d5,1,0,40e00410,0,1,0,fc6afe8cfffcff09,1,0,"Active","Active","Active","Active","Active","Inactive","Inactive","Active","_","Active","Stream Beat","Stream Beat","Stream Beat","Stream Beat","Stream Beat","No Streams","No Streams","Stream Beat","_","Stream Beat"
1798,1798,0,0,0,0,00000004,fec500f1021d00fe,0410,2a45,1,0,3f65102a,1,0,ff6ffec5ffdd00f1fe04021dfc1c00fe,1,1,0,1e5d0a171e5d0a171e5d0a171e5d0a17,1,0,00000000000000000000000000000000,1,0,23c1,0,0,0,23c1,0,0,fec500f1021d00fe,1,0,40e00410,0,1,0,ff6fffddfe04fc1c,1,0,"Active","Active","Active","Active","Active","Inactive","Inactive","Active","_","Active","Stream Beat","Stream Beat","Stream Beat","Stream Beat","Stream Beat","No Streams","No Streams","Stream Beat","_","Stream Beat"
1799,1799,0,0,0,0,00000004,01b901d9fffafe2b,0410,234c,1,0,3f602feb,1,0,ff3d01b9fcf101d9fc03fffafd5efe2b,1,1,0,1e5d0a171e5d0a171e5d0a171e5d0a17,1,0,00000000000000000000000000000000,1,0,23c1,0,0,0,23c1,0,0,01b901d9fffafe2b,1,0,40e00410,0,1,0,ff3dfcf1fc03fd5e,1,0,"Active","Active","Active","Active","Active","Inactive","Inactive","Active","_","Active","Stream Beat","Stream Beat","Stream Beat","Stream Beat","Stream Beat","No Streams","No Streams","Stream Beat","_","Stream Beat"
1800,1800,0,0,0,0,00000004,0118fef9fe30ffbd,0410,1d9b,1,0,3f9f2fe9,1,0,fc660118fc7bfef9fe75fe30ffefffbd,1,1,0,1e5d0a171e5d0a171e5d0a171e5d0a17,1,0,00000000000000000000000000000000,1,0,23c1,0,0,0,23c1,0,0,0118fef9fe30ffbd,1,0,40e00410,0,1,0,fc66fc7bfe75ffef,1,0,"Active","Active","Active","Active","Active","Inactive","Inactive","Active","_","Active","Stream Beat","Stream Beat","Stream Beat","Stream Beat","Stream Beat","No Streams","No Streams","Stream Beat","_","Stream Beat"
1801,1801,0,0,0,0,00000004,fe46feb300b2020f,0410,1f4a,1,0,3f96102d,1,0,fd30fe46ff5dfeb3ffed00b2fe3b020f,1,1,0,1e5d0a171e5d0a171e5d0a171e5d0a17,1,0,00000000000000000000000000000000,1,0,23c1,0,0,0,23c1,0,0,fe46feb300b2020f,1,0,40e00410,0,1,0,fd30ff5dffedfe3b,1,0,"Active","Active","Active","Active","Active","Inactive","Inactive","Active","_","Active","Stream Beat","Stream Beat","Stream Beat","Stream Beat","Stream Beat","No Streams","No Streams","Stream Beat","_","Stream Beat"
1802,1802,0,0,0,0,00000004,ff8b019501fa001c,0410,2a46,1,0,3f58201b,1,0,ffe8ff8bff590195fd1c01fafbf2001c,1,1,0,1e5d0a171e5d0a171e5d0a171e5d0a17,1,0,00000000000000000000000000000000,1,0,23c1,0,0,0,23c1,0,0,ff8b019501fa001c,1,0,40e00410,0,1,0,ffe8ff59fd1cfbf2,1,0,"Active","Active","Active","Active","Active","Inactive","Inactive","Active","_","Active","Stream Beat","Stream Beat","Stream Beat","Stream Beat","Stream Beat","No Streams","No Streams","Stream Beat","_","Stream Beat"
1803,1803,0,0,0,0,00000004,021b0149ff22fe2e,0410,1d8c,1,0,3f742fdf,1,0,fe61021bfc4c0149fc61ff22fe4dfe2e,1,1,0,1e5d0a171e5d0a171e5d0a171e5d0a17,1,0,00000000000000000000000000000000,1,0,23c1,0,0,0,23c1,0,0,021b0149ff22fe2e,1,0,40e00410,0,1,0,fe61fc4cfc61fe4d,1,0,"Active","Active","Active","Active","Active","Inactive","Inactive","Active","_","Active","Stream Beat","Stream Beat","Stream Beat","Stream Beat","Stream Beat","No Streams","No Streams","Stream Beat","_","Stream Beat"
1804,1804,0,0,0,0,00000004,004afe66fe86009e,0410,1d9c,1,0,3fab1ffb,1,0,fbfc004afd1bfe66ff36fe86fff1009e,1,1,0,1e5d0a171e5d0a171e5d0a171e5d0a17,1,0,00000000000000000000000000000000,1,0,23c1,0,0,0,23c1,0,0,004afe66fe86009e,1,0,40e00410,0,1,0,fbfcfd1bff36fff1,1,0,"Active","Active","Active","Active","Active","Inactive","Inactive","Active","_","Active","Stream Beat","Stream Beat","Stream Beat","Stream Beat","Stream Beat","No Streams","No Streams","Stream Beat","_","Stream Beat"
1805,1805,0,0,0,0,00000004,fe1eff7e016601f5,0410,2a4d,1,0,3f841033,1,0,fe15fe1effdeff7eff800166fd6301f5,1,1,0,1e5d0a171e5d0a171e5d0a171e5d0a17,1,0,00000000000000000000000000000000,1,0,23c1,0,0,0,23c1,0,0,fe1eff7e016601f5,1,0,40e00410,0,1,0,fe15ffdeff80fd63,1,0,"Active","Active","Active","Active","Active","Inactive","Inactive","Active","_","Active","Stream Beat","Stream Beat","Stream Beat","Stream Beat","Stream Beat","No Streams","No Streams","Stream Beat","_","Stream Beat"
1806,1806,0,0,0,0,00000004,0048020b016dff44,0410,2a49,1,0,3f55200b,1,0,fff90048fe95020bfc62016dfc2cff44,1,1,0,1e5d0a171e5d0a171e5d0a171e5d0a17,1,0,00000000000000000000000000000000,1,0,23c1,0,0,0,23c1,0,0,0048020b016dff44,1,0,40e00410,0,1,0,fff9fe95fc62fc2c,1,0,"Active","Active","Active","Active","Active","Inactive","Inactive","Active","_","Active","Stream Beat","Stream Beat","Stream Beat","Stream Beat","Stream Beat","No Streams","No Streams","Stream Beat","_","Stream Beat"
1807,1807,0,0,0,0,00000004,02180078fe70fe6c,0410,1d92,1,0,3f831fdd,1,0,fd700218fc020078fcd7fe70ff13fe6c,1,1,0,1e5d0a171e5d0a171e5d0a171e5d0a17,1,0,00000000000000000000000000000000,1,0,23c1,0,0,0,23c1,0,0,02180078fe70fe6c,1,0,40e00410,0,1,0,fd70fc02fcd7ff13,1,0,"Active","Active","Active","Active","Active","Inactive","Inactive","Active","_","Active","Stream Beat","Stream Beat","Stream Beat","Stream Beat","Stream Beat","No Streams","No Streams","Stream Beat","_","Stream Beat"
1808,1808,0,0,0,0,00000004,ff71fe22ff3d0173,0410,235f,1,0,3fad200f,1,0,fc0eff71fdf3fe22ffc2ff3dff920173,1,1,0,1e5d0a171e5d0a171e5d0a171e5d0a17,1,0,00000000000000000000000000000000,1,0,23c1,0,0,0,23c1,0,0,ff71fe22ff3d0173,1,0,40e00410,0,1,0,fc0efdf3ffc2ff92,1,0,"Active","Active","Active","Active","Active","Inactive","Inactive","Active","_","Active","Stream Beat","Stream Beat","Stream Beat","Stream Beat","Stream Beat","No Streams","No Streams","Stream Beat","_","Stream Beat"
1809,1809,0,0,0,0,00000004,fe58004f02040187,0410,2a46,1,0,3f711030,1,0,fef1fe58fff9004ffebf0204fc8a0187,1,1,0,1e5d0a171e5d0a171e5d0a171e5d0a17,1,0,00000000000000000000000000000000,1,0,23c1,0,0,0,23c1,0,0,fe58004f02040187,1,0,40e00410,0,1,0,fef1fff9febffc8a,1,0,"Active","Active","Active","Active","Active","Inactive","Inactive","Active","_","Active","Stream Beat","Stream Beat","Stream Beat","Stream Beat","Stream Beat","No Streams","No Streams","Stream Beat","_","Stream Beat"
1810,1810,0,0,0,0,00000004,0120021800a4fe8a,0410,2346,1,0,3f551ff6,1,0,ffb40120fdb10218fbf700a4fca6fe8a,1,1,0,1e5d0a171e5d0a171e5d0a171e5d0a17,1,0,00000000000000000000000000000000,1,0,23c1,0,0,0,23c1,0,0,0120021800a4fe8a,1,0,40e00410,0,1,0,ffb4fdb1fbf7fca6,1,0,"Active","Active","Active","Active","Active","Inactive","Inactive","Active","_","Active","Stream Beat","Stream Beat","Stream Beat","Stream Beat","Stream Beat","No Streams","No Streams","Stream Beat","_","Stream Beat"
1811,1811,0,0,0,0,00000004,01aaff9afe27ff21,0410,1f5c,1,0,3f952fe4,1,0,fcb101aafc18ff9afdbefe27ffb5ff21,1,1,0,1e5d0a171e5d0a171e5d0a171e5d0a17,1,0,00000000000000000000000000000000,1,0,23c1,0,0,0,23c1,0,0,01aaff9afe27ff21,1,0,40e00410,0,1,0,fcb1fc18fdbeffb5,1,0,"Active","Active","Active","Active","Active","Inactive","Inactive","Active","_","Active","Stream Beat","Stream Beat","Stream Beat","Stream Beat","Stream Beat","No Streams","No Streams","Stream Beat","_","Stream Beat"
1812,1812,0,0,0,0,00000004,fea9fe3f001401fe,0410,2358,1,0,3fa31023,1,0,fc92fea9febdfe3f00000014fedc01fe,1,1,0,1e5d0a171e5d0a171e5d0a171e5d0a17,1,0,00000000000000000000000000000000,1,0,23c1,0,0,0,23c1,0,0,fea9fe3f001401fe,1,0,40e00410,0,1,0,fc92febd0000fedc,1,0,"Active","Active","Active","Active","Active","Inactive","Inactive","Active","_","Active","Stream Beat","Stream Beat","Stream Beat","Stream Beat","Stream Beat","No Streams","No Streams","Stream Beat","_","Stream Beat"
1813,1813,0,0,0,0,00000004,fec50122023a00d3,0410,2a44,1,0,3f601026,1,0,ff87fec5ffc40122fdbb023afc1500d3,1,1,0,1e5d0a171e5d0a171e5d0a171e5d0a17,1,0,00000000000000000000000000000000,1,0,23c1,0,0,0,23c1,0,0,fec50122023a00d3,1,0,40e00410,0,1,0,ff87ffc4fdbbfc15,1,0,"Active","Active","Active","Active","Active","Inactive","Inactive","Active","_","Active","Stream Beat","Stream Beat","Stream Beat","Stream Beat","Stream Beat","No Streams","No Streams","Stream Beat","_","Stream Beat"
1814,1814,0,0,0,0,00000004,01db01c1ffc3fe27,0410,234e,1,0,3f632fe8,1,0,ff0901dbfce201c1fc0effc3fd83fe27,1,1,0,1e5d0a171e5d0a171e5d0a171e5d0a17,1,0,00000000000000000000000000000000,1,0,23c1,0,0,0,23c1,0,0,01db01c1ffc3fe27,1,0,40e00410,0,1,0,ff09fce2fc0efd83,1,0,"Active","Active","Active","Active","Active","Inactive","Inactive","Active","_","Active","Stream Beat","Stream Beat","Stream Beat","Stream Beat","Stream Beat","No Streams","No Streams","Stream Beat","_","Stream Beat"
1815,1815,0,0,0,0,00000004,00fafed2fe35ffed,0410,1d9b,1,0,2fa21fef,1,0,fc1e00fafc7efed2fe97fe35fffdffed,1,1,0,1e5d0a171e5d0a171e5d0a171e5d0a17,1,0,00000000000000000000000000000000,1,0,23c1,0,0,0,23c1,0,0,00fafed2fe35ffed,1,0,40e00410,0,1,0,fc1efc7efe97fffd,1,0,"Active","Active","Active","Active","Active","Inactive","Inactive","Active","_","Active","Stream Beat","Stream Beat","Stream Beat","Stream Beat","Stream Beat","No Streams","No Streams","Stream Beat","_","Stream Beat"
1816,1816,0,0,0,0,00000004,fe3bfed600f8022b,0410,27d4,1,0,3f91102f,1,0,fd5ffe3bff81fed6ffd400f8fe00022b,1,1,0,1e5d0a171e5d0a171e5d0a171e5d0a17,1,0,00000000000000000000000000000000,1,0,23c1,0,0,0,23c1,0,0,fe3bfed600f8022b,1,0,40e00410,0,1,0,fd5fff81ffd4fe00,1,0,"Active","Active","Active","Active","Active","Inactive","Inactive","Active","_","Active","Stream Beat","Stream Beat","Stream Beat","Stream Beat","Stream Beat","No Streams","No Streams","Stream Beat","_","Stream Beat"
1817,1817,0,0,0,0,00000004,ffa301a401dbfff1,0410,2a46,1,0,3f572018,1,0,ffecffa3ff4201a4fd0201dbfbf1fff1,1,1,0,1e5d0a171e5d0a171e5d0a171e5d0a17,1,0,00000000000000000000000000000000,1,0,23c1,0,0,0,23c1,0,0,ffa301a401dbfff1,1,0,40e00410,0,1,0,ffecff42fd02fbf1,1,0,"Active","Active","Active","Active","Active","Inactive","Inactive","Active","_","Active","Stream Beat","Stream Beat","Stream Beat","Stream Beat","Stream Beat","No Streams","No Streams","Stream Beat","_","Stream Beat"
1818,1818,0,0,0,0,00000004,0220011bfef3fe23,0410,1d8c,1,0,3f732fde,1,0,fe3d0220fc3b011bfc45fef3fe6dfe23,1,1,0,1e5d0a171e5d0a171e5d0a171e5d0a17,1,0,00000000000000000000000000000000,1,0,23c1,0,0,0,23c1,0,0,0220011bfef3fe23,1,0,40e00410,0,1,0,fe3dfc3bfc45fe6d,1,0,"Active","Active","Active","Active","Active","Inactive","Inactive","Active","_","Active","Stream Beat","Stream Beat","Stream Beat","Stream Beat","Stream Beat","No Streams","No Streams","Stream Beat","_","Stream Beat"
1819,1819,0,0,0,0,00000004,0019fe41fe9200d7,0410,1d9c,1,0,3fab2003,1,0,fbf50019fd1bfe41ff56fe92ffde00d7,1,1,0,1e5d0a171e5d0a171e5d0a171e5d0a17,1,0,00000000000000000000000000000000,1,0,23c1,0,0,0,23c1,0,0,0019fe41fe9200d7,1,0,40e00410,0,1,0,fbf5fd1bff56ffde,1,0,"Active","Active","Active","Active","Active","Inactive","Inactive","Active","_","Active","Stream Beat","Stream Beat","Stream Beat","Stream Beat","Stream Beat","No Streams","No Streams","Stream Beat","_","Stream Beat"
1820,1820,0,0,0,0,00000004,fe18ff82019301f8,0410,2a4b,1,0,3f822031,1,0,fe32fe18ffebff82ff570193fd2901f8,1,1,0,1e5d0a171e5d0a171e5d0a171e5d0a17,1,0,00000000000000000000000000000000,1,0,23c1,0,0,0,23c1,0,0,fe18ff82019301f8,1,0,40e00410,0,1,0,fe32ffebff57fd29,1,0,"Active","Active","Active","Active","Active","Inactive","Inactive","Active","_","Active","Stream Beat","Stream Beat","Stream Beat","Stream Beat","Stream Beat","No Streams","No Streams","Stream Beat","_","Stream Beat"
1821,1821,0,0,0,0,00000004,009402190141ff18,0410,2341,1,0,3f522005,1,0,ffed0094fe670219fc660141fc3cff18,1,1,0,1e5d0a171e5d0a171e5d0a171e5d0a17,1,0,00000000000000000000000000000000,1,0,23c1,0,0,0,23c1,0,0,009402190141ff18,1,0,40e00410,0,1,0,ffedfe67fc66fc3c,1,0,"Active","Active","Active","Active","Active","Inactive","Inactive","Active","_","Active","Stream Beat","Stream Beat","Stream Beat","Stream Beat","Stream Beat","No Streams","No Streams","Stream Beat","_","Stream Beat"
1822,1822,0,0,0,0,00000004,020c0041fe5dfea0,0410,1d94,1,0,3f841fdc,1,0,fd5c020cfbf50041fcf2fe5dff4dfea0,1,1,0,1e5d0a171e5d0a171e5d0a171e5d0a17,1,0,00000000000000000000000000000000,1,0,23c1,0,0,0,23c1,0,0,020c0041fe5dfea0,1,0,40e00410,0,1,0,fd5cfbf5fcf2ff4d,1,0,"Active","Active","Active","Active","Active","Inactive","Inactive","Active","_","Active","Stream Beat","Stream Beat","Stream Beat","Stream Beat","Stream Beat","No Streams","No Streams","Stream Beat","_","Stream Beat"
1823,1823,0,0,0,0,00000004,ff3ffe34ff54016c,0410,235e,1,0,3fa92012,1,0,fc41ff3ffe1bfe34ffe1ff54ff73016c,1,1,0,1e5d0a171e5d0a171e5d0a171e5d0a17,1,0,00000000000000000000000000000000,1,0,23c1,0,0,0,23c1,0,0,ff3ffe34ff54016c,1,0,40e00410,0,1,0,fc41fe1bffe1ff73,1,0,"Active","Active","Active","Active","Active","Inactive","Inactive","Active","_","Active","Stream Beat","Stream Beat","Stream Beat","Stream Beat","Stream Beat","No Streams","No Streams","Stream Beat","_","Stream Beat"
1824,1824,0,0,0,0,00000004,fe76006e0208016f,0410,2a46,1,0,3f6f1030,1,0,ff14fe76fffe006efe8e0208fc7e016f,1,1,0,1e5d0a171e5d0a171e5d0a171e5d0a17,1,0,00000000000000000000000000000000,1,0,23c1,0,0,0,23c1,0,0,fe76006e0208016f,1,0,40e00410,0,1,0,ff14fffefe8efc7e,1,0,"Active","Active","Active","Active","Active","Inactive","Inactive","Active","_","Active","Stream Beat","Stream Beat","Stream Beat","Stream Beat","Stream Beat","No Streams","No Streams","Stream Beat","_","Stream Beat"
1825,1825,0,0,0,0,00000004,015402190074fe78,0410,2347,1,0,3f591ff4,1,0,ff910154fd7e0219fc0e0074fce3fe78,1,1,0,1e5d0a171e5d0a171e5d0a171e5d0a17,1,0,00000000000000000000000000000000,1,0,23c1,0,0,0,23c1,0,0,015402190074fe78,1,0,40e00410,0,1,0,ff91fd7efc0efce3,1,0,"Active","Active","Active","Active","Active","Inactive","Inactive","Active","_","Active","Stream Beat","Stream Beat","Stream Beat","Stream Beat","Stream Beat","No Streams","No Streams","Stream Beat","_","Stream Beat"
1826,1826,0,0,0,0,00000004,0191ff64fe1bff1b,0410,2362,1,0,3f9b2fe3,1,0,fc9e0191fc12ff64fdd2fe1bffc5ff1b,1,1,0,1e5d0a171e5d0a171e5d0a171e5d0a17,1,0,00000000000000000000000000000000,1,0,23c1,0,0,0,23c1,0,0,0191ff64fe1bff1b,1,0,40e00410,0,1,0,fc9efc12fdd2ffc5,1,0,"Active","Active","Active","Active","Active","Inactive","Inactive","Active","_","Active","Stream Beat","Stream Beat","Stream Beat","Stream Beat","Stream Beat","No Streams","No Streams","Stream Beat","_","Stream Beat"
1827,1827,0,0,0,0,00000004,fe91fe4b004501fc,0410,2357,1,0,3fa11025,1,0,fcbafe91fedefe4b00050045feb401fc,1,1,0,1e5d0a171e5d0a171e5d0a171e5d0a17,1,0,00000000000000000000000000000000,1,0,23c1,0,0,0,23c1,0,0,fe91fe4b004501fc,1,0,40e00410,0,1,0,fcbafede0005feb4,1,0,"Active","Active","Active","Active","Active","Inactive","Inactive","Active","_","Active","Stream Beat","Stream Beat","Stream Beat","Stream Beat","Stream Beat","No Streams","No Streams","Stream Beat","_","Stream Beat"
1828,1828,0,0,0,0,00000004,fee7013a0219009b,0410,2a45,1,0,3f601025,1,0,ffa9fee7ffa6013afdb90219fc2c009b,1,1,0,1e5d0a171e5d0a171e5d0a171e5d0a17,1,0,00000000000000000000000000000000,1,0,23c1,0,0,0,23c1,0,0,fee7013a0219009b,1,0,40e00410,0,1,0,ffa9ffa6fdb9fc2c,1,0,"Active","Active","Active","Active","Active","Inactive","Inactive","Active","_","Active","Stream Beat","Stream Beat","Stream Beat","Stream Beat","Stream Beat","No Streams","No Streams","Stream Beat","_","Stream Beat"
1829,1829,0,0,0,0,00000004,01f701afff98fe30,0410,234f,1,0,3f642fe2,1,0,fee101f7fcac01affc17ff98fdbefe30,1,1,0,1e5d0a171e5d0a171e5d0a171e5d0a17,1,0,00000000000000000000000000000000,1,0,23c1,0,0,0,23c1,0,0,01f701afff98fe30,1,0,40e00410,0,1,0,fee1fcacfc17fdbe,1,0,"Active","Active","Active","Active","Active","Inactive","Inactive","Active","_","Active","Stream Beat","Stream Beat","Stream Beat","Stream Beat","Stream Beat","No Streams","No Streams","Stream Beat","_","Stream Beat"
1830,1830,0,0,0,0,00000004,00d3feaffe28fffa,0410,1d9b,1,0,2fa51ff1,1,0,fc1000d3fc97feaffeaefe28fffcfffa,1,1,0,1e5d0a171e5d0a171e5d0a171e5d0a17,1,0,00000000000000000000000000000000,1,0,23c1,0,0,0,23c1,0,0,00d3feaffe28fffa,1,0,40e00410,0,1,0,fc10fc97feaefffc,1,0,"Active","Active","Active","Active","Active","Inactive","Inactive","Active","_","Active","Stream Beat","Stream Beat","Stream Beat","Stream Beat","Stream Beat","No Streams","No Streams","Stream Beat","_","Stream Beat"
1831,1831,0,0,0,0,00000004,fe2ffebe01040219,0410,2a51,1,0,3f93102d,1,0,fd90fe2fff82febeffcb0104fddf0219,1,1,0,1e5d0a171e5d0a171e5d0a171e5d0a17,1,0,00000000000000000000000000000000,1,0,23c1,0,0,0,23c1,0,0,fe2ffebe01040219,1,0,40e00410,0,1,0,fd90ff82ffcbfddf,1,0,"Active","Active","Active","Active","Active","Inactive","Inactive","Active","_","Active","Stream Beat","Stream Beat","Stream Beat","Stream Beat","Stream Beat","No Streams","No Streams","Stream Beat","_","Stream Beat"
1832,1832,0,0,0,0,00000004,ffd501d201c9ffc7,0410,2a48,1,0,3f562016,1,0,fffcffd5ff0f01d2fcd501c9fbfeffc7,1,1,0,1e5d0a171e5d0a171e5d0a171e5d0a17,1,0,00000000000000000000000000000000,1,0,23c1,0,0,0,23c1,0,0,ffd501d201c9ffc7,1,0,40e00410,0,1,0,fffcff0ffcd5fbfe,1,0,"Active","Active","Active","Active","Active","Inactive","Inactive","Active","_","Active","Stream Beat","Stream Beat","Stream Beat","Stream Beat","Stream Beat","No Streams","No Streams","Stream Beat","_","Stream Beat"
1833,1833,0,0,0,0,00000004,022600f9feccfe24,0410,1d8d,1,0,3f752fda,1,0,fe060226fc3200f9fc71feccfe86fe24,1,1,0,1e5d0a171e5d0a171e5d0a171e5d0a17,1,0,00000000000000000000000000000000,1,0,23c1,0,0,0,23c1,0,0,022600f9feccfe24,1,0,40e00410,0,1,0,fe06fc32fc71fe86,1,0,"Active","Active","Active","Active","Active","Inactive","Inactive","Active","_","Active","Stream Beat","Stream Beat","Stream Beat","Stream Beat","Stream Beat","No Streams","No Streams","Stream Beat","_","Stream Beat"
1834,1834,0,0,0,0,00000004,ffeefe28feae00dc,0410,1f5d,1,0,3fab2000,1,0,fbefffeefd3bfe28ff71feaeffd900dc,1,1,0,1e5d0a171e5d0a171e5d0a171e5d0a17,1,0,00000000000000000000000000000000,1,0,23c1,0,0,0,23c1,0,0,ffeefe28feae00dc,1,0,40e00410,0,1,0,fbeffd3bff71ffd9,1,0,"Active","Active","Active","Active","Active","Inactive","Inactive","Active","_","Active","Stream Beat","Stream Beat","Stream Beat","Stream Beat","Stream Beat","No Streams","No Streams","Stream Beat","_","Stream Beat"
1835,1835,0,0,0,0,00000004,fe0dffb801bf01e0,0410,2a49,1,0,3f7d2033,1,0,fe4ffe0dfff6ffb8ff3001bffd0301e0,1,1,0,1e5d0a171e5d0a171e5d0a171e5d0a17,1,0,00000000000000000000000000000000,1,0,23c1,0,0,0,23c1,0,0,fe0dffb801bf01e0,1,0,40e00410,0,1,0,fe4ffff6ff30fd03,1,0,"Active","Active","Active","Active","Active","Inactive","Inactive","Active","_","Active","Stream Beat","Stream Beat","Stream Beat","Stream Beat","Stream Beat","No Streams","No Streams","Stream Beat","_","Stream Beat"
1836,1836,0,0,0,0,00000004,00c3021e0126fef6,0410,2342,1,0,3f522000,1,0,ffeb00c3fe33021efc410126fc68fef6,1,1,0,1e5d0a171e5d0a171e5d0a171e5d0a17,1,0,00000000000000000000000000000000,1,0,23c1,0,0,0,23c1,0,0,00c3021e0126fef6,1,0,40e00410,0,1,0,ffebfe33fc41fc68,1,0,"Active","Active","Active","Active","Active","Inactive","Inactive","Active","_","Active","Stream Beat","Stream Beat","Stream Beat","Stream Beat","Stream Beat","No Streams","No Streams","Stream Beat","_","Stream Beat"
1837,1837,0,0,0,0,00000004,01f7001dfe41fea2,0410,1d95,1,0,3f872fda,1,0,fd2e01f7fbec001dfd22fe41ff54fea2,1,1,0,1e5d0a171e5d0a171e5d0a171e5d0a17,1,0,00000000000000000000000000000000,1,0,23c1,0,0,0,23c1,0,0,01f7001dfe41fea2,1,0,40e00410,0,1,0,fd2efbecfd22ff54,1,0,"Active","Active","Active","Active","Active","Inactive","Inactive","Active","_","Active","Stream Beat","Stream Beat","Stream Beat","Stream Beat","Stream Beat","No Streams","No Streams","Stream Beat","_","Stream Beat"
1838,1838,0,0,0,0,00000004,ff15fe23ff9101a2,0410,235b,1,0,3fa72016,1,0,fc57ff15fe30fe23fff2ff91ff4e01a2,1,1,0,1e5d0a171e5d0a171e5d0a171e5d0a17,1,0,00000000000000000000000000000000,1,0,23c1,0,0,0,23c1,0,0,ff15fe23ff9101a2,1,0,40e00410,0,1,0,fc57fe30fff2ff4e,1,0,"Active","Active","Active","Active","Active","Inactive","Inactive","Active","_","Active","Stream Beat","Stream Beat","Stream Beat","Stream Beat","Stream Beat","No Streams","No Streams","Stream Beat","_","Stream Beat"
1839,1839,0,0,0,0,00000004,fe8f008b021a0157,0410,2340,1,0,3f6c102f,1,0,ff30fe8ffffd008bfe56021afc500157,1,1,0,1e5d0a171e5d0a171e5d0a171e5d0a17,1,0,00000000000000000000000000000000,1,0,23c1,0,0,0,23c1,0,0,fe8f008b021a0157,1,0,40e00410,0,1,0,ff30fffdfe56fc50,1,0,"Active","Active","Active","Active","Active","Inactive","Inactive","Active","_","Active","Stream Beat","Stream Beat","Stream Beat","Stream Beat","Stream Beat","No Streams","No Streams","Stream Beat","_","Stream Beat"
1840,1840,0,0,0,0,00000004,017502050050fe5b,0410,2348,1,0,3f591fef,1,0,ff7c0175fd500205fc060050fd0dfe5b,1,1,0,1e5d0a171e5d0a171e5d0a171e5d0a17,1,0,00000000000000000000000000000000,1,0,23c1,0,0,0,23c1,0,0,017502050050fe5b,1,0,40e00410,0,1,0,ff7cfd50fc06fd0d,1,0,"Active","Active","Active","Active","Active","Inactive","Inactive","Active","_","Active","Stream Beat","Stream Beat","Stream Beat","Stream Beat","Stream Beat","No Streams","No Streams","Stream Beat","_","Stream Beat"
1841,1841,0,0,0,0,00000004,0167ff43fe20ff78,0410,2363,1,0,3f9c2fe6,1,0,fc850167fc2eff43fe10fe20ffdeff78,1,1,0,1e5d0a171e5d0a171e5d0a171e5d0a17,1,0,00000000000000000000000000000000,1,0,23c1,0,0,0,23c1,0,0,0167ff43fe20ff78,1,0,40e00410,0,1,0,fc85fc2efe10ffde,1,0,"Active","Active","Active","Active","Active","Inactive","Inactive","Active","_","Active","Stream Beat","Stream Beat","Stream Beat","Stream Beat","Stream Beat","No Streams","No Streams","Stream Beat","_","Stream Beat"
1842,1842,0,0,0,0,00000004,fe7ffe79006a0211,0410,2355,1,0,3f9d1028,1,0,fcf6fe7fff15fe79fffc006afe8c0211,1,1,0,1e5d0a171e5d0a171e5d0a171e5d0a17,1,0,00000000000000000000000000000000,1,0,23c1,0,0,0,23c1,0,0,fe7ffe79006a0211,1,0,40e00410,0,1,0,fcf6ff15fffcfe8c,1,0,"Active","Active","Active","Active","Active","Inactive","Inactive","Active","_","Active","Stream Beat","Stream Beat","Stream Beat","Stream Beat","Stream Beat","No Streams","No Streams","Stream Beat","_","Stream Beat"
1843,1843,0,0,0,0,00000004,ff35015d0212007c,0410,2a45,1,0,3f5d1022,1,0,ffc1ff35ff98015dfd7c0212fc06007c,1,1,0,1e5d0a171e5d0a171e5d0a171e5d0a17,1,0,00000000000000000000000000000000,1,0,23c1,0,0,0,23c1,0,0,ff35015d0212007c,1,0,40e00410,0,1,0,ffc1ff98fd7cfc06,1,0,"Active","Active","Active","Active","Active","Inactive","Inactive","Active","_","Active","Stream Beat","Stream Beat","Stream Beat","Stream Beat","Stream Beat","No Streams","No Streams","Stream Beat","_","Stream Beat"
1844,1844,0,0,0,0,00000004,0218018fff71fe11,0410,2351,1,0,3f6a2fe4,1,0,feb10218fc87018ffc0dff71fdd7fe11,1,1,0,1e5d0a171e5d0a171e5d0a171e5d0a17,1,0,00000000000000000000000000000000,1,0,23c1,0,0,0,23c1,0,0,0218018fff71fe11,1,0,40e00410,0,1,0,feb1fc87fc0dfdd7,1,0,"Active","Active","Active","Active","Active","Inactive","Inactive","Active","_","Active","Stream Beat","Stream Beat","Stream Beat","Stream Beat","Stream Beat","No Streams","No Streams","Stream Beat","_","Stream Beat"
1845,1845,0,0,0,0,00000004,00a9fe87fe4c003e,0410,1d9d,1,0,3fa91ff7,1,0,fc0800a9fca1fe87fee3fe4cfffb003e,1,1,0,1e5d0a171e5d0a171e5d0a171e5d0a17,1,0,00000000000000000000000000000000,1,0,23c1,0,0,0,23c1,0,0,00a9fe87fe4c003e,1,0,40e00410,0,1,0,fc08fca1fee3fffb,1,0,"Active","Active","Active","Active","Active","Inactive","Inactive","Active","_","Active","Stream Beat","Stream Beat","Stream Beat","Stream Beat","Stream Beat","No Streams","No Streams","Stream Beat","_","Stream Beat"
1846,1846,0,0,0,0,00000004,fe22ff0d01390214,0410,2a50,1,0,3f8d1032,1,0,fdbafe22ffa8ff0dffb40139fdb10214,1,1,0,1e5d0a171e5d0a171e5d0a171e5d0a17,1,0,00000000000000000000000000000000,1,0,23c1,0,0,0,23c1,0,0,fe22ff0d01390214,1,0,40e00410,0,1,0,fdbaffa8ffb4fdb1,1,0,"Active","Active","Active","Active","Active","Inactive","Inactive","Active","_","Active","Stream Beat","Stream Beat","Stream Beat","Stream Beat","Stream Beat","No Streams","No Streams","Stream Beat","_","Stream Beat"
1847,1847,0,0,0,0,00000004,0010020301a7ffa2,0410,2a48,1,0,3f512012,1,0,fffa0010fee00203fcb201a7fc19ffa2,1,1,0,1e5d0a171e5d0a171e5d0a171e5d0a17,1,0,00000000000000000000000000000000,1,0,23c1,0,0,0,23c1,0,0,0010020301a7ffa2,1,0,40e00410,0,1,0,fffafee0fcb2fc19,1,0,"Active","Active","Active","Active","Active","Inactive","Inactive","Active","_","Active","Stream Beat","Stream Beat","Stream Beat","Stream Beat","Stream Beat","No Streams","No Streams","Stream Beat","_","Stream Beat"
1848,1848,0,0,0,0,00000004,021900ccfeb7fe33,0410,1d90,1,0,3f781fdb,1,0,fde80219fc2600ccfc9ffeb7feb9fe33,1,1,0,1e5d0a171e5d0a171e5d0a171e5d0a17,1,0,00000000000000000000000000000000,1,0,23c1,0,0,0,23c1,0,0,021900ccfeb7fe33,1,0,40e00410,0,1,0,fde8fc26fc9ffeb9,1,0,"Active","Active","Active","Active","Active","Inactive","Inactive","Active","_","Active","Stream Beat","Stream Beat","Stream Beat","Stream Beat","Stream Beat","No Streams","No Streams","Stream Beat","_","Stream Beat"
1849,1849,0,0,0,0,00000004,ffbffe1efed90125,0410,1f5d,1,0,3fac2007,1,0,fbfdffbffd68fe1eff95fed9ffbe0125,1,1,0,1e5d0a171e5d0a171e5d0a171e5d0a17,1,0,00000000000000000000000000000000,1,0,23c1,0,0,0,23c1,0,0,ffbffe1efed90125,1,0,40e00410,0,1,0,fbfdfd68ff95ffbe,1,0,"Active","Active","Active","Active","Active","Inactive","Inactive","Active","_","Active","Stream Beat","Stream Beat","Stream Beat","Stream Beat","Stream Beat","No Streams","No Streams","Stream Beat","_","Stream Beat"
1850,1850,0,0,0,0,00000004,fe2effc201d701d1,0410,2a4a,1,0,3f7a1035,1,0,fe8efe2efffbffc2ff0801d7fcd701d1,1,1,0,1e5d0a171e5d0a171e5d0a171e5d0a17,1,0,00000000000000000000000000000000,1,0,23c1,0,0,0,23c1,0,0,fe2effc201d701d1,1,0,40e00410,0,1,0,fe8efffbff08fcd7,1,0,"Active","Active","Active","Active","Active","Inactive","Inactive","Active","_","Active","Stream Beat","Stream Beat","Stream Beat","Stream Beat","Stream Beat","No Streams","No Streams","Stream Beat","_","Stream Beat"
1851,1851,0,0,0,0,00000004,0109022e00fbfed5,0410,2342,1,0,3f561ffc,1,0,ffd80109fdfc022efc3300fbfc81fed5,1,1,0,1e5d0a171e5d0a171e5d0a171e5d0a17,1,0,00000000000000000000000000000000,1,0,23c1,0,0,0,23c1,0,0,0109022e00fbfed5,1,0,40e00410,0,1,0,ffd8fdfcfc33fc81,1,0,"Active","Active","Active","Active","Active","Inactive","Inactive","Active","_","Active","Stream Beat","Stream Beat","Stream Beat","Stream Beat","Stream Beat","No Streams","No Streams","Stream Beat","_","Stream Beat"
1852,1852,0,0,0,0,00000004,01e1fffafe20fe9a,0410,1d96,1,0,3f8b2fdd,1,0,fcf601e1fc0cfffafd40fe20ff5efe9a,1,1,0,1e5d0a171e5d0a171e5d0a171e5d0a17,1,0,00000000000000000000000000000000,1,0,23c1,0,0,0,23c1,0,0,01e1fffafe20fe9a,1,0,40e00410,0,1,0,fcf6fc0cfd40ff5e,1,0,"Active","Active","Active","Active","Active","Inactive","Inactive","Active","_","Active","Stream Beat","Stream Beat","Stream Beat","Stream Beat","Stream Beat","No Streams","No Streams","Stream Beat","_","Stream Beat"
1853,1853,0,0,0,0,00000004,fef5fe33ffb401d8,0410,235c,1,0,3fa62019,1,0,fc65fef5fe6efe33fff3ffb4ff2b01d8,1,1,0,1e5d0a171e5d0a171e5d0a171e5d0a17,1,0,00000000000000000000000000000000,1,0,23c1,0,0,0,23c1,0,0,fef5fe33ffb401d8,1,0,40e00410,0,1,0,fc65fe6efff3ff2b,1,0,"Active","Active","Active","Active","Active","Inactive","Inactive","Active","_","Active","Stream Beat","Stream Beat","Stream Beat","Stream Beat","Stream Beat","No Streams","No Streams","Stream Beat","_","Stream Beat"
1854,1854,0,0,0,0,00000004,fe9200ab021b0132,0410,233f,1,0,3f681030,1,0,ff4afe92fff000abfe33021bfc260132,1,1,0,1e5d0a171e5d0a171e5d0a171e5d0a17,1,0,00000000000000000000000000000000,1,0,23c1,0,0,0,23c1,0,0,fe9200ab021b0132,1,0,40e00410,0,1,0,ff4afff0fe33fc26,1,0,"Active","Active","Active","Active","Active","Inactive","Inactive","Active","_","Active","Stream Beat","Stream Beat","Stream Beat","Stream Beat","Stream Beat","No Streams","No Streams","Stream Beat","_","Stream Beat"
1855,1855,0,0,0,0,00000004,01a201f60020fe47,0410,234a,1,0,3f5a2fe9,1,0,ff5301a2fd2c01f6fc0e0020fd2dfe47,1,1,0,1e5d0a171e5d0a171e5d0a171e5d0a17,1,0,00000000000000000000000000000000,1,0,23c1,0,0,0,23c1,0,0,01a201f60020fe47,1,0,40e00410,0,1,0,ff53fd2cfc0efd2d,1,0,"Active","Active","Active","Active","Active","Inactive","Inactive","Active","_","Active","Stream Beat","Stream Beat","Stream Beat","Stream Beat","Stream Beat","No Streams","No Streams","Stream Beat","_","Stream Beat"
1856,1856,0,0,0,0,00000004,014eff20fe30ff7a,0410,1d9b,1,0,3f9f2feb,1,0,fc5a014efc5eff20fe43fe30ffe8ff7a,1,1,0,1e5d0a171e5d0a171e5d0a171e5d0a17,1,0,00000000000000000000000000000000,1,0,23c1,0,0,0,23c1,0,0,014eff20fe30ff7a,1,0,40e00410,0,1,0,fc5afc5efe43ffe8,1,0,"Active","Active","Active","Active","Active","Inactive","Inactive","Active","_","Active","Stream Beat","Stream Beat","Stream Beat","Stream Beat","Stream Beat","No Streams","No Streams","Stream Beat","_","Stream Beat"
1857,1857,0,0,0,0,00000004,fe56fe8300790217,0410,2353,1,0,3f991028,1,0,fd02fe56ff2bfe83fffb0079fe610217,1,1,0,1e5d0a171e5d0a171e5d0a171e5d0a17,1,0,00000000000000000000000000000000,1,0,23c1,0,0,0,23c1,0,0,fe56fe8300790217,1,0,40e00410,0,1,0,fd02ff2bfffbfe61,1,0,"Active","Active","Active","Active","Active","Inactive","Inactive","Active","_","Active","Stream Beat","Stream Beat","Stream Beat","Stream Beat","Stream Beat","No Streams","No Streams","Stream Beat","_","Stream Beat"
1858,1858,0,0,0,0,00000004,ff65017b02070056,0410,2a45,1,0,3f5b101f,1,0,ffd4ff65ff81017bfd480207fbfc0056,1,1,0,1e5d0a171e5d0a171e5d0a171e5d0a17,1,0,00000000000000000000000000000000,1,0,23c1,0,0,0,23c1,0,0,ff65017b02070056,1,0,40e00410,0,1,0,ffd4ff81fd48fbfc,1,0,"Active","Active","Active","Active","Active","Inactive","Inactive","Active","_","Active","Stream Beat","Stream Beat","Stream Beat","Stream Beat","Stream Beat","No Streams","No Streams","Stream Beat","_","Stream Beat"
1859,1859,0,0,0,0,00000004,01fd016bff49fe15,0410,2353,1,0,3f6e2fe1,1,0,fe9d01fdfc7a016bfc33ff49fe09fe15,1,1,0,1e5d0a171e5d0a171e5d0a171e5d0a17,1,0,00000000000000000000000000000000,1,0,23c1,0,0,0,23c1,0,0,01fd016bff49fe15,1,0,40e00410,0,1,0,fe9dfc7afc33fe09,1,0,"Active","Active","Active","Active","Active","Inactive","Inactive","Active","_","Active","Stream Beat","Stream Beat","Stream Beat","Stream Beat","Stream Beat","No Streams","No Streams","Stream Beat","_","Stream Beat"
1860,1860,0,0,0,0,00000004,0079fe7dfe61006b,0410,1d9c,1,0,3fa81ff6,1,0,fc040079fce6fe7dff09fe61fffb006b,1,1,0,1e5d0a171e5d0a171e5d0a171e5d0a17,1,0,00000000000000000000000000000000,1,0,23c1,0,0,0,23c1,0,0,0079fe7dfe61006b,1,0,40e00410,0,1,0,fc04fce6ff09fffb,1,0,"Active","Active","Active","Active","Active","Inactive","Inactive","Active","_","Active","Stream Beat","Stream Beat","Stream Beat","Stream Beat","Stream Beat","No Streams","No Streams","Stream Beat","_","Stream Beat"
1861,1861,0,0,0,0,00000004,fe1aff1d016a0224,0410,2a4e,1,0,3f891033,1,0,fdddfe1affbdff1dff90016afd710224,1,1,0,1e5d0a171e5d0a171e5d0a171e5d0a17,1,0,00000000000000000000000000000000,1,0,23c1,0,0,0,23c1,0,0,fe1aff1d016a0224,1,0,40e00410,0,1,0,fdddffbdff90fd71,1,0,"Active","Active","Active","Active","Active","Inactive","Inactive","Active","_","Active","Stream Beat","Stream Beat","Stream Beat","Stream Beat","Stream Beat","No Streams","No Streams","Stream Beat","_","Stream Beat"
1862,1862,0,0,0,0,00000004,002602050180ff73,0410,2a49,1,0,3f55200c,1,0,00010026feba0205fcb10180fc1dff73,1,1,0,1e5d0a171e5d0a171e5d0a171e5d0a17,1,0,00000000000000000000000000000000,1,0,23c1,0,0,0,23c1,0,0,002602050180ff73,1,0,40e00410,0,1,0,0001febafcb1fc1d,1,0,"Active","Active","Active","Active","Active","Inactive","Inactive","Active","_","Active","Stream Beat","Stream Beat","Stream Beat","Stream Beat","Stream Beat","No Streams","No Streams","Stream Beat","_","Stream Beat"
1863,1863,0,0,0,0,00000004,022000abfe91fe4e,0410,1d90,1,0,3f7e1fdc,1,0,fdb00220fbff00abfcbdfe91fedefe4e,1,1,0,1e5d0a171e5d0a171e5d0a171e5d0a17,1,0,00000000000000000000000000000000,1,0,23c1,0,0,0,23c1,0,0,022000abfe91fe4e,1,0,40e00410,0,1,0,fdb0fbfffcbdfede,1,0,"Active","Active","Active","Active","Active","Inactive","Inactive","Active","_","Active","Stream Beat","Stream Beat","Stream Beat","Stream Beat","Stream Beat","No Streams","No Streams","Stream Beat","_","Stream Beat"
1864,1864,0,0,0,0,00000004,ff90fe27ff03012e,0410,2360,1,0,3fa9200c,1,0,fc15ff90fda0fe27ffb6ff03ffaa012e,1,1,0,1e5d0a171e5d0a171e5d0a171e5d0a17,1,0,00000000000000000000000000000000,1,0,23c1,0,0,0,23c1,0,0,ff90fe27ff03012e,1,0,40e00410,0,1,0,fc15fda0ffb6ffaa,1,0,"Active","Active","Active","Active","Active","Inactive","Inactive","Active","_","Active","Stream Beat","Stream Beat","Stream Beat","Stream Beat","Stream Beat","No Streams","No Streams","Stream Beat","_","Stream Beat"
1865,1865,0,0,0,0,00000004,fe3b0027020e01a8,0410,2a47,1,0,2f781031,1,0,feb4fe3b00050027fecb020efcda01a8,1,1,0,1e5d0a171e5d0a171e5d0a171e5d0a17,1,0,00000000000000000000000000000000,1,0,23c1,0,0,0,23c1,0,0,fe3b0027020e01a8,1,0,40e00410,0,1,0,feb40005fecbfcda,1,0,"Active","Active","Active","Active","Active","Inactive","Inactive","Active","_","Active","Stream Beat","Stream Beat","Stream Beat","Stream Beat","Stream Beat","No Streams","No Streams","Stream Beat","_","Stream Beat"
1866,1866,0,0,0,0,00000004,011b020f00dcfeb2,0410,2343,1,0,3f541ffa,1,0,ffcb011bfde6020ffc0800dcfca1feb2,1,1,0,1e5d0a171e5d0a171e5d0a171e5d0a17,1,0,00000000000000000000000000000000,1,0,23c1,0,0,0,23c1,0,0,011b020f00dcfeb2,1,0,40e00410,0,1,0,ffcbfde6fc08fca1,1,0,"Active","Active","Active","Active","Active","Inactive","Inactive","Active","_","Active","Stream Beat","Stream Beat","Stream Beat","Stream Beat","Stream Beat","No Streams","No Streams","Stream Beat","_","Stream Beat"
1867,1867,0,0,0,0,00000004,01c5ffcafe24fee4,0410,2361,1,0,3f912fde,1,0,fce401c5fc0fffcafd80fe24ff8cfee4,1,1,0,1e5d0a171e5d0a171e5d0a171e5d0a17,1,0,00000000000000000000000000000000,1,0,23c1,0,0,0,23c1,0,0,01c5ffcafe24fee4,1,0,40e00410,0,1,0,fce4fc0ffd80ff8c,1,0,"Active","Active","Active","Active","Active","Inactive","Inactive","Active","_","Active","Stream Beat","Stream Beat","Stream Beat","Stream Beat","Stream Beat","No Streams","No Streams","Stream Beat","_","Stream Beat"
1868,1868,0,0,0,0,00000004,fecffe35ffde01d9,0410,235a,1,0,2fa51021,1,0,fc69fecffe92fe35fffdffdeff0b01d9,1,1,0,1e5d0a171e5d0a171e5d0a171e5d0a17,1,0,00000000000000000000000000000000,1,0,23c1,0,0,0,23c1,0,0,fecffe35ffde01d9,1,0,40e00410,0,1,0,fc69fe92fffdff0b,1,0,"Active","Active","Active","Active","Active","Inactive","Inactive","Active","_","Active","Stream Beat","Stream Beat","Stream Beat","Stream Beat","Stream Beat","No Streams","No Streams","Stream Beat","_","Stream Beat"
1869,1869,0,0,0,0,00000004,feb3010c021a00f9,0410,2a44,1,0,3f65102b,1,0,ff74feb3ffcf010cfe16021afc3500f9,1,1,0,1e5d0a171e5d0a171e5d0a171e5d0a17,1,0,00000000000000000000000000000000,1,0,23c1,0,0,0,23c1,0,0,feb3010c021a00f9,1,0,40e00410,0,1,0,ff74ffcffe16fc35,1,0,"Active","Active","Active","Active","Active","Inactive","Inactive","Active","_","Active","Stream Beat","Stream Beat","Stream Beat","Stream Beat","Stream Beat","No Streams","No Streams","Stream Beat","_","Stream Beat"
1870,1870,0,0,0,0,00000004,01b401e5ffeffe41,0410,234d,1,0,3f5f2fe9,1,0,ff3201b4fd0a01e5fc0fffeffd58fe41,1,1,0,1e5d0a171e5d0a171e5d0a171e5d0a17,1,0,00000000000000000000000000000000,1,0,23c1,0,0,0,23c1,0,0,01b401e5ffeffe41,1,0,40e00410,0,1,0,ff32fd0afc0ffd58,1,0,"Active","Active","Active","Active","Active","Inactive","Inactive","Active","_","Active","Stream Beat","Stream Beat","Stream Beat","Stream Beat","Stream Beat","No Streams","No Streams","Stream Beat","_","Stream Beat"
1871,1871,0,0,0,0,00000004,012afef7fe29ff95,0410,1d9b,1,0,3fa02feb,1,0,fc3f012afc66fef7fe61fe29fff4ff95,1,1,0,1e5d0a171e5d0a171e5d0a171e5d0a17,1,0,00000000000000000000000000000000,1,0,23c1,0,0,0,23c1,0,0,012afef7fe29ff95,1,0,40e00410,0,1,0,fc3ffc66fe61fff4,1,0,"Active","Active","Active","Active","Active","Inactive","Inactive","Active","_","Active","Stream Beat","Stream Beat","Stream Beat","Stream Beat","Stream Beat","No Streams","No Streams","Stream Beat","_","Stream Beat"
1872,1872,0,0,0,0,00000004,fe4efeae00b9020c,0410,2351,1,0,3f98102d,1,0,fd30fe4eff5afeaeffeb00b9fe46020c,1,1,0,1e5d0a171e5d0a171e5d0a171e5d0a17,1,0,00000000000000000000000000000000,1,0,23c1,0,0,0,23c1,0,0,fe4efeae00b9020c,1,0,40e00410,0,1,0,fd30ff5affebfe46,1,0,"Active","Active","Active","Active","Active","Inactive","Inactive","Active","_","Active","Stream Beat","Stream Beat","Stream Beat","Stream Beat","Stream Beat","No Streams","No Streams","Stream Beat","_","Stream Beat"
1873,1873,0,0,0,0,00000004,ff92019801ef0020,0410,2a44,1,0,3f5a201c,1,0,ffe9ff92ff590198fd3901effc060020,1,1,0,1e5d0a171e5d0a171e5d0a171e5d0a17,1,0,00000000000000000000000000000000,1,0,23c1,0,0,0,23c1,0,0,ff92019801ef0020,1,0,40e00410,0,1,0,ffe9ff59fd39fc06,1,0,"Active","Active","Active","Active","Active","Inactive","Inactive","Active","_","Active","Stream Beat","Stream Beat","Stream Beat","Stream Beat","Stream Beat","No Streams","No Streams","Stream Beat","_","Stream Beat"
1874,1874,0,0,0,0,00000004,02170145ff25fe29,0410,1d8b,1,0,3f6f2fdd,1,0,fe6f0217fc5c0145fc4cff25fe43fe29,1,1,0,1e5d0a171e5d0a171e5d0a171e5d0a17,1,0,00000000000000000000000000000000,1,0,23c1,0,0,0,23c1,0,0,02170145ff25fe29,1,0,40e00410,0,1,0,fe6ffc5cfc4cfe43,1,0,"Active","Active","Active","Active","Active","Inactive","Inactive","Active","_","Active","Stream Beat","Stream Beat","Stream Beat","Stream Beat","Stream Beat","No Streams","No Streams","Stream Beat","_","Stream Beat"
1875,1875,0,0,0,0,00000004,004ffe56fe80007e,0410,1d9b,1,0,3fab1ffc,1,0,fbff004ffcecfe56ff35fe80fff0007e,1,1,0,1e5d0a171e5d0a171e5d0a171e5d0a17,1,0,00000000000000000000000000000000,1,0,23c1,0,0,0,23c1,0,0,004ffe56fe80007e,1,0,40e00410,0,1,0,fbfffcecff35fff0,1,0,"Active","Active","Active","Active","Active","Inactive","Inactive","Active","_","Active","Stream Beat","Stream Beat","Stream Beat","Stream Beat","Stream Beat","No Streams","No Streams","Stream Beat","_","Stream Beat"
1876,1876,0,0,0,0,00000004,fe1dff5f0172020d,0410,2a4d,1,0,3f881033,1,0,fe12fe1dffd4ff5fff810172fd4d020d,1,1,0,1e5d0a171e5d0a171e5d0a171e5d0a17,1,0,00000000000000000000000000000000,1,0,23c1,0,0,0,23c1,0,0,fe1dff5f0172020d,1,0,40e00410,0,1,0,fe12ffd4ff81fd4d,1,0,"Active","Active","Active","Active","Active","Inactive","Inactive","Active","_","Active","Stream Beat","Stream Beat","Stream Beat","Stream Beat","Stream Beat","No Streams","No Streams","Stream Beat","_","Stream Beat"
1877,1877,0,0,0,0,00000004,006d02130165ff4f,0410,2a4a,1,0,3f55200a,1,0,fff6006dfe980213fc7f0165fc34ff4f,1,1,0,1e5d0a171e5d0a171e5d0a171e5d0a17,1,0,00000000000000000000000000000000,1,0,23c1,0,0,0,23c1,0,0,006d02130165ff4f,1,0,40e00410,0,1,0,fff6fe98fc7ffc34,1,0,"Active","Active","Active","Active","Active","Inactive","Inactive","Active","_","Active","Stream Beat","Stream Beat","Stream Beat","Stream Beat","Stream Beat","No Streams","No Streams","Stream Beat","_","Stream Beat"
1878,1878,0,0,0,0,00000004,020a007dfe7ffe54,0410,1d92,1,0,3f811fda,1,0,fd8e020afbff007dfce5fe7fff04fe54,1,1,0,1e5d0a171e5d0a171e5d0a171e5d0a17,1,0,00000000000000000000000000000000,1,0,23c1,0,0,0,23c1,0,0,020a007dfe7ffe54,1,0,40e00410,0,1,0,fd8efbfffce5ff04,1,0,"Active","Active","Active","Active","Active","Inactive","Inactive","Active","_","Active","Stream Beat","Stream Beat","Stream Beat","Stream Beat","Stream Beat","No Streams","No Streams","Stream Beat","_","Stream Beat"
1879,1879,0,0,0,0,00000004,ff76fe2fff290173,0410,2360,1,0,3fab200f,1,0,fc52ff76fdedfe2fffc2ff29ff900173,1,1,0,1e5d0a171e5d0a171e5d0a171e5d0a17,1,0,00000000000000000000000000000000,1,0,23c1,0,0,0,23c1,0,0,ff76fe2fff290173,1,0,40e00410,0,1,0,fc52fdedffc2ff90,1,0,"Active","Active","Active","Active","Active","Inactive","Inactive","Active","_","Active","Stream Beat","Stream Beat","Stream Beat","Stream Beat","Stream Beat","No Streams","No Streams","Stream Beat","_","Stream Beat"
1880,1880,0,0,0,0,00000004,fe5b0025021a01a6,0410,2a46,1,0,3f741033,1,0,fee2fe5b00050025fea6021afc7301a6,1,1,0,1e5d0a171e5d0a171e5d0a171e5d0a17,1,0,00000000000000000000000000000000,1,0,23c1,0,0,0,23c1,0,0,fe5b0025021a01a6,1,0,40e00410,0,1,0,fee20005fea6fc73,1,0,"Active","Active","Active","Active","Active","Inactive","Inactive","Active","_","Active","Stream Beat","Stream Beat","Stream Beat","Stream Beat","Stream Beat","No Streams","No Streams","Stream Beat","_","Stream Beat"
1881,1881,0,0,0,0,00000004,012e021200b2fe8d,0410,2346,1,0,3f571ff5,1,0,ffb3012efdb90212fbf500b2fcb3fe8d,1,1,0,1e5d0a171e5d0a171e5d0a171e5d0a17,1,0,00000000000000000000000000000000,1,0,23c1,0,0,0,23c1,0,0,012e021200b2fe8d,1,0,40e00410,0,1,0,ffb3fdb9fbf5fcb3,1,0,"Active","Active","Active","Active","Active","Inactive","Inactive","Active","_","Active","Stream Beat","Stream Beat","Stream Beat","Stream Beat","Stream Beat","No Streams","No Streams","Stream Beat","_","Stream Beat"
1882,1882,0,0,0,0,00000004,01aeff96fe24ff0b,0410,2362,1,0,3f992fe4,1,0,fccc01aefc16ff96fda7fe24ffb0ff0b,1,1,0,1e5d0a171e5d0a171e5d0a171e5d0a17,1,0,00000000000000000000000000000000,1,0,23c1,0,0,0,23c1,0,0,01aeff96fe24ff0b,1,0,40e00410,0,1,0,fcccfc16fda7ffb0,1,0,"Active","Active","Active","Active","Active","Inactive","Inactive","Active","_","Active","Stream Beat","Stream Beat","Stream Beat","Stream Beat","Stream Beat","No Streams","No Streams","Stream Beat","_","Stream Beat"
1883,1883,0,0,0,0,00000004,fea8fe4a002701fa,0410,2357,1,0,2fa01024,1,0,fc8ffea8feb7fe4a000a0027fed501fa,1,1,0,1e5d0a171e5d0a171e5d0a171e5d0a17,1,0,00000000000000000000000000000000,1,0,23c1,0,0,0,23c1,0,0,fea8fe4a002701fa,1,0,40e00410,0,1,0,fc8ffeb7000afed5,1,0,"Active","Active","Active","Active","Active","Inactive","Inactive","Active","_","Active","Stream Beat","Stream Beat","Stream Beat","Stream Beat","Stream Beat","No Streams","No Streams","Stream Beat","_","Stream Beat"
1884,1884,0,0,0,0,00000004,fed90104021a00d9,0410,27be,1,0,3f611027,1,0,ff8cfed9ffcd0104fddf021afc2400d9,1,1,0,1e5d0a171e5d0a171e5d0a171e5d0a17,1,0,00000000000000000000000000000000,1,0,23c1,0,0,0,23c1,0,0,fed90104021a00d9,1,0,40e00410,0,1,0,ff8cffcdfddffc24,1,0,"Active","Active","Active","Active","Active","Inactive","Inactive","Active","_","Active","Stream Beat","Stream Beat","Stream Beat","Stream Beat","Stream Beat","No Streams","No Streams","Stream Beat","_","Stream Beat"
1885,1885,0,0,0,0,00000004,01d701caffc8fe24,0410,234d,1,0,3f632fe7,1,0,ff0d01d7fce301cafc04ffc8fd75fe24,1,1,0,1e5d0a171e5d0a171e5d0a171e5d0a17,1,0,00000000000000000000000000000000,1,0,23c1,0,0,0,23c1,0,0,01d701caffc8fe24,1,0,40e00410,0,1,0,ff0dfce3fc04fd75,1,0,"Active","Active","Active","Active","Active","Inactive","Inactive","Active","_","Active","Stream Beat","Stream Beat","Stream Beat","Stream Beat","Stream Beat","No Streams","No Streams","Stream Beat","_","Stream Beat"
1886,1886,0,0,0,0,00000004,00fcfed8fe25ffce,0410,1d9c,1,0,2fa21ff1,1,0,fc2e00fcfc7efed8fe85fe25fffcffce,1,1,0,1e5d0a171e5d0a171e5d0a171e5d0a17,1,0,00000000000000000000000000000000,1,0,23c1,0,0,0,23c1,0,0,00fcfed8fe25ffce,1,0,40e00410,0,1,0,fc2efc7efe85fffc,1,0,"Active","Active","Active","Active","Active","Inactive","Inactive","Active","_","Active","Stream Beat","Stream Beat","Stream Beat","Stream Beat","Stream Beat","No Streams","No Streams","Stream Beat","_","Stream Beat"
1887,1887,0,0,0,0,00000004,fe3cfeb100e10218,0410,27d1,1,0,3f95102d,1,0,fd52fe3cff71feb1ffd800e1fe1a0218,1,1,0,1e5d0a171e5d0a171e5d0a171e5d0a17,1,0,00000000000000000000000000000000,1,0,23c1,0,0,0,23c1,0,0,fe3cfeb100e10218,1,0,40e00410,0,1,0,fd52ff71ffd8fe1a,1,0,"Active","Active","Active","Active","Active","Inactive","Inactive","Active","_","Active","Stream Beat","Stream Beat","Stream Beat","Stream Beat","Stream Beat","No Streams","No Streams","Stream Beat","_","Stream Beat"
1888,1888,0,0,0,0,00000004,ffa301be01e3fff2,0410,2a46,1,0,3f562018,1,0,fff6ffa3ff2f01befd0c01e3fbeffff2,1,1,0,1e5d0a171e5d0a171e5d0a171e5d0a17,1,0,00000000000000000000000000000000,1,0,23c1,0,0,0,23c1,0,0,ffa301be01e3fff2,1,0,40e00410,0,1,0,fff6ff2ffd0cfbef,1,0,"Active","Active","Active","Active","Active","Inactive","Inactive","Active","_","Active","Stream Beat","Stream Beat","Stream Beat","Stream Beat","Stream Beat","No Streams","No Streams","Stream Beat","_","Stream Beat"
1889,1889,0,0,0,0,00000004,02200126fefbfe2b,0410,1d8c,1,0,3f722fdc,1,0,fe380220fc4e0126fc6efefbfe61fe2b,1,1,0,1e5d0a171e5d0a171e5d0a171e5d0a17,1,0,00000000000000000000000000000000,1,0,23c1,0,0,0,23c1,0,0,02200126fefbfe2b,1,0,40e00410,0,1,0,fe38fc4efc6efe61,1,0,"Active","Active","Active","Active","Active","Inactive","Inactive","Active","_","Active","Stream Beat","Stream Beat","Stream Beat","Stream Beat","Stream Beat","No Streams","No Streams","Stream Beat","_","Stream Beat"
1890,1890,0,0,0,0,00000004,0024fe4dfea9009e,0410,1d9b,1,0,3fab1ffe,1,0,fbef0024fd2dfe4dff58fea9ffed009e,1,1,0,1e5d0a171e5d0a171e5d0a171e5d0a17,1,0,00000000000000000000000000000000,1,0,23c1,0,0,0,23c1,0,0,0024fe4dfea9009e,1,0,40e00410,0,1,0,fbeffd2dff58ffed,1,0,"Active","Active","Active","Active","Active","Inactive","Inactive","Active","_","Active","Stream Beat","Stream Beat","Stream Beat","Stream Beat","Stream Beat","No Streams","No Streams","Stream Beat","_","Stream Beat"
1891,1891,0,0,0,0,00000004,fe0dff7e01ab01f2,0410,2a4b,1,0,3f822033,1,0,fe25fe0dffe6ff7eff5401abfd3401f2,1,1,0,1e5d0a171e5d0a171e5d0a171e5d0a17,1,0,00000000000000000000000000000000,1,0,23c1,0,0,0,23c1,0,0,fe0dff7e01ab01f2,1,0,40e00410,0,1,0,fe25ffe6ff54fd34,1,0,"Active","Active","Active","Active","Active","Inactive","Inactive","Active","_","Active","Stream Beat","Stream Beat","Stream Beat","Stream Beat","Stream Beat","No Streams","No Streams","Stream Beat","_","Stream Beat"
1892,1892,0,0,0,0,00000004,007402120144ff22,0410,2341,1,0,3f552006,1,0,ffee0074fe750212fc660144fc44ff22,1,1,0,1e5d0a171e5d0a171e5d0a171e5d0a17,1,0,00000000000000000000000000000000,1,0,23c1,0,0,0,23c1,0,0,007402120144ff22,1,0,40e00410,0,1,0,ffeefe75fc66fc44,1,0,"Active","Active","Active","Active","Active","Inactive","Inactive","Active","_","Active","Stream Beat","Stream Beat","Stream Beat","Stream Beat","Stream Beat","No Streams","No Streams","Stream Beat","_","Stream Beat"
1893,1893,0,0,0,0,00000004,02150049fe72fe6b,0410,1d94,1,0,3f861fdb,1,0,fd530215fbfd0049fd10fe72ff2efe6b,1,1,0,1e5d0a171e5d0a171e5d0a171e5d0a17,1,0,00000000000000000000000000000000,1,0,23c1,0,0,0,23c1,0,0,02150049fe72fe6b,1,0,40e00410,0,1,0,fd53fbfdfd10ff2e,1,0,"Active","Active","Active","Active","Active","Inactive","Inactive","Active","_","Active","Stream Beat","Stream Beat","Stream Beat","Stream Beat","Stream Beat","No Streams","No Streams","Stream Beat","_","Stream Beat"
1894,1894,0,0,0,0,00000004,ff48fe0eff5c0178,0410,235e,1,0,3fa92012,1,0,fc3fff48fdf2fe0effddff5cff750178,1,1,0,1e5d0a171e5d0a171e5d0a171e5d0a17,1,0,00000000000000000000000000000000,1,0,23c1,0,0,0,23c1,0,0,ff48fe0eff5c0178,1,0,40e00410,0,1,0,fc3ffdf2ffddff75,1,0,"Active","Active","Active","Active","Active","Inactive","Inactive","Active","_","Active","Stream Beat","Stream Beat","Stream Beat","Stream Beat","Stream Beat","No Streams","No Streams","Stream Beat","_","Stream Beat"
1895,1895,0,0,0,0,00000004,fe6b00840219017c,0410,2a46,1,0,3f70102e,1,0,ff10fe6bfff90084fe8c0219fc5f017c,1,1,0,1e5d0a171e5d0a171e5d0a171e5d0a17,1,0,00000000000000000000000000000000,1,0,23c1,0,0,0,23c1,0,0,fe6b00840219017c,1,0,40e00410,0,1,0,ff10fff9fe8cfc5f,1,0,"Active","Active","Active","Active","Active","Inactive","Inactive","Active","_","Active","Stream Beat","Stream Beat","Stream Beat","Stream Beat","Stream Beat","No Streams","No Streams","Stream Beat","_","Stream Beat"
1896,1896,0,0,0,0,00000004,015b021a007afe79,0410,2347,1,0,3f581ff3,1,0,ff91015bfd86021afc04007afcd1fe79,1,1,0,1e5d0a171e5d0a171e5d0a171e5d0a17,1,0,00000000000000000000000000000000,1,0,23c1,0,0,0,23c1,0,0,015b021a007afe79,1,0,40e00410,0,1,0,ff91fd86fc04fcd1,1,0,"Active","Active","Active","Active","Active","Inactive","Inactive","Active","_","Active","Stream Beat","Stream Beat","Stream Beat","Stream Beat","Stream Beat","No Streams","No Streams","Stream Beat","_","Stream Beat"
1897,1897,0,0,0,0,00000004,018aff71fe1dff26,0410,2363,1,0,3f982fe2,1,0,fca9018afc24ff71fdd4fe1dffc5ff26,1,1,0,1e5d0a171e5d0a171e5d0a171e5d0a17,1,0,00000000000000000000000000000000,1,0,23c1,0,0,0,23c1,0,0,018aff71fe1dff26,1,0,40e00410,0,1,0,fca9fc24fdd4ffc5,1,0,"Active","Active","Active","Active","Active","Inactive","Inactive","Active","_","Active","Stream Beat","Stream Beat","Stream Beat","Stream Beat","Stream Beat","No Streams","No Streams","Stream Beat","_","Stream Beat"
1898,1898,0,0,0,0,00000004,fe91fe35001701f7,0410,2356,1,0,3f9f1028,1,0,fcadfe91fed1fe35fffe0017fec501f7,1,1,0,1e5d0a171e5d0a171e5d0a171e5d0a17,1,0,00000000000000000000000000000000,1,0,23c1,0,0,0,23c1,0,0,fe91fe35001701f7,1,0,40e00410,0,1,0,fcadfed1fffefec5,1,0,"Active","Active","Active","Active","Active","Inactive","Inactive","Active","_","Active","Stream Beat","Stream Beat","Stream Beat","Stream Beat","Stream Beat","No Streams","No Streams","Stream Beat","_","Stream Beat"
1899,1899,0,0,0,0,00000004,ff0d013a022000ad,0410,2a44,1,0,3f5e1026,1,0,ffabff0dffb2013afdac0220fc0100ad,1,1,0,1e5d0a171e5d0a171e5d0a171e5d0a17,1,0,00000000000000000000000000000000,1,0,23c1,0,0,0,23c1,0,0,ff0d013a022000ad,1,0,40e00410,0,1,0,ffabffb2fdacfc01,1,0,"Active","Active","Active","Active","Active","Inactive","Inactive","Active","_","Active","Stream Beat","Stream Beat","Stream Beat","Stream Beat","Stream Beat","No Streams","No Streams","Stream Beat","_","Stream Beat"
1900,1900,0,0,0,0,00000004,01f801baffa0fe32,0410,2350,1,0,3f662fe3,1,0,fee701f8fc9f01bafc05ffa0fdc4fe32,1,1,0,1e5d0a171e5d0a171e5d0a171e5d0a17,1,0,00000000000000000000000000000000,1,0,23c1,0,0,0,23c1,0,0,01f801baffa0fe32,1,0,40e00410,0,1,0,fee7fc9ffc05fdc4,1,0,"Active","Active","Active","Active","Active","Inactive","Inactive","Active","_","Active","Stream Beat","Stream Beat","Stream Beat","Stream Beat","Stream Beat","No Streams","No Streams","Stream Beat","_","Stream Beat"
1901,1901,0,0,0,0,00000004,00d4febcfe49fffa,0410,1d9c,1,0,3fa41fed,1,0,fc0700d4fc9afebcfec7fe49fffafffa,1,1,0,1e5d0a171e5d0a171e5d0a171e5d0a17,1,0,00000000000000000000000000000000,1,0,23c1,0,0,0,23c1,0,0,00d4febcfe49fffa,1,0,40e00410,0,1,0,fc07fc9afec7fffa,1,0,"Active","Active","Active","Active","Active","Inactive","Inactive","Active","_","Active","Stream Beat","Stream Beat","Stream Beat","Stream Beat","Stream Beat","No Streams","No Streams","Stream Beat","_","Stream Beat"
1902,1902,0,0,0,0,00000004,fe3dfee2010a021f,0410,27ce,1,0,3f901031,1,0,fd8ffe3dff97fee2ffc3010afdea021f,1,1,0,1e5d0a171e5d0a171e5d0a171e5d0a17,1,0,00000000000000000000000000000000,1,0,23c1,0,0,0,23c1,0,0,fe3dfee2010a021f,1,0,40e00410,0,1,0,fd8fff97ffc3fdea,1,0,"Active","Active","Active","Active","Active","Inactive","Inactive","Active","_","Active","Stream Beat","Stream Beat","Stream Beat","Stream Beat","Stream Beat","No Streams","No Streams","Stream Beat","_","Stream Beat"
1903,1903,0,0,0,0,00000004,ffd801dd01d5ffc7,0410,2a47,1,0,3f542018,1,0,fffcffd8ff0b01ddfcd401d5fc08ffc7,1,1,0,1e5d0a171e5d0a171e5d0a171e5d0a17,1,0,00000000000000000000000000000000,1,0,23c1,0,0,0,23c1,0,0,ffd801dd01d5ffc7,1,0,40e00410,0,1,0,fffcff0bfcd4fc08,1,0,"Active","Active","Active","Active","Active","Inactive","Inactive","Active","_","Active","Stream Beat","Stream Beat","Stream Beat","Stream Beat","Stream Beat","No Streams","No Streams","Stream Beat","_","Stream Beat"
1904,1904,0,0,0,0,00000004,021f00fafedafe28,0410,1d8e,1,0,3f762fdd,1,0,fe18021ffc3300fafc7bfedafe87fe28,1,1,0,1e5d0a171e5d0a171e5d0a171e5d0a17,1,0,00000000000000000000000000000000,1,0,23c1,0,0,0,23c1,0,0,021f00fafedafe28,1,0,40e00410,0,1,0,fe18fc33fc7bfe87,1,0,"Active","Active","Active","Active","Active","Inactive","Inactive","Active","_","Active","Stream Beat","Stream Beat","Stream Beat","Stream Beat","Stream Beat","No Streams","No Streams","Stream Beat","_","Stream Beat"
1905,1905,0,0,0,0,00000004,fff3fe2efea100ba,0410,1f5c,1,0,3fad2004,1,0,fbe6fff3fd37fe2eff6bfea1ffdc00ba,1,1,0,1e5d0a171e5d0a171e5d0a171e5d0a17,1,0,00000000000000000000000000000000,1,0,23c1,0,0,0,23c1,0,0,fff3fe2efea100ba,1,0,40e00410,0,1,0,fbe6fd37ff6bffdc,1,0,"Active","Active","Active","Active","Active","Inactive","Inactive","Active","_","Active","Stream Beat","Stream Beat","Stream Beat","Stream Beat","Stream Beat","No Streams","No Streams","Stream Beat","_","Stream Beat"
1906,1906,0,0,0,0,00000004,fe23ffa601d501f1,0410,2a4a,1,0,3f7e2035,1,0,fe56fe23fff7ffa6ff2501d5fcf901f1,1,1,0,1e5d0a171e5d0a171e5d0a171e5d0a17,1,0,00000000000000000000000000000000,1,0,23c1,0,0,0,23c1,0,0,fe23ffa601d501f1,1,0,40e00410,0,1,0,fe56fff7ff25fcf9,1,0,"Active","Active","Active","Active","Active","Inactive","Inactive","Active","_","Active","Stream Beat","Stream Beat","Stream Beat","Stream Beat","Stream Beat","No Streams","No Streams","Stream Beat","_","Stream Beat"
1907,1907,0,0,0,0,00000004,00af02070121fefd,0410,2342,1,0,3f542001,1,0,ffed00affe4d0207fc670121fc78fefd,1,1,0,1e5d0a171e5d0a171e5d0a171e5d0a17,1,0,00000000000000000000000000000000,1,0,23c1,0,0,0,23c1,0,0,00af02070121fefd,1,0,40e00410,0,1,0,ffedfe4dfc67fc78,1,0,"Active","Active","Active","Active","Active","Inactive","Inactive","Active","_","Active","Stream Beat","Stream Beat","Stream Beat","Stream Beat","Stream Beat","No Streams","No Streams","Stream Beat","_","Stream Beat"
1908,1908,0,0,0,0,00000004,01f90029fe49fe9e,0410,1d95,1,0,3f862fd7,1,0,fd2701f9fbf00029fd29fe49ff50fe9e,1,1,0,1e5d0a171e5d0a171e5d0a171e5d0a17,1,0,00000000000000000000000000000000,1,0,23c1,0,0,0,23c1,0,0,01f90029fe49fe9e,1,0,40e00410,0,1,0,fd27fbf0fd29ff50,1,0,"Active","Active","Active","Active","Active","Inactive","Inactive","Active","_","Active","Stream Beat","Stream Beat","Stream Beat","Stream Beat","Stream Beat","No Streams","No Streams","Stream Beat","_","Stream Beat"
1909,1909,0,0,0,0,00000004,ff22fe18ff81019b,0410,235d,1,0,3fa62018,1,0,fc55ff22fe2cfe18ffe5ff81ff5e019b,1,1,0,1e5d0a171e5d0a171e5d0a171e5d0a17,1,0,00000000000000000000000000000000,1,0,23c1,0,0,0,23c1,0,0,ff22fe18ff81019b,1,0,40e00410,0,1,0,fc55fe2cffe5ff5e,1,0,"Active","Active","Active","Active","Active","Inactive","Inactive","Active","_","Active","Stream Beat","Stream Beat","Stream Beat","Stream Beat","Stream Beat","No Streams","No Streams","Stream Beat","_","Stream Beat"
1910,1910,0,0,0,0,00000004,fe820092022a014c,0410,2340,1,0,3f71102d,1,0,ff2afe82fffb0092fe54022afc72014c,1,1,0,1e5d0a171e5d0a171e5d0a171e5d0a17,1,0,00000000000000000000000000000000,1,0,23c1,0,0,0,23c1,0,0,fe820092022a014c,1,0,40e00410,0,1,0,ff2afffbfe54fc72,1,0,"Active","Active","Active","Active","Active","Inactive","Inactive","Active","_","Active","Stream Beat","Stream Beat","Stream Beat","Stream Beat","Stream Beat","No Streams","No Streams","Stream Beat","_","Stream Beat"
1911,1911,0,0,0,0,00000004,016f02010055fe60,0410,2349,1,0,3f591ff0,1,0,ff7d016ffd640201fbf10055fd06fe60,1,1,0,1e5d0a171e5d0a171e5d0a171e5d0a17,1,0,00000000000000000000000000000000,1,0,23c1,0,0,0,23c1,0,0,016f02010055fe60,1,0,40e00410,0,1,0,ff7dfd64fbf1fd06,1,0,"Active","Active","Active","Active","Active","Inactive","Inactive","Active","_","Active","Stream Beat","Stream Beat","Stream Beat","Stream Beat","Stream Beat","No Streams","No Streams","Stream Beat","_","Stream Beat"
1912,1912,0,0,0,0,00000004,0172ff4afe25ff4c,0410,2364,1,0,3f9c2fe5,1,0,fc830172fc48ff4afe08fe25ffd7ff4c,1,1,0,1e5d0a171e5d0a171e5d0a171e5d0a17,1,0,00000000000000000000000000000000,1,0,23c1,0,0,0,23c1,0,0,0172ff4afe25ff4c,1,0,40e00410,0,1,0,fc83fc48fe08ffd7,1,0,"Active","Active","Active","Active","Active","Inactive","Inactive","Active","_","Active","Stream Beat","Stream Beat","Stream Beat","Stream Beat","Stream Beat","No Streams","No Streams","Stream Beat","_","Stream Beat"
1913,1913,0,0,0,0,00000004,fe8afe6500560204,0410,2355,1,0,3f9e1028,1,0,fcfbfe8aff06fe65ffff0056fe980204,1,1,0,1e5d0a171e5d0a171e5d0a171e5d0a17,1,0,00000000000000000000000000000000,1,0,23c1,0,0,0,23c1,0,0,fe8afe6500560204,1,0,40e00410,0,1,0,fcfbff06fffffe98,1,0,"Active","Active","Active","Active","Active","Inactive","Inactive","Active","_","Active","Stream Beat","Stream Beat","Stream Beat","Stream Beat","Stream Beat","No Streams","No Streams","Stream Beat","_","Stream Beat"
1914,1914,0,0,0,0,00000004,ff1e013a021a007e,0410,2a46,1,0,3f5d1022,1,0,ffbfff1effa0013afd82021afc0f007e,1,1,0,1e5d0a171e5d0a171e5d0a171e5d0a17,1,0,00000000000000000000000000000000,1,0,23c1,0,0,0,23c1,0,0,ff1e013a021a007e,1,0,40e00410,0,1,0,ffbfffa0fd82fc0f,1,0,"Active","Active","Active","Active","Active","Inactive","Inactive","Active","_","Active","Stream Beat","Stream Beat","Stream Beat","Stream Beat","Stream Beat","No Streams","No Streams","Stream Beat","_","Stream Beat"
1915,1915,0,0,0,0,00000004,020b0198ff73fe1b,0410,2351,1,0,3f6a2fe2,1,0,febb020bfc8a0198fc0fff73fdd4fe1b,1,1,0,1e5d0a171e5d0a171e5d0a171e5d0a17,1,0,00000000000000000000000000000000,1,0,23c1,0,0,0,23c1,0,0,020b0198ff73fe1b,1,0,40e00410,0,1,0,febbfc8afc0ffdd4,1,0,"Active","Active","Active","Active","Active","Inactive","Inactive","Active","_","Active","Stream Beat","Stream Beat","Stream Beat","Stream Beat","Stream Beat","No Streams","No Streams","Stream Beat","_","Stream Beat"
1916,1916,0,0,0,0,00000004,00aefe8efe4a0030,0410,1d9c,1,0,3fa91ff4,1,0,fc0d00aefca3fe8efedcfe4affff0030,1,1,0,1e5d0a171e5d0a171e5d0a171e5d0a17,1,0,00000000000000000000000000000000,1,0,23c1,0,0,0,23c1,0,0,00aefe8efe4a0030,1,0,40e00410,0,1,0,fc0dfca3fedcffff,1,0,"Active","Active","Active","Active","Active","Inactive","Inactive","Active","_","Active","Stream Beat","Stream Beat","Stream Beat","Stream Beat","Stream Beat","No Streams","No Streams","Stream Beat","_","Stream Beat"
1917,1917,0,0,0,0,00000004,fe29ff080142021d,0410,2a4e,1,0,3f8f102f,1,0,fdb2fe29ffaaff08ffb00142fdb1021d,1,1,0,1e5d0a171e5d0a171e5d0a171e5d0a17,1,0,00000000000000000000000000000000,1,0,23c1,0,0,0,23c1,0,0,fe29ff080142021d,1,0,40e00410,0,1,0,fdb2ffaaffb0fdb1,1,0,"Active","Active","Active","Active","Active","Inactive","Inactive","Active","_","Active","Stream Beat","Stream Beat","Stream Beat","Stream Beat","Stream Beat","No Streams","No Streams","Stream Beat","_","Stream Beat"
1918,1918,0,0,0,0,00000004,000101f501b1ffa1,0410,2a47,1,0,3f522013,1,0,fffd0001fee601f5fcbc01b1fc1effa1,1,1,0,1e5d0a171e5d0a171e5d0a171e5d0a17,1,0,00000000000000000000000000000000,1,0,23c1,0,0,0,23c1,0,0,000101f501b1ffa1,1,0,40e00410,0,1,0,fffdfee6fcbcfc1e,1,0,"Active","Active","Active","Active","Active","Inactive","Inactive","Active","_","Active","Stream Beat","Stream Beat","Stream Beat","Stream Beat","Stream Beat","No Streams","No Streams","Stream Beat","_","Stream Beat"
1919,1919,0,0,0,0,00000004,021400d4febafe38,0410,1d90,1,0,3f781fdb,1,0,fdf10214fc1d00d4fc96febafeb7fe38,1,1,0,1e5d0a171e5d0a171e5d0a171e5d0a17,1,0,00000000000000000000000000000000,1,0,23c1,0,0,0,23c1,0,0,021400d4febafe38,1,0,40e00410,0,1,0,fdf1fc1dfc96feb7,1,0,"Active","Active","Active","Active","Active","Inactive","Inactive","Active","_","Active","Stream Beat","Stream Beat","Stream Beat","Stream Beat","Stream Beat","No Streams","No Streams","Stream Beat","_","Stream Beat"
1920,1920,0,0,0,0,00000004,ffd0fe2cfef80121,0410,2363,1,0,3fab2009,1,0,fc13ffd0fd83fe2cff96fef8ffc50121,1,1,0,1e5d0a171e5d0a171e5d0a171e5d0a17,1,0,00000000000000000000000000000000,1,0,23c1,0,0,0,23c1,0,0,ffd0fe2cfef80121,1,0,40e00410,0,1,0,fc13fd83ff96ffc5,1,0,"Active","Active","Active","Active","Active","Inactive","Inactive","Active","_","Active","Stream Beat","Stream Beat","Stream Beat","Stream Beat","Stream Beat","No Streams","No Streams","Stream Beat","_","Stream Beat"
1921,1921,0,0,0,0,00000004,fe3cffd801d301ce,0410,2a48,1,0,3f7b1034,1,0,fe8afe3c0001ffd8ff1001d3fcdb01ce,1,1,0,1e5d0a171e5d0a171e5d0a171e5d0a17,1,0,00000000000000000000000000000000,1,0,23c1,0,0,0,23c1,0,0,fe3cffd801d301ce,1,0,40e00410,0,1,0,fe8a0001ff10fcdb,1,0,"Active","Active","Active","Active","Active","Inactive","Inactive","Active","_","Active","Stream Beat","Stream Beat","Stream Beat","Stream Beat","Stream Beat","No Streams","No Streams","Stream Beat","_","Stream Beat"
1922,1922,0,0,0,0,00000004,00d20221010cfecb,0410,2341,1,0,3f551ffd,1,0,ffe400d2fe060221fc2d010cfc73fecb,1,1,0,1e5d0a171e5d0a171e5d0a171e5d0a17,1,0,00000000000000000000000000000000,1,0,23c1,0,0,0,23c1,0,0,00d20221010cfecb,1,0,40e00410,0,1,0,ffe4fe06fc2dfc73,1,0,"Active","Active","Active","Active","Active","Inactive","Inactive","Active","_","Active","Stream Beat","Stream Beat","Stream Beat","Stream Beat","Stream Beat","No Streams","No Streams","Stream Beat","_","Stream Beat"
1923,1923,0,0,0,0,00000004,01e2fffafe2ffeb0,0410,1d96,1,0,3f8f2fe1,1,0,fd0901e2fbeffffafd44fe2fff68feb0,1,1,0,1e5d0a171e5d0a171e5d0a171e5d0a17,1,0,00000000000000000000000000000000,1,0,23c1,0,0,0,23c1,0,0,01e2fffafe2ffeb0,1,0,40e00410,0,1,0,fd09fbeffd44ff68,1,0,"Active","Active","Active","Active","Active","Inactive","Inactive","Active","_","Active","Stream Beat","Stream Beat","Stream Beat","Stream Beat","Stream Beat","No Streams","No Streams","Stream Beat","_","Stream Beat"
1924,1924,0,0,0,0,00000004,fefdfe1fffab01ba,0410,235b,1,0,2fa7201b,1,0,fc4ffefdfe5efe1fffefffabff3a01ba,1,1,0,1e5d0a171e5d0a171e5d0a171e5d0a17,1,0,00000000000000000000000000000000,1,0,23c1,0,0,0,23c1,0,0,fefdfe1fffab01ba,1,0,40e00410,0,1,0,fc4ffe5effefff3a,1,0,"Active","Active","Active","Active","Active","Inactive","Inactive","Active","_","Active","Stream Beat","Stream Beat","Stream Beat","Stream Beat","Stream Beat","No Streams","No Streams","Stream Beat","_","Stream Beat"
1925,1925,0,0,0,0,00000004,fe9100b1022b0129,0410,233e,1,0,3f68102c,1,0,ff4afe91ffeb00b1fe36022bfc3b0129,1,1,0,1e5d0a171e5d0a171e5d0a171e5d0a17,1,0,00000000000000000000000000000000,1,0,23c1,0,0,0,23c1,0,0,fe9100b1022b0129,1,0,40e00410,0,1,0,ff4affebfe36fc3b,1,0,"Active","Active","Active","Active","Active","Inactive","Inactive","Active","_","Active","Stream Beat","Stream Beat","Stream Beat","Stream Beat","Stream Beat","No Streams","No Streams","Stream Beat","_","Stream Beat"
1926,1926,0,0,0,0,00000004,018001fb0028fe4f,0410,234a,1,0,3f5a2feb,1,0,ff640180fd2c01fbfc0b0028fd2ffe4f,1,1,0,1e5d0a171e5d0a171e5d0a171e5d0a17,1,0,00000000000000000000000000000000,1,0,23c1,0,0,0,23c1,0,0,018001fb0028fe4f,1,0,40e00410,0,1,0,ff64fd2cfc0bfd2f,1,0,"Active","Active","Active","Active","Active","Inactive","Inactive","Active","_","Active","Stream Beat","Stream Beat","Stream Beat","Stream Beat","Stream Beat","No Streams","No Streams","Stream Beat","_","Stream Beat"
1927,1927,0,0,0,0,00000004,0151ff18fe29ff77,0410,1d9b,1,0,3f9d2fe8,1,0,fc600151fc21ff18fe36fe29ffe7ff77,1,1,0,1e5d0a171e5d0a171e5d0a171e5d0a17,1,0,00000000000000000000000000000000,1,0,23c1,0,0,0,23c1,0,0,0151ff18fe29ff77,1,0,40e00410,0,1,0,fc60fc21fe36ffe7,1,0,"Active","Active","Active","Active","Active","Inactive","Inactive","Active","_","Active","Stream Beat","Stream Beat","Stream Beat","Stream Beat","Stream Beat","No Streams","No Streams","Stream Beat","_","Stream Beat"
1928,1928,0,0,0,0,00000004,fe69fe8000940218,0410,2352,1,0,3f9a1029,1,0,fd0cfe69ff2dfe80fff60094fe690218,1,1,0,1e5d0a171e5d0a171e5d0a171e5d0a17,1,0,00000000000000000000000000000000,1,0,23c1,0,0,0,23c1,0,0,fe69fe8000940218,1,0,40e00410,0,1,0,fd0cff2dfff6fe69,1,0,"Active","Active","Active","Active","Active","Inactive","Inactive","Active","_","Active","Stream Beat","Stream Beat","Stream Beat","Stream Beat","Stream Beat","No Streams","No Streams","Stream Beat","_","Stream Beat"
1929,1929,0,0,0,0,00000004,ff5b017502070053,0410,2a46,1,0,3f5c101f,1,0,ffd8ff5bff7d0175fd5f0207fc0b0053,1,1,0,1e5d0a171e5d0a171e5d0a171e5d0a17,1,0,00000000000000000000000000000000,1,0,23c1,0,0,0,23c1,0,0,ff5b017502070053,1,0,40e00410,0,1,0,ffd8ff7dfd5ffc0b,1,0,"Active","Active","Active","Active","Active","Inactive","Inactive","Active","_","Active","Stream Beat","Stream Beat","Stream Beat","Stream Beat","Stream Beat","No Streams","No Streams","Stream Beat","_","Stream Beat"
1930,1930,0,0,0,0,00000004,020a0172ff42fe28,0410,2352,1,0,3f692fe0,1,0,fe9b020afc7b0172fc01ff42fe0efe28,1,1,0,1e5d0a171e5d0a171e5d0a171e5d0a17,1,0,00000000000000000000000000000000,1,0,23c1,0,0,0,23c1,0,0,020a0172ff42fe28,1,0,40e00410,0,1,0,fe9bfc7bfc01fe0e,1,0,"Active","Active","Active","Active","Active","Inactive","Inactive","Active","_","Active","Stream Beat","Stream Beat","Stream Beat","Stream Beat","Stream Beat","No Streams","No Streams","Stream Beat","_","Stream Beat"
1931,1931,0,0,0,0,00000004,007cfe76fe6b0081,0410,1d9c,1,0,3fa91ff9,1,0,fc15007cfcc5fe76ff0efe6bfff90081,1,1,0,1e5d0a171e5d0a171e5d0a171e5d0a17,1,0,00000000000000000000000000000000,1,0,23c1,0,0,0,23c1,0,0,007cfe76fe6b0081,1,0,40e00410,0,1,0,fc15fcc5ff0efff9,1,0,"Active","Active","Active","Active","Active","Inactive","Inactive","Active","_","Active","Stream Beat","Stream Beat","Stream Beat","Stream Beat","Stream Beat","No Streams","No Streams","Stream Beat","_","Stream Beat"
1932,1932,0,0,0,0,00000004,fe27ff2d0170020e,0410,2a4e,1,0,3f8b1032,1,0,fddcfe27ffc5ff2dff8f0170fd95020e,1,1,0,1e5d0a171e5d0a171e5d0a171e5d0a17,1,0,00000000000000000000000000000000,1,0,23c1,0,0,0,23c1,0,0,fe27ff2d0170020e,1,0,40e00410,0,1,0,fddcffc5ff8ffd95,1,0,"Active","Active","Active","Active","Active","Inactive","Inactive","Active","_","Active","Stream Beat","Stream Beat","Stream Beat","Stream Beat","Stream Beat","No Streams","No Streams","Stream Beat","_","Stream Beat"
1933,1933,0,0,0,0,00000004,002e02040192ff73,0410,2a49,1,0,3f52200e,1,0,0002002efebb0204fca50192fc20ff73,1,1,0,1e5d0a171e5d0a171e5d0a171e5d0a17,1,0,00000000000000000000000000000000,1,0,23c1,0,0,0,23c1,0,0,002e02040192ff73,1,0,40e00410,0,1,0,0002febbfca5fc20,1,0,"Active","Active","Active","Active","Active","Inactive","Inactive","Active","_","Active","Stream Beat","Stream Beat","Stream Beat","Stream Beat","Stream Beat","No Streams","No Streams","Stream Beat","_","Stream Beat"
1934,1934,0,0,0,0,00000004,021b00adfe9cfe53,0410,1d91,1,0,3f7e1fdd,1,0,fdb7021bfc1900adfcc2fe9cfee0fe53,1,1,0,1e5d0a171e5d0a171e5d0a171e5d0a17,1,0,00000000000000000000000000000000,1,0,23c1,0,0,0,23c1,0,0,021b00adfe9cfe53,1,0,40e00410,0,1,0,fdb7fc19fcc2fee0,1,0,"Active","Active","Active","Active","Active","Inactive","Inactive","Active","_","Active","Stream Beat","Stream Beat","Stream Beat","Stream Beat","Stream Beat","No Streams","No Streams","Stream Beat","_","Stream Beat"
1935,1935,0,0,0,0,00000004,ffa0fe03fefb0142,0410,2361,1,0,3fac200d,1,0,fc04ffa0fd81fe03ffa5fefbffb00142,1,1,0,1e5d0a171e5d0a171e5d0a171e5d0a17,1,0,00000000000000000000000000000000,1,0,23c1,0,0,0,23c1,0,0,ffa0fe03fefb0142,1,0,40e00410,0,1,0,fc04fd81ffa5ffb0,1,0,"Active","Active","Active","Active","Active","Inactive","Inactive","Active","_","Active","Stream Beat","Stream Beat","Stream Beat","Stream Beat","Stream Beat","No Streams","No Streams","Stream Beat","_","Stream Beat"
1936,1936,0,0,0,0,00000004,fe3d000c01df01b7,0410,2a49,1,0,2f781033,1,0,feabfe3d0007000cfeed01dffcb801b7,1,1,0,1e5d0a171e5d0a171e5d0a171e5d0a17,1,0,00000000000000000000000000000000,1,0,23c1,0,0,0,23c1,0,0,fe3d000c01df01b7,1,0,40e00410,0,1,0,feab0007feedfcb8,1,0,"Active","Active","Active","Active","Active","Inactive","Inactive","Active","_","Active","Stream Beat","Stream Beat","Stream Beat","Stream Beat","Stream Beat","No Streams","No Streams","Stream Beat","_","Stream Beat"
1937,1937,0,0,0,0,00000004,0105020e00d8feb1,0410,2343,1,0,3f571ffb,1,0,ffcc0105fdf2020efc3c00d8fc9afeb1,1,1,0,1e5d0a171e5d0a171e5d0a171e5d0a17,1,0,00000000000000000000000000000000,1,0,23c1,0,0,0,23c1,0,0,0105020e00d8feb1,1,0,40c803b8,1,1,0,ffccfdf2fc3cfc9a,1,0,"Active","Active","Active","Active","Active","Inactive","Inactive","Active","Active","Active","Stream Beat","Stream Beat","Stream Beat","Stream Beat","Stream Beat","No Streams","No Streams","Stream Beat","Stream Beat","Stream Beat"
1938,1938,0,0,0,0,00000004,01c2ffcefe1bfecd,03b8,2361,1,0,3f8d2fde,1,0,fcf101c2fc01ffcefd63fe1bff87fecd,1,1,0,1e5d0a171e5d0a171e5d0a171e5d0a17,1,0,00000000000000000000000000000000,1,0,23c1,0,0,0,23c1,0,0,01c2ffcefe1bfecd,1,0,40c803b8,0,1,0,fcf1fc01fd63ff87,1,0,"Active","Active","Active","Active","Active","Inactive","Inactive","Active","_","Active","Stream Beat","Stream Beat","Stream Beat","Stream Beat","Stream Beat","No Streams","No Streams","Stream Beat","_","Stream Beat"
1939,1939,0,0,0,0,00000004,fee1fe1fffd401d1,03b8,2359,1,0,2fa5101d,1,0,fc88fee1fe80fe1ffff7ffd4ff1801d1,1,1,0,1e5d0a171e5d0a171e5d0a171e5d0a17,1,0,00000000000000000000000000000000,1,0,23c1,0,0,0,23c1,0,0,fee1fe1fffd401d1,1,0,40c803b8,0,1,0,fc88fe80fff7ff18,1,0,"Active","Active","Active","Active","Active","Inactive","Inactive","Active","_","Active","Stream Beat","Stream Beat","Stream Beat","Stream Beat","Stream Beat","No Streams","No Streams","Stream Beat","_","Stream Beat"
1940,1940,0,0,0,0,00000004,fea400f1021e00fd,03b8,2a44,1,0,3f691029,1,0,ff65fea4ffd900f1fe16021efc3e00fd,1,1,0,1e5d0a171e5d0a171e5d0a171e5d0a17,1,0,00000000000000000000000000000000,1,0,23c1,0,0,0,23c1,0,0,fea400f1021e00fd,1,0,40c803b8,0,1,0,ff65ffd9fe16fc3e,1,0,"Active","Active","Active","Active","Active","Inactive","Inactive","Active","_","Active","Stream Beat","Stream Beat","Stream Beat","Stream Beat","Stream Beat","No Streams","No Streams","Stream Beat","_","Stream Beat"
1941,1941,0,0,0,0,00000004,01c501e6fffbfe3e,03b8,234c,1,0,3f5d2fe7,1,0,ff3101c5fd0801e6fc14fffbfd56fe3e,1,1,0,1e5d0a171e5d0a171e5d0a171e5d0a17,1,0,00000000000000000000000000000000,1,0,23c1,0,0,0,23c1,0,0,01c501e6fffbfe3e,1,0,40c803b8,0,1,0,ff31fd08fc14fd56,1,0,"Active","Active","Active","Active","Active","Inactive","Inactive","Active","_","Active","Stream Beat","Stream Beat","Stream Beat","Stream Beat","Stream Beat","No Streams","No Streams","Stream Beat","_","Stream Beat"
1942,1942,0,0,0,0,00000004,0128fefbfe2dffae,03b8,1d9a,1,0,3fa12fea,1,0,fc580128fc5ffefbfe5ffe2dfff6ffae,1,1,0,1e5d0a171e5d0a171e5d0a171e5d0a17,1,0,00000000000000000000000000000000,1,0,23c1,0,0,0,23c1,0,0,0128fefbfe2dffae,1,0,40c803b8,0,1,0,fc58fc5ffe5ffff6,1,0,"Active","Active","Active","Active","Active","Inactive","Inactive","Active","_","Active","Stream Beat","Stream Beat","Stream Beat","Stream Beat","Stream Beat","No Streams","No Streams","Stream Beat","_","Stream Beat"
1943,1943,0,0,0,0,00000004,fe44fe7800bb0232,03b8,1f4a,1,0,3f99102b,1,0,fd13fe44ff3efe78ffeb00bbfe2c0232,1,1,0,1e5d0a171e5d0a171e5d0a171e5d0a17,1,0,00000000000000000000000000000000,1,0,23c1,0,0,0,23c1,0,0,fe44fe7800bb0232,1,0,40c803b8,0,1,0,fd13ff3effebfe2c,1,0,"Active","Active","Active","Active","Active","Inactive","Inactive","Active","_","Active","Stream Beat","Stream Beat","Stream Beat","Stream Beat","Stream Beat","No Streams","No Streams","Stream Beat","_","Stream Beat"
1944,1944,0,0,0,0,00000004,ff70019a01fc0026,03b8,2a46,1,0,3f5a201e,1,0,ffe4ff70ff5a019afd3101fcfc000026,1,1,0,1e5d0a171e5d0a171e5d0a171e5d0a17,1,0,00000000000000000000000000000000,1,0,23c1,0,0,0,23c1,0,0,ff70019a01fc0026,1,0,40c803b8,0,1,0,ffe4ff5afd31fc00,1,0,"Active","Active","Active","Active","Active","Inactive","Inactive","Active","_","Active","Stream Beat","Stream Beat","Stream Beat","Stream Beat","Stream Beat","No Streams","No Streams","Stream Beat","_","Stream Beat"
1945,1945,0,0,0,0,00000004,0210014dff1efe28,03b8,1d8a,1,0,3f702fdf,1,0,fe780210fc60014dfc20ff1efe39fe28,1,1,0,1e5d0a171e5d0a171e5d0a171e5d0a17,1,0,00000000000000000000000000000000,1,0,23c1,0,0,0,23c1,0,0,0210014dff1efe28,1,0,40c803b8,0,1,0,fe78fc60fc20fe39,1,0,"Active","Active","Active","Active","Active","Inactive","Inactive","Active","_","Active","Stream Beat","Stream Beat","Stream Beat","Stream Beat","Stream Beat","No Streams","No Streams","Stream Beat","_","Stream Beat"
1946,1946,0,0,0,0,00000004,0053fe70fe8b0091,03b8,1d9b,1,0,3fa61ffa,1,0,fc020053fd0efe70ff38fe8bfff10091,1,1,0,1e5d0a171e5d0a171e5d0a171e5d0a17,1,0,00000000000000000000000000000000,1,0,23c1,0,0,0,23c1,0,0,0053fe70fe8b0091,1,0,40c803b8,0,1,0,fc02fd0eff38fff1,1,0,"Active","Active","Active","Active","Active","Inactive","Inactive","Active","_","Active","Stream Beat","Stream Beat","Stream Beat","Stream Beat","Stream Beat","No Streams","No Streams","Stream Beat","_","Stream Beat"
1947,1947,0,0,0,0,00000004,fe1aff4001800206,03b8,2a4d,1,0,3f861032,1,0,fdfafe1affd4ff40ff770180fd660206,1,1,0,1e5d0a171e5d0a171e5d0a171e5d0a17,1,0,00000000000000000000000000000000,1,0,23c1,0,0,0,23c1,0,0,fe1aff4001800206,1,0,40c803b8,0,1,0,fdfaffd4ff77fd66,1,0,"Active","Active","Active","Active","Active","Inactive","Inactive","Active","_","Active","Stream Beat","Stream Beat","Stream Beat","Stream Beat","Stream Beat","No Streams","No Streams","Stream Beat","_","Stream Beat"
1948,1948,0,0,0,0,00000004,0054021a0178ff46,03b8,2a4a,1,0,3f53200a,1,0,ffff0054fe8c021afc7b0178fc1eff46,1,1,0,1e5d0a171e5d0a171e5d0a171e5d0a17,1,0,00000000000000000000000000000000,1,0,23c1,0,0,0,23c1,0,0,0054021a0178ff46,1,0,40c803b8,0,1,0,fffffe8cfc7bfc1e,1,0,"Active","Active","Active","Active","Active","Inactive","Inactive","Active","_","Active","Stream Beat","Stream Beat","Stream Beat","Stream Beat","Stream Beat","No Streams","No Streams","Stream Beat","_","Stream Beat"
1949,1949,0,0,0,0,00000004,02330086fe7dfe58,03b8,1d91,1,0,3f831fdd,1,0,fd640233fbf50086fcdefe7dfefcfe58,1,1,0,1e5d0a171e5d0a171e5d0a171e5d0a17,1,0,00000000000000000000000000000000,1,0,23c1,0,0,0,23c1,0,0,02330086fe7dfe58,1,0,40c803b8,0,1,0,fd64fbf5fcdefefc,1,0,"Active","Active","Active","Active","Active","Inactive","Inactive","Active","_","Active","Stream Beat","Stream Beat","Stream Beat","Stream Beat","Stream Beat","No Streams","No Streams","Stream Beat","_","Stream Beat"
1950,1950,0,0,0,0,00000004,ff76fe14ff2c016c,03b8,235f,1,0,3faa200e,1,0,fc2bff76fdc6fe14ffc3ff2cff93016c,1,1,0,1e5d0a171e5d0a171e5d0a171e5d0a17,1,0,00000000000000000000000000000000,1,0,23c1,0,0,0,23c1,0,0,ff76fe14ff2c016c,1,0,40c803b8,0,1,0,fc2bfdc6ffc3ff93,1,0,"Active","Active","Active","Active","Active","Inactive","Inactive","Active","_","Active","Stream Beat","Stream Beat","Stream Beat","Stream Beat","Stream Beat","No Streams","No Streams","Stream Beat","_","Stream Beat"
1951,1951,0,0,0,0,00000004,fe31001c01fa0187,03b8,2a47,1,0,3f721032,1,0,fec8fe310000001cfec301fafcc10187,1,1,0,1e5d0a171e5d0a171e5d0a171e5d0a17,1,0,00000000000000000000000000000000,1,0,23c1,0,0,0,23c1,0,0,fe31001c01fa0187,1,0,40c803b8,0,1,0,fec80000fec3fcc1,1,0,"Active","Active","Active","Active","Active","Inactive","Inactive","Active","_","Active","Stream Beat","Stream Beat","Stream Beat","Stream Beat","Stream Beat","No Streams","No Streams","Stream Beat","_","Stream Beat"
1952,1952,0,0,0,0,00000004,013a020b00b3fe97,03b8,2345,1,0,3f531ff8,1,0,ffb3013afdc9020bfc0000b3fcb2fe97,1,1,0,1e5d0a171e5d0a171e5d0a171e5d0a17,1,0,00000000000000000000000000000000,1,0,23c1,0,0,0,23c1,0,0,013a020b00b3fe97,1,0,40c803b8,0,1,0,ffb3fdc9fc00fcb2,1,0,"Active","Active","Active","Active","Active","Inactive","Inactive","Active","_","Active","Stream Beat","Stream Beat","Stream Beat","Stream Beat","Stream Beat","No Streams","No Streams","Stream Beat","_","Stream Beat"
1953,1953,0,0,0,0,00000004,01a7ffa3fe27fefe,03b8,2361,1,0,3f942fe2,1,0,fcde01a7fc2dffa3fda9fe27ffa7fefe,1,1,0,1e5d0a171e5d0a171e5d0a171e5d0a17,1,0,00000000000000000000000000000000,1,0,23c1,0,0,0,23c1,0,0,01a7ffa3fe27fefe,1,0,40c803b8,0,1,0,fcdefc2dfda9ffa7,1,0,"Active","Active","Active","Active","Active","Inactive","Inactive","Active","_","Active","Stream Beat","Stream Beat","Stream Beat","Stream Beat","Stream Beat","No Streams","No Streams","Stream Beat","_","Stream Beat"
1954,1954,0,0,0,0,00000004,feb9fe4ffff301ed,03b8,2357,1,0,2fa4101c,1,0,fc95feb9febffe4f0002fff3fee701ed,1,1,0,1e5d0a171e5d0a171e5d0a171e5d0a17,1,0,00000000000000000000000000000000,1,0,23c1,0,0,0,23c1,0,0,feb9fe4ffff301ed,1,0,40c803b8,0,1,0,fc95febf0002fee7,1,0,"Active","Active","Active","Active","Active","Inactive","Inactive","Active","_","Active","Stream Beat","Stream Beat","Stream Beat","Stream Beat","Stream Beat","No Streams","No Streams","Stream Beat","_","Stream Beat"
1955,1955,0,0,0,0,00000004,fef20101022900da,03b8,27bd,1,0,3f621028,1,0,ff9dfef2ffc50101fde40229fc1400da,1,1,0,1e5d0a171e5d0a171e5d0a171e5d0a17,1,0,00000000000000000000000000000000,1,0,23c1,0,0,0,23c1,0,0,fef20101022900da,1,0,40c803b8,0,1,0,ff9dffc5fde4fc14,1,0,"Active","Active","Active","Active","Active","Inactive","Inactive","Active","_","Active","Stream Beat","Stream Beat","Stream Beat","Stream Beat","Stream Beat","No Streams","No Streams","Stream Beat","_","Stream Beat"
1956,1956,0,0,0,0,00000004,01c401ccffc9fe38,03b8,234d,1,0,3f652fe6,1,0,ff1a01c4fcee01ccfbf3ffc9fd7cfe38,1,1,0,1e5d0a171e5d0a171e5d0a171e5d0a17,1,0,00000000000000000000000000000000,1,0,23c1,0,0,0,23c1,0,0,01c401ccffc9fe38,1,0,40c803b8,0,1,0,ff1afceefbf3fd7c,1,0,"Active","Active","Active","Active","Active","Inactive","Inactive","Active","_","Active","Stream Beat","Stream Beat","Stream Beat","Stream Beat","Stream Beat","No Streams","No Streams","Stream Beat","_","Stream Beat"
1957,1957,0,0,0,0,00000004,010dfedbfe2fffe5,03b8,1d9b,1,0,2fa32fee,1,0,fc1c010dfc7cfedbfe87fe2ffffdffe5,1,1,0,1e5d0a171e5d0a171e5d0a171e5d0a17,1,0,00000000000000000000000000000000,1,0,23c1,0,0,0,23c1,0,0,010dfedbfe2fffe5,1,0,40c803b8,0,1,0,fc1cfc7cfe87fffd,1,0,"Active","Active","Active","Active","Active","Inactive","Inactive","Active","_","Active","Stream Beat","Stream Beat","Stream Beat","Stream Beat","Stream Beat","No Streams","No Streams","Stream Beat","_","Stream Beat"
1958,1958,0,0,0,0,00000004,fe2bfea600d20217,03b8,27d3,1,0,3f95102f,1,0,fd43fe2bff5efea6ffe600d2fe160217,1,1,0,1e5d0a171e5d0a171e5d0a171e5d0a17,1,0,00000000000000000000000000000000,1,0,23c1,0,0,0,23c1,0,0,fe2bfea600d20217,1,0,40c803b8,0,1,0,fd43ff5effe6fe16,1,0,"Active","Active","Active","Active","Active","Inactive","Inactive","Active","_","Active","Stream Beat","Stream Beat","Stream Beat","Stream Beat","Stream Beat","No Streams","No Streams","Stream Beat","_","Stream Beat"
1959,1959,0,0,0,0,00000004,ff9f01ad01cb0004,03b8,2a47,1,0,3f572019,1,0,ffeaff9fff4601adfd2701cbfc080004,1,1,0,1e5d0a171e5d0a171e5d0a171e5d0a17,1,0,00000000000000000000000000000000,1,0,23c1,0,0,0,23c1,0,0,ff9f01ad01cb0004,1,0,40c803b8,0,1,0,ffeaff46fd27fc08,1,0,"Active","Active","Active","Active","Active","Inactive","Inactive","Active","_","Active","Stream Beat","Stream Beat","Stream Beat","Stream Beat","Stream Beat","No Streams","No Streams","Stream Beat","_","Stream Beat"
1960,1960,0,0,0,0,00000004,02250132fef8fe25,03b8,1d8c,1,0,3f712fdf,1,0,fe410225fc230132fc30fef8fe63fe25,1,1,0,1e5d0a171e5d0a171e5d0a171e5d0a17,1,0,00000000000000000000000000000000,1,0,23c1,0,0,0,23c1,0,0,02250132fef8fe25,1,0,40c803b8,0,1,0,fe41fc23fc30fe63,1,0,"Active","Active","Active","Active","Active","Inactive","Inactive","Active","_","Active","Stream Beat","Stream Beat","Stream Beat","Stream Beat","Stream Beat","No Streams","No Streams","Stream Beat","_","Stream Beat"
1961,1961,0,0,0,0,00000004,0022fe4efeac00d3,03b8,1d9c,1,0,3fa91ffb,1,0,fbfb0022fd18fe4eff5dfeacffe300d3,1,1,0,1e5d0a171e5d0a171e5d0a171e5d0a17,1,0,00000000000000000000000000000000,1,0,23c1,0,0,0,23c1,0,0,0022fe4efeac00d3,1,0,40c803b8,0,1,0,fbfbfd18ff5dffe3,1,0,"Active","Active","Active","Active","Active","Inactive","Inactive","Active","_","Active","Stream Beat","Stream Beat","Stream Beat","Stream Beat","Stream Beat","No Streams","No Streams","Stream Beat","_","Stream Beat"
1962,1962,0,0,0,0,00000004,fe2aff70017c0202,03b8,2a4c,1,0,3f851031,1,0,fe2cfe2affedff70ff5e017cfd370202,1,1,0,1e5d0a171e5d0a171e5d0a171e5d0a17,1,0,00000000000000000000000000000000,1,0,23c1,0,0,0,23c1,0,0,fe2aff70017c0202,1,0,40c803b8,0,1,0,fe2cffedff5efd37,1,0,"Active","Active","Active","Active","Active","Inactive","Inactive","Active","_","Active","Stream Beat","Stream Beat","Stream Beat","Stream Beat","Stream Beat","No Streams","No Streams","Stream Beat","_","Stream Beat"
1963,1963,0,0,0,0,00000004,007c02170158ff1b,03b8,2340,1,0,3f4f2007,1,0,fffa007cfe690217fc5f0158fc38ff1b,1,1,0,1e5d0a171e5d0a171e5d0a171e5d0a17,1,0,00000000000000000000000000000000,1,0,23c1,0,0,0,23c1,0,0,007c02170158ff1b,1,0,40c803b8,0,1,0,fffafe69fc5ffc38,1,0,"Active","Active","Active","Active","Active","Inactive","Inactive","Active","_","Active","Stream Beat","Stream Beat","Stream Beat","Stream Beat","Stream Beat","No Streams","No Streams","Stream Beat","_","Stream Beat"
1964,1964,0,0,0,0,00000004,0204005bfe50fe76,03b8,1d93,1,0,3f851fde,1,0,fd610204fbed005bfcdbfe50ff24fe76,1,1,0,1e5d0a171e5d0a171e5d0a171e5d0a17,1,0,00000000000000000000000000000000,1,0,23c1,0,0,0,23c1,0,0,0204005bfe50fe76,1,0,40c803b8,0,1,0,fd61fbedfcdbff24,1,0,"Active","Active","Active","Active","Active","Inactive","Inactive","Active","_","Active","Stream Beat","Stream Beat","Stream Beat","Stream Beat","Stream Beat","No Streams","No Streams","Stream Beat","_","Stream Beat"
1965,1965,0,0,0,0,00000004,ff56fe2bff4f0179,03b8,235e,1,0,3faa2011,1,0,fc33ff56fe17fe2bffcfff4fff820179,1,1,0,1e5d0a171e5d0a171e5d0a171e5d0a17,1,0,00000000000000000000000000000000,1,0,23c1,0,0,0,23c1,0,0,ff56fe2bff4f0179,1,0,40c803b8,0,1,0,fc33fe17ffcfff82,1,0,"Active","Active","Active","Active","Active","Inactive","Inactive","Active","_","Active","Stream Beat","Stream Beat","Stream Beat","Stream Beat","Stream Beat","No Streams","No Streams","Stream Beat","_","Stream Beat"
1966,1966,0,0,0,0,00000004,fe5700500210016e,03b8,2a46,1,0,3f6f1030,1,0,ff00fe57fff90050fe9e0210fc7e016e,1,1,0,1e5d0a171e5d0a171e5d0a171e5d0a17,1,0,00000000000000000000000000000000,1,0,23c1,0,0,0,23c1,0,0,fe5700500210016e,1,0,40c803b8,0,1,0,ff00fff9fe9efc7e,1,0,"Active","Active","Active","Active","Active","Inactive","Inactive","Active","_","Active","Stream Beat","Stream Beat","Stream Beat","Stream Beat","Stream Beat","No Streams","No Streams","Stream Beat","_","Stream Beat"
1967,1967,0,0,0,0,00000004,015902050088fe7a,03b8,2347,1,0,3f541ff2,1,0,ff9e0159fd9b0205fbef0088fcccfe7a,1,1,0,1e5d0a171e5d0a171e5d0a171e5d0a17,1,0,00000000000000000000000000000000,1,0,23c1,0,0,0,23c1,0,0,015902050088fe7a,1,0,40c803b8,0,1,0,ff9efd9bfbeffccc,1,0,"Active","Active","Active","Active","Active","Inactive","Inactive","Active","_","Active","Stream Beat","Stream Beat","Stream Beat","Stream Beat","Stream Beat","No Streams","No Streams","Stream Beat","_","Stream Beat"
1968,1968,0,0,0,0,00000004,018eff82fe26ff33,03b8,2362,1,0,3f992fe4,1,0,fca3018efc3aff82fde4fe26ffbfff33,1,1,0,1e5d0a171e5d0a171e5d0a171e5d0a17,1,0,00000000000000000000000000000000,1,0,23c1,0,0,0,23c1,0,0,018eff82fe26ff33,1,0,40c803b8,0,1,0,fca3fc3afde4ffbf,1,0,"Active","Active","Active","Active","Active","Inactive","Inactive","Active","_","Active","Stream Beat","Stream Beat","Stream Beat","Stream Beat","Stream Beat","No Streams","No Streams","Stream Beat","_","Stream Beat"
1969,1969,0,0,0,0,00000004,fe9afe42003a0217,03b8,2357,1,0,3fa11022,1,0,fcaefe9afed8fe42fffc003afeba0217,1,1,0,1e5d0a171e5d0a171e5d0a171e5d0a17,1,0,00000000000000000000000000000000,1,0,23c1,0,0,0,23c1,0,0,fe9afe42003a0217,1,0,40c803b8,0,1,0,fcaefed8fffcfeba,1,0,"Active","Active","Active","Active","Active","Inactive","Inactive","Active","_","Active","Stream Beat","Stream Beat","Stream Beat","Stream Beat","Stream Beat","No Streams","No Streams","Stream Beat","_","Stream Beat"
1970,1970,0,0,0,0,00000004,ff060128022200b1,03b8,2a44,1,0,3f5f1026,1,0,ffabff06ffb50128fdb50222fc0a00b1,1,1,0,1e5d0a171e5d0a171e5d0a171e5d0a17,1,0,00000000000000000000000000000000,1,0,23c1,0,0,0,23c1,0,0,ff060128022200b1,1,0,40c803b8,0,1,0,ffabffb5fdb5fc0a,1,0,"Active","Active","Active","Active","Active","Inactive","Inactive","Active","_","Active","Stream Beat","Stream Beat","Stream Beat","Stream Beat","Stream Beat","No Streams","No Streams","Stream Beat","_","Stream Beat"
1971,1971,0,0,0,0,00000004,01d901acffa2fe2b,03b8,234e,1,0,3f682fe6,1,0,fef101d9fcd701acfc16ffa2fdabfe2b,1,1,0,1e5d0a171e5d0a171e5d0a171e5d0a17,1,0,00000000000000000000000000000000,1,0,23c1,0,0,0,23c1,0,0,01d901acffa2fe2b,1,0,40c803b8,0,1,0,fef1fcd7fc16fdab,1,0,"Active","Active","Active","Active","Active","Inactive","Inactive","Active","_","Active","Stream Beat","Stream Beat","Stream Beat","Stream Beat","Stream Beat","No Streams","No Streams","Stream Beat","_","Stream Beat"
1972,1972,0,0,0,0,00000004,00defeb1fe440000,03b8,1d9b,1,0,3fa31ff2,1,0,fc2500defc8afeb1feb1fe4400050000,1,1,0,1e5d0a171e5d0a171e5d0a171e5d0a17,1,0,00000000000000000000000000000000,1,0,23c1,0,0,0,23c1,0,0,00defeb1fe440000,1,0,40c803b8,0,1,0,fc25fc8afeb10005,1,0,"Active","Active","Active","Active","Active","Inactive","Inactive","Active","_","Active","Stream Beat","Stream Beat","Stream Beat","Stream Beat","Stream Beat","No Streams","No Streams","Stream Beat","_","Stream Beat"
1973,1973,0,0,0,0,00000004,fe1dfed600ef0226,03b8,27d4,1,0,3f911030,1,0,fd66fe1dff88fed6ffd100effddf0226,1,1,0,1e5d0a171e5d0a171e5d0a171e5d0a17,1,0,00000000000000000000000000000000,1,0,23c1,0,0,0,23c1,0,0,fe1dfed600ef0226,1,0,40c803b8,0,1,0,fd66ff88ffd1fddf,1,0,"Active","Active","Active","Active","Active","Inactive","Inactive","Active","_","Active","Stream Beat","Stream Beat","Stream Beat","Stream Beat","Stream Beat","No Streams","No Streams","Stream Beat","_","Stream Beat"
1974,1974,0,0,0,0,00000004,ffd001c001caffd3,03b8,2a47,1,0,3f582015,1,0,fff8ffd0ff2201c0fce401cafbe2ffd3,1,1,0,1e5d0a171e5d0a171e5d0a171e5d0a17,1,0,00000000000000000000000000000000,1,0,23c1,0,0,0,23c1,0,0,ffd001c001caffd3,1,0,40c803b8,0,1,0,fff8ff22fce4fbe2,1,0,"Active","Active","Active","Active","Active","Inactive","Inactive","Active","_","Active","Stream Beat","Stream Beat","Stream Beat","Stream Beat","Stream Beat","No Streams","No Streams","Stream Beat","_","Stream Beat"
1975,1975,0,0,0,0,00000004,022500fffedbfe08,03b8,1d8f,1,0,2f761fdd,1,0,fe180225fc3f00fffc71fedbfe69fe08,1,1,0,1e5d0a171e5d0a171e5d0a171e5d0a17,1,0,00000000000000000000000000000000,1,0,23c1,0,0,0,23c1,0,0,022500fffedbfe08,1,0,40c803b8,0,1,0,fe18fc3ffc71fe69,1,0,"Active","Active","Active","Active","Active","Inactive","Inactive","Active","_","Active","Stream Beat","Stream Beat","Stream Beat","Stream Beat","Stream Beat","No Streams","No Streams","Stream Beat","_","Stream Beat"
1976,1976,0,0,0,0,00000004,fff6fe41febc00df,03b8,1908,1,0,3fa92000,1,0,fbf0fff6fd44fe41ff79febcffd600df,1,1,0,1e5d0a171e5d0a171e5d0a171e5d0a17,1,0,00000000000000000000000000000000,1,0,23c1,0,0,0,23c1,0,0,fff6fe41febc00df,1,0,40c803b8,0,1,0,fbf0fd44ff79ffd6,1,0,"Active","Active","Active","Active","Active","Inactive","Inactive","Active","_","Active","Stream Beat","Stream Beat","Stream Beat","Stream Beat","Stream Beat","No Streams","No Streams","Stream Beat","_","Stream Beat"
1977,1977,0,0,0,0,00000004,fe1cffb001af01da,03b8,2a4a,1,0,3f7e2032,1,0,fe54fe1cfff5ffb0ff3b01affd2b01da,1,1,0,1e5d0a171e5d0a171e5d0a171e5d0a17,1,0,00000000000000000000000000000000,1,0,23c1,0,0,0,23c1,0,0,fe1cffb001af01da,1,0,40c803b8,0,1,0,fe54fff5ff3bfd2b,1,0,"Active","Active","Active","Active","Active","Inactive","Inactive","Active","_","Active","Stream Beat","Stream Beat","Stream Beat","Stream Beat","Stream Beat","No Streams","No Streams","Stream Beat","_","Stream Beat"
1978,1978,0,0,0,0,00000004,00ae0225012cff00,03b8,2341,1,0,3f532000,1,0,ffe800aefe430225fc3f012cfc50ff00,1,1,0,1e5d0a171e5d0a171e5d0a171e5d0a17,1,0,00000000000000000000000000000000,1,0,23c1,0,0,0,23c1,0,0,00ae0225012cff00,1,0,40c803b8,0,1,0,ffe8fe43fc3ffc50,1,0,"Active","Active","Active","Active","Active","Inactive","Inactive","Active","_","Active","Stream Beat","Stream Beat","Stream Beat","Stream Beat","Stream Beat","No Streams","No Streams","Stream Beat","_","Stream Beat"
1979,1979,0,0,0,0,00000004,01fa002afe5efe83,03b8,1d94,1,0,3f882fdd,1,0,fd3201fafc11002afd3afe5eff46fe83,1,1,0,1e5d0a171e5d0a171e5d0a171e5d0a17,1,0,00000000000000000000000000000000,1,0,23c1,0,0,0,23c1,0,0,01fa002afe5efe83,1,0,40c803b8,0,1,0,fd32fc11fd3aff46,1,0,"Active","Active","Active","Active","Active","Inactive","Inactive","Active","_","Active","Stream Beat","Stream Beat","Stream Beat","Stream Beat","Stream Beat","No Streams","No Streams","Stream Beat","_","Stream Beat"
1980,1980,0,0,0,0,00000004,ff2bfe22ff5e0183,03b8,235e,1,0,3faa2015,1,0,fc42ff2bfe36fe22ffdbff5eff6a0183,1,1,0,1e5d0a171e5d0a171e5d0a171e5d0a17,1,0,00000000000000000000000000000000,1,0,23c1,0,0,0,23c1,0,0,ff2bfe22ff5e0183,1,0,40c803b8,0,1,0,fc42fe36ffdbff6a,1,0,"Active","Active","Active","Active","Active","Inactive","Inactive","Active","_","Active","Stream Beat","Stream Beat","Stream Beat","Stream Beat","Stream Beat","No Streams","No Streams","Stream Beat","_","Stream Beat"
1981,1981,0,0,0,0,00000004,fe7a007a020d0158,03b8,2a47,1,0,3f6b102f,1,0,ff27fe7afff7007afe79020dfc4b0158,1,1,0,1e5d0a171e5d0a171e5d0a171e5d0a17,1,0,00000000000000000000000000000000,1,0,23c1,0,0,0,23c1,0,0,fe7a007a020d0158,1,0,40c803b8,0,1,0,ff27fff7fe79fc4b,1,0,"Active","Active","Active","Active","Active","Inactive","Inactive","Active","_","Active","Stream Beat","Stream Beat","Stream Beat","Stream Beat","Stream Beat","No Streams","No Streams","Stream Beat","_","Stream Beat"
1982,1982,0,0,0,0,00000004,016f02100058fe5d,03b8,2347,1,0,3f5c1ff0,1,0,ff7f016ffd5a0210fc090058fcf0fe5d,1,1,0,1e5d0a171e5d0a171e5d0a171e5d0a17,1,0,00000000000000000000000000000000,1,0,23c1,0,0,0,23c1,0,0,016f02100058fe5d,1,0,40c803b8,0,1,0,ff7ffd5afc09fcf0,1,0,"Active","Active","Active","Active","Active","Inactive","Inactive","Active","_","Active","Stream Beat","Stream Beat","Stream Beat","Stream Beat","Stream Beat","No Streams","No Streams","Stream Beat","_","Stream Beat"
1983,1983,0,0,0,0,00000004,0176ff4dfe23ff4c,03b8,2362,1,0,3f9b2fe2,1,0,fc7e0176fc24ff4dfe02fe23ffd6ff4c,1,1,0,1e5d0a171e5d0a171e5d0a171e5d0a17,1,0,00000000000000000000000000000000,1,0,23c1,0,0,0,23c1,0,0,0176ff4dfe23ff4c,1,0,40c803b8,0,1,0,fc7efc24fe02ffd6,1,0,"Active","Active","Active","Active","Active","Inactive","Inactive","Active","_","Active","Stream Beat","Stream Beat","Stream Beat","Stream Beat","Stream Beat","No Streams","No Streams","Stream Beat","_","Stream Beat"
1984,1984,0,0,0,0,00000004,fe76fe5e00670208,03b8,2355,1,0,3f9e1025,1,0,fcc6fe76ff01fe5efffb0067fea00208,1,1,0,1e5d0a171e5d0a171e5d0a171e5d0a17,1,0,00000000000000000000000000000000,1,0,23c1,0,0,0,23c1,0,0,fe76fe5e00670208,1,0,40c803b8,0,1,0,fcc6ff01fffbfea0,1,0,"Active","Active","Active","Active","Active","Inactive","Inactive","Active","_","Active","Stream Beat","Stream Beat","Stream Beat","Stream Beat","Stream Beat","No Streams","No Streams","Stream Beat","_","Stream Beat"
1985,1985,0,0,0,0,00000004,ff22015c020f008b,03b8,2a45,1,0,3f5d1023,1,0,ffb2ff22ffa3015cfd8a020ffbfd008b,1,1,0,1e5d0a171e5d0a171e5d0a171e5d0a17,1,0,00000000000000000000000000000000,1,0,23c1,0,0,0,23c1,0,0,ff22015c020f008b,1,0,40c803b8,0,1,0,ffb2ffa3fd8afbfd,1,0,"Active","Active","Active","Active","Active","Inactive","Inactive","Active","_","Active","Stream Beat","Stream Beat","Stream Beat","Stream Beat","Stream Beat","No Streams","No Streams","Stream Beat","_","Stream Beat"
1986,1986,0,0,0,0,00000004,01f7018eff85fe09,03b8,2350,1,0,3f672fe3,1,0,fece01f7fc9f018efc20ff85fdcafe09,1,1,0,1e5d0a171e5d0a171e5d0a171e5d0a17,1,0,00000000000000000000000000000000,1,0,23c1,0,0,0,23c1,0,0,01f7018eff85fe09,1,0,40c803b8,0,1,0,fecefc9ffc20fdca,1,0,"Active","Active","Active","Active","Active","Inactive","Inactive","Active","_","Active","Stream Beat","Stream Beat","Stream Beat","Stream Beat","Stream Beat","No Streams","No Streams","Stream Beat","_","Stream Beat"
1987,1987,0,0,0,0,00000004,00b2fe99fe4b0022,03b8,1d9c,1,0,3fa61ff4,1,0,fc3000b2fcbafe99fed6fe4bffff0022,1,1,0,1e5d0a171e5d0a171e5d0a171e5d0a17,1,0,00000000000000000000000000000000,1,0,23c1,0,0,0,23c1,0,0,00b2fe99fe4b0022,1,0,40c803b8,0,1,0,fc30fcbafed6ffff,1,0,"Active","Active","Active","Active","Active","Inactive","Inactive","Active","_","Active","Stream Beat","Stream Beat","Stream Beat","Stream Beat","Stream Beat","No Streams","No Streams","Stream Beat","_","Stream Beat"
1988,1988,0,0,0,0,00000004,fe2afef001410212,03b8,2a51,1,0,3f8d1031,1,0,fdb2fe2aff9dfef0ffb60141fdbe0212,1,1,0,1e5d0a171e5d0a171e5d0a171e5d0a17,1,0,00000000000000000000000000000000,1,0,23c1,0,0,0,23c1,0,0,fe2afef001410212,1,0,40c803b8,0,1,0,fdb2ff9dffb6fdbe,1,0,"Active","Active","Active","Active","Active","Inactive","Inactive","Active","_","Active","Stream Beat","Stream Beat","Stream Beat","Stream Beat","Stream Beat","No Streams","No Streams","Stream Beat","_","Stream Beat"
1989,1989,0,0,0,0,00000004,fffb01e401a5ffa7,03b8,2a47,1,0,3f552011,1,0,fff9fffbfef801e4fcd601a5fbf6ffa7,1,1,0,1e5d0a171e5d0a171e5d0a171e5d0a17,1,0,00000000000000000000000000000000,1,0,23c1,0,0,0,23c1,0,0,fffb01e401a5ffa7,1,0,40c803b8,0,1,0,fff9fef8fcd6fbf6,1,0,"Active","Active","Active","Active","Active","Inactive","Inactive","Active","_","Active","Stream Beat","Stream Beat","Stream Beat","Stream Beat","Stream Beat","No Streams","No Streams","Stream Beat","_","Stream Beat"
1990,1990,0,0,0,0,00000004,021b00cffec2fe22,03b8,1d8f,1,0,3f7b1fdb,1,0,fdfb021bfc3c00cffc91fec2fea6fe22,1,1,0,1e5d0a171e5d0a171e5d0a171e5d0a17,1,0,00000000000000000000000000000000,1,0,23c1,0,0,0,23c1,0,0,021b00cffec2fe22,1,0,40c803b8,0,1,0,fdfbfc3cfc91fea6,1,0,"Active","Active","Active","Active","Active","Inactive","Inactive","Active","_","Active","Stream Beat","Stream Beat","Stream Beat","Stream Beat","Stream Beat","No Streams","No Streams","Stream Beat","_","Stream Beat"
1991,1991,0,0,0,0,00000004,ffd0fe2efeb800fc,03b8,2360,1,0,3fac2006,1,0,fbe0ffd0fd71fe2eff84feb8ffc500fc,1,1,0,1e5d0a171e5d0a171e5d0a171e5d0a17,1,0,00000000000000000000000000000000,1,0,23c1,0,0,0,23c1,0,0,ffd0fe2efeb800fc,1,0,40c803b8,0,1,0,fbe0fd71ff84ffc5,1,0,"Active","Active","Active","Active","Active","Inactive","Inactive","Active","_","Active","Stream Beat","Stream Beat","Stream Beat","Stream Beat","Stream Beat","No Streams","No Streams","Stream Beat","_","Stream Beat"
1992,1992,0,0,0,0,00000004,fe22ffe301d201cd,03b8,2a49,1,0,3f7b2032,1,0,fe7cfe22fffaffe3ff1901d2fce701cd,1,1,0,1e5d0a171e5d0a171e5d0a171e5d0a17,1,0,00000000000000000000000000000000,1,0,23c1,0,0,0,23c1,0,0,fe22ffe301d201cd,1,0,40c803b8,0,1,0,fe7cfffaff19fce7,1,0,"Active","Active","Active","Active","Active","Inactive","Inactive","Active","_","Active","Stream Beat","Stream Beat","Stream Beat","Stream Beat","Stream Beat","No Streams","No Streams","Stream Beat","_","Stream Beat"
1993,1993,0,0,0,0,00000004,00cd02240105feda,03b8,2343,1,0,3f561ffc,1,0,ffdc00cdfe170224fc350105fc6bfeda,1,1,0,1e5d0a171e5d0a171e5d0a171e5d0a17,1,0,00000000000000000000000000000000,1,0,23c1,0,0,0,23c1,0,0,00cd02240105feda,1,0,40c803b8,0,1,0,ffdcfe17fc35fc6b,1,0,"Active","Active","Active","Active","Active","Inactive","Inactive","Active","_","Active","Stream Beat","Stream Beat","Stream Beat","Stream Beat","Stream Beat","No Streams","No Streams","Stream Beat","_","Stream Beat"
1994,1994,0,0,0,0,00000004,01defffbfe51fea2,03b8,1f58,1,0,3f892fdb,1,0,fd2001defbe3fffbfd62fe51ff69fea2,1,1,0,1e5d0a171e5d0a171e5d0a171e5d0a17,1,0,00000000000000000000000000000000,1,0,23c1,0,0,0,23c1,0,0,01defffbfe51fea2,1,0,40c803b8,0,1,0,fd20fbe3fd62ff69,1,0,"Active","Active","Active","Active","Active","Inactive","Inactive","Active","_","Active","Stream Beat","Stream Beat","Stream Beat","Stream Beat","Stream Beat","No Streams","No Streams","Stream Beat","_","Stream Beat"
1995,1995,0,0,0,0,00000004,ff01fe33ff9b01a2,03b8,235c,1,0,3fa7201a,1,0,fc4fff01fe68fe33ffefff9bff4401a2,1,1,0,1e5d0a171e5d0a171e5d0a171e5d0a17,1,0,00000000000000000000000000000000,1,0,23c1,0,0,0,23c1,0,0,ff01fe33ff9b01a2,1,0,40c803b8,0,1,0,fc4ffe68ffefff44,1,0,"Active","Active","Active","Active","Active","Inactive","Inactive","Active","_","Active","Stream Beat","Stream Beat","Stream Beat","Stream Beat","Stream Beat","No Streams","No Streams","Stream Beat","_","Stream Beat"
1996,1996,0,0,0,0,00000004,fe9e00b1022c0129,03b8,233f,1,0,3f69102d,1,0,ff4efe9effec00b1fe3a022cfc520129,1,1,0,1e5d0a171e5d0a171e5d0a171e5d0a17,1,0,00000000000000000000000000000000,1,0,23c1,0,0,0,23c1,0,0,fe9e00b1022c0129,1,0,40c803b8,0,1,0,ff4effecfe3afc52,1,0,"Active","Active","Active","Active","Active","Inactive","Inactive","Active","_","Active","Stream Beat","Stream Beat","Stream Beat","Stream Beat","Stream Beat","No Streams","No Streams","Stream Beat","_","Stream Beat"
1997,1997,0,0,0,0,00000004,019401f2002ffe52,03b8,234b,1,0,3f5c2fec,1,0,ff630194fd3e01f2fc17002ffd2bfe52,1,1,0,1e5d0a171e5d0a171e5d0a171e5d0a17,1,0,00000000000000000000000000000000,1,0,23c1,0,0,0,23c1,0,0,019401f2002ffe52,1,0,40c803b8,0,1,0,ff63fd3efc17fd2b,1,0,"Active","Active","Active","Active","Active","Inactive","Inactive","Active","_","Active","Stream Beat","Stream Beat","Stream Beat","Stream Beat","Stream Beat","No Streams","No Streams","Stream Beat","_","Stream Beat"
1998,1998,0,0,0,0,00000004,014cff2cfe27ff8b,03b8,1d9a,1,0,3f9e2fe7,1,0,fc77014cfc4dff2cfe36fe27ffe5ff8b,1,1,0,1e5d0a171e5d0a171e5d0a171e5d0a17,1,0,00000000000000000000000000000000,1,0,23c1,0,0,0,23c1,0,0,014cff2cfe27ff8b,1,0,40c803b8,0,1,0,fc77fc4dfe36ffe5,1,0,"Active","Active","Active","Active","Active","Inactive","Inactive","Active","_","Active","Stream Beat","Stream Beat","Stream Beat","Stream Beat","Stream Beat","No Streams","No Streams","Stream Beat","_","Stream Beat"
1999,1999,0,0,0,0,00000004,fe68fe88008a0210,03b8,2354,1,0,3f9c102a,1,0,fcfafe68ff30fe88fff5008afe760210,1,1,0,1e5d0a171e5d0a171e5d0a171e5d0a17,1,0,00000000000000000000000000000000,1,0,23c1,0,0,0,23c1,0,0,fe68fe88008a0210,1,0,40c803b8,0,1,0,fcfaff30fff5fe76,1,0,"Active","Active","Active","Active","Active","Inactive","Inactive","Active","_","Active","Stream Beat","Stream Beat","Stream Beat","Stream Beat","Stream Beat","No Streams","No Streams","Stream Beat","_","Stream Beat"
2000,2000,0,0,0,0,00000004,ff4d0171021b0058,03b8,2a45,1,0,3f5e1020,1,0,ffd6ff4dff7d0171fd53021bfc000058,1,1,0,1e5d0a171e5d0a171e5d0a171e5d0a17,1,0,00000000000000000000000000000000,1,0,23c1,0,0,0,23c1,0,0,ff4d0171021b0058,1,0,40c803b8,0,1,0,ffd6ff7dfd53fc00,1,0,"Active","Active","Active","Active","Active","Inactive","Inactive","Active","_","Active","Stream Beat","Stream Beat","Stream Beat","Stream Beat","Stream Beat","No Streams","No Streams","Stream Beat","_","Stream Beat"
2001,2001,0,0,0,0,00000004,01f40175ff50fe1c,03b8,2353,1,0,3f6d2fe2,1,0,feb301f4fc7d0175fc25ff50fdfafe1c,1,1,0,1e5d0a171e5d0a171e5d0a171e5d0a17,1,0,00000000000000000000000000000000,1,0,23c1,0,0,0,23c1,0,0,01f40175ff50fe1c,1,0,40c803b8,0,1,0,feb3fc7dfc25fdfa,1,0,"Active","Active","Active","Active","Active","Inactive","Inactive","Active","_","Active","Stream Beat","Stream Beat","Stream Beat","Stream Beat","Stream Beat","No Streams","No Streams","Stream Beat","_","Stream Beat"
2002,2002,0,0,0,0,00000004,0083fe88fe670056,03b8,1d9d,1,0,3fa91ff8,1,0,fbf30083fcd2fe88ff0efe67fff60056,1,1,0,1e5d0a171e5d0a171e5d0a171e5d0a17,1,0,00000000000000000000000000000000,1,0,23c1,0,0,0,23c1,0,0,0083fe88fe670056,1,0,40c803b8,0,1,0,fbf3fcd2ff0efff6,1,0,"Active","Active","Active","Active","Active","Inactive","Inactive","Active","_","Active","Stream Beat","Stream Beat","Stream Beat","Stream Beat","Stream Beat","No Streams","No Streams","Stream Beat","_","Stream Beat"
2003,2003,0,0,0,0,00000004,fe13ff28015f020f,03b8,2a4f,1,0,3f8a1033,1,0,fdc7fe13ffbeff28ff97015ffd9d020f,1,1,0,1e5d0a171e5d0a171e5d0a171e5d0a17,1,0,00000000000000000000000000000000,1,0,23c1,0,0,0,23c1,0,0,fe13ff28015f020f,1,0,40c803b8,0,1,0,fdc7ffbeff97fd9d,1,0,"Active","Active","Active","Active","Active","Inactive","Inactive","Active","_","Active","Stream Beat","Stream Beat","Stream Beat","Stream Beat","Stream Beat","No Streams","No Streams","Stream Beat","_","Stream Beat"
2004,2004,0,0,0,0,00000004,001f020201a3ff7b,03b8,2a48,1,0,3f54200d,1,0,fffb001ffec90202fc7d01a3fbfdff7b,1,1,0,1e5d0a171e5d0a171e5d0a171e5d0a17,1,0,00000000000000000000000000000000,1,0,23c1,0,0,0,23c1,0,0,001f020201a3ff7b,1,0,40c803b8,0,1,0,fffbfec9fc7dfbfd,1,0,"Active","Active","Active","Active","Active","Inactive","Inactive","Active","_","Active","Stream Beat","Stream Beat","Stream Beat","Stream Beat","Stream Beat","No Streams","No Streams","Stream Beat","_","Stream Beat"
2005,2005,0,0,0,0,00000004,023000b1fe95fe5b,03b8,1d90,1,0,3f7c1fdc,1,0,fdb20230fbf900b1fc92fe95feeafe5b,1,1,0,1e5d0a171e5d0a171e5d0a171e5d0a17,1,0,00000000000000000000000000000000,1,0,23c1,0,0,0,23c1,0,0,023000b1fe95fe5b,1,0,40c803b8,0,1,0,fdb2fbf9fc92feea,1,0,"Active","Active","Active","Active","Active","Inactive","Inactive","Active","_","Active","Stream Beat","Stream Beat","Stream Beat","Stream Beat","Stream Beat","No Streams","No Streams","Stream Beat","_","Stream Beat"
2006,2006,0,0,0,0,00000004,ffa1fe22ff010123,03b8,2360,1,0,3fab200a,1,0,fc02ffa1fd96fe22ffaeff01ffb20123,1,1,0,1e5d0a171e5d0a171e5d0a171e5d0a17,1,0,00000000000000000000000000000000,1,0,23c1,0,0,0,23c1,0,0,ffa1fe22ff010123,1,0,40c803b8,0,1,0,fc02fd96ffaeffb2,1,0,"Active","Active","Active","Active","Active","Inactive","Inactive","Active","_","Active","Stream Beat","Stream Beat","Stream Beat","Stream Beat","Stream Beat","No Streams","No Streams","Stream Beat","_","Stream Beat"
2007,2007,0,0,0,0,00000004,fe45000a01ca01ba,03b8,2a48,1,0,3f731033,1,0,feaefe450006000afefb01cafcc501ba,1,1,0,1e5d0a171e5d0a171e5d0a171e5d0a17,1,0,00000000000000000000000000000000,1,0,23c1,0,0,0,23c1,0,0,fe45000a01ca01ba,1,0,40c803b8,0,1,0,feae0006fefbfcc5,1,0,"Active","Active","Active","Active","Active","Inactive","Inactive","Active","_","Active","Stream Beat","Stream Beat","Stream Beat","Stream Beat","Stream Beat","No Streams","No Streams","Stream Beat","_","Stream Beat"
2008,2008,0,0,0,0,00000004,00ed021d00defeb3,03b8,2344,1,0,3f521ffd,1,0,ffd600edfde7021dfc4100defc8dfeb3,1,1,0,1e5d0a171e5d0a171e5d0a171e5d0a17,1,0,00000000000000000000000000000000,1,0,23c1,0,0,0,23c1,0,0,00ed021d00defeb3,1,0,40c803b8,0,1,0,ffd6fde7fc41fc8d,1,0,"Active","Active","Active","Active","Active","Inactive","Inactive","Active","_","Active","Stream Beat","Stream Beat","Stream Beat","Stream Beat","Stream Beat","No Streams","No Streams","Stream Beat","_","Stream Beat"
2009,2009,0,0,0,0,00000004,01ceffd6fe37fedc,03b8,2362,1,0,3f8f2fde,1,0,fcea01cefc07ffd6fd86fe37ff88fedc,1,1,0,1e5d0a171e5d0a171e5d0a171e5d0a17,1,0,00000000000000000000000000000000,1,0,23c1,0,0,0,23c1,0,0,01ceffd6fe37fedc,1,0,40c803b8,0,1,0,fceafc07fd86ff88,1,0,"Active","Active","Active","Active","Active","Inactive","Inactive","Active","_","Active","Stream Beat","Stream Beat","Stream Beat","Stream Beat","Stream Beat","No Streams","No Streams","Stream Beat","_","Stream Beat"
2010,2010,0,0,0,0,00000004,fedefe3fffd501d1,03b8,235a,1,0,2fa7101d,1,0,fc7bfedefe8ffe3ffffcffd5ff1801d1,1,1,0,1e5d0a171e5d0a171e5d0a171e5d0a17,1,0,00000000000000000000000000000000,1,0,23c1,0,0,0,23c1,0,0,fedefe3fffd501d1,1,0,40c803b8,0,1,0,fc7bfe8ffffcff18,1,0,"Active","Active","Active","Active","Active","Inactive","Inactive","Active","_","Active","Stream Beat","Stream Beat","Stream Beat","Stream Beat","Stream Beat","No Streams","No Streams","Stream Beat","_","Stream Beat"
2011,2011,0,0,0,0,00000004,fecf00e20227010a,03b8,233f,1,0,3f681029,1,0,ff77fecfffde00e2fe110227fc37010a,1,1,0,1e5d0a171e5d0a171e5d0a171e5d0a17,1,0,00000000000000000000000000000000,1,0,23c1,0,0,0,23c1,0,0,fecf00e20227010a,1,0,40c803b8,0,1,0,ff77ffdefe11fc37,1,0,"Active","Active","Active","Active","Active","Inactive","Inactive","Active","_","Active","Stream Beat","Stream Beat","Stream Beat","Stream Beat","Stream Beat","No Streams","No Streams","Stream Beat","_","Stream Beat"
2012,2012,0,0,0,0,00000004,01ae01ecfffefe4b,03b8,234d,1,0,3f5f2feb,1,0,ff3e01aefd0d01ecfc09fffefd5cfe4b,1,1,0,1e5d0a171e5d0a171e5d0a171e5d0a17,1,0,00000000000000000000000000000000,1,0,23c1,0,0,0,23c1,0,0,01ae01ecfffefe4b,1,0,40c803b8,0,1,0,ff3efd0dfc09fd5c,1,0,"Active","Active","Active","Active","Active","Inactive","Inactive","Active","_","Active","Stream Beat","Stream Beat","Stream Beat","Stream Beat","Stream Beat","No Streams","No Streams","Stream Beat","_","Stream Beat"
2013,2013,0,0,0,0,00000004,0134fefdfe1affa0,03b8,1d9b,1,0,3fa12fec,1,0,fc3d0134fc47fefdfe4cfe1afff2ffa0,1,1,0,1e5d0a171e5d0a171e5d0a171e5d0a17,1,0,00000000000000000000000000000000,1,0,23c1,0,0,0,23c1,0,0,0134fefdfe1affa0,1,0,40c803b8,0,1,0,fc3dfc47fe4cfff2,1,0,"Active","Active","Active","Active","Active","Inactive","Inactive","Active","_","Active","Stream Beat","Stream Beat","Stream Beat","Stream Beat","Stream Beat","No Streams","No Streams","Stream Beat","_","Stream Beat"
2014,2014,0,0,0,0,00000004,fe50fe90009b020e,03b8,2351,1,0,3f99102e,1,0,fd1cfe50ff49fe90ffee009bfe53020e,1,1,0,1e5d0a171e5d0a171e5d0a171e5d0a17,1,0,00000000000000000000000000000000,1,0,23c1,0,0,0,23c1,0,0,fe50fe90009b020e,1,0,40c803b8,0,1,0,fd1cff49ffeefe53,1,0,"Active","Active","Active","Active","Active","Inactive","Inactive","Active","_","Active","Stream Beat","Stream Beat","Stream Beat","Stream Beat","Stream Beat","No Streams","No Streams","Stream Beat","_","Stream Beat"
2015,2015,0,0,0,0,00000004,ff73018001fb002b,03b8,2a45,1,0,3f5b201e,1,0,ffe9ff73ff630180fd4001fbfc04002b,1,1,0,1e5d0a171e5d0a171e5d0a171e5d0a17,1,0,00000000000000000000000000000000,1,0,23c1,0,0,0,23c1,0,0,ff73018001fb002b,1,0,40c803b8,0,1,0,ffe9ff63fd40fc04,1,0,"Active","Active","Active","Active","Active","Inactive","Inactive","Active","_","Active","Stream Beat","Stream Beat","Stream Beat","Stream Beat","Stream Beat","No Streams","No Streams","Stream Beat","_","Stream Beat"
2016,2016,0,0,0,0,00000004,02140162ff1efe29,03b8,1d8a,1,0,3f6c2fde,1,0,fe6d0214fc570162fc2cff1efe2afe29,1,1,0,1e5d0a171e5d0a171e5d0a171e5d0a17,1,0,00000000000000000000000000000000,1,0,23c1,0,0,0,23c1,0,0,02140162ff1efe29,1,0,40c803b8,0,1,0,fe6dfc57fc2cfe2a,1,0,"Active","Active","Active","Active","Active","Inactive","Inactive","Active","_","Active","Stream Beat","Stream Beat","Stream Beat","Stream Beat","Stream Beat","No Streams","No Streams","Stream Beat","_","Stream Beat"
2017,2017,0,0,0,0,00000004,005cfe5afe770084,03b8,1d9c,1,0,3faa1ff8,1,0,fbf0005cfce3fe5aff21fe77fffb0084,1,1,0,1e5d0a171e5d0a171e5d0a171e5d0a17,1,0,00000000000000000000000000000000,1,0,23c1,0,0,0,23c1,0,0,005cfe5afe770084,1,0,40c803b8,0,1,0,fbf0fce3ff21fffb,1,0,"Active","Active","Active","Active","Active","Inactive","Inactive","Active","_","Active","Stream Beat","Stream Beat","Stream Beat","Stream Beat","Stream Beat","No Streams","No Streams","Stream Beat","_","Stream Beat"
2018,2018,0,0,0,0,00000004,fe23ff5301650212,03b8,2a4d,1,0,3f891031,1,0,fe01fe23ffd7ff53ff820165fd5f0212,1,1,0,1e5d0a171e5d0a171e5d0a171e5d0a17,1,0,00000000000000000000000000000000,1,0,23c1,0,0,0,23c1,0,0,fe23ff5301650212,1,0,40c803b8,0,1,0,fe01ffd7ff82fd5f,1,0,"Active","Active","Active","Active","Active","Inactive","Inactive","Active","_","Active","Stream Beat","Stream Beat","Stream Beat","Stream Beat","Stream Beat","No Streams","No Streams","Stream Beat","_","Stream Beat"
2019,2019,0,0,0,0,00000004,005301f10174ff54,03b8,2a4a,1,0,3f51200b,1,0,fff90053feb501f1fc850174fc31ff54,1,1,0,1e5d0a171e5d0a171e5d0a171e5d0a17,1,0,00000000000000000000000000000000,1,0,23c1,0,0,0,23c1,0,0,005301f10174ff54,1,0,40c803b8,0,1,0,fff9feb5fc85fc31,1,0,"Active","Active","Active","Active","Active","Inactive","Inactive","Active","_","Active","Stream Beat","Stream Beat","Stream Beat","Stream Beat","Stream Beat","No Streams","No Streams","Stream Beat","_","Stream Beat"
2020,2020,0,0,0,0,00000004,020b0083fe87fe65,03b8,1d92,1,0,3f7e1fdb,1,0,fda5020bfc0e0083fcd6fe87ff08fe65,1,1,0,1e5d0a171e5d0a171e5d0a171e5d0a17,1,0,00000000000000000000000000000000,1,0,23c1,0,0,0,23c1,0,0,020b0083fe87fe65,1,0,40c803b8,0,1,0,fda5fc0efcd6ff08,1,0,"Active","Active","Active","Active","Active","Inactive","Inactive","Active","_","Active","Stream Beat","Stream Beat","Stream Beat","Stream Beat","Stream Beat","No Streams","No Streams","Stream Beat","_","Stream Beat"
2021,2021,0,0,0,0,00000004,ff76fe20ff17014a,03b8,235f,1,0,3fab200e,1,0,fc0cff76fdc9fe20ffbfff17ff9b014a,1,1,0,1e5d0a171e5d0a171e5d0a171e5d0a17,1,0,00000000000000000000000000000000,1,0,23c1,0,0,0,23c1,0,0,ff76fe20ff17014a,1,0,40c803b8,0,1,0,fc0cfdc9ffbfff9b,1,0,"Active","Active","Active","Active","Active","Inactive","Inactive","Active","_","Active","Stream Beat","Stream Beat","Stream Beat","Stream Beat","Stream Beat","No Streams","No Streams","Stream Beat","_","Stream Beat"
2022,2022,0,0,0,0,00000004,fe5d0032020001a7,03b8,2a46,1,0,3f761030,1,0,fee8fe5dffff0032fec50200fc8a01a7,1,1,0,1e5d0a171e5d0a171e5d0a171e5d0a17,1,0,00000000000000000000000000000000,1,0,23c1,0,0,0,23c1,0,0,fe5d0032020001a7,1,0,40c803b8,0,1,0,fee8fffffec5fc8a,1,0,"Active","Active","Active","Active","Active","Inactive","Inactive","Active","_","Active","Stream Beat","Stream Beat","Stream Beat","Stream Beat","Stream Beat","No Streams","No Streams","Stream Beat","_","Stream Beat"
2023,2023,0,0,0,0,00000004,013a020e00b3fea0,03b8,2346,1,0,3f591ff7,1,0,ffb0013afdd6020efbfe00b3fca9fea0,1,1,0,1e5d0a171e5d0a171e5d0a171e5d0a17,1,0,00000000000000000000000000000000,1,0,23c1,0,0,0,23c1,0,0,013a020e00b3fea0,1,0,40c803b8,0,1,0,ffb0fdd6fbfefca9,1,0,"Active","Active","Active","Active","Active","Inactive","Inactive","Active","_","Active","Stream Beat","Stream Beat","Stream Beat","Stream Beat","Stream Beat","No Streams","No Streams","Stream Beat","_","Stream Beat"
2024,2024,0,0,0,0,00000004,01b6ffaafe19fefb,03b8,2361,1,0,3f922fdf,1,0,fcc201b6fc10ffaafd91fe19ffa7fefb,1,1,0,1e5d0a171e5d0a171e5d0a171e5d0a17,1,0,00000000000000000000000000000000,1,0,23c1,0,0,0,23c1,0,0,01b6ffaafe19fefb,1,0,40c803b8,0,1,0,fcc2fc10fd91ffa7,1,0,"Active","Active","Active","Active","Active","Inactive","Inactive","Active","_","Active","Stream Beat","Stream Beat","Stream Beat","Stream Beat","Stream Beat","No Streams","No Streams","Stream Beat","_","Stream Beat"
2025,2025,0,0,0,0,00000004,feb0fe2cfffb0200,03b8,2358,1,0,3fa31023,1,0,fc5dfeb0fea8fe2cfffbfffbfee70200,1,1,0,1e5d0a171e5d0a171e5d0a171e5d0a17,1,0,00000000000000000000000000000000,1,0,23c1,0,0,0,23c1,0,0,feb0fe2cfffb0200,1,0,40c803b8,0,1,0,fc5dfea8fffbfee7,1,0,"Active","Active","Active","Active","Active","Inactive","Inactive","Active","_","Active","Stream Beat","Stream Beat","Stream Beat","Stream Beat","Stream Beat","No Streams","No Streams","Stream Beat","_","Stream Beat"
2026,2026,0,0,0,0,00000004,fecc0107023400d5,03b8,2a44,1,0,3f621029,1,0,ff89feccffc60107fde30234fc3400d5,1,1,0,1e5d0a171e5d0a171e5d0a171e5d0a17,1,0,00000000000000000000000000000000,1,0,23c1,0,0,0,23c1,0,0,fecc0107023400d5,1,0,40c803b8,0,1,0,ff89ffc6fde3fc34,1,0,"Active","Active","Active","Active","Active","Inactive","Inactive","Active","_","Active","Stream Beat","Stream Beat","Stream Beat","Stream Beat","Stream Beat","No Streams","No Streams","Stream Beat","_","Stream Beat"
2027,2027,0,0,0,0,00000004,01b101c4ffd7fe32,03b8,234c,1,0,3f602fe7,1,0,ff2a01b1fcfc01c4fc15ffd7fd75fe32,1,1,0,1e5d0a171e5d0a171e5d0a171e5d0a17,1,0,00000000000000000000000000000000,1,0,23c1,0,0,0,23c1,0,0,01b101c4ffd7fe32,1,0,40c803b8,0,1,0,ff2afcfcfc15fd75,1,0,"Active","Active","Active","Active","Active","Inactive","Inactive","Active","_","Active","Stream Beat","Stream Beat","Stream Beat","Stream Beat","Stream Beat","No Streams","No Streams","Stream Beat","_","Stream Beat"
2028,2028,0,0,0,0,00000004,010bfedefe1effc1,03b8,1d9b,1,0,3f9e2fed,1,0,fc37010bfc76fedefe74fe1efff8ffc1,1,1,0,1e5d0a171e5d0a171e5d0a171e5d0a17,1,0,00000000000000000000000000000000,1,0,23c1,0,0,0,23c1,0,0,010bfedefe1effc1,1,0,40c803b8,0,1,0,fc37fc76fe74fff8,1,0,"Active","Active","Active","Active","Active","Inactive","Inactive","Active","_","Active","Stream Beat","Stream Beat","Stream Beat","Stream Beat","Stream Beat","No Streams","No Streams","Stream Beat","_","Stream Beat"
2029,2029,0,0,0,0,00000004,fe50febc00bd0230,03b8,27d4,1,0,3f96102d,1,0,fd60fe50ff70febcffe200bdfe0c0230,1,1,0,1e5d0a171e5d0a171e5d0a171e5d0a17,1,0,00000000000000000000000000000000,1,0,23c1,0,0,0,23c1,0,0,fe50febc00bd0230,1,0,40c803b8,0,1,0,fd60ff70ffe2fe0c,1,0,"Active","Active","Active","Active","Active","Inactive","Inactive","Active","_","Active","Stream Beat","Stream Beat","Stream Beat","Stream Beat","Stream Beat","No Streams","No Streams","Stream Beat","_","Stream Beat"
2030,2030,0,0,0,0,00000004,ff9d01c301e20002,03b8,2a47,1,0,3f5b2017,1,0,ffebff9dff3c01c3fd1801e2fc1d0002,1,1,0,1e5d0a171e5d0a171e5d0a171e5d0a17,1,0,00000000000000000000000000000000,1,0,23c1,0,0,0,23c1,0,0,ff9d01c301e20002,1,0,40c803b8,0,1,0,ffebff3cfd18fc1d,1,0,"Active","Active","Active","Active","Active","Inactive","Inactive","Active","_","Active","Stream Beat","Stream Beat","Stream Beat","Stream Beat","Stream Beat","No Streams","No Streams","Stream Beat","_","Stream Beat"
2031,2031,0,0,0,0,00000004,02160126ff0afe0f,03b8,1d8b,1,0,3f712fdc,1,0,fe580216fc550126fc57ff0afe4bfe0f,1,1,0,1e5d0a171e5d0a171e5d0a171e5d0a17,1,0,00000000000000000000000000000000,1,0,23c1,0,0,0,23c1,0,0,02160126ff0afe0f,1,0,40c803b8,0,1,0,fe58fc55fc57fe4b,1,0,"Active","Active","Active","Active","Active","Inactive","Inactive","Active","_","Active","Stream Beat","Stream Beat","Stream Beat","Stream Beat","Stream Beat","No Streams","No Streams","Stream Beat","_","Stream Beat"
2032,2032,0,0,0,0,00000004,002bfe66fe8b00a9,03b8,1d9b,1,0,3fab1fff,1,0,fbeb002bfd34fe66ff4efe8bffe400a9,1,1,0,1e5d0a171e5d0a171e5d0a171e5d0a17,1,0,00000000000000000000000000000000,1,0,23c1,0,0,0,23c1,0,0,002bfe66fe8b00a9,1,0,40c803b8,0,1,0,fbebfd34ff4effe4,1,0,"Active","Active","Active","Active","Active","Inactive","Inactive","Active","_","Active","Stream Beat","Stream Beat","Stream Beat","Stream Beat","Stream Beat","No Streams","No Streams","Stream Beat","_","Stream Beat"
2033,2033,0,0,0,0,00000004,fe0bff6e017f01f4,03b8,2a4a,1,0,3f851034,1,0,fe15fe0bffe3ff6eff67017ffd4c01f4,1,1,0,1e5d0a171e5d0a171e5d0a171e5d0a17,1,0,00000000000000000000000000000000,1,0,23c1,0,0,0,23c1,0,0,fe0bff6e017f01f4,1,0,40c803b8,0,1,0,fe15ffe3ff67fd4c,1,0,"Active","Active","Active","Active","Active","Inactive","Inactive","Active","_","Active","Stream Beat","Stream Beat","Stream Beat","Stream Beat","Stream Beat","No Streams","No Streams","Stream Beat","_","Stream Beat"
2034,2034,0,0,0,0,00000004,00860218014dff28,03b8,2340,1,0,3f542005,1,0,fff00086fe790218fc76014dfc2cff28,1,1,0,1e5d0a171e5d0a171e5d0a171e5d0a17,1,0,00000000000000000000000000000000,1,0,23c1,0,0,0,23c1,0,0,00860218014dff28,1,0,40c803b8,0,1,0,fff0fe79fc76fc2c,1,0,"Active","Active","Active","Active","Active","Inactive","Inactive","Active","_","Active","Stream Beat","Stream Beat","Stream Beat","Stream Beat","Stream Beat","No Streams","No Streams","Stream Beat","_","Stream Beat"
2035,2035,0,0,0,0,00000004,02060055fe72fe78,03b8,1d93,1,0,3f851fdc,1,0,fd760206fc090055fcf9fe72ff2efe78,1,1,0,1e5d0a171e5d0a171e5d0a171e5d0a17,1,0,00000000000000000000000000000000,1,0,23c1,0,0,0,23c1,0,0,02060055fe72fe78,1,0,40c803b8,0,1,0,fd76fc09fcf9ff2e,1,0,"Active","Active","Active","Active","Active","Inactive","Inactive","Active","_","Active","Stream Beat","Stream Beat","Stream Beat","Stream Beat","Stream Beat","No Streams","No Streams","Stream Beat","_","Stream Beat"
2036,2036,0,0,0,0,00000004,ff54fe15ff37016f,03b8,235f,1,0,3faa200e,1,0,fc39ff54fdeefe15ffd1ff37ff7e016f,1,1,0,1e5d0a171e5d0a171e5d0a171e5d0a17,1,0,00000000000000000000000000000000,1,0,23c1,0,0,0,23c1,0,0,ff54fe15ff37016f,1,0,40c803b8,0,1,0,fc39fdeeffd1ff7e,1,0,"Active","Active","Active","Active","Active","Inactive","Inactive","Active","_","Active","Stream Beat","Stream Beat","Stream Beat","Stream Beat","Stream Beat","No Streams","No Streams","Stream Beat","_","Stream Beat"
2037,2037,0,0,0,0,00000004,fe5e0051020a017c,03b8,2a47,1,0,3f701031,1,0,ff00fe5efffd0051fe9e020afc7f017c,1,1,0,1e5d0a171e5d0a171e5d0a171e5d0a17,1,0,00000000000000000000000000000000,1,0,23c1,0,0,0,23c1,0,0,fe5e0051020a017c,1,0,40c803b8,0,1,0,ff00fffdfe9efc7f,1,0,"Active","Active","Active","Active","Active","Inactive","Inactive","Active","_","Active","Stream Beat","Stream Beat","Stream Beat","Stream Beat","Stream Beat","No Streams","No Streams","Stream Beat","_","Stream Beat"
2038,2038,0,0,0,0,00000004,015502150085fe84,03b8,2346,1,0,3f5a1ff4,1,0,ff990155fd990215fc0f0085fcd0fe84,1,1,0,1e5d0a171e5d0a171e5d0a171e5d0a17,1,0,00000000000000000000000000000000,1,0,23c1,0,0,0,23c1,0,0,015502150085fe84,1,0,40c803b8,0,1,0,ff99fd99fc0ffcd0,1,0,"Active","Active","Active","Active","Active","Inactive","Inactive","Active","_","Active","Stream Beat","Stream Beat","Stream Beat","Stream Beat","Stream Beat","No Streams","No Streams","Stream Beat","_","Stream Beat"
2039,2039,0,0,0,0,00000004,0194ff7afe1aff1b,03b8,2362,1,0,3f972fe0,1,0,fcb90194fc1bff7afdc0fe1affbeff1b,1,1,0,1e5d0a171e5d0a171e5d0a171e5d0a17,1,0,00000000000000000000000000000000,1,0,23c1,0,0,0,23c1,0,0,0194ff7afe1aff1b,1,0,40c803b8,0,1,0,fcb9fc1bfdc0ffbe,1,0,"Active","Active","Active","Active","Active","Inactive","Inactive","Active","_","Active","Stream Beat","Stream Beat","Stream Beat","Stream Beat","Stream Beat","No Streams","No Streams","Stream Beat","_","Stream Beat"
2040,2040,0,0,0,0,00000004,fe9afe55002901ed,03b8,2357,1,0,3fa11023,1,0,fc9efe9afeddfe5500030029fece01ed,1,1,0,1e5d0a171e5d0a171e5d0a171e5d0a17,1,0,00000000000000000000000000000000,1,0,23c1,0,0,0,23c1,0,0,fe9afe55002901ed,1,0,40c803b8,0,1,0,fc9efedd0003fece,1,0,"Active","Active","Active","Active","Active","Inactive","Inactive","Active","_","Active","Stream Beat","Stream Beat","Stream Beat","Stream Beat","Stream Beat","No Streams","No Streams","Stream Beat","_","Stream Beat"
2041,2041,0,0,0,0,00000004,feeb0114021f00b3,03b8,2a45,1,0,3f611027,1,0,ffa1feebffb90114fdc7021ffc0d00b3,1,1,0,1e5d0a171e5d0a171e5d0a171e5d0a17,1,0,00000000000000000000000000000000,1,0,23c1,0,0,0,23c1,0,0,feeb0114021f00b3,1,0,40c803b8,0,1,0,ffa1ffb9fdc7fc0d,1,0,"Active","Active","Active","Active","Active","Inactive","Inactive","Active","_","Active","Stream Beat","Stream Beat","Stream Beat","Stream Beat","Stream Beat","No Streams","No Streams","Stream Beat","_","Stream Beat"
2042,2042,0,0,0,0,00000004,01ea01b9ffacfe24,03b8,234f,1,0,3f652fe4,1,0,fef301eafcbf01b9fc06ffacfd9dfe24,1,1,0,1e5d0a171e5d0a171e5d0a171e5d0a17,1,0,00000000000000000000000000000000,1,0,23c1,0,0,0,23c1,0,0,01ea01b9ffacfe24,1,0,40c803b8,0,1,0,fef3fcbffc06fd9d,1,0,"Active","Active","Active","Active","Active","Inactive","Inactive","Active","_","Active","Stream Beat","Stream Beat","Stream Beat","Stream Beat","Stream Beat","No Streams","No Streams","Stream Beat","_","Stream Beat"
2043,2043,0,0,0,0,00000004,00dffebdfe370003,03b8,1d9c,1,0,2fa41ff0,1,0,fc3500dffc94febdfea7fe3700000003,1,1,0,1e5d0a171e5d0a171e5d0a171e5d0a17,1,0,00000000000000000000000000000000,1,0,23c1,0,0,0,23c1,0,0,00dffebdfe370003,1,0,40c803b8,0,1,0,fc35fc94fea70000,1,0,"Active","Active","Active","Active","Active","Inactive","Inactive","Active","_","Active","Stream Beat","Stream Beat","Stream Beat","Stream Beat","Stream Beat","No Streams","No Streams","Stream Beat","_","Stream Beat"
2044,2044,0,0,0,0,00000004,fe30fed1010f0224,03b8,2a51,1,0,3f92102d,1,0,fd6dfe30ff8afed1ffc9010ffdea0224,1,1,0,1e5d0a171e5d0a171e5d0a171e5d0a17,1,0,00000000000000000000000000000000,1,0,23c1,0,0,0,23c1,0,0,fe30fed1010f0224,1,0,40c803b8,0,1,0,fd6dff8affc9fdea,1,0,"Active","Active","Active","Active","Active","Inactive","Inactive","Active","_","Active","Stream Beat","Stream Beat","Stream Beat","Stream Beat","Stream Beat","No Streams","No Streams","Stream Beat","_","Stream Beat"
2045,2045,0,0,0,0,00000004,ffc101c101ccffd3,03b8,2a46,1,0,3f552017,1,0,fff8ffc1ff2101c1fcf901ccfbf6ffd3,1,1,0,1e5d0a171e5d0a171e5d0a171e5d0a17,1,0,00000000000000000000000000000000,1,0,23c1,0,0,0,23c1,0,0,ffc101c101ccffd3,1,0,40c803b8,0,1,0,fff8ff21fcf9fbf6,1,0,"Active","Active","Active","Active","Active","Inactive","Inactive","Active","_","Active","Stream Beat","Stream Beat","Stream Beat","Stream Beat","Stream Beat","No Streams","No Streams","Stream Beat","_","Stream Beat"
2046,2046,0,0,0,0,00000004,0238010bfee5fe2c,03b8,1d8d,1,0,2f771fdd,1,0,fe0a0238fc2e010bfc79fee5fe80fe2c,1,1,0,1e5d0a171e5d0a171e5d0a171e5d0a17,1,0,00000000000000000000000000000000,1,0,23c1,0,0,0,23c1,0,0,0238010bfee5fe2c,1,0,40c803b8,0,1,0,fe0afc2efc79fe80,1,0,"Active","Active","Active","Active","Active","Inactive","Inactive","Active","_","Active","Stream Beat","Stream Beat","Stream Beat","Stream Beat","Stream Beat","No Streams","No Streams","Stream Beat","_","Stream Beat"
2047,2047,0,0,0,0,00000004,0003fe44fe9d00e0,03b8,1d9a,1,0,3faa2003,1,0,fbe30003fd4dfe44ff61fe9dffdc00e0,1,1,0,1e5d0a171e5d0a171e5d0a171e5d0a17,1,0,00000000000000000000000000000000,1,0,23c1,0,0,0,23c1,0,0,0003fe44fe9d00e0,1,0,40c803b8,0,1,0,fbe3fd4dff61ffdc,1,0,"Active","Active","Active","Active","Active","Inactive","Inactive","Active","_","Active","Stream Beat","Stream Beat","Stream Beat","Stream Beat","Stream Beat","No Streams","No Streams","Stream Beat","_","Stream Beat"
