adc_word_time_s,dac_register_time_s,i_adc_counts,q_adc_counts,phase_valid,phase_error_rad,frequency_error_hz,dac_phase_only_counts,dac_capture_on_counts
1.220703125000000025e-07,1.912434895833333408e-07,-9.947656250000000000e+01,5.203125000000000000e+00,1.000000000000000000e+00,-3.089365401452249138e+00,0.000000000000000000e+00,-3.222400000000000000e+04,-3.222400000000000000e+04
1.261393229166666711e-07,1.953125000000000094e-07,-1.721328125000000000e+02,9.205078125000000000e+01,1.000000000000000000e+00,-2.650527053867902438e+00,1.716468750000000000e+07,-2.764600000000000000e+04,3.276700000000000000e+04
1.302083333333333396e-07,1.993815104166666779e-07,-1.336875000000000000e+02,-3.500000000000000000e+01,1.000000000000000000e+00,2.885537704261944558e+00,-2.922281250000000000e+07,3.009700000000000000e+04,-3.276800000000000000e+04
1.342773437500000081e-07,2.034505208333333464e-07,-1.849296875000000000e+02,-1.959492187500000000e+02,1.000000000000000000e+00,2.327240602821003534e+00,-2.183718750000000000e+07,2.427400000000000000e+04,-3.276800000000000000e+04
1.383463541666666766e-07,2.075195312500000149e-07,9.057421875000000000e+01,-1.752421875000000000e+02,1.000000000000000000e+00,1.093776238662083511e+00,-4.824562500000000000e+07,1.140800000000000000e+04,-3.276800000000000000e+04
1.424153645833333451e-07,2.115885416666666834e-07,1.306328125000000000e+02,-2.009375000000000000e+02,1.000000000000000000e+00,9.943071719476240800e-01,-3.890625000000000000e+06,1.037100000000000000e+04,-3.276800000000000000e+04
1.464843749999999872e-07,2.156575520833333255e-07,-1.291132812500000000e+02,-2.284218750000000000e+02,1.000000000000000000e+00,2.085255133532043281e+00,4.267125000000000000e+07,2.175000000000000000e+04,3.276700000000000000e+04
1.505533854166666557e-07,2.197265624999999940e-07,-1.357656250000000000e+02,-1.733125000000000000e+02,1.000000000000000000e+00,2.235321597796918525e+00,5.869687500000000000e+06,2.331500000000000000e+04,3.276700000000000000e+04
1.546223958333333242e-07,2.237955729166666625e-07,-4.991796875000000000e+01,-2.896367187500000000e+02,1.000000000000000000e+00,1.741451689447174100e+00,-1.931718750000000000e+07,1.816400000000000000e+04,-3.276800000000000000e+04
1.586914062499999927e-07,2.278645833333333310e-07,-4.362500000000000000e+01,-2.374687500000000000e+02,1.000000000000000000e+00,1.752477176360102140e+00,4.312500000000000000e+05,1.827900000000000000e+04,2.563900000000000000e+04
1.627604166666666612e-07,2.319335937499999995e-07,3.567968750000000000e+01,-4.825429687500000000e+02,1.000000000000000000e+00,1.496973501377899973e+00,-9.993750000000000000e+06,1.561400000000000000e+04,-3.276800000000000000e+04
1.668294270833333297e-07,2.360026041666666681e-07,-4.882812500000000000e+00,-4.895390625000000000e+02,1.000000000000000000e+00,1.580767201916153164e+00,3.277500000000000000e+06,1.648800000000000000e+04,3.276700000000000000e+04
1.708984374999999983e-07,2.400716145833333630e-07,2.492187500000000000e+01,-3.628554687500000000e+02,1.000000000000000000e+00,1.502198623436635572e+00,-3.073125000000000000e+06,1.566800000000000000e+04,-3.276800000000000000e+04
1.749674479166666668e-07,2.441406250000000051e-07,-5.382031250000000000e+01,-3.439570312500000000e+02,1.000000000000000000e+00,1.726016007769074934e+00,8.754375000000000000e+06,1.800300000000000000e+04,3.276700000000000000e+04
1.790364583333333353e-07,2.482096354166666471e-07,1.627343750000000000e+02,-3.364570312500000000e+02,1.000000000000000000e+00,1.120309312602542962e+00,-2.369156250000000000e+07,1.168500000000000000e+04,-3.276800000000000000e+04
1.831054687500000038e-07,2.522786458333333421e-07,7.498437500000000000e+01,-2.481484375000000000e+02,1.000000000000000000e+00,1.277302658862714102e+00,6.140625000000000000e+06,1.332200000000000000e+04,3.276700000000000000e+04
1.871744791666666723e-07,2.563476562500000371e-07,1.483007812500000000e+02,-4.353750000000000000e+02,1.000000000000000000e+00,1.242524438187369240e+00,-1.360312500000000000e+06,1.296000000000000000e+04,-1.025600000000000000e+04
1.912434895833333408e-07,2.604166666666666791e-07,3.249453125000000000e+02,-3.186171875000000000e+02,1.000000000000000000e+00,7.755710989750559392e-01,-1.826437500000000000e+07,8.089000000000000000e+03,-3.276800000000000000e+04
1.953125000000000094e-07,2.644856770833333212e-07,1.049882812500000000e+02,-2.530195312500000000e+02,1.000000000000000000e+00,1.177474065401093783e+00,1.572000000000000000e+07,1.228100000000000000e+04,3.276700000000000000e+04
1.993815104166666779e-07,2.685546875000000162e-07,2.891328125000000000e+02,-1.224335937500000000e+02,1.000000000000000000e+00,4.005607332366380446e-01,-3.038812500000000000e+07,4.178000000000000000e+03,-3.276800000000000000e+04
2.034505208333333464e-07,2.726236979166667112e-07,2.373085937500000000e+02,-1.456250000000000000e+01,1.000000000000000000e+00,6.133526306561493113e-02,-1.326843750000000000e+07,6.390000000000000000e+02,-3.276800000000000000e+04
2.075195312499999884e-07,2.766927083333333532e-07,1.436875000000000000e+02,1.866015625000000000e+01,1.000000000000000000e+00,-1.290701022306902646e-01,-7.447500000000000000e+06,-1.347000000000000000e+03,-3.276800000000000000e+04
2.115885416666666570e-07,2.807617187499999953e-07,1.278320312500000000e+02,6.330078125000000000e+01,1.000000000000000000e+00,-4.598107411687209489e-01,-1.293656250000000000e+07,-4.796000000000000000e+03,-3.276800000000000000e+04
2.156575520833333255e-07,2.848307291666666373e-07,3.425820312500000000e+02,3.749453125000000000e+02,1.000000000000000000e+00,-8.304588490415889535e-01,-1.449750000000000000e+07,-8.662000000000000000e+03,-3.276800000000000000e+04
2.197265624999999940e-07,2.888997395833333323e-07,1.430742187500000000e+02,5.474609375000000000e+01,1.000000000000000000e+00,-3.654229858141325726e-01,1.818937500000000000e+07,-3.812000000000000000e+03,3.276700000000000000e+04
2.237955729166666625e-07,2.929687500000000273e-07,2.866914062500000000e+02,1.097304687500000000e+02,1.000000000000000000e+00,-3.655428280631861648e-01,-4.687500000000000000e+03,-3.813000000000000000e+03,-3.893000000000000000e+03
2.278645833333333310e-07,2.970377604166666693e-07,1.948984375000000000e+02,2.842773437500000000e+02,1.000000000000000000e+00,-9.697874477912644675e-01,-2.363437500000000000e+07,-1.011600000000000000e+04,-3.276800000000000000e+04
2.319335937499999995e-07,3.011067708333333114e-07,7.754687500000000000e+01,1.238164062500000000e+02,1.000000000000000000e+00,-1.011252865963798264e+00,-1.621875000000000000e+06,-1.054800000000000000e+04,-3.276800000000000000e+04
2.360026041666666681e-07,3.051757812500000064e-07,3.878203125000000000e+02,2.399726562500000000e+02,1.000000000000000000e+00,-5.541026227240664070e-01,1.788093750000000000e+07,-5.780000000000000000e+03,3.276700000000000000e+04
2.400716145833333101e-07,3.092447916666666484e-07,2.886953125000000000e+02,9.025781250000000000e+01,1.000000000000000000e+00,-3.030331109568462633e-01,9.820312500000000000e+06,-3.161000000000000000e+03,3.276700000000000000e+04
2.441406250000000051e-07,3.133138020833333434e-07,9.778906250000000000e+01,3.336484375000000000e+02,1.000000000000000000e+00,-1.285715584746274454e+00,-3.843656250000000000e+07,-1.341100000000000000e+04,-3.276800000000000000e+04
2.482096354166666471e-07,3.173828124999999854e-07,1.092695312500000000e+02,2.423085937500000000e+02,1.000000000000000000e+00,-1.147153976390541841e+00,5.419687500000000000e+06,-1.196600000000000000e+04,3.276700000000000000e+04
2.522786458333333421e-07,3.214518229166666804e-07,5.248828125000000000e+01,9.269140625000000000e+01,1.000000000000000000e+00,-1.055522592764185363e+00,3.584062500000000000e+06,-1.101000000000000000e+04,3.276700000000000000e+04
2.563476562499999842e-07,3.255208333333333225e-07,1.619140625000000000e+01,6.547656250000000000e+01,1.000000000000000000e+00,-1.328499267658397320e+00,-1.067718750000000000e+07,-1.385700000000000000e+04,-3.276800000000000000e+04
2.604166666666666791e-07,3.295898437500000174e-07,-2.994531250000000000e+01,2.113828125000000000e+02,1.000000000000000000e+00,-1.711491127183782712e+00,-1.498031250000000000e+07,-1.785200000000000000e+04,-3.276800000000000000e+04
2.644856770833333212e-07,3.336588541666666595e-07,1.728515625000000000e+01,2.022968750000000000e+02,1.000000000000000000e+00,-1.485612456167622053e+00,8.835000000000000000e+06,-1.549600000000000000e+04,3.276700000000000000e+04
2.685546875000000162e-07,3.377278645833333545e-07,3.171875000000000000e+01,1.779765625000000000e+02,1.000000000000000000e+00,-1.394436473087669270e+00,3.566250000000000000e+06,-1.454500000000000000e+04,3.276700000000000000e+04
2.726236979166666582e-07,3.417968749999999965e-07,-1.463281250000000000e+02,1.061992187500000000e+02,1.000000000000000000e+00,-2.513763079247973042e+00,-4.378125000000000000e+07,-2.622000000000000000e+04,-3.276800000000000000e+04
2.766927083333333532e-07,3.458658854166666915e-07,-7.207031250000000000e+00,2.122265625000000000e+01,0.000000000000000000e+00,-2.513763079247973042e+00,-4.378125000000000000e+07,0.000000000000000000e+00,0.000000000000000000e+00
2.807617187499999953e-07,3.499348958333333336e-07,-6.217968750000000000e+01,-4.730859375000000000e+01,0.000000000000000000e+00,-2.513763079247973042e+00,-4.378125000000000000e+07,0.000000000000000000e+00,0.000000000000000000e+00
2.848307291666666902e-07,3.540039062500000285e-07,1.339218750000000000e+02,-1.578515625000000000e+01,1.000000000000000000e+00,1.172296880241979894e-01,0.000000000000000000e+00,1.222000000000000000e+03,1.222000000000000000e+03
2.888997395833333323e-07,3.580729166666666706e-07,-1.038437500000000000e+02,1.194531250000000000e+01,1.000000000000000000e+00,-3.027095368844016310e+00,1.227731250000000000e+08,-3.157400000000000000e+04,3.276700000000000000e+04
2.929687499999999743e-07,3.621419270833333126e-07,-1.374218750000000000e+01,5.453125000000000000e+00,0.000000000000000000e+00,-3.027095368844016310e+00,1.227731250000000000e+08,0.000000000000000000e+00,0.000000000000000000e+00
2.970377604166666693e-07,3.662109375000000076e-07,1.029687500000000000e+02,1.902734375000000000e+01,1.000000000000000000e+00,-1.827114929070662863e-01,0.000000000000000000e+00,-1.906000000000000000e+03,-1.906000000000000000e+03
3.011067708333333114e-07,3.702799479166666497e-07,-9.851953125000000000e+01,3.165234375000000000e+01,1.000000000000000000e+00,-2.830697891095033114e+00,-1.035731250000000000e+08,-2.952600000000000000e+04,-3.276800000000000000e+04
3.051757812500000064e-07,3.743489583333333447e-07,-8.511328125000000000e+01,1.435507812500000000e+02,1.000000000000000000e+00,-2.106035779517931861e+00,2.834437500000000000e+07,-2.196700000000000000e+04,3.276700000000000000e+04
3.092447916666666484e-07,3.784179687499999867e-07,-5.174609375000000000e+01,-1.773515625000000000e+02,1.000000000000000000e+00,1.854678646352982962e+00,-9.084093750000000000e+07,1.934500000000000000e+04,-3.276800000000000000e+04
3.133138020833333434e-07,3.824869791666666817e-07,2.372265625000000000e+01,-1.510546875000000000e+02,1.000000000000000000e+00,1.415025371475071791e+00,-1.719656250000000000e+07,1.475900000000000000e+04,-3.276800000000000000e+04
3.173828124999999854e-07,3.865559895833333237e-07,6.620703125000000000e+01,-1.640898437500000000e+02,1.000000000000000000e+00,1.187301129823486345e+00,-8.907187500000000000e+06,1.238400000000000000e+04,-3.276800000000000000e+04
3.214518229166666804e-07,3.906250000000000187e-07,-6.677343750000000000e+01,-3.164218750000000000e+02,1.000000000000000000e+00,1.778746597352643732e+00,2.313375000000000000e+07,1.855300000000000000e+04,3.276700000000000000e+04
3.255208333333333225e-07,3.946940104166666608e-07,1.677539062500000000e+02,8.955078125000000000e+01,1.000000000000000000e+00,-4.903225777777587835e-01,-8.875218750000000000e+07,-5.115000000000000000e+03,-3.276800000000000000e+04
3.295898437500000174e-07,3.987630208333333558e-07,2.515195312500000000e+02,-1.258906250000000000e+02,1.000000000000000000e+00,4.640291883354064617e-01,3.732843750000000000e+07,4.840000000000000000e+03,3.276700000000000000e+04
3.336588541666666595e-07,4.028320312499999978e-07,8.669921875000000000e+01,-1.249765625000000000e+02,1.000000000000000000e+00,9.643226412344219067e-01,1.956843750000000000e+07,1.005800000000000000e+04,3.276700000000000000e+04
3.377278645833333545e-07,4.069010416666666928e-07,1.869140625000000000e+01,4.177343750000000000e+01,0.000000000000000000e+00,9.643226412344219067e-01,1.956843750000000000e+07,0.000000000000000000e+00,0.000000000000000000e+00
3.417968749999999965e-07,4.109700520833333348e-07,8.477734375000000000e+01,1.821093750000000000e+01,1.000000000000000000e+00,-2.116174433787863518e-01,0.000000000000000000e+00,-2.208000000000000000e+03,-2.208000000000000000e+03
3.458658854166666915e-07,4.150390625000000298e-07,3.995312500000000000e+01,-3.526171875000000000e+01,0.000000000000000000e+00,-2.116174433787863518e-01,0.000000000000000000e+00,0.000000000000000000e+00,0.000000000000000000e+00
3.499348958333333336e-07,4.191080729166666719e-07,-1.795312500000000000e+01,5.445312500000000000e+00,0.000000000000000000e+00,-2.116174433787863518e-01,0.000000000000000000e+00,0.000000000000000000e+00,0.000000000000000000e+00
3.540039062499999756e-07,4.231770833333333139e-07,-1.134101562500000000e+02,6.305468750000000000e+01,1.000000000000000000e+00,-2.634228507996617452e+00,0.000000000000000000e+00,-2.747600000000000000e+04,-2.747600000000000000e+04
3.580729166666666706e-07,4.272460937500000089e-07,-3.239843750000000000e+01,5.655078125000000000e+01,0.000000000000000000e+00,-2.634228507996617452e+00,0.000000000000000000e+00,0.000000000000000000e+00,0.000000000000000000e+00
3.621419270833333126e-07,4.313151041666666509e-07,2.294101562500000000e+02,-2.608593750000000000e+01,1.000000000000000000e+00,1.132269569058088898e-01,0.000000000000000000e+00,1.181000000000000000e+03,1.181000000000000000e+03
3.662109375000000076e-07,4.353841145833333459e-07,2.689453125000000000e+02,-1.685312500000000000e+02,1.000000000000000000e+00,5.597831453292054782e-01,1.746656250000000000e+07,5.838000000000000000e+03,3.276700000000000000e+04
3.702799479166666497e-07,4.394531249999999880e-07,1.196796875000000000e+02,-1.933125000000000000e+02,1.000000000000000000e+00,1.016454019572722967e+00,1.786218750000000000e+07,1.060200000000000000e+04,3.276700000000000000e+04
3.743489583333333447e-07,4.435221354166666830e-07,1.189921875000000000e+02,-9.388671875000000000e+01,1.000000000000000000e+00,6.679767277747645782e-01,-1.363031250000000000e+07,6.967000000000000000e+03,-3.276800000000000000e+04
3.784179687499999867e-07,4.475911458333333250e-07,-1.963671875000000000e+01,-8.014453125000000000e+01,1.000000000000000000e+00,1.810984162348052928e+00,4.470750000000000000e+07,1.888900000000000000e+04,3.276700000000000000e+04
3.824869791666666817e-07,4.516601562500000200e-07,2.801562500000000000e+01,-2.086328125000000000e+01,0.000000000000000000e+00,1.810984162348052928e+00,4.470750000000000000e+07,0.000000000000000000e+00,0.000000000000000000e+00
3.865559895833333237e-07,4.557291666666666620e-07,7.951171875000000000e+01,7.634765625000000000e+01,1.000000000000000000e+00,-7.652167286568277715e-01,0.000000000000000000e+00,-7.982000000000000000e+03,-7.982000000000000000e+03
3.906250000000000187e-07,4.597981770833333570e-07,-2.023437500000000000e+01,7.039062500000000000e+00,0.000000000000000000e+00,-7.652167286568277715e-01,0.000000000000000000e+00,0.000000000000000000e+00,0.000000000000000000e+00
3.946940104166666608e-07,4.638671874999999991e-07,2.002773437500000000e+02,9.801562500000000000e+01,1.000000000000000000e+00,-4.551129250058211784e-01,0.000000000000000000e+00,-4.747000000000000000e+03,-4.747000000000000000e+03
3.987630208333333558e-07,4.679361979166666941e-07,3.168984375000000000e+02,-6.273046875000000000e+01,1.000000000000000000e+00,1.954147713067442560e-01,2.544468750000000000e+07,2.038000000000000000e+03,3.276700000000000000e+04
4.028320312499999978e-07,4.720052083333333361e-07,1.003906250000000000e+01,-9.812500000000000000e+00,0.000000000000000000e+00,1.954147713067442560e-01,2.544468750000000000e+07,0.000000000000000000e+00,0.000000000000000000e+00
4.069010416666666928e-07,4.760742187500000311e-07,1.723437500000000000e+01,-3.696875000000000000e+01,0.000000000000000000e+00,1.954147713067442560e-01,2.544468750000000000e+07,0.000000000000000000e+00,0.000000000000000000e+00
4.109700520833333348e-07,4.801432291666667261e-07,2.519609375000000000e+02,-6.718750000000000000e+00,1.000000000000000000e+00,2.660497928989159072e-02,0.000000000000000000e+00,2.770000000000000000e+02,2.770000000000000000e+02
4.150390624999999769e-07,4.842122395833333681e-07,2.118515625000000000e+02,1.262304687500000000e+02,1.000000000000000000e+00,-5.373726447561886221e-01,-2.205937500000000000e+07,-5.605000000000000000e+03,-3.276800000000000000e+04
4.191080729166666719e-07,4.882812500000000102e-07,4.463320312500000000e+02,-8.629687500000000000e+01,1.000000000000000000e+00,1.910045765415730457e-01,2.848968750000000000e+07,1.992000000000000000e+03,3.276700000000000000e+04
4.231770833333333139e-07,4.923502604166666522e-07,1.687968750000000000e+02,-5.643750000000000000e+01,1.000000000000000000e+00,3.226393029020095948e-01,5.148750000000000000e+06,3.365000000000000000e+03,3.276700000000000000e+04
4.272460937500000089e-07,4.964192708333332943e-07,2.419960937500000000e+02,1.430312500000000000e+02,1.000000000000000000e+00,-5.338492826340138775e-01,-3.350062500000000000e+07,-5.569000000000000000e+03,-3.276800000000000000e+04
4.313151041666666509e-07,5.004882812499999363e-07,2.819453125000000000e+02,-1.836601562500000000e+02,1.000000000000000000e+00,5.773520190404581864e-01,4.346343750000000000e+07,6.022000000000000000e+03,3.276700000000000000e+04
4.353841145833333459e-07,5.045572916666666842e-07,5.975000000000000000e+01,3.932812500000000000e+01,0.000000000000000000e+00,5.773520190404581864e-01,4.346343750000000000e+07,0.000000000000000000e+00,0.000000000000000000e+00
4.394531249999999880e-07,5.086263020833333263e-07,1.525390625000000000e+02,2.142734375000000000e+02,1.000000000000000000e+00,-9.521227002807689521e-01,0.000000000000000000e+00,-9.931000000000000000e+03,-9.931000000000000000e+03
4.435221354166666830e-07,5.126953125000000742e-07,1.530312500000000000e+02,1.262070312500000000e+02,1.000000000000000000e+00,-6.896681748534599921e-01,1.026562500000000000e+07,-7.194000000000000000e+03,3.276700000000000000e+04
4.475911458333333250e-07,5.167643229166667162e-07,1.478046875000000000e+02,6.989453125000000000e+01,1.000000000000000000e+00,-4.417385300114432534e-01,9.697500000000000000e+06,-4.608000000000000000e+03,3.276700000000000000e+04
4.516601562500000200e-07,5.208333333333333583e-07,1.204218750000000000e+02,2.447304687500000000e+02,1.000000000000000000e+00,-1.113526241306111109e+00,-2.627625000000000000e+07,-1.161500000000000000e+04,-3.276800000000000000e+04
4.557291666666666620e-07,5.249023437500000003e-07,5.095703125000000000e+01,2.003125000000000000e+02,1.000000000000000000e+00,-1.321716196361965467e+00,-8.143125000000000000e+06,-1.378600000000000000e+04,-3.276800000000000000e+04
4.597981770833333570e-07,5.289713541666666424e-07,1.429687500000000000e+01,-4.085156250000000000e+01,0.000000000000000000e+00,-1.321716196361965467e+00,-8.143125000000000000e+06,0.000000000000000000e+00,0.000000000000000000e+00
4.638671874999999991e-07,5.330403645833332844e-07,6.152343750000000000e+01,-2.807421875000000000e+01,0.000000000000000000e+00,-1.321716196361965467e+00,-8.143125000000000000e+06,0.000000000000000000e+00,0.000000000000000000e+00
4.679361979166666411e-07,5.371093749999999265e-07,-8.764062500000000000e+01,-9.975000000000000000e+01,1.000000000000000000e+00,2.291671423301905097e+00,0.000000000000000000e+00,2.390300000000000000e+04,2.390300000000000000e+04
4.720052083333333361e-07,5.411783854166666744e-07,-2.027734375000000000e+01,-1.214062500000000000e+02,1.000000000000000000e+00,1.736274504288060072e+00,-2.172375000000000000e+07,1.811000000000000000e+04,-3.276800000000000000e+04
4.760742187499999781e-07,5.452473958333333164e-07,-1.765156250000000000e+02,9.316406250000000000e+01,1.000000000000000000e+00,-2.655943923525123207e+00,7.396312500000000000e+07,-2.770300000000000000e+04,3.276700000000000000e+04
4.801432291666666202e-07,5.493164062499999585e-07,-1.986523437500000000e+02,-3.399218750000000000e+01,1.000000000000000000e+00,2.972087776528429703e+00,-2.562562500000000000e+07,3.100000000000000000e+04,-3.276800000000000000e+04
4.842122395833333681e-07,5.533854166666667064e-07,-6.513671875000000000e+01,1.142812500000000000e+02,1.000000000000000000e+00,-2.088874369453461277e+00,4.780593750000000000e+07,-2.178800000000000000e+04,3.276700000000000000e+04
4.882812500000000102e-07,5.574544270833333485e-07,-9.161718750000000000e+01,2.105937500000000000e+02,1.000000000000000000e+00,-1.981136187554305650e+00,4.214062500000000000e+06,-2.066400000000000000e+04,3.276700000000000000e+04
4.923502604166666522e-07,5.615234374999999905e-07,-6.989843750000000000e+01,-9.825000000000000000e+01,1.000000000000000000e+00,2.189158363461484846e+00,-8.264343750000000000e+07,2.283300000000000000e+04,-3.276800000000000000e+04
4.964192708333332943e-07,5.655924479166666326e-07,-2.085820312500000000e+02,-2.869140625000000000e+01,1.000000000000000000e+00,3.004876615869485512e+00,3.190593750000000000e+07,3.134200000000000000e+04,3.276700000000000000e+04
5.004882812500000422e-07,5.696614583333333805e-07,-2.776093750000000000e+02,-1.702851562500000000e+02,1.000000000000000000e+00,2.591372919735062119e+00,-1.617375000000000000e+07,2.702900000000000000e+04,-3.276800000000000000e+04
5.045572916666666842e-07,5.737304687500000225e-07,-7.424609375000000000e+01,-7.186718750000000000e+01,1.000000000000000000e+00,2.372469067613819149e+00,-8.562187500000000000e+06,2.474500000000000000e+04,-3.276800000000000000e+04
5.086263020833333263e-07,5.777994791666666646e-07,-1.280390625000000000e+02,-6.014453125000000000e+01,1.000000000000000000e+00,2.702442716157906766e+00,1.290656250000000000e+07,2.818700000000000000e+04,3.276700000000000000e+04
5.126953124999999683e-07,5.818684895833333066e-07,-1.686054687500000000e+02,-1.420312500000000000e+01,1.000000000000000000e+00,3.057559268553432741e+00,1.389000000000000000e+07,3.189100000000000000e+04,3.276700000000000000e+04
5.167643229166667162e-07,5.859375000000000545e-07,-1.705820312500000000e+02,5.669140625000000000e+01,1.000000000000000000e+00,-2.820703047523965612e+00,1.583812500000000000e+07,-2.942100000000000000e+04,3.276700000000000000e+04
5.208333333333333583e-07,5.900065104166666966e-07,-2.597226562500000000e+02,-9.998828125000000000e+01,1.000000000000000000e+00,2.774084412642128683e+00,-2.692593750000000000e+07,2.893400000000000000e+04,-3.276800000000000000e+04
5.249023437500000003e-07,5.940755208333333386e-07,-7.353515625000000000e+01,-1.256289062500000000e+02,1.000000000000000000e+00,2.100355256912792790e+00,-2.635218750000000000e+07,2.190700000000000000e+04,-3.276800000000000000e+04
5.289713541666666424e-07,5.981445312499999807e-07,1.361718750000000000e+01,-6.998437500000000000e+01,1.000000000000000000e+00,1.378521422413355735e+00,-2.823375000000000000e+07,1.437800000000000000e+04,-3.276800000000000000e+04
5.330403645833332844e-07,6.022135416666666227e-07,-5.887109375000000000e+01,-1.116445312500000000e+02,1.000000000000000000e+00,2.056061561662594794e+00,2.650125000000000000e+07,2.144500000000000000e+04,3.276700000000000000e+04
5.371093750000000324e-07,6.062825520833333707e-07,-6.780078125000000000e+01,-2.612734375000000000e+02,1.000000000000000000e+00,1.824670147189970226e+00,-9.050625000000000000e+06,1.903200000000000000e+04,-3.276800000000000000e+04
5.411783854166666744e-07,6.103515625000000127e-07,4.839062500000000000e+01,-1.805429687500000000e+02,1.000000000000000000e+00,1.308893075713233989e+00,-2.017406250000000000e+07,1.365200000000000000e+04,-3.276800000000000000e+04
5.452473958333333164e-07,6.144205729166666548e-07,-1.397265625000000000e+01,-1.075351562500000000e+02,1.000000000000000000e+00,1.700010239724451200e+00,1.529812500000000000e+07,1.773100000000000000e+04,3.276700000000000000e+04
5.493164062499999585e-07,6.184895833333332968e-07,1.505468750000000000e+02,-2.201406250000000000e+02,1.000000000000000000e+00,9.709858702818001674e-01,-2.851500000000000000e+07,1.012700000000000000e+04,-3.276800000000000000e+04
5.533854166666667064e-07,6.225585937500000447e-07,5.471093750000000000e+01,-2.351406250000000000e+02,1.000000000000000000e+00,1.342209220950125292e+00,1.452000000000000000e+07,1.399900000000000000e+04,3.276700000000000000e+04
5.574544270833333485e-07,6.266276041666666868e-07,-4.696093750000000000e+01,-5.441406250000000000e+01,0.000000000000000000e+00,1.342209220950125292e+00,1.452000000000000000e+07,0.000000000000000000e+00,0.000000000000000000e+00
5.615234374999999905e-07,6.306966145833333288e-07,-5.194140625000000000e+01,-2.000234375000000000e+02,1.000000000000000000e+00,1.824861894788455841e+00,0.000000000000000000e+00,1.903400000000000000e+04,1.903400000000000000e+04
5.655924479166666326e-07,6.347656249999999709e-07,1.865625000000000000e+01,-2.294531250000000000e+02,1.000000000000000000e+00,1.489687092635443300e+00,-1.311000000000000000e+07,1.553800000000000000e+04,-3.276800000000000000e+04
5.696614583333333805e-07,6.388346354166667188e-07,-1.097890625000000000e+02,-1.662500000000000000e+02,1.000000000000000000e+00,2.154428079685761777e+00,2.600062500000000000e+07,2.247100000000000000e+04,3.276700000000000000e+04
5.737304687500000225e-07,6.429036458333333608e-07,-1.295664062500000000e+02,-1.195625000000000000e+02,1.000000000000000000e+00,2.396293706725667771e+00,9.460312500000000000e+06,2.499400000000000000e+04,3.276700000000000000e+04
5.777994791666666646e-07,6.469726562500000029e-07,-3.801953125000000000e+01,-2.651679687500000000e+02,1.000000000000000000e+00,1.713192887120343233e+00,-2.671875000000000000e+07,1.786900000000000000e+04,-3.276800000000000000e+04
5.818684895833333066e-07,6.510416666666666449e-07,-4.089453125000000000e+01,-1.067382812500000000e+02,1.000000000000000000e+00,1.936650744705622040e+00,8.740312500000000000e+06,2.020000000000000000e+04,3.276700000000000000e+04
5.859374999999999487e-07,6.551106770833332870e-07,-1.119531250000000000e+02,-4.731640625000000000e+01,1.000000000000000000e+00,2.741750973847476569e+00,3.149062500000000000e+07,2.859700000000000000e+04,3.276700000000000000e+04
5.900065104166666966e-07,6.591796875000000349e-07,-4.404687500000000000e+01,-3.865351562500000000e+02,1.000000000000000000e+00,1.684262968198812604e+00,-4.136250000000000000e+07,1.756700000000000000e+04,-3.276800000000000000e+04
5.940755208333333386e-07,6.632486979166666769e-07,-3.108554687500000000e+02,-1.655546875000000000e+02,1.000000000000000000e+00,2.652228813804462959e+00,3.786093750000000000e+07,2.766300000000000000e+04,3.276700000000000000e+04
5.981445312499999807e-07,6.673177083333333190e-07,-4.976562500000000000e+01,-9.979687500000000000e+01,1.000000000000000000e+00,2.033315502792228280e+00,-2.420812500000000000e+07,2.120800000000000000e+04,-3.276800000000000000e+04
6.022135416666666227e-07,6.713867187499999610e-07,-8.616406250000000000e+01,-1.913476562500000000e+02,1.000000000000000000e+00,1.993887402853604884e+00,-1.542187500000000000e+06,2.079700000000000000e+04,-5.523000000000000000e+03
6.062825520833333707e-07,6.754557291666667090e-07,-1.632187500000000000e+02,-2.253203125000000000e+02,1.000000000000000000e+00,2.197691131594099012e+00,7.971562500000000000e+06,2.292200000000000000e+04,3.276700000000000000e+04
6.103515625000000127e-07,6.795247395833333510e-07,-2.039023437500000000e+02,-6.730859375000000000e+01,1.000000000000000000e+00,2.822740365757876013e+00,2.444812500000000000e+07,2.944200000000000000e+04,3.276700000000000000e+04
6.144205729166666548e-07,6.835937499999999931e-07,-2.933593750000000000e+00,-2.403046875000000000e+02,1.000000000000000000e+00,1.582996267748549624e+00,-4.849125000000000000e+07,1.651100000000000000e+04,-3.276800000000000000e+04
6.184895833333332968e-07,6.876627604166666351e-07,1.908867187500000000e+02,-1.826523437500000000e+02,1.000000000000000000e+00,7.633471895715921995e-01,-3.205968750000000000e+07,7.962000000000000000e+03,-3.276800000000000000e+04
6.225585937500000447e-07,6.917317708333333830e-07,1.353085937500000000e+02,-1.869687500000000000e+02,1.000000000000000000e+00,9.443329540922871246e-01,7.079062500000000000e+06,9.849000000000000000e+03,3.276700000000000000e+04
6.266276041666666868e-07,6.958007812500000251e-07,-8.652734375000000000e+01,-1.803437500000000000e+02,1.000000000000000000e+00,2.018119505612236075e+00,4.200000000000000000e+07,2.104900000000000000e+04,3.276700000000000000e+04
6.306966145833333288e-07,6.998697916666666671e-07,6.846093750000000000e+01,-2.011562500000000000e+02,1.000000000000000000e+00,1.242764122685476424e+00,-3.032718750000000000e+07,1.296200000000000000e+04,-3.276800000000000000e+04
6.347656249999999709e-07,7.039388020833333092e-07,-1.018203125000000000e+02,-5.958203125000000000e+01,1.000000000000000000e+00,2.612153565720950699e+00,5.356218750000000000e+07,2.724500000000000000e+04,3.276700000000000000e+04
6.388346354166667188e-07,7.080078125000000571e-07,1.116054687500000000e+02,-1.910820312500000000e+02,1.000000000000000000e+00,1.042148197769807494e+00,-6.140906250000000000e+07,1.087000000000000000e+04,-3.276800000000000000e+04
6.429036458333333608e-07,7.120768229166666991e-07,2.948046875000000000e+01,-6.481640625000000000e+01,1.000000000000000000e+00,1.143966172565716866e+00,3.982500000000000000e+06,1.193200000000000000e+04,3.276700000000000000e+04
6.469726562500000029e-07,7.161458333333333412e-07,-3.368359375000000000e+01,7.701953125000000000e+01,1.000000000000000000e+00,-1.983029695089352007e+00,-1.223090625000000000e+08,-2.068400000000000000e+04,-3.276800000000000000e+04
6.510416666666666449e-07,7.202148437499999832e-07,6.861328125000000000e+01,-2.150781250000000000e+01,1.000000000000000000e+00,3.038001013507891090e-01,8.944687500000000000e+07,3.168000000000000000e+03,3.276700000000000000e+04
6.551106770833332870e-07,7.242838541666666253e-07,1.779804687500000000e+02,1.227382812500000000e+02,1.000000000000000000e+00,-6.037412822820533709e-01,-3.549750000000000000e+07,-6.298000000000000000e+03,-3.276800000000000000e+04
6.591796875000000349e-07,7.283528645833333732e-07,3.812109375000000000e+01,1.328281250000000000e+02,1.000000000000000000e+00,-1.291372138901602629e+00,-2.689593750000000000e+07,-1.347000000000000000e+04,-3.276800000000000000e+04
6.632486979166666769e-07,7.324218750000000152e-07,4.808593750000000000e+01,-6.699218750000000000e+00,0.000000000000000000e+00,-1.291372138901602629e+00,-2.689593750000000000e+07,0.000000000000000000e+00,0.000000000000000000e+00
6.673177083333333190e-07,7.364908854166666573e-07,1.631289062500000000e+02,1.109726562500000000e+02,1.000000000000000000e+00,-5.974136115320251017e-01,0.000000000000000000e+00,-6.232000000000000000e+03,-6.232000000000000000e+03
6.713867187499999610e-07,7.405598958333332993e-07,6.480468750000000000e+01,2.382812500000000000e-01,1.000000000000000000e+00,-3.619235921417684500e-03,2.322562500000000000e+07,-3.800000000000000000e+01,3.276700000000000000e+04
6.754557291666667090e-07,7.446289062500000473e-07,-2.257812500000000000e+01,-8.585546875000000000e+01,1.000000000000000000e+00,1.827953824814037898e+00,7.164000000000000000e+07,1.906600000000000000e+04,3.276700000000000000e+04
6.795247395833333510e-07,7.486979166666666893e-07,1.071328125000000000e+02,-1.101562500000000000e+02,1.000000000000000000e+00,7.992998642876618653e-01,-4.023468750000000000e+07,8.337000000000000000e+03,-3.276800000000000000e+04
6.835937499999999931e-07,7.527669270833333314e-07,1.457304687500000000e+02,5.293359375000000000e+01,1.000000000000000000e+00,-3.484533233481476588e-01,-4.489312500000000000e+07,-3.635000000000000000e+03,-3.276800000000000000e+04
6.876627604166666351e-07,7.568359374999999734e-07,4.360156250000000000e+01,-3.473437500000000000e+01,0.000000000000000000e+00,-3.484533233481476588e-01,-4.489312500000000000e+07,0.000000000000000000e+00,0.000000000000000000e+00
6.917317708333333830e-07,7.609049479166667213e-07,1.398203125000000000e+02,-1.205000000000000000e+02,1.000000000000000000e+00,7.113116850325339469e-01,0.000000000000000000e+00,7.419000000000000000e+03,7.419000000000000000e+03
6.958007812500000251e-07,7.649739583333333634e-07,-1.543398437500000000e+02,2.993359375000000000e+01,1.000000000000000000e+00,-2.950012834252762950e+00,1.025512500000000000e+08,-3.077000000000000000e+04,3.276700000000000000e+04
6.998697916666666671e-07,7.690429687500000054e-07,-2.866406250000000000e+01,1.022578125000000000e+02,1.000000000000000000e+00,-1.844108559986458618e+00,4.325625000000000000e+07,-1.923500000000000000e+04,3.276700000000000000e+04
7.039388020833333092e-07,7.731119791666666475e-07,3.682031250000000000e+01,-7.088281250000000000e+01,1.000000000000000000e+00,1.091690983528551540e+00,1.148306250000000000e+08,1.138600000000000000e+04,3.276700000000000000e+04
7.080078124999999512e-07,7.771809895833332895e-07,3.460156250000000000e+01,-3.725390625000000000e+01,0.000000000000000000e+00,1.091690983528551540e+00,1.148306250000000000e+08,0.000000000000000000e+00,0.000000000000000000e+00
7.120768229166666991e-07,7.812500000000000374e-07,1.224492187500000000e+02,1.061328125000000000e+01,1.000000000000000000e+00,-8.643023001743159461e-02,0.000000000000000000e+00,-9.020000000000000000e+02,-9.020000000000000000e+02
7.161458333333333412e-07,7.853190104166666795e-07,1.408554687500000000e+02,-9.571484375000000000e+01,1.000000000000000000e+00,5.968623371863787108e-01,2.672625000000000000e+07,6.225000000000000000e+03,3.276700000000000000e+04
7.202148437499999832e-07,7.893880208333333215e-07,-5.181250000000000000e+01,-4.925000000000000000e+01,0.000000000000000000e+00,5.968623371863787108e-01,2.672625000000000000e+07,0.000000000000000000e+00,0.000000000000000000e+00
7.242838541666666253e-07,7.934570312499999636e-07,1.749609375000000000e+01,8.804687500000000000e+00,0.000000000000000000e+00,5.968623371863787108e-01,2.672625000000000000e+07,0.000000000000000000e+00,0.000000000000000000e+00
7.283528645833333732e-07,7.975260416666667115e-07,6.582421875000000000e+01,2.542968750000000000e+00,1.000000000000000000e+00,-3.861317264505887553e-02,0.000000000000000000e+00,-4.030000000000000000e+02,-4.030000000000000000e+02
7.324218750000000152e-07,8.015950520833333535e-07,1.479296875000000000e+01,4.734375000000000000e+00,0.000000000000000000e+00,-3.861317264505887553e-02,0.000000000000000000e+00,0.000000000000000000e+00,0.000000000000000000e+00
7.364908854166666573e-07,8.056640624999999956e-07,-9.773437500000000000e+00,7.762890625000000000e+01,1.000000000000000000e+00,-1.696031477055872649e+00,0.000000000000000000e+00,-1.769100000000000000e+04,-1.769100000000000000e+04
7.405598958333332993e-07,8.097330729166666376e-07,1.168398437500000000e+02,1.741835937500000000e+02,1.000000000000000000e+00,-9.799500705110069099e-01,2.800875000000000000e+07,-1.022200000000000000e+04,3.276700000000000000e+04
7.446289062500000473e-07,8.138020833333333856e-07,-1.251171875000000000e+01,2.011289062500000000e+02,1.000000000000000000e+00,-1.632874611804643550e+00,-2.553843750000000000e+07,-1.703200000000000000e+04,-3.276800000000000000e+04
7.486979166666666893e-07,8.178710937500000276e-07,-1.862695312500000000e+02,1.043750000000000000e+02,1.000000000000000000e+00,-2.630872925023117315e+00,-3.903562500000000000e+07,-2.744100000000000000e+04,-3.276800000000000000e+04
7.527669270833333314e-07,8.219401041666666697e-07,-3.764062500000000000e+01,1.420390625000000000e+02,1.000000000000000000e+00,-1.829895269248705603e+00,3.132937500000000000e+07,-1.908700000000000000e+04,3.276700000000000000e+04
7.568359374999999734e-07,8.260091145833333117e-07,-3.765234375000000000e+01,2.984296875000000000e+02,1.000000000000000000e+00,-1.696319098453601182e+00,5.224687500000000000e+06,-1.769400000000000000e+04,3.276700000000000000e+04
7.609049479166666154e-07,8.300781249999999538e-07,1.440234375000000000e+02,7.064843750000000000e+01,1.000000000000000000e+00,-4.560237260986282903e-01,4.851281250000000000e+07,-4.757000000000000000e+03,3.276700000000000000e+04
7.649739583333333634e-07,8.341471354166667017e-07,-9.540234375000000000e+01,-1.311250000000000000e+02,1.000000000000000000e+00,2.199752418277820087e+00,1.038778125000000000e+08,2.294400000000000000e+04,3.276700000000000000e+04
7.690429687500000054e-07,8.382161458333333437e-07,-5.414843750000000000e+01,1.164921875000000000e+02,1.000000000000000000e+00,-2.005919564658583010e+00,8.125968750000000000e+07,-2.092300000000000000e+04,3.276700000000000000e+04
7.731119791666666475e-07,8.422851562499999858e-07,6.190234375000000000e+01,-1.163554687500000000e+02,1.000000000000000000e+00,1.081863919106159200e+00,1.207753125000000000e+08,1.128400000000000000e+04,3.276700000000000000e+04
7.771809895833332895e-07,8.463541666666666278e-07,-1.848125000000000000e+02,-1.478281250000000000e+02,1.000000000000000000e+00,2.466880791418218255e+00,5.417343750000000000e+07,2.573000000000000000e+04,3.276700000000000000e+04
7.812500000000000374e-07,8.504231770833333757e-07,-2.797929687500000000e+02,-8.891796875000000000e+01,1.000000000000000000e+00,2.833885694919857645e+00,1.435500000000000000e+07,2.955800000000000000e+04,3.276700000000000000e+04
7.853190104166666795e-07,8.544921875000000178e-07,-3.143750000000000000e+01,-5.425390625000000000e+01,0.000000000000000000e+00,2.833885694919857645e+00,1.435500000000000000e+07,0.000000000000000000e+00,0.000000000000000000e+00
7.893880208333333215e-07,8.585611979166666598e-07,-3.330468750000000000e+01,-2.068789062500000000e+02,1.000000000000000000e+00,1.730402234084435387e+00,0.000000000000000000e+00,1.804800000000000000e+04,1.804800000000000000e+04
7.934570312499999636e-07,8.626302083333333019e-07,-1.654335937500000000e+02,-1.381562500000000000e+02,1.000000000000000000e+00,2.445836492484411817e+00,2.798343750000000000e+07,2.551100000000000000e+04,3.276700000000000000e+04
7.975260416666667115e-07,8.666992187500000498e-07,-2.118320312500000000e+02,-1.705937500000000000e+02,1.000000000000000000e+00,2.463621082243961258e+00,6.956250000000000000e+05,2.569600000000000000e+04,3.276700000000000000e+04
8.015950520833333535e-07,8.707682291666666919e-07,-1.502031250000000000e+02,-1.056562500000000000e+02,1.000000000000000000e+00,2.528551612781182900e+00,2.539687500000000000e+06,2.637300000000000000e+04,3.276700000000000000e+04
8.056640624999999956e-07,8.748372395833333339e-07,1.784765625000000000e+01,-1.368671875000000000e+02,1.000000000000000000e+00,1.441103044869127769e+00,-4.253437500000000000e+07,1.503100000000000000e+04,-3.276800000000000000e+04
8.097330729166666376e-07,8.789062499999999759e-07,5.972265625000000000e+01,-1.197421875000000000e+02,1.000000000000000000e+00,1.108109371648890118e+00,-1.302468750000000000e+07,1.155800000000000000e+04,-3.276800000000000000e+04
8.138020833333333856e-07,8.829752604166667239e-07,-8.706250000000000000e+01,-1.257343750000000000e+02,1.000000000000000000e+00,2.176383179712374716e+00,4.178437500000000000e+07,2.270000000000000000e+04,3.276700000000000000e+04
8.178710937500000276e-07,8.870442708333333659e-07,-3.150390625000000000e+01,-1.778437500000000000e+02,1.000000000000000000e+00,1.746101568710452412e+00,-1.683000000000000000e+07,1.821200000000000000e+04,-3.276800000000000000e+04
8.219401041666666697e-07,8.911132812500000080e-07,2.972265625000000000e+01,-1.289453125000000000e+02,1.000000000000000000e+00,1.344270507633846590e+00,-1.571718750000000000e+07,1.402100000000000000e+04,-3.276800000000000000e+04
8.260091145833333117e-07,8.951822916666666500e-07,7.036718750000000000e+01,1.300273437500000000e+02,1.000000000000000000e+00,-1.074769257962188140e+00,-9.461812500000000000e+07,-1.121100000000000000e+04,-3.276800000000000000e+04
8.300781249999999538e-07,8.992513020833332921e-07,1.474687500000000000e+02,-1.052578125000000000e+02,1.000000000000000000e+00,6.198960174544739798e-01,6.628500000000000000e+07,6.465000000000000000e+03,3.276700000000000000e+04
8.341471354166667017e-07,9.033203125000000400e-07,1.054921875000000000e+02,-1.087695312500000000e+02,1.000000000000000000e+00,8.006900343766832906e-01,7.071562500000000000e+06,8.351000000000000000e+03,3.276700000000000000e+04
8.382161458333333437e-07,9.073893229166666820e-07,1.300703125000000000e+02,-2.503203125000000000e+02,1.000000000000000000e+00,1.091571141279497947e+00,1.137750000000000000e+07,1.138500000000000000e+04,3.276700000000000000e+04
8.422851562499999858e-07,9.114583333333333241e-07,-8.212109375000000000e+01,-2.190742187500000000e+02,1.000000000000000000e+00,1.929412272862786715e+00,3.277125000000000000e+07,2.012400000000000000e+04,3.276700000000000000e+04
8.463541666666666278e-07,9.155273437499999661e-07,9.416015625000000000e+01,-1.355351562500000000e+02,1.000000000000000000e+00,9.636035877401004646e-01,-3.777656250000000000e+07,1.005000000000000000e+04,-3.276800000000000000e+04
8.504231770833333757e-07,9.195963541666667140e-07,1.099726562500000000e+02,-2.863242187500000000e+02,1.000000000000000000e+00,1.204079044690985478e+00,9.405937500000000000e+06,1.255900000000000000e+04,3.276700000000000000e+04
8.544921875000000178e-07,9.236653645833333561e-07,9.946875000000000000e+01,-2.090000000000000000e+02,1.000000000000000000e+00,1.126565078003139098e+00,-3.031875000000000000e+06,1.175000000000000000e+04,-3.276800000000000000e+04
8.585611979166666598e-07,9.277343749999999981e-07,1.510117187500000000e+02,-9.838671875000000000e+01,1.000000000000000000e+00,5.774239243898903196e-01,-2.147906250000000000e+07,6.022000000000000000e+03,-3.276800000000000000e+04
8.626302083333333019e-07,9.318033854166666402e-07,3.042968750000000000e+00,-5.893750000000000000e+01,0.000000000000000000e+00,5.774239243898903196e-01,-2.147906250000000000e+07,0.000000000000000000e+00,0.000000000000000000e+00
8.666992187500000498e-07,9.358723958333333881e-07,-2.773046875000000000e+01,-1.271171875000000000e+02,1.000000000000000000e+00,1.785529668649075585e+00,0.000000000000000000e+00,1.862300000000000000e+04,1.862300000000000000e+04
8.707682291666666919e-07,9.399414062500000302e-07,-3.435937500000000000e+01,-1.780195312500000000e+02,1.000000000000000000e+00,1.761465345039119557e+00,-9.412500000000000000e+05,1.837200000000000000e+04,2.308000000000000000e+03
8.748372395833333339e-07,9.440104166666666722e-07,5.626953125000000000e+01,-2.775742187500000000e+02,1.000000000000000000e+00,1.370755644674684692e+00,-1.528218750000000000e+07,1.429700000000000000e+04,-3.276800000000000000e+04
8.789062499999999759e-07,9.480794270833333142e-07,5.841796875000000000e+01,-2.393320312500000000e+02,1.000000000000000000e+00,1.331375481635682867e+00,-1.540312500000000000e+06,1.388600000000000000e+04,-1.240200000000000000e+04
8.829752604166666180e-07,9.521484374999999563e-07,7.059765625000000000e+01,-1.608125000000000000e+02,1.000000000000000000e+00,1.157148819961609121e+00,-6.814687500000000000e+06,1.206900000000000000e+04,-3.276800000000000000e+04
8.870442708333333659e-07,9.562174479166668101e-07,7.162500000000000000e+01,-2.803164062500000000e+02,1.000000000000000000e+00,1.320661584570294256e+00,6.395625000000000000e+06,1.377500000000000000e+04,3.276700000000000000e+04
8.911132812500000080e-07,9.602864583333334521e-07,2.904296875000000000e+02,-1.141953125000000000e+02,1.000000000000000000e+00,3.746268705414464439e-01,-3.700312500000000000e+07,3.907000000000000000e+03,-3.276800000000000000e+04
8.951822916666666500e-07,9.643554687500000942e-07,1.235781250000000000e+02,-2.713046875000000000e+02,1.000000000000000000e+00,1.143366961320449127e+00,3.006843750000000000e+07,1.192500000000000000e+04,3.276700000000000000e+04
8.992513020833332921e-07,9.684244791666667362e-07,1.189921875000000000e+02,-1.437109375000000000e+02,1.000000000000000000e+00,8.792586128562009939e-01,-1.033031250000000000e+07,9.171000000000000000e+03,-3.276800000000000000e+04
9.033203125000000400e-07,9.724934895833333783e-07,1.180507812500000000e+02,5.444921875000000000e+01,1.000000000000000000e+00,-4.321751185369686610e-01,-5.129531250000000000e+07,-4.508000000000000000e+03,-3.276800000000000000e+04
9.073893229166666820e-07,9.765625000000000203e-07,1.536406250000000000e+02,1.693671875000000000e+02,1.000000000000000000e+00,-8.340061796135744832e-01,-1.571718750000000000e+07,-8.699000000000000000e+03,-3.276800000000000000e+04
9.114583333333333241e-07,9.806315104166666624e-07,5.699218750000000000e+01,6.994531250000000000e+01,1.000000000000000000e+00,-8.870723274944933845e-01,-2.075625000000000000e+06,-9.253000000000000000e+03,-3.276800000000000000e+04
9.155273437499999661e-07,9.847005208333333044e-07,1.277851562500000000e+02,8.327734375000000000e+01,1.000000000000000000e+00,-5.775917035385653708e-01,1.210500000000000000e+07,-6.025000000000000000e+03,3.276700000000000000e+04
9.195963541666667140e-07,9.887695312499999465e-07,1.428007812500000000e+02,3.434765625000000000e+01,1.000000000000000000e+00,-2.360173252860923165e-01,1.336031250000000000e+07,-2.462000000000000000e+03,3.276700000000000000e+04
9.236653645833333561e-07,9.928385416666665885e-07,1.947890625000000000e+02,8.986718750000000000e+01,1.000000000000000000e+00,-4.322949607860222532e-01,-7.677187500000000000e+06,-4.509000000000000000e+03,-3.276800000000000000e+04
9.277343749999999981e-07,9.969075520833332306e-07,-2.356484375000000000e+02,1.144296875000000000e+02,1.000000000000000000e+00,-2.689523721709932591e+00,-8.828906250000000000e+07,-2.805300000000000000e+04,-3.276800000000000000e+04
9.318033854166666402e-07,1.000976562499999873e-06,1.525390625000000000e+01,3.479257812500000000e+02,1.000000000000000000e+00,-1.526958032091102258e+00,4.547250000000000000e+07,-1.592700000000000000e+04,3.276700000000000000e+04
9.358723958333332822e-07,1.005045572916666515e-06,-2.191796875000000000e+01,2.778632812500000000e+02,1.000000000000000000e+00,-1.649508715973278417e+00,-4.793437500000000000e+06,-1.720500000000000000e+04,-3.276800000000000000e+04
9.399414062500000302e-07,1.009114583333333368e-06,-3.969531250000000000e+01,9.241015625000000000e+01,1.000000000000000000e+00,-1.976510276740838012e+00,-1.279031250000000000e+07,-2.061600000000000000e+04,-3.276800000000000000e+04
9.440104166666666722e-07,1.013183593750000011e-06,-2.192500000000000000e+02,1.533203125000000000e+02,1.000000000000000000e+00,-2.531331952959225973e+00,-2.170125000000000000e+07,-2.640300000000000000e+04,-3.276800000000000000e+04
9.480794270833333142e-07,1.017252604166666653e-06,-1.125195312500000000e+02,2.422265625000000000e+01,1.000000000000000000e+00,-2.929567746564224695e+00,-1.557656250000000000e+07,-3.055700000000000000e+04,-3.276800000000000000e+04
9.521484374999999563e-07,1.021321614583333295e-06,-4.694921875000000000e+01,1.020078125000000000e+02,1.000000000000000000e+00,-2.002132549588490296e+00,3.627562500000000000e+07,-2.088300000000000000e+04,3.276700000000000000e+04
9.562174479166665983e-07,1.025390624999999937e-06,-1.890820312500000000e+02,3.201562500000000000e+01,1.000000000000000000e+00,-2.973837473364612016e+00,-3.800718750000000000e+07,-3.101900000000000000e+04,-3.276800000000000000e+04
9.602864583333332404e-07,1.029459635416666579e-06,-7.630078125000000000e+01,4.881640625000000000e+01,1.000000000000000000e+00,-2.572485781284220341e+00,1.569843750000000000e+07,-2.683200000000000000e+04,3.276700000000000000e+04
9.643554687500000942e-07,1.033528645833333432e-06,7.839453125000000000e+01,-1.248632812500000000e+02,1.000000000000000000e+00,1.010126348822694808e+00,-1.056300000000000000e+08,1.053600000000000000e+04,-3.276800000000000000e+04
9.684244791666667362e-07,1.037597656250000075e-06,-2.744921875000000000e+01,-2.555078125000000000e+01,0.000000000000000000e+00,1.010126348822694808e+00,-1.056300000000000000e+08,0.000000000000000000e+00,0.000000000000000000e+00
9.724934895833333783e-07,1.041666666666666717e-06,-6.936328125000000000e+01,7.101953125000000000e+01,1.000000000000000000e+00,-2.344449949785095466e+00,0.000000000000000000e+00,-2.445400000000000000e+04,-2.445400000000000000e+04
9.765625000000000203e-07,1.045735677083333359e-06,1.429609375000000000e+02,6.562890625000000000e+01,1.000000000000000000e+00,-4.303774848011652221e-01,7.486687500000000000e+07,-4.489000000000000000e+03,3.276700000000000000e+04
9.806315104166666624e-07,1.049804687500000001e-06,2.564570312500000000e+02,-9.904296875000000000e+01,1.000000000000000000e+00,3.685388842895253037e-01,3.124875000000000000e+07,3.844000000000000000e+03,3.276700000000000000e+04
9.847005208333333044e-07,1.053873697916666643e-06,2.916406250000000000e+01,-4.989062500000000000e+01,0.000000000000000000e+00,3.685388842895253037e-01,3.124875000000000000e+07,0.000000000000000000e+00,0.000000000000000000e+00
9.887695312499999465e-07,1.057942708333333285e-06,3.113281250000000000e+00,-2.325507812500000000e+02,1.000000000000000000e+00,1.557397963350708014e+00,0.000000000000000000e+00,1.624400000000000000e+04,1.624400000000000000e+04
9.928385416666665885e-07,1.062011718749999927e-06,-1.316875000000000000e+02,-4.487500000000000000e+01,1.000000000000000000e+00,2.813152985833590858e+00,4.911750000000000000e+07,2.934200000000000000e+04,3.276700000000000000e+04
9.969075520833332306e-07,1.066080729166666569e-06,1.740429687500000000e+02,1.749453125000000000e+02,1.000000000000000000e+00,-7.879867559770052932e-01,1.049053125000000000e+08,-8.219000000000000000e+03,3.276700000000000000e+04
1.000976562500000084e-06,1.070149739583333423e-06,1.970820312500000000e+02,-9.106640625000000000e+01,1.000000000000000000e+00,4.328462351316686441e-01,4.775156250000000000e+07,4.514000000000000000e+03,3.276700000000000000e+04
1.005045572916666726e-06,1.074218750000000065e-06,-8.855078125000000000e+01,-6.242968750000000000e+01,1.000000000000000000e+00,2.527568906338943933e+00,8.193281250000000000e+07,2.636300000000000000e+04,3.276700000000000000e+04
1.009114583333333368e-06,1.078287760416666707e-06,-4.203515625000000000e+01,6.651562500000000000e+01,1.000000000000000000e+00,-2.134414424093816098e+00,6.341156250000000000e+07,-2.226300000000000000e+04,3.276700000000000000e+04
1.013183593750000011e-06,1.082356770833333349e-06,1.384882812500000000e+02,1.451679687500000000e+02,1.000000000000000000e+00,-8.089591495613792649e-01,5.184375000000000000e+07,-8.438000000000000000e+03,3.276700000000000000e+04
1.017252604166666653e-06,1.086425781249999991e-06,1.677773437500000000e+02,-2.226679687500000000e+02,1.000000000000000000e+00,9.250623204444737846e-01,6.782437500000000000e+07,9.648000000000000000e+03,3.276700000000000000e+04
1.021321614583333295e-06,1.090494791666666633e-06,8.492578125000000000e+01,-2.260312500000000000e+02,1.000000000000000000e+00,1.211389421883253048e+00,1.119937500000000000e+07,1.263500000000000000e+04,3.276700000000000000e+04
1.025390624999999937e-06,1.094563802083333275e-06,1.395703125000000000e+02,-1.334921875000000000e+02,1.000000000000000000e+00,7.631794104229171483e-01,-1.753125000000000000e+07,7.960000000000000000e+03,-3.276800000000000000e+04
1.029459635416666579e-06,1.098632812499999917e-06,-8.720703125000000000e+01,1.005859375000000000e+02,1.000000000000000000e+00,-2.285128036503580429e+00,-1.192312500000000000e+08,-2.383500000000000000e+04,-3.276800000000000000e+04
1.033528645833333432e-06,1.102701822916666771e-06,-6.695312500000000000e+01,2.419531250000000000e+01,1.000000000000000000e+00,-2.794841090178206144e+00,-1.993687500000000000e+07,-2.915200000000000000e+04,-3.276800000000000000e+04
1.037597656250000075e-06,1.106770833333333413e-06,2.168710937500000000e+02,-8.380078125000000000e+01,1.000000000000000000e+00,3.687306318880109735e-01,-1.220203125000000000e+08,3.846000000000000000e+03,-3.276800000000000000e+04
1.041666666666666717e-06,1.110839843750000055e-06,1.852695312500000000e+02,-2.736914062500000000e+02,1.000000000000000000e+00,9.757316233443213971e-01,2.374218750000000000e+07,1.017700000000000000e+04,3.276700000000000000e+04
1.045735677083333359e-06,1.114908854166666697e-06,6.895312500000000000e+01,-4.849218750000000000e+01,1.000000000000000000e+00,6.129691354591779717e-01,-1.418906250000000000e+07,6.393000000000000000e+03,-3.276800000000000000e+04
1.049804687500000001e-06,1.118977864583333339e-06,7.153125000000000000e+01,2.448437500000000000e+01,1.000000000000000000e+00,-3.296860271463593062e-01,-3.687093750000000000e+07,-3.439000000000000000e+03,-3.276800000000000000e+04
1.053873697916666643e-06,1.123046874999999981e-06,-1.407812500000000000e+01,-1.476640625000000000e+02,1.000000000000000000e+00,1.665831230294374077e+00,7.805250000000000000e+07,1.737500000000000000e+04,3.276700000000000000e+04
1.057942708333333285e-06,1.127115885416666623e-06,9.437500000000000000e+00,-1.542968750000000000e+01,0.000000000000000000e+00,1.665831230294374077e+00,7.805250000000000000e+07,0.000000000000000000e+00,0.000000000000000000e+00
1.062011718749999927e-06,1.131184895833333265e-06,-8.710937500000000000e-01,7.957031250000000000e+00,0.000000000000000000e+00,1.665831230294374077e+00,7.805250000000000000e+07,0.000000000000000000e+00,0.000000000000000000e+00
1.066080729166666569e-06,1.135253906249999907e-06,-4.411718750000000000e+01,-6.170312500000000000e+01,0.000000000000000000e+00,1.665831230294374077e+00,7.805250000000000000e+07,0.000000000000000000e+00,0.000000000000000000e+00
1.070149739583333423e-06,1.139322916666666761e-06,9.402343750000000000e+00,-1.051601562500000000e+02,1.000000000000000000e+00,1.481633693499043725e+00,0.000000000000000000e+00,1.545400000000000000e+04,1.545400000000000000e+04
1.074218750000000065e-06,1.143391927083333403e-06,1.112734375000000000e+02,4.201171875000000000e+01,1.000000000000000000e+00,-3.609888225991506605e-01,-7.207218750000000000e+07,-3.766000000000000000e+03,-3.276800000000000000e+04
1.078287760416666707e-06,1.147460937500000045e-06,1.191796875000000000e+02,-3.848046875000000000e+01,1.000000000000000000e+00,3.123568379332136713e-01,2.633718750000000000e+07,3.258000000000000000e+03,3.276700000000000000e+04
1.082356770833333349e-06,1.151529947916666687e-06,-1.093320312500000000e+02,-2.355859375000000000e+01,1.000000000000000000e+00,2.929304093616306837e+00,1.023590625000000000e+08,3.055300000000000000e+04,3.276700000000000000e+04
1.086425781249999991e-06,1.155598958333333329e-06,1.979296875000000000e+01,7.541015625000000000e+01,1.000000000000000000e+00,-1.314094229322158691e+00,7.978406250000000000e+07,-1.370700000000000000e+04,3.276700000000000000e+04
1.090494791666666633e-06,1.159667968749999971e-06,6.895703125000000000e+01,-7.229296875000000000e+01,1.000000000000000000e+00,8.089831180111900499e-01,8.304187500000000000e+07,8.438000000000000000e+03,3.276700000000000000e+04
1.094563802083333275e-06,1.163736979166666613e-06,2.848046875000000000e+02,-5.006250000000000000e+01,1.000000000000000000e+00,1.739869771759667005e-01,-2.483718750000000000e+07,1.814000000000000000e+03,-3.276800000000000000e+04
1.098632812499999917e-06,1.167805989583333255e-06,6.141406250000000000e+01,-6.723046875000000000e+01,1.000000000000000000e+00,8.305786912906425457e-01,2.568187500000000000e+07,8.663000000000000000e+03,3.276700000000000000e+04
1.102701822916666771e-06,1.171875000000000109e-06,9.168750000000000000e+01,-8.775390625000000000e+01,1.000000000000000000e+00,7.634910002704564658e-01,-2.624062500000000000e+06,7.963000000000000000e+03,-3.276800000000000000e+04
1.106770833333333413e-06,1.175944010416666751e-06,3.210546875000000000e+02,1.230351562500000000e+02,1.000000000000000000e+00,-3.659742601597789635e-01,-4.417781250000000000e+07,-3.818000000000000000e+03,-3.276800000000000000e+04
1.110839843750000055e-06,1.180013020833333393e-06,8.745312500000000000e+01,2.159726562500000000e+02,1.000000000000000000e+00,-1.186054770433329075e+00,-3.207656250000000000e+07,-1.237100000000000000e+04,-3.276800000000000000e+04
1.114908854166666697e-06,1.184082031250000035e-06,6.907812500000000000e+01,-2.967578125000000000e+01,1.000000000000000000e+00,4.058098237451842061e-01,6.226406250000000000e+07,4.232000000000000000e+03,3.276700000000000000e+04
1.118977864583333339e-06,1.188151041666666677e-06,8.667968750000000000e+00,-9.793750000000000000e+01,1.000000000000000000e+00,1.482568463041661566e+00,4.211625000000000000e+07,1.546300000000000000e+04,3.276700000000000000e+04
1.123046874999999981e-06,1.192220052083333319e-06,1.283632812500000000e+02,1.201640625000000000e+02,1.000000000000000000e+00,-7.524415449077177520e-01,-8.742000000000000000e+07,-7.849000000000000000e+03,-3.276800000000000000e+04
1.127115885416666623e-06,1.196289062499999961e-06,2.609101562500000000e+02,3.417968750000000000e+00,1.000000000000000000e+00,-1.313471049627080306e-02,2.891718750000000000e+07,-1.370000000000000000e+02,3.276700000000000000e+04
1.131184895833333265e-06,1.200358072916666603e-06,-2.578125000000000000e+01,-7.873828125000000000e+01,1.000000000000000000e+00,1.887251769645742261e+00,7.433156250000000000e+07,1.968400000000000000e+04,3.276700000000000000e+04
1.135253906249999907e-06,1.204427083333333245e-06,1.553632812500000000e+02,-3.042968750000000000e+01,1.000000000000000000e+00,1.934014215226443623e-01,-6.625312500000000000e+07,2.017000000000000000e+03,-3.276800000000000000e+04
1.139322916666666761e-06,1.208496093750000099e-06,3.076757812500000000e+02,-2.137226562500000000e+02,1.000000000000000000e+00,6.070968652555531753e-01,1.618125000000000000e+07,6.332000000000000000e+03,3.276700000000000000e+04
1.143391927083333403e-06,1.212565104166666741e-06,1.524921875000000000e+02,-3.463671875000000000e+02,1.000000000000000000e+00,1.156070239720127013e+00,2.147250000000000000e+07,1.205800000000000000e+04,3.276700000000000000e+04
1.147460937500000045e-06,1.216634114583333383e-06,1.516367187500000000e+02,-2.016914062500000000e+02,1.000000000000000000e+00,9.261409006859558923e-01,-8.993437500000000000e+06,9.660000000000000000e+03,-3.276800000000000000e+04
1.151529947916666687e-06,1.220703125000000025e-06,2.551796875000000000e+02,-2.131171875000000000e+02,1.000000000000000000e+00,6.958040980050025359e-01,-9.009375000000000000e+06,7.257000000000000000e+03,-3.276800000000000000e+04
1.155598958333333329e-06,1.224772135416666667e-06,3.820234375000000000e+02,1.218007812500000000e+02,1.000000000000000000e+00,-3.086417282125531458e-01,-3.928781250000000000e+07,-3.220000000000000000e+03,-3.276800000000000000e+04
1.159667968749999971e-06,1.228841145833333310e-06,3.715273437500000000e+02,1.596289062500000000e+02,1.000000000000000000e+00,-4.058098237451842061e-01,-3.800625000000000000e+06,-4.233000000000000000e+03,-3.276800000000000000e+04
1.163736979166666613e-06,1.232910156249999952e-06,2.831328125000000000e+02,-1.408554687500000000e+02,1.000000000000000000e+00,4.616083749045244433e-01,3.392812500000000000e+07,4.814000000000000000e+03,3.276700000000000000e+04
1.167805989583333255e-06,1.236979166666666594e-06,3.343789062500000000e+02,1.590625000000000000e+01,1.000000000000000000e+00,-4.752943597464416581e-02,-1.991437500000000000e+07,-4.960000000000000000e+02,-3.276800000000000000e+04
1.171874999999999897e-06,1.241048177083333236e-06,1.954375000000000000e+02,1.512734375000000000e+02,1.000000000000000000e+00,-6.587488745976399773e-01,-2.390718750000000000e+07,-6.871000000000000000e+03,-3.276800000000000000e+04
1.175944010416666751e-06,1.245117187500000089e-06,2.201093750000000000e+02,2.497734375000000000e+02,1.000000000000000000e+00,-8.484591548494345714e-01,-7.420312500000000000e+06,-8.850000000000000000e+03,-3.276800000000000000e+04
1.180013020833333393e-06,1.249186197916666731e-06,1.069687500000000000e+02,6.845312500000000000e+01,1.000000000000000000e+00,-5.692267145546264784e-01,1.092187500000000000e+07,-5.938000000000000000e+03,3.276700000000000000e+04
1.184082031250000035e-06,1.253255208333333374e-06,4.337890625000000000e+01,-1.500273437500000000e+02,1.000000000000000000e+00,1.289310852217881331e+00,7.269468750000000000e+07,1.344800000000000000e+04,3.276700000000000000e+04
1.188151041666666677e-06,1.257324218750000016e-06,3.500781250000000000e+01,5.156250000000000000e-01,0.000000000000000000e+00,1.289310852217881331e+00,7.269468750000000000e+07,0.000000000000000000e+00,0.000000000000000000e+00
1.192220052083333319e-06,1.261393229166666658e-06,1.098164062500000000e+02,3.534765625000000000e+01,1.000000000000000000e+00,-3.113980999407851558e-01,0.000000000000000000e+00,-3.248000000000000000e+03,-3.248000000000000000e+03
1.196289062499999961e-06,1.265462239583333300e-06,7.316406250000000000e+00,1.200859375000000000e+02,1.000000000000000000e+00,-1.509964401175306614e+00,-4.688062500000000000e+07,-1.575000000000000000e+04,-3.276800000000000000e+04
1.200358072916666603e-06,1.269531249999999942e-06,-1.112851562500000000e+02,-3.505078125000000000e+01,1.000000000000000000e+00,2.836426350599793533e+00,-7.575562500000000000e+07,2.958500000000000000e+04,-3.276800000000000000e+04
1.204427083333333245e-06,1.273600260416666584e-06,8.552343750000000000e+01,-5.564062500000000000e+01,1.000000000000000000e+00,5.767528077951903365e-01,-8.838468750000000000e+07,6.015000000000000000e+03,-3.276800000000000000e+04
1.208496093750000099e-06,1.277669270833333438e-06,2.643828125000000000e+02,-1.474023437500000000e+02,1.000000000000000000e+00,5.086105049833329339e-01,-2.665312500000000000e+06,5.305000000000000000e+03,-3.276800000000000000e+04
1.212565104166666741e-06,1.281738281250000080e-06,1.606835937500000000e+02,1.617851562500000000e+02,1.000000000000000000e+00,-7.887777148207588684e-01,-5.074593750000000000e+07,-8.228000000000000000e+03,-3.276800000000000000e+04
1.216634114583333383e-06,1.285807291666666722e-06,-1.367773437500000000e+02,-7.071093750000000000e+01,1.000000000000000000e+00,2.664452723207926699e+00,-1.106906250000000000e+08,2.779100000000000000e+04,-3.276800000000000000e+04
1.220703125000000025e-06,1.289876302083333364e-06,-3.568359375000000000e+01,1.950937500000000000e+02,1.000000000000000000e+00,-1.751734154415970135e+00,7.302562500000000000e+07,-1.827200000000000000e+04,3.276700000000000000e+04
1.224772135416666667e-06,1.293945312500000006e-06,1.869804687500000000e+02,4.240234375000000000e+01,1.000000000000000000e+00,-2.230264254886857866e-01,5.979375000000000000e+07,-2.327000000000000000e+03,3.276700000000000000e+04
1.228841145833333310e-06,1.298014322916666648e-06,1.524414062500000000e+02,-1.855937500000000000e+02,1.000000000000000000e+00,8.831415017255365152e-01,4.326656250000000000e+07,9.211000000000000000e+03,3.276700000000000000e+04
1.232910156249999952e-06,1.302083333333333290e-06,1.147109375000000000e+02,4.975000000000000000e+01,1.000000000000000000e+00,-4.092612805179269286e-01,-5.055093750000000000e+07,-4.269000000000000000e+03,-3.276800000000000000e+04
1.236979166666666594e-06,1.306152343749999932e-06,-8.773046875000000000e+01,2.769765625000000000e+02,1.000000000000000000e+00,-1.877544547472403291e+00,-5.743031250000000000e+07,-1.958400000000000000e+04,-3.276800000000000000e+04
1.241048177083333236e-06,1.310221354166666574e-06,1.074531250000000000e+02,1.365312500000000000e+02,1.000000000000000000e+00,-9.040419899604783538e-01,3.807750000000000000e+07,-9.430000000000000000e+03,3.276700000000000000e+04
1.245117187500000089e-06,1.314290364583333428e-06,1.158750000000000000e+02,1.377890625000000000e+02,1.000000000000000000e+00,-8.715887089167727586e-01,1.269375000000000000e+06,-9.091000000000000000e+03,1.257300000000000000e+04
1.249186197916666731e-06,1.318359375000000070e-06,8.518359375000000000e+01,1.605468750000000000e+02,1.000000000000000000e+00,-1.082966467797451982e+00,-8.267812500000000000e+06,-1.129600000000000000e+04,-3.276800000000000000e+04
1.253255208333333374e-06,1.322428385416666712e-06,7.255468750000000000e+01,1.546015625000000000e+02,1.000000000000000000e+00,-1.131981947660360310e+00,-1.917187500000000000e+06,-1.180700000000000000e+04,-3.276800000000000000e+04
1.257324218750000016e-06,1.326497395833333354e-06,8.175781250000000000e+00,1.640117187500000000e+02,1.000000000000000000e+00,-1.520965919638423980e+00,-1.521468750000000000e+07,-1.586500000000000000e+04,-3.276800000000000000e+04
1.261393229166666658e-06,1.330566406249999996e-06,-1.642109375000000000e+02,3.449375000000000000e+02,1.000000000000000000e+00,-2.015099480936086263e+00,-1.932750000000000000e+07,-2.101900000000000000e+04,-3.276800000000000000e+04
1.265462239583333300e-06,1.334635416666666638e-06,1.672304687500000000e+02,2.650625000000000000e+02,1.000000000000000000e+00,-1.007945219889919919e+00,3.939375000000000000e+07,-1.051400000000000000e+04,3.276700000000000000e+04
1.269531249999999942e-06,1.338704427083333280e-06,1.093750000000000000e+00,1.696484375000000000e+01,0.000000000000000000e+00,-1.007945219889919919e+00,3.939375000000000000e+07,0.000000000000000000e+00,0.000000000000000000e+00
1.273600260416666584e-06,1.342773437499999922e-06,-2.120742187500000000e+02,1.276757812500000000e+02,1.000000000000000000e+00,-2.599689971819379775e+00,0.000000000000000000e+00,-2.711600000000000000e+04,-2.711600000000000000e+04
1.277669270833333438e-06,1.346842447916666776e-06,-7.742187500000000000e+01,4.066406250000000000e+00,1.000000000000000000e+00,-3.089173653853763302e+00,-1.914562500000000000e+07,-3.222200000000000000e+04,-3.276800000000000000e+04
1.281738281250000080e-06,1.350911458333333418e-06,-5.877343750000000000e+01,2.192890625000000000e+02,1.000000000000000000e+00,-1.832675609426748453e+00,4.914656250000000000e+07,-1.911600000000000000e+04,3.276700000000000000e+04
1.285807291666666722e-06,1.354980468750000060e-06,-5.861718750000000000e+01,2.545546875000000000e+02,1.000000000000000000e+00,-1.797154366807271586e+00,1.389375000000000000e+06,-1.874500000000000000e+04,4.967000000000000000e+03
1.289876302083333364e-06,1.359049479166666702e-06,-1.461718750000000000e+02,-6.203515625000000000e+01,1.000000000000000000e+00,2.740216993059590767e+00,-6.828562500000000000e+07,2.858100000000000000e+04,-3.276800000000000000e+04
1.293945312500000006e-06,1.363118489583333344e-06,-2.606992187500000000e+02,-1.024062500000000000e+02,1.000000000000000000e+00,2.767301341345696830e+00,1.059375000000000000e+06,2.886400000000000000e+04,3.276700000000000000e+04
1.298014322916666648e-06,1.367187499999999986e-06,-1.051914062500000000e+02,1.054218750000000000e+02,1.000000000000000000e+00,-2.355163846850484077e+00,4.540031250000000000e+07,-2.456600000000000000e+04,3.276700000000000000e+04
1.302083333333333290e-06,1.371256510416666628e-06,3.825390625000000000e+01,1.476015625000000000e+02,1.000000000000000000e+00,-1.317234096247362318e+00,4.059750000000000000e+07,-1.374000000000000000e+04,3.276700000000000000e+04
1.306152343749999932e-06,1.375325520833333270e-06,-9.100781250000000000e+01,5.514843750000000000e+01,1.000000000000000000e+00,-2.596789789392283332e+00,-5.004843750000000000e+07,-2.708600000000000000e+04,-3.276800000000000000e+04
1.310221354166666574e-06,1.379394531249999912e-06,-2.266132812500000000e+02,-1.689375000000000000e+02,1.000000000000000000e+00,2.500987895498862912e+00,-4.636593750000000000e+07,2.608600000000000000e+04,-3.276800000000000000e+04
1.314290364583333428e-06,1.383463541666666766e-06,-1.630781250000000000e+02,1.042734375000000000e+02,1.000000000000000000e+00,-2.572749434232138199e+00,4.730625000000000000e+07,-2.683500000000000000e+04,3.276700000000000000e+04
1.318359375000000070e-06,1.387532552083333408e-06,-9.591406250000000000e+01,-1.123632812500000000e+02,1.000000000000000000e+00,2.277434164114341630e+00,-5.605031250000000000e+07,2.375400000000000000e+04,-3.276800000000000000e+04
1.322428385416666712e-06,1.391601562500000050e-06,-1.434765625000000000e+01,-4.852343750000000000e+01,0.000000000000000000e+00,2.277434164114341630e+00,-5.605031250000000000e+07,0.000000000000000000e+00,0.000000000000000000e+00
1.326497395833333354e-06,1.395670572916666692e-06,3.663671875000000000e+01,-1.045664062500000000e+02,1.000000000000000000e+00,1.233799922456269682e+00,0.000000000000000000e+00,1.286900000000000000e+04,1.286900000000000000e+04
1.330566406249999996e-06,1.399739583333333334e-06,-1.085195312500000000e+02,1.570781250000000000e+02,1.000000000000000000e+00,-2.175328567920703282e+00,1.124156250000000000e+08,-2.269000000000000000e+04,3.276700000000000000e+04
1.334635416666666638e-06,1.403808593749999976e-06,-2.289843750000000000e+01,1.644804687500000000e+02,1.000000000000000000e+00,-1.709166187552143557e+00,1.823343750000000000e+07,-1.782800000000000000e+04,3.276700000000000000e+04
1.338704427083333280e-06,1.407877604166666618e-06,-1.884687500000000000e+02,-1.965351562500000000e+02,1.000000000000000000e+00,2.335270033507592213e+00,-8.756625000000000000e+07,2.435700000000000000e+04,-3.276800000000000000e+04
1.342773437499999922e-06,1.411946614583333260e-06,-2.121992187500000000e+02,-1.311523437500000000e+02,1.000000000000000000e+00,2.587993368311751752e+00,9.885000000000000000e+06,2.699300000000000000e+04,3.276700000000000000e+04
1.346842447916666564e-06,1.416015624999999902e-06,-3.039492187500000000e+02,-2.172890625000000000e+02,1.000000000000000000e+00,2.520929645741376124e+00,-2.623125000000000000e+06,2.629400000000000000e+04,-1.847400000000000000e+04
1.350911458333333418e-06,1.420084635416666756e-06,-7.023828125000000000e+01,-3.826171875000000000e+01,1.000000000000000000e+00,2.642761276129231174e+00,4.765312500000000000e+06,2.756500000000000000e+04,3.276700000000000000e+04
1.354980468750000060e-06,1.424153645833333398e-06,-2.440742187500000000e+02,-2.473046875000000000e+01,1.000000000000000000e+00,3.040613574537258668e+00,1.556156250000000000e+07,3.171400000000000000e+04,3.276700000000000000e+04
1.359049479166666702e-06,1.428222656250000040e-06,-1.393085937500000000e+02,-8.950000000000000000e+01,1.000000000000000000e+00,2.570544336849552636e+00,-1.838625000000000000e+07,2.681100000000000000e+04,-3.276800000000000000e+04
1.363118489583333344e-06,1.432291666666666682e-06,-1.207343750000000000e+02,-2.967578125000000000e+01,1.000000000000000000e+00,2.900541953843450926e+00,1.290750000000000000e+07,3.025300000000000000e+04,3.276700000000000000e+04
1.367187499999999986e-06,1.436360677083333324e-06,1.449648437500000000e+02,-1.316406250000000000e+01,1.000000000000000000e+00,9.055280338487425862e-02,-1.099096875000000000e+08,9.440000000000000000e+02,-3.276800000000000000e+04
1.371256510416666628e-06,1.440429687499999966e-06,-1.111250000000000000e+02,-9.395703125000000000e+01,1.000000000000000000e+00,2.439700569332869495e+00,9.188437500000000000e+07,2.544700000000000000e+04,3.276700000000000000e+04
1.375325520833333270e-06,1.444498697916666609e-06,2.918750000000000000e+01,-1.919218750000000000e+02,1.000000000000000000e+00,1.419890966786646613e+00,-3.988875000000000000e+07,1.481000000000000000e+04,-3.276800000000000000e+04
1.379394531249999912e-06,1.448567708333333251e-06,-8.907031250000000000e+01,-1.099960937500000000e+02,1.000000000000000000e+00,2.251452364519528349e+00,3.252562500000000000e+07,2.348300000000000000e+04,3.276700000000000000e+04
1.383463541666666766e-06,1.452636718750000104e-06,1.823828125000000000e+01,-7.198437500000000000e+01,1.000000000000000000e+00,1.322746839703826227e+00,-3.632531250000000000e+07,1.379600000000000000e+04,-3.276800000000000000e+04
1.387532552083333408e-06,1.456705729166666746e-06,3.546875000000000000e+00,-2.500703125000000000e+02,1.000000000000000000e+00,1.556559067607332869e+00,9.145312500000000000e+06,1.623500000000000000e+04,3.276700000000000000e+04
1.391601562500000050e-06,1.460774739583333388e-06,2.628125000000000000e+01,-2.615312500000000000e+02,1.000000000000000000e+00,1.470632175035926359e+00,-3.360937500000000000e+06,1.533900000000000000e+04,-3.276800000000000000e+04
1.395670572916666692e-06,1.464843750000000030e-06,2.006796875000000000e+02,-9.946484375000000000e+01,1.000000000000000000e+00,4.601223310162602109e-01,-3.952500000000000000e+07,4.799000000000000000e+03,-3.276800000000000000e+04
1.399739583333333334e-06,1.468912760416666673e-06,3.204140625000000000e+02,-2.911718750000000000e+01,1.000000000000000000e+00,9.062470873430639173e-02,-1.445250000000000000e+07,9.450000000000000000e+02,-3.276800000000000000e+04
1.403808593749999976e-06,1.472981770833333315e-06,3.415507812500000000e+02,-1.668359375000000000e+02,1.000000000000000000e+00,4.543699030616890622e-01,1.422750000000000000e+07,4.739000000000000000e+03,3.276700000000000000e+04
1.407877604166666618e-06,1.477050781249999957e-06,2.454726562500000000e+02,-1.023398437500000000e+02,1.000000000000000000e+00,3.950240213303632952e-01,-2.321250000000000000e+06,4.120000000000000000e+03,-3.276800000000000000e+04
1.411946614583333260e-06,1.481119791666666599e-06,3.193242187500000000e+02,1.755742187500000000e+02,1.000000000000000000e+00,-5.027382347797081374e-01,-3.511500000000000000e+07,-5.244000000000000000e+03,-3.276800000000000000e+04
1.416015624999999902e-06,1.485188802083333241e-06,1.201523437500000000e+02,6.172265625000000000e+01,1.000000000000000000e+00,-4.745273693524987846e-01,1.103437500000000000e+06,-4.950000000000000000e+03,1.388200000000000000e+04
1.420084635416666756e-06,1.489257812500000095e-06,3.654140625000000000e+02,6.816796875000000000e+01,1.000000000000000000e+00,-1.844372212934376476e-01,1.134656250000000000e+07,-1.924000000000000000e+03,3.276700000000000000e+04
1.424153645833333398e-06,1.493326822916666737e-06,7.400390625000000000e+01,6.929687500000000000e+00,1.000000000000000000e+00,-9.330917511310626855e-02,3.564375000000000000e+06,-9.740000000000000000e+02,3.276700000000000000e+04
1.428222656250000040e-06,1.497395833333333379e-06,2.017148437500000000e+02,4.269531250000000000e+01,1.000000000000000000e+00,-2.085974187026364834e-01,-4.509375000000000000e+06,-2.176000000000000000e+03,-3.276800000000000000e+04
1.432291666666666682e-06,1.501464843750000021e-06,1.074492187500000000e+02,2.320468750000000000e+02,1.000000000000000000e+00,-1.137135164369663665e+00,-3.631875000000000000e+07,-1.186100000000000000e+04,-3.276800000000000000e+04
1.436360677083333324e-06,1.505533854166666663e-06,1.384101562500000000e+02,1.735468750000000000e+02,1.000000000000000000e+00,-8.975225716119643593e-01,9.372187500000000000e+06,-9.362000000000000000e+03,3.276700000000000000e+04
1.440429687499999966e-06,1.509602864583333305e-06,1.969570312500000000e+02,7.841796875000000000e+01,1.000000000000000000e+00,-3.789411915073748194e-01,2.028375000000000000e+07,-3.953000000000000000e+03,3.276700000000000000e+04
1.444498697916666609e-06,1.513671874999999947e-06,2.178867187500000000e+02,3.428867187500000000e+02,1.000000000000000000e+00,-1.004709479165473596e+00,-2.447625000000000000e+07,-1.048000000000000000e+04,-3.276800000000000000e+04
1.448567708333333251e-06,1.517740885416666589e-06,2.746445312500000000e+02,4.251953125000000000e+02,1.000000000000000000e+00,-9.973032281739632188e-01,2.896875000000000000e+05,-1.040300000000000000e+04,-5.459000000000000000e+03
1.452636718750000104e-06,1.521809895833333443e-06,2.809531250000000000e+02,3.792109375000000000e+02,1.000000000000000000e+00,-9.331636564804948186e-01,2.508750000000000000e+06,-9.734000000000000000e+03,3.276700000000000000e+04
1.456705729166666746e-06,1.525878906250000085e-06,2.038593750000000000e+02,2.198085937500000000e+02,1.000000000000000000e+00,-8.230286296002679025e-01,4.307812500000000000e+06,-8.585000000000000000e+03,3.276700000000000000e+04
1.460774739583333388e-06,1.529947916666666727e-06,1.227929687500000000e+02,1.505078125000000000e+02,1.000000000000000000e+00,-8.864731162492256455e-01,-2.481562500000000000e+06,-9.247000000000000000e+03,-3.276800000000000000e+04
1.464843750000000030e-06,1.534016927083333369e-06,-4.125390625000000000e+01,2.232304687500000000e+02,1.000000000000000000e+00,-1.753555756601584248e+00,-3.391500000000000000e+07,-1.829100000000000000e+04,-3.276800000000000000e+04
1.468912760416666673e-06,1.538085937500000011e-06,-8.151171875000000000e+01,1.603515625000000000e+02,1.000000000000000000e+00,-2.041081280530899100e+00,-1.124625000000000000e+07,-2.129000000000000000e+04,-3.276800000000000000e+04
1.472981770833333315e-06,1.542154947916666653e-06,-1.456289062500000000e+02,2.746875000000000000e+01,1.000000000000000000e+00,-2.955166050962066304e+00,-3.575343750000000000e+07,-3.082400000000000000e+04,-3.276800000000000000e+04
1.477050781249999957e-06,1.546223958333333295e-06,-1.003750000000000000e+02,1.422226562500000000e+02,1.000000000000000000e+00,-2.185371348391392132e+00,3.010968750000000000e+07,-2.279500000000000000e+04,3.276700000000000000e+04
1.481119791666666599e-06,1.550292968749999937e-06,2.976171875000000000e+01,2.071640625000000000e+02,1.000000000000000000e+00,-1.428160081971342699e+00,2.961750000000000000e+07,-1.489700000000000000e+04,3.276700000000000000e+04
1.485188802083333241e-06,1.554361979166666579e-06,-1.471523437500000000e+02,-2.898437500000000000e+01,1.000000000000000000e+00,2.947112651825666507e+00,-7.462593750000000000e+07,3.073900000000000000e+04,-3.276800000000000000e+04
1.489257812500000095e-06,1.558430989583333433e-06,-1.458515625000000000e+02,-1.661445312500000000e+02,1.000000000000000000e+00,2.291216022755501402e+00,-2.565468750000000000e+07,2.389800000000000000e+04,-3.276800000000000000e+04
1.493326822916666737e-06,1.562500000000000075e-06,-5.860156250000000000e+01,7.921875000000000000e+01,1.000000000000000000e+00,-2.207685975165166070e+00,6.979031250000000000e+07,-2.302700000000000000e+04,3.276700000000000000e+04
1.497395833333333379e-06,1.566569010416666717e-06,-1.156640625000000000e+01,-1.147656250000000000e+01,0.000000000000000000e+00,-2.207685975165166070e+00,6.979031250000000000e+07,0.000000000000000000e+00,0.000000000000000000e+00
1.501464843750000021e-06,1.570638020833333359e-06,-9.339843750000000000e+00,3.055468750000000000e+01,0.000000000000000000e+00,-2.207685975165166070e+00,6.979031250000000000e+07,0.000000000000000000e+00,0.000000000000000000e+00
1.505533854166666663e-06,1.574707031250000001e-06,-1.314414062500000000e+02,-1.101406250000000000e+02,1.000000000000000000e+00,2.444134732547851296e+00,0.000000000000000000e+00,2.549300000000000000e+04,2.549300000000000000e+04
1.509602864583333305e-06,1.578776041666666643e-06,-1.758320312500000000e+02,-3.046875000000000000e-01,1.000000000000000000e+00,3.139890893653232595e+00,2.721375000000000000e+07,3.275000000000000000e+04,3.276700000000000000e+04
1.513671874999999947e-06,1.582845052083333285e-06,-4.185156250000000000e+01,9.084375000000000000e+01,1.000000000000000000e+00,-2.002516044785461524e+00,4.462031250000000000e+07,-2.088700000000000000e+04,3.276700000000000000e+04
1.517740885416666589e-06,1.586914062499999927e-06,2.564570312500000000e+02,-1.563398437500000000e+02,1.000000000000000000e+00,5.474873305763096054e-01,9.974062500000000000e+07,5.710000000000000000e+03,3.276700000000000000e+04
1.521809895833333231e-06,1.590983072916666569e-06,1.171093750000000000e+02,-1.381289062500000000e+02,1.000000000000000000e+00,8.675620093485729711e-01,1.251937500000000000e+07,9.049000000000000000e+03,3.276700000000000000e+04
1.525878906250000085e-06,1.595052083333333423e-06,2.073828125000000000e+01,1.123671875000000000e+02,1.000000000000000000e+00,-1.388276581486316053e+00,-8.823468750000000000e+07,-1.448100000000000000e+04,-3.276800000000000000e+04
1.529947916666666727e-06,1.599121093750000065e-06,7.742578125000000000e+01,1.049453125000000000e+02,1.000000000000000000e+00,-9.351770062645946568e-01,1.772250000000000000e+07,-9.755000000000000000e+03,3.276700000000000000e+04
1.534016927083333369e-06,1.603190104166666707e-06,1.020742187500000000e+02,-1.453203125000000000e+02,1.000000000000000000e+00,9.584743394806078953e-01,7.406812500000000000e+07,9.997000000000000000e+03,3.276700000000000000e+04
1.538085937500000011e-06,1.607259114583333349e-06,-1.088046875000000000e+02,-1.606640625000000000e+01,1.000000000000000000e+00,2.995073519896903846e+00,7.965937500000000000e+07,3.123900000000000000e+04,3.276700000000000000e+04
1.542154947916666653e-06,1.611328124999999991e-06,-8.152734375000000000e+01,1.663242187500000000e+02,1.000000000000000000e+00,-2.026532431495796427e+00,4.934531250000000000e+07,-2.113800000000000000e+04,3.276700000000000000e+04
1.546223958333333295e-06,1.615397135416666633e-06,-5.291796875000000000e+01,3.837890625000000000e+01,0.000000000000000000e+00,-2.026532431495796427e+00,4.934531250000000000e+07,0.000000000000000000e+00,0.000000000000000000e+00
1.550292968749999937e-06,1.619466145833333275e-06,9.601953125000000000e+01,-8.251953125000000000e+01,1.000000000000000000e+00,7.099454833933233067e-01,0.000000000000000000e+00,7.405000000000000000e+03,7.405000000000000000e+03
1.554361979166666579e-06,1.623535156249999917e-06,-7.894140625000000000e+01,1.267578125000000000e+01,1.000000000000000000e+00,-2.982394209947036412e+00,1.013381250000000000e+08,-3.110800000000000000e+04,3.276700000000000000e+04
1.558430989583333433e-06,1.627604166666666771e-06,-1.960820312500000000e+02,-1.177578125000000000e+02,1.000000000000000000e+00,2.600744583611051208e+00,-2.738156250000000000e+07,2.712600000000000000e+04,-3.276800000000000000e+04
1.562500000000000075e-06,1.631673177083333413e-06,-1.631679687500000000e+02,-6.028125000000000000e+01,1.000000000000000000e+00,2.787722460584424411e+00,7.313437500000000000e+06,2.907700000000000000e+04,3.276700000000000000e+04
1.566569010416666717e-06,1.635742187500000055e-06,-8.677734375000000000e+01,-4.907812500000000000e+01,1.000000000000000000e+00,2.626918130804349882e+00,-6.289687500000000000e+06,2.739900000000000000e+04,-3.276800000000000000e+04
1.570638020833333359e-06,1.639811197916666697e-06,-2.752421875000000000e+02,-2.467070312500000000e+02,1.000000000000000000e+00,2.410794618861149541e+00,-8.453437500000000000e+06,2.514500000000000000e+04,-3.276800000000000000e+04
1.574707031250000001e-06,1.643880208333333339e-06,-2.869257812500000000e+02,-1.226367187500000000e+02,1.000000000000000000e+00,2.737676337379655322e+00,1.278562500000000000e+07,2.855500000000000000e+04,3.276700000000000000e+04
1.578776041666666643e-06,1.647949218749999981e-06,-1.343906250000000000e+02,3.032812500000000000e+01,1.000000000000000000e+00,-2.919644808342589215e+00,2.448000000000000000e+07,-3.045300000000000000e+04,3.276700000000000000e+04
1.582845052083333285e-06,1.652018229166666623e-06,-2.004882812500000000e+02,-9.323828125000000000e+01,1.000000000000000000e+00,2.706253699677810154e+00,-2.570906250000000000e+07,2.822700000000000000e+04,-3.276800000000000000e+04
1.586914062499999927e-06,1.656087239583333265e-06,-1.096835937500000000e+02,-2.037578125000000000e+02,1.000000000000000000e+00,2.064618298245019634e+00,-2.509687500000000000e+07,2.153400000000000000e+04,-3.276800000000000000e+04
1.590983072916666569e-06,1.660156249999999908e-06,-2.113945312500000000e+02,-1.265429687500000000e+02,1.000000000000000000e+00,2.602182690599693871e+00,2.102625000000000000e+07,2.714100000000000000e+04,3.276700000000000000e+04
1.595052083333333423e-06,1.664225260416666761e-06,-8.864062500000000000e+01,2.329687500000000000e+01,1.000000000000000000e+00,-2.884507060920083799e+00,3.115406250000000000e+07,-3.008700000000000000e+04,3.276700000000000000e+04
1.599121093750000065e-06,1.668294270833333403e-06,1.644140625000000000e+01,-1.841718750000000000e+02,1.000000000000000000e+00,1.481801472647718665e+00,-7.497656250000000000e+07,1.545500000000000000e+04,-3.276800000000000000e+04
1.603190104166666707e-06,1.672363281250000045e-06,3.817968750000000000e+01,-2.193398437500000000e+02,1.000000000000000000e+00,1.398463172655868947e+00,-3.259687500000000000e+06,1.458600000000000000e+04,-3.276800000000000000e+04
1.607259114583333349e-06,1.676432291666666687e-06,-1.149531250000000000e+02,-1.601171875000000000e+01,1.000000000000000000e+00,3.003102950583492525e+00,6.276375000000000000e+07,3.132300000000000000e+04,3.276700000000000000e+04
1.611328124999999991e-06,1.680501302083333329e-06,-8.787890625000000000e+01,4.443750000000000000e+01,1.000000000000000000e+00,-2.673464860336754789e+00,2.372718750000000000e+07,-2.788600000000000000e+04,3.276700000000000000e+04
1.615397135416666633e-06,1.684570312499999972e-06,9.269531250000000000e+00,-1.058437500000000000e+02,1.000000000000000000e+00,1.483455295684657838e+00,-8.316656250000000000e+07,1.547300000000000000e+04,-3.276800000000000000e+04
1.619466145833333275e-06,1.688639322916666614e-06,-3.160937500000000000e+01,-1.072968750000000000e+02,1.000000000000000000e+00,1.857291207382350651e+00,1.462218750000000000e+07,1.937200000000000000e+04,3.276700000000000000e+04
1.623535156249999917e-06,1.692708333333333256e-06,-8.112500000000000000e+01,1.733242187500000000e+02,1.000000000000000000e+00,-2.008580062587572268e+00,9.455062500000000000e+07,-2.095100000000000000e+04,3.276700000000000000e+04
1.627604166666666771e-06,1.696777343750000109e-06,1.618359375000000000e+01,-1.097031250000000000e+02,1.000000000000000000e+00,1.424301161551817740e+00,-1.114865625000000000e+08,1.485600000000000000e+04,-3.276800000000000000e+04
1.631673177083333413e-06,1.700846354166666751e-06,1.155859375000000000e+01,-1.053671875000000000e+02,1.000000000000000000e+00,1.461572101007476698e+00,1.457812500000000000e+06,1.524400000000000000e+04,3.276700000000000000e+04
1.635742187500000055e-06,1.704915364583333394e-06,1.995703125000000000e+01,-1.278164062500000000e+02,1.000000000000000000e+00,1.415936172567878959e+00,-1.785000000000000000e+06,1.476800000000000000e+04,-1.569600000000000000e+04
1.639811197916666697e-06,1.708984375000000036e-06,5.516796875000000000e+01,-2.831875000000000000e+02,1.000000000000000000e+00,1.378377611714491469e+00,-1.469062500000000000e+06,1.437700000000000000e+04,-1.069500000000000000e+04
1.643880208333333339e-06,1.713053385416666678e-06,2.408710937500000000e+02,-3.110429687500000000e+02,1.000000000000000000e+00,9.118317361489600703e-01,-1.824843750000000000e+07,9.510000000000000000e+03,-3.276800000000000000e+04
1.647949218749999981e-06,1.717122395833333320e-06,1.171757812500000000e+02,-1.038281250000000000e+02,1.000000000000000000e+00,7.250695752238832670e-01,-7.305000000000000000e+06,7.562000000000000000e+03,-3.276800000000000000e+04
1.652018229166666623e-06,1.721191406249999962e-06,-8.378125000000000000e+01,-1.506328125000000000e+02,1.000000000000000000e+00,2.078376188436368732e+00,5.293312500000000000e+07,2.167800000000000000e+04,3.276700000000000000e+04
1.656087239583333265e-06,1.725260416666666604e-06,-6.727343750000000000e+01,-9.805078125000000000e+01,1.000000000000000000e+00,2.172116795646068077e+00,3.666562500000000000e+06,2.265600000000000000e+04,3.276700000000000000e+04
1.660156249999999908e-06,1.729329427083333246e-06,-5.810156250000000000e+01,-1.361992187500000000e+02,1.000000000000000000e+00,1.974041526410334590e+00,-7.747500000000000000e+06,2.059000000000000000e+04,-3.276800000000000000e+04
1.664225260416666761e-06,1.733398437500000100e-06,8.051953125000000000e+01,-1.857187500000000000e+02,1.000000000000000000e+00,1.161678856975833840e+00,-3.177468750000000000e+07,1.211600000000000000e+04,-3.276800000000000000e+04
1.668294270833333403e-06,1.737467447916666742e-06,1.974023437500000000e+02,-7.151562500000000000e+01,1.000000000000000000e+00,3.475904591549620060e-01,-3.184218750000000000e+07,3.625000000000000000e+03,-3.276800000000000000e+04
1.672363281250000045e-06,1.741536458333333384e-06,3.699609375000000000e+01,-6.675781250000000000e+01,1.000000000000000000e+00,1.064774414391120638e+00,2.805187500000000000e+07,1.110600000000000000e+04,3.276700000000000000e+04
1.676432291666666687e-06,1.745605468750000026e-06,5.892578125000000000e+01,-1.013750000000000000e+02,1.000000000000000000e+00,1.044233452903339465e+00,-8.034375000000000000e+05,1.089100000000000000e+04,-2.821000000000000000e+03
1.680501302083333329e-06,1.749674479166666668e-06,1.236796875000000000e+02,-1.815000000000000000e+02,1.000000000000000000e+00,9.726396933187393401e-01,-2.800312500000000000e+06,1.014500000000000000e+04,-3.276800000000000000e+04
1.684570312499999972e-06,1.753743489583333310e-06,1.514726562500000000e+02,1.615234375000000000e+01,1.000000000000000000e+00,-1.062521380108913671e-01,-4.219968750000000000e+07,-1.109000000000000000e+03,-3.276800000000000000e+04
1.688639322916666614e-06,1.757812499999999952e-06,1.591289062500000000e+02,1.258046875000000000e+02,1.000000000000000000e+00,-6.689834026668145528e-01,-2.201062500000000000e+07,-6.978000000000000000e+03,-3.276800000000000000e+04
1.692708333333333256e-06,1.761881510416666594e-06,1.112851562500000000e+02,-2.083984375000000000e+01,1.000000000000000000e+00,1.851323063379483325e-01,3.340781250000000000e+07,1.931000000000000000e+03,3.276700000000000000e+04
1.696777343749999898e-06,1.765950520833333236e-06,2.342734375000000000e+02,3.645312500000000000e+01,1.000000000000000000e+00,-1.543328483311819377e-01,-1.327781250000000000e+07,-1.610000000000000000e+03,-3.276800000000000000e+04
1.700846354166666751e-06,1.770019531250000090e-06,7.830468750000000000e+01,4.409375000000000000e+01,1.000000000000000000e+00,-5.127810152503969876e-01,-1.402031250000000000e+07,-5.349000000000000000e+03,-3.276800000000000000e+04
1.704915364583333394e-06,1.774088541666666732e-06,4.414062500000000000e-01,-9.730468750000000000e+00,0.000000000000000000e+00,-5.127810152503969876e-01,-1.402031250000000000e+07,0.000000000000000000e+00,0.000000000000000000e+00
1.708984375000000036e-06,1.778157552083333374e-06,-5.210937500000000000e+01,-2.055078125000000000e+01,0.000000000000000000e+00,-5.127810152503969876e-01,-1.402031250000000000e+07,0.000000000000000000e+00,0.000000000000000000e+00
1.713053385416666678e-06,1.782226562500000016e-06,7.656640625000000000e+01,2.002187500000000000e+02,1.000000000000000000e+00,-1.205589057029060385e+00,0.000000000000000000e+00,-1.257500000000000000e+04,-1.257500000000000000e+04
1.717122395833333320e-06,1.786295572916666658e-06,8.010546875000000000e+01,1.112421875000000000e+02,1.000000000000000000e+00,-9.467058306235477394e-01,1.012593750000000000e+07,-9.875000000000000000e+03,3.276700000000000000e+04
1.721191406249999962e-06,1.790364583333333300e-06,2.248984375000000000e+02,1.663554687500000000e+02,1.000000000000000000e+00,-6.368656799204589491e-01,1.211906250000000000e+07,-6.643000000000000000e+03,3.276700000000000000e+04
1.725260416666666604e-06,1.794433593749999942e-06,1.588554687500000000e+02,3.369531250000000000e+02,1.000000000000000000e+00,-1.130256219273988894e+00,-1.929843750000000000e+07,-1.178900000000000000e+04,-3.276800000000000000e+04
1.729329427083333246e-06,1.798502604166666584e-06,1.700039062500000000e+02,1.771093750000000000e+02,1.000000000000000000e+00,-8.058432510859866449e-01,1.268906250000000000e+07,-8.406000000000000000e+03,3.276700000000000000e+04
1.733398437500000100e-06,1.802571614583333438e-06,4.257812500000000000e+00,9.701171875000000000e+01,1.000000000000000000e+00,-1.526862158291859339e+00,-2.820187500000000000e+07,-1.592600000000000000e+04,-3.276800000000000000e+04
1.737467447916666742e-06,1.806640625000000080e-06,-1.220117187500000000e+02,-1.519531250000000000e+00,1.000000000000000000e+00,3.129129059688222192e+00,-6.364593750000000000e+07,3.263800000000000000e+04,-3.276800000000000000e+04
1.741536458333333384e-06,1.810709635416666722e-06,1.516523437500000000e+02,3.553125000000000000e+01,1.000000000000000000e+00,-2.301450550824676033e-01,1.143656250000000000e+08,-2.401000000000000000e+03,3.276700000000000000e+04
1.745605468750000026e-06,1.814778645833333364e-06,3.042578125000000000e+01,2.233085937500000000e+02,1.000000000000000000e+00,-1.435374585364367350e+00,-4.714125000000000000e+07,-1.497200000000000000e+04,-3.276800000000000000e+04
1.749674479166666668e-06,1.818847656250000006e-06,3.296875000000000000e+01,2.178046875000000000e+02,1.000000000000000000e+00,-1.420562083381346596e+00,5.793750000000000000e+05,-1.481700000000000000e+04,-4.929000000000000000e+03
1.753743489583333310e-06,1.822916666666666648e-06,3.212109375000000000e+01,2.018671875000000000e+02,1.000000000000000000e+00,-1.413035990140782738e+00,2.943750000000000000e+05,-1.473900000000000000e+04,-9.715000000000000000e+03
1.757812499999999952e-06,1.826985677083333290e-06,-1.414179687500000000e+02,6.495312500000000000e+01,1.000000000000000000e+00,-2.711023421190142280e+00,-5.076937500000000000e+07,-2.827700000000000000e+04,-3.276800000000000000e+04
1.761881510416666594e-06,1.831054687499999932e-06,4.565234375000000000e+01,4.080859375000000000e+01,0.000000000000000000e+00,-2.711023421190142280e+00,-5.076937500000000000e+07,0.000000000000000000e+00,0.000000000000000000e+00
1.765950520833333236e-06,1.835123697916666574e-06,1.159726562500000000e+02,1.968945312500000000e+02,1.000000000000000000e+00,-1.038504993398579046e+00,0.000000000000000000e+00,-1.083200000000000000e+04,-1.083200000000000000e+04
1.770019531250000090e-06,1.839192708333333428e-06,-1.497265625000000000e+01,2.300703125000000000e+02,1.000000000000000000e+00,-1.635798762681550667e+00,-2.336250000000000000e+07,-1.706200000000000000e+04,-3.276800000000000000e+04
1.774088541666666732e-06,1.843261718750000070e-06,5.996875000000000000e+01,1.954375000000000000e+02,1.000000000000000000e+00,-1.273084211696028589e+00,1.418718750000000000e+07,-1.327900000000000000e+04,3.276700000000000000e+04
1.778157552083333374e-06,1.847330729166666712e-06,-1.734765625000000000e+01,9.337890625000000000e+01,1.000000000000000000e+00,-1.754418620794769845e+00,-1.882687500000000000e+07,-1.830000000000000000e+04,-3.276800000000000000e+04
1.782226562500000016e-06,1.851399739583333354e-06,-9.306640625000000000e+01,8.972656250000000000e+00,1.000000000000000000e+00,-3.045551075198265512e+00,-5.050125000000000000e+07,-3.176700000000000000e+04,-3.276800000000000000e+04
1.786295572916666658e-06,1.855468749999999996e-06,-1.478593750000000000e+02,1.561093750000000000e+02,1.000000000000000000e+00,-2.329086173456428099e+00,2.802375000000000000e+07,-2.429400000000000000e+04,3.276700000000000000e+04
1.790364583333333300e-06,1.859537760416666638e-06,5.701562500000000000e+01,1.632617187500000000e+02,1.000000000000000000e+00,-1.234854534247941116e+00,4.279968750000000000e+07,-1.288000000000000000e+04,3.276700000000000000e+04
1.794433593749999942e-06,1.863606770833333280e-06,1.297890625000000000e+02,-7.843750000000000000e+01,1.000000000000000000e+00,5.436523786065955433e-01,6.956437500000000000e+07,5.670000000000000000e+03,3.276700000000000000e+04
1.798502604166666584e-06,1.867675781249999922e-06,-1.011054687500000000e+02,3.062109375000000000e+01,1.000000000000000000e+00,-2.847427869062910677e+00,1.131215625000000000e+08,-2.970000000000000000e+04,3.276700000000000000e+04
1.802571614583333438e-06,1.871744791666666776e-06,-2.643710937500000000e+02,5.800781250000000000e+01,1.000000000000000000e+00,-2.925612952345456819e+00,-3.058125000000000000e+06,-3.051600000000000000e+04,-3.276800000000000000e+04
1.806640625000000080e-06,1.875813802083333418e-06,-4.604296875000000000e+01,1.830468750000000000e+01,0.000000000000000000e+00,-2.925612952345456819e+00,-3.058125000000000000e+06,0.000000000000000000e+00,0.000000000000000000e+00
1.810709635416666722e-06,1.879882812500000060e-06,-4.257812500000000000e-01,3.941015625000000000e+01,0.000000000000000000e+00,-2.925612952345456819e+00,-3.058125000000000000e+06,0.000000000000000000e+00,0.000000000000000000e+00
1.814778645833333364e-06,1.883951822916666702e-06,-5.145703125000000000e+01,2.085976562500000000e+02,1.000000000000000000e+00,-1.812637985384992101e+00,0.000000000000000000e+00,-1.890700000000000000e+04,-1.890700000000000000e+04
1.818847656250000006e-06,1.888020833333333344e-06,-2.256289062500000000e+02,-1.570195312500000000e+02,1.000000000000000000e+00,2.533608955691243558e+00,-7.576125000000000000e+07,2.642600000000000000e+04,-3.276800000000000000e+04
1.822916666666666648e-06,1.892089843749999986e-06,-2.804453125000000000e+02,-9.557031250000000000e+01,1.000000000000000000e+00,2.813152985833590858e+00,1.093406250000000000e+07,2.934200000000000000e+04,3.276700000000000000e+04
1.826985677083333290e-06,1.896158854166666628e-06,1.117968750000000000e+01,-1.303906250000000000e+01,0.000000000000000000e+00,2.813152985833590858e+00,1.093406250000000000e+07,0.000000000000000000e+00,0.000000000000000000e+00
1.831054687499999932e-06,1.900227864583333271e-06,5.308203125000000000e+01,-1.293125000000000000e+02,1.000000000000000000e+00,1.181285048920997172e+00,0.000000000000000000e+00,1.232100000000000000e+04,1.232100000000000000e+04
1.835123697916666574e-06,1.904296874999999913e-06,7.348046875000000000e+01,4.182421875000000000e+01,1.000000000000000000e+00,-5.174788314132967582e-01,-6.644531250000000000e+07,-5.398000000000000000e+03,-3.276800000000000000e+04
1.839192708333333428e-06,1.908365885416666555e-06,9.251562500000000000e+01,2.204531250000000000e+02,1.000000000000000000e+00,-1.173471334282704781e+00,-2.565843750000000000e+07,-1.224000000000000000e+04,-3.276800000000000000e+04
1.843261718750000070e-06,1.912434895833333620e-06,-9.399218750000000000e+01,-4.148828125000000000e+01,1.000000000000000000e+00,2.725883860072784159e+00,-9.324093750000000000e+07,2.843200000000000000e+04,-3.276800000000000000e+04
1.847330729166666712e-06,1.916503906249999839e-06,-2.434296875000000000e+02,-8.610156250000000000e+01,1.000000000000000000e+00,2.801648129924448671e+00,2.963437500000000000e+06,2.922200000000000000e+04,3.276700000000000000e+04
1.851399739583333354e-06,1.920572916666666904e-06,-3.414726562500000000e+02,8.178515625000000000e+01,1.000000000000000000e+00,-2.906510097846318530e+00,2.249156250000000000e+07,-3.031600000000000000e+04,3.276700000000000000e+04
1.855468749999999996e-06,1.924641927083333123e-06,-2.376757812500000000e+02,-2.509414062500000000e+02,1.000000000000000000e+00,2.329062205006617425e+00,-4.097625000000000000e+07,2.429300000000000000e+04,-3.276800000000000000e+04
1.859537760416666638e-06,1.928710937500000188e-06,-2.992578125000000000e+02,-2.135429687500000000e+02,1.000000000000000000e+00,2.521816478384372839e+00,7.539375000000000000e+06,2.630300000000000000e+04,3.276700000000000000e+04
1.863606770833333280e-06,1.932779947916666407e-06,-1.464882812500000000e+02,-1.655351562500000000e+02,1.000000000000000000e+00,2.295218753873890627e+00,-8.863125000000000000e+06,2.394000000000000000e+04,-3.276800000000000000e+04
1.867675781249999922e-06,1.936848958333333472e-06,-8.344140625000000000e+01,-5.275781250000000000e+01,1.000000000000000000e+00,2.577734871792766391e+00,1.105031250000000000e+07,2.688600000000000000e+04,3.276700000000000000e+04
1.871744791666666564e-06,1.940917968749999691e-06,-1.550078125000000000e+02,-1.712656250000000000e+02,1.000000000000000000e+00,2.306412019935493607e+00,-1.061250000000000000e+07,2.405600000000000000e+04,-3.276800000000000000e+04
1.875813802083333418e-06,1.944986979166666757e-06,-8.883203125000000000e+01,-3.549570312500000000e+02,1.000000000000000000e+00,1.816017536808302690e+00,-1.918125000000000000e+07,1.894100000000000000e+04,-3.276800000000000000e+04
1.879882812500000060e-06,1.949055989583333399e-06,-2.522382812500000000e+02,-1.354414062500000000e+02,1.000000000000000000e+00,2.648801325481530800e+00,3.257343750000000000e+07,2.762800000000000000e+04,3.276700000000000000e+04
1.883951822916666702e-06,1.953125000000000041e-06,-1.495742187500000000e+02,-1.648554687500000000e+02,1.000000000000000000e+00,2.307706316225272225e+00,-1.334156250000000000e+07,2.407000000000000000e+04,-3.276800000000000000e+04
1.888020833333333344e-06,1.957194010416666683e-06,-1.003007812500000000e+02,-2.061523437500000000e+02,1.000000000000000000e+00,2.023608280618889310e+00,-1.111218750000000000e+07,2.110700000000000000e+04,-3.276800000000000000e+04
1.892089843749999986e-06,1.961263020833333325e-06,-2.817773437500000000e+02,-6.949218750000000000e+00,1.000000000000000000e+00,3.116953087184379800e+00,4.276500000000000000e+07,3.251100000000000000e+04,3.276700000000000000e+04
1.896158854166666628e-06,1.965332031249999967e-06,3.570312500000000000e+01,-1.113125000000000000e+02,1.000000000000000000e+00,1.260380933296350703e+00,-7.261781250000000000e+07,1.314600000000000000e+04,-3.276800000000000000e+04
1.900227864583333271e-06,1.969401041666666609e-06,-1.190781250000000000e+02,-1.470625000000000000e+02,1.000000000000000000e+00,2.251452364519528349e+00,3.876468750000000000e+07,2.348300000000000000e+04,3.276700000000000000e+04
1.904296874999999913e-06,1.973470052083333251e-06,-2.025234375000000000e+02,-1.890234375000000000e+01,1.000000000000000000e+00,3.048547131424604650e+00,3.117750000000000000e+07,3.179700000000000000e+04,3.276700000000000000e+04
1.908365885416666555e-06,1.977539062499999893e-06,-5.258984375000000000e+01,-6.914062500000000000e+01,1.000000000000000000e+00,2.221012433259922592e+00,-3.236812500000000000e+07,2.316600000000000000e+04,-3.276800000000000000e+04
1.912434895833333197e-06,1.981608072916666535e-06,-1.389882812500000000e+02,-2.014296875000000000e+02,1.000000000000000000e+00,2.174801262024867565e+00,-1.807500000000000000e+06,2.268400000000000000e+04,-8.164000000000000000e+03
1.916503906249999839e-06,1.985677083333333177e-06,-2.336328125000000000e+02,-1.513593750000000000e+02,1.000000000000000000e+00,2.566733353329649248e+00,1.533000000000000000e+07,2.677200000000000000e+04,3.276700000000000000e+04
1.920572916666666481e-06,1.989746093749999819e-06,-1.426015625000000000e+02,2.001562500000000000e+01,1.000000000000000000e+00,-3.002168181040874906e+00,2.793843750000000000e+07,-3.131400000000000000e+04,3.276700000000000000e+04
1.924641927083333123e-06,1.993815104166666461e-06,1.957421875000000000e+01,-8.802734375000000000e+01,1.000000000000000000e+00,1.351988348472896284e+00,-7.545187500000000000e+07,1.410100000000000000e+04,-3.276800000000000000e+04
1.928710937500000188e-06,1.997884114583333527e-06,-2.712890625000000000e+01,-6.662890625000000000e+01,1.000000000000000000e+00,1.957335516892267480e+00,2.367750000000000000e+07,2.041500000000000000e+04,3.276700000000000000e+04
1.932779947916666830e-06,2.001953125000000169e-06,-2.268085937500000000e+02,1.847656250000000000e+01,1.000000000000000000e+00,-3.060339608731475369e+00,4.949906250000000000e+07,-3.192100000000000000e+04,3.276700000000000000e+04
1.936848958333333472e-06,2.006022135416666811e-06,-1.033789062500000000e+02,-6.444921875000000000e+01,1.000000000000000000e+00,2.584086510992605223e+00,-2.498437500000000000e+07,2.695300000000000000e+04,-3.276800000000000000e+04
1.940917968750000115e-06,2.010091145833333453e-06,-1.239843750000000000e+01,-2.103437500000000000e+02,1.000000000000000000e+00,1.629662839530008123e+00,-3.733125000000000000e+07,1.699800000000000000e+04,-3.276800000000000000e+04
1.944986979166666757e-06,2.014160156250000095e-06,3.692578125000000000e+01,-2.333710937500000000e+02,1.000000000000000000e+00,1.413874885884157662e+00,-8.440312500000000000e+06,1.474700000000000000e+04,-3.276800000000000000e+04
1.949055989583333399e-06,2.018229166666666737e-06,-7.106250000000000000e+01,-2.711601562500000000e+02,1.000000000000000000e+00,1.827090960620852300e+00,1.616250000000000000e+07,1.905700000000000000e+04,3.276700000000000000e+04
1.953125000000000041e-06,2.022298177083333379e-06,-8.811328125000000000e+01,-3.311679687500000000e+02,1.000000000000000000e+00,1.830830038791323444e+00,1.462500000000000000e+05,1.909600000000000000e+04,2.159200000000000000e+04
1.957194010416666683e-06,2.026367187500000021e-06,-4.569140625000000000e+01,-2.323867187500000000e+02,1.000000000000000000e+00,1.764940770261673064e+00,-2.577187500000000000e+06,1.840900000000000000e+04,-2.557500000000000000e+04
1.961263020833333325e-06,2.030436197916666663e-06,1.228007812500000000e+02,-1.792773437500000000e+02,1.000000000000000000e+00,9.702188798878573772e-01,-3.108468750000000000e+07,1.011900000000000000e+04,-3.276800000000000000e+04
1.965332031249999967e-06,2.034505208333333305e-06,-3.016796875000000000e+01,1.481640625000000000e+01,0.000000000000000000e+00,9.702188798878573772e-01,-3.108468750000000000e+07,0.000000000000000000e+00,0.000000000000000000e+00
1.969401041666666609e-06,2.038574218749999947e-06,1.048359375000000000e+02,-2.086210937500000000e+02,1.000000000000000000e+00,1.105137283872361653e+00,0.000000000000000000e+00,1.152700000000000000e+04,1.152700000000000000e+04
1.973470052083333251e-06,2.042643229166666589e-06,1.026289062500000000e+02,-1.552421875000000000e+02,1.000000000000000000e+00,9.866612364580065186e-01,-4.634062500000000000e+06,1.029100000000000000e+04,-3.276800000000000000e+04
1.977539062499999893e-06,2.046712239583333231e-06,1.088085937500000000e+02,1.412226562500000000e+02,1.000000000000000000e+00,-9.143244549292742773e-01,-7.435500000000000000e+07,-9.537000000000000000e+03,-3.276800000000000000e+04
1.981608072916666535e-06,2.050781249999999873e-06,1.179843750000000000e+02,-6.909765625000000000e+01,1.000000000000000000e+00,5.297986146160033050e-01,5.648531250000000000e+07,5.526000000000000000e+03,3.276700000000000000e+04
1.985677083333333177e-06,2.054850260416666515e-06,-5.652343750000000000e+00,4.972656250000000000e+00,0.000000000000000000e+00,5.297986146160033050e-01,5.648531250000000000e+07,0.000000000000000000e+00,0.000000000000000000e+00
1.989746093749999819e-06,2.058919270833333157e-06,5.964453125000000000e+01,-4.589062500000000000e+01,0.000000000000000000e+00,5.297986146160033050e-01,5.648531250000000000e+07,0.000000000000000000e+00,0.000000000000000000e+00
1.993815104166666461e-06,2.062988281249999799e-06,-6.422265625000000000e+01,-7.920312500000000000e+01,1.000000000000000000e+00,2.252171418013849902e+00,0.000000000000000000e+00,2.349100000000000000e+04,2.349100000000000000e+04
1.997884114583333527e-06,2.067057291666666865e-06,2.533710937500000000e+02,2.894531250000000000e+01,1.000000000000000000e+00,-1.137542628016445789e-01,-9.254062500000000000e+07,-1.187000000000000000e+03,-3.276800000000000000e+04
2.001953125000000169e-06,2.071126302083333507e-06,2.146640625000000000e+02,2.687343750000000000e+02,1.000000000000000000e+00,-8.967795496678322431e-01,-3.062718750000000000e+07,-9.354000000000000000e+03,-3.276800000000000000e+04
2.006022135416666811e-06,2.075195312500000149e-06,2.611601562500000000e+02,1.633515625000000000e+02,1.000000000000000000e+00,-5.589682180356412289e-01,1.321312500000000000e+07,-5.831000000000000000e+03,3.276700000000000000e+04
2.010091145833333453e-06,2.079264322916666791e-06,2.851562500000000000e+02,6.371093750000000000e+01,1.000000000000000000e+00,-2.198146532140502485e-01,1.326562500000000000e+07,-2.293000000000000000e+03,3.276700000000000000e+04
2.014160156250000095e-06,2.083333333333333433e-06,1.633046875000000000e+02,7.110156250000000000e+01,1.000000000000000000e+00,-4.106993875065697019e-01,-7.466250000000000000e+06,-4.284000000000000000e+03,-3.276800000000000000e+04
2.018229166666666737e-06,2.087402343750000075e-06,1.495390625000000000e+02,2.295312500000000000e+02,1.000000000000000000e+00,-9.933724024050062384e-01,-2.279062500000000000e+07,-1.036200000000000000e+04,-3.276800000000000000e+04
2.022298177083333379e-06,2.091471354166666717e-06,6.573828125000000000e+01,3.640507812500000000e+02,1.000000000000000000e+00,-1.392159470355651463e+00,-1.559812500000000000e+07,-1.452100000000000000e+04,-3.276800000000000000e+04
2.026367187500000021e-06,2.095540364583333359e-06,4.134765625000000000e+01,2.737382812500000000e+02,1.000000000000000000e+00,-1.420873673228885803e+00,-1.123125000000000000e+06,-1.482100000000000000e+04,-3.276800000000000000e+04
2.030436197916666663e-06,2.099609375000000001e-06,-1.773437500000000000e+01,7.747265625000000000e+01,1.000000000000000000e+00,-1.795836102067682294e+00,-1.466625000000000000e+07,-1.873200000000000000e+04,-3.276800000000000000e+04
2.034505208333333305e-06,2.103678385416666643e-06,-1.420390625000000000e+02,2.561054687500000000e+02,1.000000000000000000e+00,-2.077153797496022580e+00,-1.100343750000000000e+07,-2.166600000000000000e+04,-3.276800000000000000e+04
2.038574218749999947e-06,2.107747395833333285e-06,4.625781250000000000e+01,2.559335937500000000e+02,1.000000000000000000e+00,-1.392015659656787196e+00,2.679843750000000000e+07,-1.452000000000000000e+04,3.276700000000000000e+04
2.042643229166666589e-06,2.111816406249999927e-06,1.301289062500000000e+02,2.612851562500000000e+02,1.000000000000000000e+00,-1.108732551343968531e+00,1.108031250000000000e+07,-1.156500000000000000e+04,3.276700000000000000e+04
2.046712239583333231e-06,2.115885416666666570e-06,1.263242187500000000e+02,1.685703125000000000e+02,1.000000000000000000e+00,-9.276748814738414728e-01,7.081875000000000000e+06,-9.676000000000000000e+03,3.276700000000000000e+04
2.050781249999999873e-06,2.119954427083333212e-06,3.626562500000000000e+01,3.614843750000000000e+01,0.000000000000000000e+00,-9.276748814738414728e-01,7.081875000000000000e+06,0.000000000000000000e+00,0.000000000000000000e+00
2.054850260416666515e-06,2.124023437499999854e-06,-1.005000000000000000e+02,9.432031250000000000e+01,1.000000000000000000e+00,-2.387976654641350560e+00,0.000000000000000000e+00,-2.490800000000000000e+04,-2.490800000000000000e+04
2.058919270833333157e-06,2.128092447916666496e-06,-1.319101562500000000e+02,6.530468750000000000e+01,1.000000000000000000e+00,-2.681949691569747163e+00,-1.149843750000000000e+07,-2.797400000000000000e+04,-3.276800000000000000e+04
2.062988281249999799e-06,2.132161458333333138e-06,-1.947265625000000000e+01,7.467187500000000000e+01,1.000000000000000000e+00,-1.825916506580127274e+00,3.348281250000000000e+07,-1.904500000000000000e+04,3.276700000000000000e+04
2.067057291666666865e-06,2.136230468750000203e-06,-9.933593750000000000e+01,1.698437500000000000e+02,1.000000000000000000e+00,-2.100043667065253583e+00,-1.072218750000000000e+07,-2.190500000000000000e+04,-3.276800000000000000e+04
2.071126302083333507e-06,2.140299479166666845e-06,-4.110546875000000000e+01,8.798046875000000000e+01,1.000000000000000000e+00,-2.007884977543061389e+00,3.604687500000000000e+06,-2.094300000000000000e+04,3.276700000000000000e+04
2.075195312500000149e-06,2.144368489583333487e-06,-1.456835937500000000e+02,5.593359375000000000e+01,1.000000000000000000e+00,-2.775019182184746303e+00,-3.000562500000000000e+07,-2.894500000000000000e+04,-3.276800000000000000e+04
2.079264322916666791e-06,2.148437500000000129e-06,-5.700390625000000000e+01,3.263671875000000000e+01,0.000000000000000000e+00,-2.775019182184746303e+00,-3.000562500000000000e+07,0.000000000000000000e+00,0.000000000000000000e+00
2.083333333333333433e-06,2.152506510416666771e-06,-6.407421875000000000e+01,-1.012109375000000000e+01,1.000000000000000000e+00,2.984838991827729160e+00,0.000000000000000000e+00,3.113300000000000000e+04,3.113300000000000000e+04
2.087402343750000075e-06,2.156575520833333414e-06,1.281640625000000000e+01,4.816796875000000000e+01,0.000000000000000000e+00,2.984838991827729160e+00,0.000000000000000000e+00,0.000000000000000000e+00,0.000000000000000000e+00
2.091471354166666717e-06,2.160644531250000056e-06,-4.005468750000000000e+01,3.058437500000000000e+02,1.000000000000000000e+00,-1.701016914616501063e+00,0.000000000000000000e+00,-1.774300000000000000e+04,-1.774300000000000000e+04
2.095540364583333359e-06,2.164713541666666698e-06,-1.623203125000000000e+02,3.198593750000000000e+02,1.000000000000000000e+00,-2.040434132386010013e+00,-1.327593750000000000e+07,-2.128300000000000000e+04,-3.276800000000000000e+04
2.099609375000000001e-06,2.168782552083333340e-06,2.268750000000000000e+01,3.748515625000000000e+02,1.000000000000000000e+00,-1.510347896372278065e+00,2.073375000000000000e+07,-1.575400000000000000e+04,3.276700000000000000e+04
2.103678385416666643e-06,2.172851562499999982e-06,-1.033750000000000000e+02,3.107773437500000000e+02,1.000000000000000000e+00,-1.891949585808641920e+00,-1.492593750000000000e+07,-1.973400000000000000e+04,-3.276800000000000000e+04
2.107747395833333285e-06,2.176920572916666624e-06,-3.112812500000000000e+02,1.706406250000000000e+02,1.000000000000000000e+00,-2.640148715099863264e+00,-2.926500000000000000e+07,-2.753800000000000000e+04,-3.276800000000000000e+04
2.111816406249999927e-06,2.180989583333333266e-06,-1.110976562500000000e+02,2.672695312500000000e+02,1.000000000000000000e+00,-1.964717799433967071e+00,2.641875000000000000e+07,-2.049300000000000000e+04,3.276700000000000000e+04
2.115885416666666570e-06,2.185058593749999908e-06,-1.427929687500000000e+02,1.399882812500000000e+02,1.000000000000000000e+00,-2.366093459964169199e+00,-1.569937500000000000e+07,-2.468000000000000000e+04,-3.276800000000000000e+04
2.119954427083333212e-06,2.189127604166666550e-06,-2.752500000000000000e+02,-4.972656250000000000e+00,1.000000000000000000e+00,3.123544410882326261e+00,-3.103875000000000000e+07,3.257900000000000000e+04,-3.276800000000000000e+04
2.124023437499999854e-06,2.193196614583333192e-06,-1.734375000000000000e+00,-5.238671875000000000e+01,0.000000000000000000e+00,3.123544410882326261e+00,-3.103875000000000000e+07,0.000000000000000000e+00,0.000000000000000000e+00
2.128092447916666496e-06,2.197265624999999834e-06,1.418125000000000000e+02,-2.781250000000000000e+01,1.000000000000000000e+00,1.936411060207514911e-01,0.000000000000000000e+00,2.019000000000000000e+03,2.019000000000000000e+03
2.132161458333333138e-06,2.201334635416666476e-06,1.275585937500000000e+02,-3.233203125000000000e+01,1.000000000000000000e+00,2.482172662397452989e-01,2.134687500000000000e+06,2.589000000000000000e+03,3.276700000000000000e+04
2.136230468750000203e-06,2.205403645833333542e-06,1.026210937500000000e+02,8.418359375000000000e+01,1.000000000000000000e+00,-6.871275191735244370e-01,-3.658500000000000000e+07,-7.167000000000000000e+03,-3.276800000000000000e+04
2.140299479166666845e-06,2.209472656250000184e-06,6.367187500000000000e+00,6.944921875000000000e+01,1.000000000000000000e+00,-1.479428596116458161e+00,-3.099000000000000000e+07,-1.543100000000000000e+04,-3.276800000000000000e+04
2.144368489583333487e-06,2.213541666666666826e-06,-8.988281250000000000e+00,-8.982421875000000000e+01,1.000000000000000000e+00,1.670457141107841714e+00,-1.225556250000000000e+08,1.742300000000000000e+04,-3.276800000000000000e+04
2.148437500000000129e-06,2.217610677083333468e-06,-1.792968750000000000e+00,-1.688476562500000000e+02,1.000000000000000000e+00,1.581414350061042473e+00,-3.482812500000000000e+06,1.649400000000000000e+04,-3.276800000000000000e+04
2.152506510416666771e-06,2.221679687500000110e-06,-1.052968750000000000e+02,-2.027539062500000000e+02,1.000000000000000000e+00,2.049757859362377310e+00,1.831875000000000000e+07,2.137900000000000000e+04,3.276700000000000000e+04
2.156575520833333414e-06,2.225748697916666752e-06,1.184843750000000000e+02,-8.219921875000000000e+01,1.000000000000000000e+00,6.065216224600961104e-01,-5.645062500000000000e+07,6.326000000000000000e+03,-3.276800000000000000e+04
2.160644531250000056e-06,2.229817708333333394e-06,-1.121132812500000000e+02,-7.063671875000000000e+01,1.000000000000000000e+00,2.579316789480273542e+00,7.716375000000000000e+07,2.690300000000000000e+04,3.276700000000000000e+04
2.164713541666666698e-06,2.233886718750000036e-06,4.291406250000000000e+01,-7.440234375000000000e+01,1.000000000000000000e+00,1.047589035876839381e+00,-5.991187500000000000e+07,1.092600000000000000e+04,-3.276800000000000000e+04
2.168782552083333340e-06,2.237955729166666678e-06,2.617031250000000000e+02,6.328125000000000000e+01,1.000000000000000000e+00,-2.372157477766279887e-01,-5.025375000000000000e+07,-2.475000000000000000e+03,-3.276800000000000000e+04
2.172851562499999982e-06,2.242024739583333320e-06,2.882187500000000000e+02,7.083593750000000000e+01,1.000000000000000000e+00,-2.410027628467206473e-01,-1.481250000000000000e+05,-2.514000000000000000e+03,-5.042000000000000000e+03
2.176920572916666624e-06,2.246093749999999962e-06,2.778164062500000000e+02,-2.212812500000000000e+02,1.000000000000000000e+00,6.726026385882322156e-01,3.573468750000000000e+07,7.015000000000000000e+03,3.276700000000000000e+04
2.180989583333333266e-06,2.250162760416666604e-06,2.259804687500000000e+02,-2.458476562500000000e+02,1.000000000000000000e+00,8.274627928152498146e-01,6.057187500000000000e+06,8.630000000000000000e+03,3.276700000000000000e+04
2.185058593749999908e-06,2.254231770833333246e-06,1.176171875000000000e+01,8.937500000000000000e+00,0.000000000000000000e+00,8.274627928152498146e-01,6.057187500000000000e+06,0.000000000000000000e+00,0.000000000000000000e+00
2.189127604166666550e-06,2.258300781249999888e-06,2.113828125000000000e+02,4.244531250000000000e+01,1.000000000000000000e+00,-1.981711430349762659e-01,0.000000000000000000e+00,-2.067000000000000000e+03,-2.067000000000000000e+03
2.193196614583333192e-06,2.262369791666666530e-06,3.373437500000000000e+01,-9.333593750000000000e+01,1.000000000000000000e+00,1.223972858033877342e+00,5.562562500000000000e+07,1.276600000000000000e+04,3.276700000000000000e+04
2.197265624999999834e-06,2.266438802083333172e-06,-5.246875000000000000e+01,-1.561171875000000000e+02,1.000000000000000000e+00,1.895017547384413303e+00,2.624718750000000000e+07,1.976500000000000000e+04,3.276700000000000000e+04
2.201334635416666476e-06,2.270507812499999814e-06,3.667578125000000000e+01,8.605078125000000000e+01,1.000000000000000000e+00,-1.167886685476808628e+00,-1.198021875000000000e+08,-1.218200000000000000e+04,-3.276800000000000000e+04
2.205403645833333542e-06,2.274576822916666880e-06,9.336718750000000000e+01,1.214492187500000000e+02,1.000000000000000000e+00,-9.154030351707563851e-01,9.875625000000000000e+06,-9.548000000000000000e+03,3.276700000000000000e+04
2.209472656250000184e-06,2.278645833333333522e-06,-8.235546875000000000e+01,-1.539921875000000000e+02,1.000000000000000000e+00,2.061909863416409028e+00,1.164543750000000000e+08,2.150600000000000000e+04,3.276700000000000000e+04
2.213541666666666826e-06,2.282714843750000164e-06,1.587890625000000000e+01,-1.501171875000000000e+02,1.000000000000000000e+00,1.465383084527380086e+00,-2.333250000000000000e+07,1.528400000000000000e+04,-3.276800000000000000e+04
2.217610677083333468e-06,2.286783854166666806e-06,-8.564453125000000000e+01,4.476171875000000000e+01,1.000000000000000000e+00,-2.660114433792187594e+00,8.439562500000000000e+07,-2.774600000000000000e+04,3.276700000000000000e+04
2.221679687500000110e-06,2.290852864583333448e-06,-1.442539062500000000e+02,1.910078125000000000e+02,1.000000000000000000e+00,-2.217656850286422898e+00,1.730625000000000000e+07,-2.313100000000000000e+04,3.276700000000000000e+04
2.225748697916666752e-06,2.294921875000000090e-06,-7.835546875000000000e+01,1.473046875000000000e+01,1.000000000000000000e+00,-2.955837167556766065e+00,-2.887312500000000000e+07,-3.083100000000000000e+04,-3.276800000000000000e+04
2.229817708333333394e-06,2.298990885416666732e-06,-1.051289062500000000e+02,1.299218750000000000e+02,1.000000000000000000e+00,-2.251116806222178468e+00,2.756437500000000000e+07,-2.348000000000000000e+04,3.276700000000000000e+04
2.233886718750000036e-06,2.303059895833333374e-06,-2.780781250000000000e+02,1.184765625000000000e+02,1.000000000000000000e+00,-2.738826822970569452e+00,-1.907625000000000000e+07,-2.856700000000000000e+04,-3.276800000000000000e+04
2.237955729166666678e-06,2.307128906250000016e-06,1.117851562500000000e+02,-2.296875000000000000e+01,1.000000000000000000e+00,2.025334009005260727e-01,1.150481250000000000e+08,2.112000000000000000e+03,3.276700000000000000e+04
2.242024739583333320e-06,2.311197916666666658e-06,1.103671875000000000e+02,1.660156250000000000e+01,1.000000000000000000e+00,-1.493234423207428774e-01,-1.376250000000000000e+07,-1.558000000000000000e+03,-3.276800000000000000e+04
2.246093749999999962e-06,2.315266927083333300e-06,9.864843750000000000e+01,-5.980859375000000000e+01,1.000000000000000000e+00,5.450185802458061834e-01,2.715843750000000000e+07,5.684000000000000000e+03,3.276700000000000000e+04
2.250162760416666604e-06,2.319335937499999942e-06,9.228125000000000000e+01,-1.901171875000000000e+01,1.000000000000000000e+00,2.030846752461724636e-01,-1.337437500000000000e+07,2.118000000000000000e+03,-3.276800000000000000e+04
2.254231770833333246e-06,2.323404947916666584e-06,-1.110156250000000000e+01,5.505468750000000000e+01,0.000000000000000000e+00,2.030846752461724636e-01,-1.337437500000000000e+07,0.000000000000000000e+00,0.000000000000000000e+00
2.258300781249999888e-06,2.327473958333333226e-06,-3.072265625000000000e+01,2.009453125000000000e+02,1.000000000000000000e+00,-1.722492645646900078e+00,0.000000000000000000e+00,-1.796700000000000000e+04,-1.796700000000000000e+04
2.262369791666666530e-06,2.331542968749999869e-06,-4.382812500000000000e+01,3.596132812500000000e+02,1.000000000000000000e+00,-1.692076682837104995e+00,1.189687500000000000e+06,-1.764900000000000000e+04,2.655000000000000000e+03
2.266438802083333172e-06,2.335611979166666511e-06,2.046093750000000000e+01,1.568125000000000000e+02,1.000000000000000000e+00,-1.441079076419317095e+00,9.817500000000000000e+06,-1.503100000000000000e+04,3.276700000000000000e+04
2.270507812499999814e-06,2.339680989583333153e-06,-5.582812500000000000e+01,1.564453125000000000e+01,0.000000000000000000e+00,-1.441079076419317095e+00,9.817500000000000000e+06,0.000000000000000000e+00,0.000000000000000000e+00
2.274576822916666456e-06,2.343749999999999795e-06,-1.722929687500000000e+02,1.844570312500000000e+02,1.000000000000000000e+00,-2.322159291461132202e+00,0.000000000000000000e+00,-2.422100000000000000e+04,-2.422100000000000000e+04
2.278645833333333522e-06,2.347819010416666860e-06,-8.847656250000000000e+00,2.340390625000000000e+02,1.000000000000000000e+00,-1.608594572146391233e+00,2.791031250000000000e+07,-1.677900000000000000e+04,3.276700000000000000e+04
2.282714843750000164e-06,2.351888020833333502e-06,1.850117187500000000e+02,1.488593750000000000e+02,1.000000000000000000e+00,-6.775401392492391706e-01,3.641718750000000000e+07,-7.067000000000000000e+03,3.276700000000000000e+04
2.286783854166666806e-06,2.355957031250000144e-06,8.533203125000000000e+01,1.701718750000000000e+02,1.000000000000000000e+00,-1.106024116515357925e+00,-1.675968750000000000e+07,-1.153700000000000000e+04,-3.276800000000000000e+04
2.290852864583333448e-06,2.360026041666666786e-06,-1.083203125000000000e+01,2.728515625000000000e+02,1.000000000000000000e+00,-1.610464111231626916e+00,-1.973062500000000000e+07,-1.679800000000000000e+04,-3.276800000000000000e+04
2.294921875000000090e-06,2.364095052083333428e-06,1.569140625000000000e+02,1.834726562500000000e+02,1.000000000000000000e+00,-8.632716568324553252e-01,2.922562500000000000e+07,-9.005000000000000000e+03,3.276700000000000000e+04
2.298990885416666732e-06,2.368164062500000070e-06,2.095820312500000000e+02,2.238320312500000000e+02,1.000000000000000000e+00,-8.182589080879359988e-01,1.760625000000000000e+06,-8.535000000000000000e+03,2.151300000000000000e+04
2.303059895833333374e-06,2.372233072916666713e-06,3.436718750000000000e+01,2.651054687500000000e+02,1.000000000000000000e+00,-1.441870035263070671e+00,-2.439187500000000000e+07,-1.504000000000000000e+04,-3.276800000000000000e+04
2.307128906250000016e-06,2.376302083333333355e-06,-8.027343750000000000e+00,2.126171875000000000e+02,1.000000000000000000e+00,-1.608570603696580559e+00,-6.520312500000000000e+06,-1.677800000000000000e+04,-3.276800000000000000e+04
2.311197916666666658e-06,2.380371093749999997e-06,2.198828125000000000e+01,2.255742187500000000e+02,1.000000000000000000e+00,-1.473628231262265498e+00,5.278125000000000000e+06,-1.537100000000000000e+04,3.276700000000000000e+04
2.315266927083333300e-06,2.384440104166666639e-06,1.635859375000000000e+02,3.254531250000000000e+02,1.000000000000000000e+00,-1.105041410073118735e+00,1.441687500000000000e+07,-1.152600000000000000e+04,3.276700000000000000e+04
2.319335937499999942e-06,2.388509114583333281e-06,1.895312500000000000e+01,1.122968750000000000e+02,1.000000000000000000e+00,-1.403592420915361627e+00,-1.167750000000000000e+07,-1.464000000000000000e+04,-3.276800000000000000e+04
2.323404947916666584e-06,2.392578124999999923e-06,3.725000000000000000e+01,-7.177734375000000000e+01,1.000000000000000000e+00,1.092050510275712316e+00,9.761437500000000000e+07,1.139000000000000000e+04,3.276700000000000000e+04
2.327473958333333226e-06,2.396647135416666565e-06,7.520312500000000000e+01,1.086796875000000000e+02,1.000000000000000000e+00,-9.655450321747682807e-01,-8.048062500000000000e+07,-1.007100000000000000e+04,-3.276800000000000000e+04
2.331542968749999869e-06,2.400716145833333207e-06,-5.767968750000000000e+01,1.412656250000000000e+02,1.000000000000000000e+00,-1.958486002483181609e+00,-3.883781250000000000e+07,-2.042800000000000000e+04,-3.276800000000000000e+04
2.335611979166666511e-06,2.404785156249999849e-06,8.375000000000000000e+01,-1.304023437500000000e+02,1.000000000000000000e+00,9.998678523037094479e-01,1.157128125000000000e+08,1.042900000000000000e+04,3.276700000000000000e+04
2.339680989583333153e-06,2.408854166666666491e-06,-5.227734375000000000e+01,-1.687968750000000000e+02,1.000000000000000000e+00,1.871121002923132215e+00,3.407812500000000000e+07,1.951600000000000000e+04,3.276700000000000000e+04
2.343749999999999795e-06,2.412923177083333133e-06,-7.290625000000000000e+01,3.384375000000000000e+01,1.000000000000000000e+00,-2.706972753172131707e+00,6.669281250000000000e+07,-2.823500000000000000e+04,3.276700000000000000e+04
2.347819010416666860e-06,2.416992187500000199e-06,1.872968750000000000e+02,-3.596093750000000000e+01,1.000000000000000000e+00,1.896863118019838090e-01,1.132996875000000000e+08,1.978000000000000000e+03,3.276700000000000000e+04
2.351888020833333502e-06,2.421061197916666841e-06,2.015117187500000000e+02,-2.891015625000000000e+01,1.000000000000000000e+00,1.424924341246896486e-01,-1.845937500000000000e+06,1.486000000000000000e+03,-3.001800000000000000e+04
2.355957031250000144e-06,2.425130208333333483e-06,-6.378906250000000000e+00,-9.189843750000000000e+01,1.000000000000000000e+00,1.640184988996911120e+00,5.858062500000000000e+07,1.710700000000000000e+04,3.276700000000000000e+04
2.360026041666666786e-06,2.429199218750000125e-06,9.998046875000000000e+01,7.496093750000000000e+01,1.000000000000000000e+00,-6.433611298191621586e-01,-8.931843750000000000e+07,-6.711000000000000000e+03,-3.276800000000000000e+04
2.364095052083333428e-06,2.433268229166666767e-06,1.764218750000000000e+02,-5.274609375000000000e+01,1.000000000000000000e+00,2.905455486054647207e-01,3.652875000000000000e+07,3.030000000000000000e+03,3.276700000000000000e+04
2.368164062500000070e-06,2.437337239583333409e-06,2.800390625000000000e+01,-3.361328125000000000e+01,0.000000000000000000e+00,2.905455486054647207e-01,3.652875000000000000e+07,0.000000000000000000e+00,0.000000000000000000e+00
2.372233072916666713e-06,2.441406250000000051e-06,-7.242187500000000000e+00,2.291015625000000000e+01,0.000000000000000000e+00,2.905455486054647207e-01,3.652875000000000000e+07,0.000000000000000000e+00,0.000000000000000000e+00
2.376302083333333355e-06,2.445475260416666693e-06,1.264101562500000000e+02,-2.071640625000000000e+02,1.000000000000000000e+00,1.022925501021615613e+00,0.000000000000000000e+00,1.066900000000000000e+04,1.066900000000000000e+04
2.380371093749999997e-06,2.449544270833333335e-06,-1.641171875000000000e+02,-2.300000000000000000e+01,1.000000000000000000e+00,3.002407865538982090e+00,7.742531250000000000e+07,3.131600000000000000e+04,3.276700000000000000e+04
2.384440104166666639e-06,2.453613281249999977e-06,-7.772265625000000000e+01,1.237890625000000000e+01,1.000000000000000000e+00,-2.983664537787004356e+00,1.162125000000000000e+07,-3.112100000000000000e+04,3.276700000000000000e+04
2.388509114583333281e-06,2.457682291666666619e-06,2.127734375000000000e+01,1.243593750000000000e+02,1.000000000000000000e+00,-1.401339386633154716e+00,6.189093750000000000e+07,-1.461700000000000000e+04,3.276700000000000000e+04
2.392578124999999923e-06,2.461751302083333261e-06,1.137812500000000000e+02,1.614843750000000000e+01,1.000000000000000000e+00,-1.409105164371825814e-01,4.930031250000000000e+07,-1.470000000000000000e+03,3.276700000000000000e+04
2.396647135416666565e-06,2.465820312499999903e-06,1.510820312500000000e+02,-1.222382812500000000e+02,1.000000000000000000e+00,6.802725425276604510e-01,3.211968750000000000e+07,7.095000000000000000e+03,3.276700000000000000e+04
2.400716145833333207e-06,2.469889322916666545e-06,7.986328125000000000e+01,-5.750000000000000000e+00,1.000000000000000000e+00,7.183344408270729564e-02,-2.379843750000000000e+07,7.490000000000000000e+02,-3.276800000000000000e+04
2.404785156249999849e-06,2.473958333333333187e-06,-7.931250000000000000e+01,5.083984375000000000e+01,1.000000000000000000e+00,-2.571527043291791603e+00,-1.033921875000000000e+08,-2.682200000000000000e+04,-3.276800000000000000e+04
2.408854166666666491e-06,2.478027343749999829e-06,-7.234765625000000000e+01,-2.548046875000000000e+01,1.000000000000000000e+00,2.802894489314605497e+00,-3.554531250000000000e+07,2.923500000000000000e+04,-3.276800000000000000e+04
2.412923177083333133e-06,2.482096354166666471e-06,2.987890625000000000e+01,-1.428906250000000000e+01,0.000000000000000000e+00,2.802894489314605497e+00,-3.554531250000000000e+07,0.000000000000000000e+00,0.000000000000000000e+00
2.416992187500000199e-06,2.486165364583333537e-06,4.770703125000000000e+01,7.508203125000000000e+01,1.000000000000000000e+00,-1.004661542265852026e+00,0.000000000000000000e+00,-1.047900000000000000e+04,-1.047900000000000000e+04
2.421061197916666841e-06,2.490234375000000179e-06,1.401171875000000000e+01,2.751093750000000000e+02,1.000000000000000000e+00,-1.519935276296563220e+00,-2.015437500000000000e+07,-1.585400000000000000e+04,-3.276800000000000000e+04
2.425130208333333483e-06,2.494303385416666821e-06,-7.839843750000000000e+01,1.197851562500000000e+02,1.000000000000000000e+00,-2.150329474768129856e+00,-2.465718750000000000e+07,-2.242900000000000000e+04,-3.276800000000000000e+04
2.429199218750000125e-06,2.498372395833333463e-06,-5.794140625000000000e+01,2.725312500000000000e+02,1.000000000000000000e+00,-1.780280578140529535e+00,1.447406250000000000e+07,-1.856900000000000000e+04,3.276700000000000000e+04
2.433268229166666767e-06,2.502441406250000105e-06,-1.425859375000000000e+02,1.520898437500000000e+02,1.000000000000000000e+00,-2.324004862096557211e+00,-2.126718750000000000e+07,-2.424100000000000000e+04,-3.276800000000000000e+04
2.437337239583333409e-06,2.506510416666666747e-06,1.355273437500000000e+02,-6.077343750000000000e+01,1.000000000000000000e+00,4.215091583712013423e-01,1.073878125000000000e+08,4.396000000000000000e+03,3.276700000000000000e+04
2.441406250000000051e-06,2.510579427083333389e-06,5.160156250000000000e+00,1.435546875000000000e+01,0.000000000000000000e+00,4.215091583712013423e-01,1.073878125000000000e+08,0.000000000000000000e+00,0.000000000000000000e+00
2.445475260416666693e-06,2.514648437500000031e-06,-5.063671875000000000e+01,2.082031250000000000e+01,0.000000000000000000e+00,4.215091583712013423e-01,1.073878125000000000e+08,0.000000000000000000e+00,0.000000000000000000e+00
2.449544270833333335e-06,2.518717447916666673e-06,-2.596484375000000000e+01,-6.517968750000000000e+01,1.000000000000000000e+00,1.949905297450946318e+00,0.000000000000000000e+00,2.033800000000000000e+04,2.033800000000000000e+04
2.453613281249999977e-06,2.522786458333333315e-06,-1.864453125000000000e+02,-1.111367187500000000e+02,1.000000000000000000e+00,2.604076198134740228e+00,2.558718750000000000e+07,2.716100000000000000e+04,3.276700000000000000e+04
2.457682291666666619e-06,2.526855468749999957e-06,-1.464765625000000000e+02,2.199218750000000000e+00,1.000000000000000000e+00,-3.126636340907908096e+00,2.160937500000000000e+07,-3.261200000000000000e+04,3.276700000000000000e+04
2.461751302083333261e-06,2.530924479166666599e-06,-1.296679687500000000e+02,-1.372148437500000000e+02,1.000000000000000000e+00,2.327935687865513970e+00,-3.241031250000000000e+07,2.428100000000000000e+04,-3.276800000000000000e+04
2.465820312499999903e-06,2.534993489583333241e-06,-2.879570312500000000e+02,-2.509296875000000000e+02,1.000000000000000000e+00,2.424792193550605823e+00,3.788437500000000000e+06,2.529100000000000000e+04,3.276700000000000000e+04
2.469889322916666545e-06,2.539062499999999883e-06,-1.277304687500000000e+02,-1.225039062500000000e+02,1.000000000000000000e+00,2.377047041527665439e+00,-1.867500000000000000e+06,2.479300000000000000e+04,-7.079000000000000000e+03
2.473958333333333187e-06,2.543131510416666525e-06,-1.006523437500000000e+02,-8.500781250000000000e+01,1.000000000000000000e+00,2.440275812128326560e+00,2.473125000000000000e+06,2.545300000000000000e+04,3.276700000000000000e+04
2.478027343749999829e-06,2.547200520833333168e-06,-3.538398437500000000e+02,2.997656250000000000e+01,1.000000000000000000e+00,-3.057103868007029490e+00,3.073593750000000000e+07,-3.188700000000000000e+04,3.276700000000000000e+04
2.482096354166666471e-06,2.551269531249999810e-06,-2.118242187500000000e+02,-4.607421875000000000e+01,1.000000000000000000e+00,2.927410586081260480e+00,-1.168218750000000000e+07,3.053400000000000000e+04,-3.276800000000000000e+04
2.486165364583333537e-06,2.555338541666666875e-06,-3.392187500000000000e+01,-1.102382812500000000e+02,1.000000000000000000e+00,1.869323369187328776e+00,-4.138593750000000000e+07,1.949700000000000000e+04,-3.276800000000000000e+04
2.490234375000000179e-06,2.559407552083333517e-06,-1.706054687500000000e+02,-6.550000000000000000e+01,1.000000000000000000e+00,2.775067119084367651e+00,3.542718750000000000e+07,2.894500000000000000e+04,3.276700000000000000e+04
2.494303385416666821e-06,2.563476562500000159e-06,-2.891015625000000000e+02,-6.745703125000000000e+01,1.000000000000000000e+00,2.912334431150322089e+00,5.369062500000000000e+06,3.037600000000000000e+04,3.276700000000000000e+04
2.498372395833333463e-06,2.567545572916666801e-06,-2.038515625000000000e+02,2.646875000000000000e+01,1.000000000000000000e+00,-3.012474614459481614e+00,1.401750000000000000e+07,-3.142200000000000000e+04,3.276700000000000000e+04
2.502441406250000105e-06,2.571614583333333443e-06,-5.497656250000000000e+01,2.647265625000000000e+01,0.000000000000000000e+00,-3.012474614459481614e+00,1.401750000000000000e+07,0.000000000000000000e+00,0.000000000000000000e+00
2.506510416666666747e-06,2.575683593750000085e-06,-4.657421875000000000e+01,8.671484375000000000e+01,1.000000000000000000e+00,-2.063683528702401571e+00,0.000000000000000000e+00,-2.152500000000000000e+04,-2.152500000000000000e+04
2.510579427083333389e-06,2.579752604166666727e-06,-2.917695312500000000e+02,9.610156250000000000e+01,1.000000000000000000e+00,-2.823387513902765544e+00,-2.971500000000000000e+07,-2.944900000000000000e+04,-3.276800000000000000e+04
2.514648437500000031e-06,2.583821614583333369e-06,-2.712070312500000000e+02,-1.388828125000000000e+02,1.000000000000000000e+00,2.668287675177640761e+00,-3.095906250000000000e+07,2.783100000000000000e+04,-3.276800000000000000e+04
2.518717447916666673e-06,2.587890625000000012e-06,-3.503242187500000000e+02,-9.073828125000000000e+01,1.000000000000000000e+00,2.888150265291312468e+00,8.599687500000000000e+06,3.012400000000000000e+04,3.276700000000000000e+04
2.522786458333333315e-06,2.591959635416666654e-06,-1.395937500000000000e+02,7.794921875000000000e+01,1.000000000000000000e+00,-2.632358968911381769e+00,2.983125000000000000e+07,-2.745700000000000000e+04,3.276700000000000000e+04
2.526855468749999957e-06,2.596028645833333296e-06,-1.473320312500000000e+02,-7.673046875000000000e+01,1.000000000000000000e+00,2.661432698531776886e+00,-3.869906250000000000e+07,2.775900000000000000e+04,-3.276800000000000000e+04
2.530924479166666599e-06,2.600097656249999938e-06,-1.759960937500000000e+02,-2.589531250000000000e+02,1.000000000000000000e+00,2.167730569330707180e+00,-1.931062500000000000e+07,2.261000000000000000e+04,-3.276800000000000000e+04
2.534993489583333241e-06,2.604166666666666580e-06,-4.342578125000000000e+01,-2.024648437500000000e+02,1.000000000000000000e+00,1.782078211876332974e+00,-1.508437500000000000e+07,1.858700000000000000e+04,-3.276800000000000000e+04
2.539062499999999883e-06,2.608235677083333222e-06,-2.748359375000000000e+02,1.324257812500000000e+02,1.000000000000000000e+00,-2.692591683285703752e+00,7.073812500000000000e+07,-2.808500000000000000e+04,3.276700000000000000e+04
2.543131510416666525e-06,2.612304687499999864e-06,-5.999609375000000000e+01,3.367578125000000000e+01,0.000000000000000000e+00,-2.692591683285703752e+00,7.073812500000000000e+07,0.000000000000000000e+00,0.000000000000000000e+00
2.547200520833333168e-06,2.616373697916666506e-06,7.460937500000000000e+00,1.129570312500000000e+02,1.000000000000000000e+00,-1.504883089815435504e+00,0.000000000000000000e+00,-1.569700000000000000e+04,-1.569700000000000000e+04
2.551269531249999810e-06,2.620442708333333148e-06,-1.108437500000000000e+02,-2.095156250000000000e+02,1.000000000000000000e+00,2.057427763301805435e+00,-1.064240625000000000e+08,2.145900000000000000e+04,-3.276800000000000000e+04
2.555338541666666875e-06,2.624511718750000213e-06,-1.234335937500000000e+02,-2.486718750000000000e+02,1.000000000000000000e+00,2.031517869056424619e+00,-1.013437500000000000e+06,2.118900000000000000e+04,3.893000000000000000e+03
2.559407552083333517e-06,2.628580729166666855e-06,-1.225312500000000000e+02,-3.960937500000000000e+01,1.000000000000000000e+00,2.828924225809040127e+00,3.118968750000000000e+07,2.950600000000000000e+04,3.276700000000000000e+04
2.563476562500000159e-06,2.632649739583333498e-06,1.025273437500000000e+02,-1.364140625000000000e+02,1.000000000000000000e+00,9.263086798346308326e-01,-7.441875000000000000e+07,9.661000000000000000e+03,-3.276800000000000000e+04
2.567545572916666801e-06,2.636718750000000140e-06,-9.030078125000000000e+01,-8.860156250000000000e+01,1.000000000000000000e+00,2.365638059417765948e+00,5.629781250000000000e+07,2.467400000000000000e+04,3.276700000000000000e+04
2.571614583333333443e-06,2.640787760416666782e-06,-1.130742187500000000e+02,-2.110390625000000000e+02,1.000000000000000000e+00,2.062676853810351485e+00,-1.185000000000000000e+07,2.151400000000000000e+04,-3.276800000000000000e+04
2.575683593750000085e-06,2.644856770833333424e-06,-3.247656250000000000e+01,-2.244453125000000000e+02,1.000000000000000000e+00,1.714487183410121851e+00,-1.361906250000000000e+07,1.788200000000000000e+04,-3.276800000000000000e+04
2.579752604166666727e-06,2.648925781250000066e-06,5.319140625000000000e+01,-1.891367187500000000e+02,1.000000000000000000e+00,1.296621229410148901e+00,-1.634437500000000000e+07,1.352400000000000000e+04,-3.276800000000000000e+04
2.583821614583333369e-06,2.652994791666666708e-06,-1.359296875000000000e+02,-9.151171875000000000e+01,1.000000000000000000e+00,2.549044637369342947e+00,4.898718750000000000e+07,2.658700000000000000e+04,3.276700000000000000e+04
2.587890625000000012e-06,2.657063802083333350e-06,1.334492187500000000e+02,-1.623085937500000000e+02,1.000000000000000000e+00,8.826141958297007983e-01,-6.518062500000000000e+07,9.206000000000000000e+03,-3.276800000000000000e+04
2.591959635416666654e-06,2.661132812499999992e-06,7.596093750000000000e+01,-1.355117187500000000e+02,1.000000000000000000e+00,1.059908819079545816e+00,6.934687500000000000e+06,1.105500000000000000e+04,3.276700000000000000e+04
2.596028645833333296e-06,2.665201822916666634e-06,1.864687500000000000e+02,-6.443359375000000000e+01,1.000000000000000000e+00,3.327060518225091190e-01,-2.844375000000000000e+07,3.470000000000000000e+03,-3.276800000000000000e+04
2.600097656249999938e-06,2.669270833333333276e-06,-1.385546875000000000e+01,-9.581640625000000000e+01,1.000000000000000000e+00,1.714367341161068259e+00,5.404218750000000000e+07,1.788100000000000000e+04,3.276700000000000000e+04
2.604166666666666580e-06,2.673339843749999918e-06,1.626562500000000000e+01,-9.530078125000000000e+01,1.000000000000000000e+00,1.401746850279936840e+00,-1.222781250000000000e+07,1.462000000000000000e+04,-3.276800000000000000e+04
2.608235677083333222e-06,2.677408854166666560e-06,2.122265625000000000e+02,-3.263437500000000000e+02,1.000000000000000000e+00,9.941873296985704878e-01,-1.594125000000000000e+07,1.036900000000000000e+04,-3.276800000000000000e+04
2.612304687499999864e-06,2.681477864583333202e-06,1.466640625000000000e+02,-2.767734375000000000e+02,1.000000000000000000e+00,1.083493773693287698e+00,3.493125000000000000e+06,1.130100000000000000e+04,3.276700000000000000e+04
2.616373697916666506e-06,2.685546874999999844e-06,1.680781250000000000e+02,-1.746523437500000000e+02,1.000000000000000000e+00,8.045729232460188118e-01,-1.090968750000000000e+07,8.392000000000000000e+03,-3.276800000000000000e+04
2.620442708333333148e-06,2.689615885416666486e-06,3.663281250000000000e+01,-2.659375000000000000e+01,0.000000000000000000e+00,8.045729232460188118e-01,-1.090968750000000000e+07,0.000000000000000000e+00,0.000000000000000000e+00
2.624511718749999790e-06,2.693684895833333128e-06,3.039804687500000000e+02,-2.953906250000000000e+01,1.000000000000000000e+00,9.683253723528109647e-02,0.000000000000000000e+00,1.010000000000000000e+03,1.010000000000000000e+03
2.628580729166666855e-06,2.697753906250000194e-06,3.548593750000000000e+02,-2.253632812500000000e+02,1.000000000000000000e+00,5.657992262316944299e-01,1.834312500000000000e+07,5.901000000000000000e+03,3.276700000000000000e+04
2.632649739583333498e-06,2.701822916666666836e-06,3.884843750000000000e+02,-8.406250000000000000e+00,1.000000000000000000e+00,2.164351017907396868e-02,-2.128406250000000000e+07,2.250000000000000000e+02,-3.276800000000000000e+04
2.636718750000000140e-06,2.705891927083333478e-06,2.207031250000000000e+02,5.584375000000000000e+01,1.000000000000000000e+00,-2.478577394925846056e-01,-1.054125000000000000e+07,-2.586000000000000000e+03,-3.276800000000000000e+04
2.640787760416666782e-06,2.709960937500000120e-06,2.109375000000000000e+02,7.242187500000000000e+00,1.000000000000000000e+00,-3.434678857875193142e-02,8.351250000000000000e+06,-3.590000000000000000e+02,3.276700000000000000e+04
2.644856770833333424e-06,2.714029947916666762e-06,3.598125000000000000e+02,9.256640625000000000e+01,1.000000000000000000e+00,-2.518365021611629895e-01,-8.506875000000000000e+06,-2.627000000000000000e+03,-3.276800000000000000e+04
2.648925781250000066e-06,2.718098958333333404e-06,3.525312500000000000e+02,-1.557421875000000000e+01,1.000000000000000000e+00,4.412591610152289540e-02,1.157625000000000000e+07,4.600000000000000000e+02,3.276700000000000000e+04
2.652994791666666708e-06,2.722167968750000046e-06,8.045703125000000000e+01,-3.200000000000000000e+01,1.000000000000000000e+00,3.785576963104033688e-01,1.308093750000000000e+07,3.948000000000000000e+03,3.276700000000000000e+04
2.657063802083333350e-06,2.726236979166666688e-06,-3.362109375000000000e+01,1.012812500000000000e+02,1.000000000000000000e+00,-1.891350374563374181e+00,-8.878500000000000000e+07,-1.972800000000000000e+04,-3.276800000000000000e+04
2.661132812499999992e-06,2.730305989583333330e-06,2.010507812500000000e+02,3.508203125000000000e+01,1.000000000000000000e+00,-1.727645862356203266e-01,6.722062500000000000e+07,-1.802000000000000000e+03,3.276700000000000000e+04
2.665201822916666634e-06,2.734374999999999972e-06,8.715625000000000000e+01,-1.148125000000000000e+02,1.000000000000000000e+00,9.214910214226774698e-01,4.280062500000000000e+07,9.611000000000000000e+03,3.276700000000000000e+04
2.669270833333333276e-06,2.738444010416666614e-06,8.617968750000000000e+01,-9.782031250000000000e+01,1.000000000000000000e+00,8.485310601988667045e-01,-2.853750000000000000e+06,8.850000000000000000e+03,-3.276800000000000000e+04
2.673339843749999918e-06,2.742513020833333256e-06,-2.814843750000000000e+01,3.789062500000000000e-01,0.000000000000000000e+00,8.485310601988667045e-01,-2.853750000000000000e+06,0.000000000000000000e+00,0.000000000000000000e+00
2.677408854166666560e-06,2.746582031249999898e-06,1.607304687500000000e+02,-7.609765625000000000e+01,1.000000000000000000e+00,4.422178990076575111e-01,0.000000000000000000e+00,4.612000000000000000e+03,4.612000000000000000e+03
2.681477864583333202e-06,2.750651041666666540e-06,8.678125000000000000e+01,-8.937890625000000000e+01,1.000000000000000000e+00,8.000908231314154406e-01,1.399781250000000000e+07,8.345000000000000000e+03,3.276700000000000000e+04
2.685546874999999844e-06,2.754720052083333182e-06,4.327343750000000000e+01,3.507812500000000000e+00,0.000000000000000000e+00,8.000908231314154406e-01,1.399781250000000000e+07,0.000000000000000000e+00,0.000000000000000000e+00
2.689615885416666486e-06,2.758789062499999824e-06,5.123046875000000000e+01,1.575898437500000000e+02,1.000000000000000000e+00,-1.256474075977204397e+00,0.000000000000000000e+00,-1.310600000000000000e+04,-1.310600000000000000e+04
2.693684895833333128e-06,2.762858072916666467e-06,-5.378125000000000000e+01,-2.363281250000000000e+00,0.000000000000000000e+00,-1.256474075977204397e+00,0.000000000000000000e+00,0.000000000000000000e+00,0.000000000000000000e+00
2.697753906250000194e-06,2.766927083333333532e-06,2.296875000000000000e+01,-2.629726562500000000e+02,1.000000000000000000e+00,1.483671011732954348e+00,0.000000000000000000e+00,1.547500000000000000e+04,1.547500000000000000e+04
2.701822916666666836e-06,2.770996093750000174e-06,8.784765625000000000e+01,-1.700390625000000000e+01,1.000000000000000000e+00,1.911963241400587432e-01,-5.055375000000000000e+07,1.994000000000000000e+03,-3.276800000000000000e+04
2.705891927083333478e-06,2.775065104166666816e-06,2.015585937500000000e+02,-1.465195312500000000e+02,1.000000000000000000e+00,6.285965647357628638e-01,1.710843750000000000e+07,6.556000000000000000e+03,3.276700000000000000e+04
2.709960937500000120e-06,2.779134114583333458e-06,4.369140625000000000e+01,-8.913281250000000000e+01,1.000000000000000000e+00,1.115060222093996911e+00,1.902750000000000000e+07,1.163000000000000000e+04,3.276700000000000000e+04
2.714029947916666762e-06,2.783203125000000100e-06,-4.813671875000000000e+01,-1.350546875000000000e+02,1.000000000000000000e+00,1.913161663891123077e+00,3.121687500000000000e+07,1.995500000000000000e+04,3.276700000000000000e+04
2.718098958333333404e-06,2.787272135416666742e-06,-4.744140625000000000e+01,2.205078125000000000e+01,0.000000000000000000e+00,1.913161663891123077e+00,3.121687500000000000e+07,0.000000000000000000e+00,0.000000000000000000e+00
2.722167968750000046e-06,2.791341145833333384e-06,2.481250000000000000e+01,5.344531250000000000e+01,0.000000000000000000e+00,1.913161663891123077e+00,3.121687500000000000e+07,0.000000000000000000e+00,0.000000000000000000e+00
2.726236979166666688e-06,2.795410156250000026e-06,-4.521875000000000000e+01,1.209570312500000000e+02,1.000000000000000000e+00,-1.928525440219790221e+00,0.000000000000000000e+00,-2.011600000000000000e+04,-2.011600000000000000e+04
2.730305989583333330e-06,2.799479166666666668e-06,5.087500000000000000e+01,8.066796875000000000e+01,1.000000000000000000e+00,-1.008136967488405533e+00,3.600000000000000000e+07,-1.051600000000000000e+04,3.276700000000000000e+04
2.734374999999999972e-06,2.803548177083333311e-06,5.222265625000000000e+01,9.001953125000000000e+01,1.000000000000000000e+00,-1.045096317096525285e+00,-1.445625000000000000e+06,-1.090100000000000000e+04,-3.276800000000000000e+04
2.738444010416666614e-06,2.807617187499999953e-06,-2.624218750000000000e+01,-1.527656250000000000e+02,1.000000000000000000e+00,1.740852478201906361e+00,1.089693750000000000e+08,1.815700000000000000e+04,3.276700000000000000e+04
2.742513020833333256e-06,2.811686197916666595e-06,-1.145898437500000000e+02,-1.353710937500000000e+02,1.000000000000000000e+00,2.273287622297087918e+00,2.082562500000000000e+07,2.371100000000000000e+04,3.276700000000000000e+04
2.746582031249999898e-06,2.815755208333333237e-06,-2.221328125000000000e+02,-2.425000000000000000e+01,1.000000000000000000e+00,3.032895733698209195e+00,2.971125000000000000e+07,3.163400000000000000e+04,3.276700000000000000e+04
2.750651041666666540e-06,2.819824218749999879e-06,-2.834375000000000000e+01,-2.172500000000000000e+02,1.000000000000000000e+00,1.700537545620286695e+00,-5.211375000000000000e+07,1.773700000000000000e+04,-3.276800000000000000e+04
2.754720052083333182e-06,2.823893229166666521e-06,-2.422656250000000000e+01,3.333593750000000000e+01,0.000000000000000000e+00,1.700537545620286695e+00,-5.211375000000000000e+07,0.000000000000000000e+00,0.000000000000000000e+00
2.758789062499999824e-06,2.827962239583333163e-06,1.025546875000000000e+02,-5.884765625000000000e+01,1.000000000000000000e+00,5.209063197362286957e-01,0.000000000000000000e+00,5.433000000000000000e+03,5.433000000000000000e+03
2.762858072916666467e-06,2.832031249999999805e-06,-1.767148437500000000e+02,6.138671875000000000e+01,1.000000000000000000e+00,-2.807280715629966394e+00,1.155815625000000000e+08,-2.928100000000000000e+04,3.276700000000000000e+04
2.766927083333333532e-06,2.836100260416666870e-06,1.238554687500000000e+02,-1.322656250000000000e+01,1.000000000000000000e+00,1.063719802599449316e-01,1.139643750000000000e+08,1.109000000000000000e+03,3.276700000000000000e+04
2.770996093750000174e-06,2.840169270833333512e-06,7.469531250000000000e+01,-1.043164062500000000e+02,1.000000000000000000e+00,9.493902970023475607e-01,3.297375000000000000e+07,9.902000000000000000e+03,3.276700000000000000e+04
2.775065104166666816e-06,2.844238281250000154e-06,-1.068750000000000000e+01,7.292968750000000000e+00,0.000000000000000000e+00,9.493902970023475607e-01,3.297375000000000000e+07,0.000000000000000000e+00,0.000000000000000000e+00
2.779134114583333458e-06,2.848307291666666797e-06,9.037500000000000000e+01,4.094531250000000000e+01,1.000000000000000000e+00,-4.254160156903475931e-01,0.000000000000000000e+00,-4.438000000000000000e+03,-4.438000000000000000e+03
2.783203125000000100e-06,2.852376302083333439e-06,2.266406250000000000e+01,5.104296875000000000e+01,0.000000000000000000e+00,-4.254160156903475931e-01,0.000000000000000000e+00,0.000000000000000000e+00,0.000000000000000000e+00
2.787272135416666742e-06,2.856445312500000081e-06,-6.614062500000000000e+01,7.941406250000000000e+01,1.000000000000000000e+00,-2.265282160060309913e+00,0.000000000000000000e+00,-2.362800000000000000e+04,-2.362800000000000000e+04
2.791341145833333384e-06,2.860514322916666723e-06,-7.094140625000000000e+01,1.363515625000000000e+02,1.000000000000000000e+00,-2.050500881306509537e+00,8.400937500000000000e+06,-2.138800000000000000e+04,3.276700000000000000e+04
2.795410156250000026e-06,2.864583333333333365e-06,-1.711875000000000000e+02,9.419531250000000000e+01,1.000000000000000000e+00,-2.638542828962545883e+00,-2.300062500000000000e+07,-2.752100000000000000e+04,-3.276800000000000000e+04
2.799479166666666668e-06,2.868652343750000007e-06,-1.230039062500000000e+02,1.776054687500000000e+02,1.000000000000000000e+00,-2.176503021961428530e+00,1.807218750000000000e+07,-2.270200000000000000e+04,3.276700000000000000e+04
2.803548177083333311e-06,2.872721354166666649e-06,-8.876171875000000000e+01,1.233554687500000000e+02,1.000000000000000000e+00,-2.194575233118706059e+00,-7.068750000000000000e+05,-2.289100000000000000e+04,-3.276800000000000000e+04
2.807617187499999953e-06,2.876790364583333291e-06,-1.078632812500000000e+02,6.494921875000000000e+01,1.000000000000000000e+00,-2.599642034919758427e+00,-1.584375000000000000e+07,-2.711600000000000000e+04,-3.276800000000000000e+04
2.811686197916666595e-06,2.880859374999999933e-06,-4.479453125000000000e+02,1.445703125000000000e+01,1.000000000000000000e+00,-3.109331120144573024e+00,-1.993593750000000000e+07,-3.243200000000000000e+04,-3.276800000000000000e+04
2.815755208333333237e-06,2.884928385416666575e-06,-3.348242187500000000e+02,2.411171875000000000e+02,1.000000000000000000e+00,-2.517478188968633734e+00,2.314968750000000000e+07,-2.625900000000000000e+04,3.276700000000000000e+04
2.819824218749999879e-06,2.888997395833333217e-06,-1.406328125000000000e+02,8.917968750000000000e+01,1.000000000000000000e+00,-2.576440575502987773e+00,-2.306250000000000000e+06,-2.687400000000000000e+04,-3.276800000000000000e+04
2.823893229166666521e-06,2.893066406249999859e-06,-4.804296875000000000e+01,2.849609375000000000e+01,0.000000000000000000e+00,-2.576440575502987773e+00,-2.306250000000000000e+06,0.000000000000000000e+00,0.000000000000000000e+00
2.827962239583333163e-06,2.897135416666666501e-06,-2.065390625000000000e+02,-2.002070312500000000e+02,1.000000000000000000e+00,2.371750014119497596e+00,0.000000000000000000e+00,2.473800000000000000e+04,2.473800000000000000e+04
2.832031249999999805e-06,2.901204427083333143e-06,-2.161484375000000000e+02,7.125000000000000000e+00,1.000000000000000000e+00,-3.108636035100062589e+00,3.140062500000000000e+07,-3.242500000000000000e+04,3.276700000000000000e+04
2.836100260416666870e-06,2.905273437500000209e-06,-2.554101562500000000e+02,-1.187226562500000000e+02,1.000000000000000000e+00,2.706469415726106664e+00,-1.830843750000000000e+07,2.822900000000000000e+04,-3.276800000000000000e+04
2.840169270833333512e-06,2.909342447916666851e-06,-2.043281250000000000e+02,-7.111328125000000000e+01,1.000000000000000000e+00,2.806681504384698211e+00,3.919687500000000000e+06,2.927400000000000000e+04,3.276700000000000000e+04
2.844238281250000154e-06,2.913411458333333493e-06,-3.264765625000000000e+02,1.473437500000000000e+02,1.000000000000000000e+00,-2.717638713337898970e+00,2.968218750000000000e+07,-2.834600000000000000e+04,3.276700000000000000e+04
2.848307291666666797e-06,2.917480468750000135e-06,-3.502851562500000000e+02,-3.384375000000000000e+01,1.000000000000000000e+00,3.045287422250347653e+00,-2.034937500000000000e+07,3.176300000000000000e+04,-3.276800000000000000e+04
2.852376302083333439e-06,2.921549479166666777e-06,-2.758164062500000000e+02,3.627734375000000000e+01,1.000000000000000000e+00,-3.010796822972731324e+00,8.882812500000000000e+06,-3.140400000000000000e+04,3.276700000000000000e+04
2.856445312500000081e-06,2.925618489583333419e-06,-1.619414062500000000e+02,-4.431640625000000000e+01,1.000000000000000000e+00,2.874464280449394948e+00,-1.556437500000000000e+07,2.998100000000000000e+04,-3.276800000000000000e+04
2.860514322916666723e-06,2.929687500000000061e-06,-1.833593750000000000e+01,-1.193984375000000000e+02,1.000000000000000000e+00,1.723163762241600061e+00,-4.503187500000000000e+07,1.797300000000000000e+04,-3.276800000000000000e+04
2.864583333333333365e-06,2.933756510416666703e-06,-2.688828125000000000e+02,-1.242187500000000000e+02,1.000000000000000000e+00,2.708818323807556716e+00,3.855281250000000000e+07,2.825400000000000000e+04,3.276700000000000000e+04
2.868652343750000007e-06,2.937825520833333345e-06,-1.051132812500000000e+02,-5.345312500000000000e+01,1.000000000000000000e+00,2.671163889154926085e+00,-1.472812500000000000e+06,2.786100000000000000e+04,2.725000000000000000e+03
2.872721354166666649e-06,2.941894531249999987e-06,-1.671562500000000000e+02,1.676093750000000000e+02,1.000000000000000000e+00,-2.354900193902566219e+00,4.917093750000000000e+07,-2.456300000000000000e+04,3.276700000000000000e+04
2.876790364583333291e-06,2.945963541666666629e-06,-3.213281250000000000e+01,-2.224609375000000000e+01,0.000000000000000000e+00,-2.354900193902566219e+00,4.917093750000000000e+07,0.000000000000000000e+00,0.000000000000000000e+00
2.880859374999999933e-06,2.950032552083333271e-06,-1.544218750000000000e+02,-1.637890625000000000e+02,1.000000000000000000e+00,2.326737265374978492e+00,0.000000000000000000e+00,2.426800000000000000e+04,2.426800000000000000e+04
2.884928385416666575e-06,2.954101562499999913e-06,-1.592343750000000000e+02,-1.048710937500000000e+02,1.000000000000000000e+00,2.559231228538895841e+00,9.093750000000000000e+06,2.669300000000000000e+04,3.276700000000000000e+04
2.888997395833333217e-06,2.958170572916666555e-06,-2.894062500000000000e+02,-9.795312500000000000e+01,1.000000000000000000e+00,2.815262209416933725e+00,1.001437500000000000e+07,2.936400000000000000e+04,3.276700000000000000e+04
2.893066406249999859e-06,2.962239583333333197e-06,1.274648437500000000e+02,9.118750000000000000e+01,1.000000000000000000e+00,-6.209985661457668726e-01,1.113543750000000000e+08,-6.478000000000000000e+03,3.276700000000000000e+04
2.897135416666666501e-06,2.966308593749999839e-06,-2.127929687500000000e+02,-1.945703125000000000e+01,1.000000000000000000e+00,3.050368733610218985e+00,-1.021584375000000000e+08,3.181600000000000000e+04,-3.276800000000000000e+04
2.901204427083333143e-06,2.970377604166666481e-06,-2.361679687500000000e+02,-1.146953125000000000e+02,1.000000000000000000e+00,2.689523721709932591e+00,-1.411406250000000000e+07,2.805200000000000000e+04,-3.276800000000000000e+04
2.905273437500000209e-06,2.974446614583333547e-06,-3.398671875000000000e+02,-1.175664062500000000e+02,1.000000000000000000e+00,2.808551043469933894e+00,4.655625000000000000e+06,2.929400000000000000e+04,3.276700000000000000e+04
2.909342447916666851e-06,2.978515625000000189e-06,-8.614062500000000000e+01,-2.285273437500000000e+02,1.000000000000000000e+00,1.931233875048400828e+00,-3.431531250000000000e+07,2.014300000000000000e+04,-3.276800000000000000e+04
2.913411458333333493e-06,2.982584635416666831e-06,-9.142968750000000000e+01,-1.917304687500000000e+02,1.000000000000000000e+00,2.015722660631164675e+00,3.304687500000000000e+06,2.102400000000000000e+04,3.276700000000000000e+04
2.917480468750000135e-06,2.986653645833333473e-06,-4.041796875000000000e+01,-7.793359375000000000e+01,1.000000000000000000e+00,2.049230553466541593e+00,1.310625000000000000e+06,2.137400000000000000e+04,3.276700000000000000e+04
2.921549479166666777e-06,2.990722656250000115e-06,-1.126914062500000000e+02,-1.758750000000000000e+02,1.000000000000000000e+00,2.140622252594790886e+00,3.574687500000000000e+06,2.232700000000000000e+04,3.276700000000000000e+04
2.925618489583333419e-06,2.994791666666666757e-06,-1.627578125000000000e+02,-1.138945312500000000e+02,1.000000000000000000e+00,2.530996394661875648e+00,1.526906250000000000e+07,2.639900000000000000e+04,3.276700000000000000e+04
2.929687500000000061e-06,2.998860677083333399e-06,-2.699218750000000000e+01,1.758789062500000000e+02,1.000000000000000000e+00,-1.723091856892167817e+00,7.936593750000000000e+07,-1.797300000000000000e+04,3.276700000000000000e+04
2.933756510416666703e-06,3.002929687500000041e-06,-1.267968750000000000e+01,-1.004453125000000000e+02,1.000000000000000000e+00,1.696343066903412078e+00,-1.120125000000000000e+08,1.769300000000000000e+04,-3.276800000000000000e+04
2.937825520833333345e-06,3.006998697916666683e-06,-8.515234375000000000e+01,-1.813593750000000000e+02,1.000000000000000000e+00,2.009778485078107746e+00,1.225968750000000000e+07,2.096200000000000000e+04,3.276700000000000000e+04
2.941894531249999987e-06,3.011067708333333325e-06,-3.279687500000000000e+01,-9.967968750000000000e+01,1.000000000000000000e+00,1.888761781983817167e+00,-4.733437500000000000e+06,1.970000000000000000e+04,-3.276800000000000000e+04
2.945963541666666629e-06,3.015136718749999967e-06,1.396992187500000000e+02,-1.522460937500000000e+02,1.000000000000000000e+00,8.283256570084355230e-01,-4.147781250000000000e+07,8.639000000000000000e+03,-3.276800000000000000e+04
2.950032552083333271e-06,3.019205729166666610e-06,5.652343750000000000e+01,-1.795664062500000000e+02,1.000000000000000000e+00,1.265821771403382590e+00,1.711218750000000000e+07,1.320300000000000000e+04,3.276700000000000000e+04
2.954101562499999913e-06,3.023274739583333252e-06,-3.531640625000000000e+01,-2.581054687500000000e+02,1.000000000000000000e+00,1.706793311020882831e+00,1.724812500000000000e+07,1.780200000000000000e+04,3.276700000000000000e+04
2.958170572916666555e-06,3.027343749999999894e-06,-3.758593750000000000e+01,-1.145781250000000000e+02,1.000000000000000000e+00,1.887779075541577978e+00,7.079062500000000000e+06,1.969000000000000000e+04,3.276700000000000000e+04
2.962239583333333197e-06,3.031412760416666536e-06,2.276679687500000000e+02,-1.396718750000000000e+02,1.000000000000000000e+00,5.503156076539738040e-01,-5.231343750000000000e+07,5.740000000000000000e+03,-3.276800000000000000e+04
2.966308593749999839e-06,3.035481770833333178e-06,1.408242187500000000e+02,-2.242968750000000000e+02,1.000000000000000000e+00,1.010126348822694808e+00,1.798500000000000000e+07,1.053600000000000000e+04,3.276700000000000000e+04
2.970377604166666481e-06,3.039550781249999820e-06,8.049218750000000000e+01,-1.321953125000000000e+02,1.000000000000000000e+00,1.023836302114422558e+00,5.362500000000000000e+05,1.067900000000000000e+04,1.983100000000000000e+04
2.974446614583333123e-06,3.043619791666666462e-06,1.287617187500000000e+02,-9.858984375000000000e+01,1.000000000000000000e+00,6.534278787396616828e-01,-1.448812500000000000e+07,6.815000000000000000e+03,-3.276800000000000000e+04
2.978515625000000189e-06,3.047688802083333527e-06,2.485507812500000000e+02,-2.878203125000000000e+02,1.000000000000000000e+00,8.584779668703126365e-01,8.020312500000000000e+06,8.954000000000000000e+03,3.276700000000000000e+04
2.982584635416666831e-06,3.051757812500000169e-06,1.969609375000000000e+02,-2.606796875000000000e+02,1.000000000000000000e+00,9.237200872550738184e-01,2.551875000000000000e+06,9.634000000000000000e+03,3.276700000000000000e+04
2.986653645833333473e-06,3.055826822916666811e-06,1.119453125000000000e+02,7.984765625000000000e+01,1.000000000000000000e+00,-6.196323645065562324e-01,-6.036656250000000000e+07,-6.463000000000000000e+03,-3.276800000000000000e+04
2.990722656250000115e-06,3.059895833333333453e-06,2.118359375000000000e+02,6.516015625000000000e+01,1.000000000000000000e+00,-2.984311685931893554e-01,1.256343750000000000e+07,-3.113000000000000000e+03,3.276700000000000000e+04
2.994791666666666757e-06,3.063964843750000096e-06,1.208476562500000000e+02,-3.912890625000000000e+01,1.000000000000000000e+00,3.131477967769671911e-01,2.392125000000000000e+07,3.266000000000000000e+03,3.276700000000000000e+04
2.998860677083333399e-06,3.068033854166666738e-06,-2.382031250000000000e+01,-2.942734375000000000e+02,1.000000000000000000e+00,1.651546034207189040e+00,5.235000000000000000e+07,1.722600000000000000e+04,3.276700000000000000e+04
3.002929687500000041e-06,3.072102864583333380e-06,5.767968750000000000e+01,7.510546875000000000e+01,1.000000000000000000e+00,-9.157865303677277247e-01,-1.004184375000000000e+08,-9.552000000000000000e+03,-3.276800000000000000e+04
3.006998697916666683e-06,3.076171875000000022e-06,2.885703125000000000e+02,-1.740429687500000000e+02,1.000000000000000000e+00,5.427176090639777017e-01,5.704781250000000000e+07,5.660000000000000000e+03,3.276700000000000000e+04
3.011067708333333325e-06,3.080240885416666664e-06,2.286953125000000000e+02,-9.755468750000000000e+01,1.000000000000000000e+00,4.032212311656271919e-01,-5.456250000000000000e+06,4.205000000000000000e+03,-3.276800000000000000e+04
3.015136718749999967e-06,3.084309895833333306e-06,2.198945312500000000e+02,-1.301953125000000000e+02,1.000000000000000000e+00,5.345683361283352086e-01,5.137500000000000000e+06,5.575000000000000000e+03,3.276700000000000000e+04
3.019205729166666610e-06,3.088378906249999948e-06,1.888007812500000000e+02,-9.523437500000000000e+00,1.000000000000000000e+00,5.035771305230831579e-02,-1.893937500000000000e+07,5.250000000000000000e+02,-3.276800000000000000e+04
3.023274739583333252e-06,3.092447916666666590e-06,5.946445312500000000e+02,2.113281250000000000e+01,1.000000000000000000e+00,-3.552124261947688100e-02,-3.359062500000000000e+06,-3.710000000000000000e+02,-3.276800000000000000e+04
3.027343749999999894e-06,3.096516927083333232e-06,3.016601562500000000e+02,-4.830078125000000000e+01,1.000000000000000000e+00,1.587190746465424462e-01,7.597500000000000000e+06,1.655000000000000000e+03,3.276700000000000000e+04
3.031412760416666536e-06,3.100585937499999874e-06,4.918750000000000000e+01,-1.061093750000000000e+02,1.000000000000000000e+00,1.136703732273070866e+00,3.825281250000000000e+07,1.185600000000000000e+04,3.276700000000000000e+04
3.035481770833333178e-06,3.104654947916666516e-06,1.567187500000000000e+02,1.180390625000000000e+02,1.000000000000000000e+00,-6.455422587519370481e-01,-6.971062500000000000e+07,-6.734000000000000000e+03,-3.276800000000000000e+04
3.039550781249999820e-06,3.108723958333333158e-06,1.924101562500000000e+02,1.350273437500000000e+02,1.000000000000000000e+00,-6.119384921173172120e-01,1.314375000000000000e+06,-6.383000000000000000e+03,1.604900000000000000e+04
3.043619791666666462e-06,3.112792968749999800e-06,2.532890625000000000e+02,2.892187500000000000e+01,1.000000000000000000e+00,-1.137063259020231476e-01,1.948781250000000000e+07,-1.186000000000000000e+03,3.276700000000000000e+04
3.047688802083333527e-06,3.116861979166666866e-06,1.862421875000000000e+02,7.157031250000000000e+01,1.000000000000000000e+00,-3.668850612525860755e-01,-9.902812500000000000e+06,-3.827000000000000000e+03,-3.276800000000000000e+04
3.051757812500000169e-06,3.120930989583333508e-06,3.197890625000000000e+02,2.578437500000000000e+02,1.000000000000000000e+00,-6.785947510409104932e-01,-1.219218750000000000e+07,-7.078000000000000000e+03,-3.276800000000000000e+04
3.055826822916666811e-06,3.125000000000000150e-06,2.728515625000000000e+02,1.464218750000000000e+02,1.000000000000000000e+00,-4.925516436101550766e-01,7.276875000000000000e+06,-5.138000000000000000e+03,3.276700000000000000e+04
3.059895833333333453e-06,3.129069010416666792e-06,1.591132812500000000e+02,9.068359375000000000e+01,1.000000000000000000e+00,-5.180540742087539341e-01,-9.975000000000000000e+05,-5.404000000000000000e+03,-2.242800000000000000e+04
3.063964843750000096e-06,3.133138020833333434e-06,4.853515625000000000e+01,1.347265625000000000e+02,1.000000000000000000e+00,-1.225027469825548776e+00,-2.765250000000000000e+07,-1.277800000000000000e+04,-3.276800000000000000e+04
3.068033854166666738e-06,3.137207031250000076e-06,2.233085937500000000e+02,9.743750000000000000e+01,1.000000000000000000e+00,-4.114184410008910886e-01,3.182343750000000000e+07,-4.292000000000000000e+03,3.276700000000000000e+04
3.072102864583333380e-06,3.141276041666666718e-06,1.143554687500000000e+02,1.824765625000000000e+02,1.000000000000000000e+00,-1.010989213015880406e+00,-2.345156250000000000e+07,-1.054500000000000000e+04,-3.276800000000000000e+04
3.076171875000000022e-06,3.145345052083333360e-06,1.991484375000000000e+02,1.575820312500000000e+02,1.000000000000000000e+00,-6.694148347634073515e-01,1.336031250000000000e+07,-6.983000000000000000e+03,3.276700000000000000e+04
3.080240885416666664e-06,3.149414062500000002e-06,8.507812500000000000e+01,3.902070312500000000e+02,1.000000000000000000e+00,-1.356110921840338879e+00,-2.685937500000000000e+07,-1.414500000000000000e+04,-3.276800000000000000e+04
3.084309895833333306e-06,3.153483072916666644e-06,3.328125000000000000e+01,2.135312500000000000e+02,1.000000000000000000e+00,-1.416223793965607491e+00,-2.351250000000000000e+06,-1.477200000000000000e+04,-3.276800000000000000e+04
3.088378906249999948e-06,3.157552083333333286e-06,7.148437500000000000e+00,2.269140625000000000e+02,1.000000000000000000e+00,-1.539349720643240937e+00,-4.815937500000000000e+06,-1.605600000000000000e+04,-3.276800000000000000e+04
3.092447916666666590e-06,3.161621093749999928e-06,-1.179648437500000000e+02,2.201484375000000000e+02,1.000000000000000000e+00,-2.062700822260162603e+00,-2.047031250000000000e+07,-2.151500000000000000e+04,-3.276800000000000000e+04
3.096516927083333232e-06,3.165690104166666570e-06,-2.135937500000000000e+01,3.607421875000000000e+01,0.000000000000000000e+00,-2.062700822260162603e+00,-2.047031250000000000e+07,0.000000000000000000e+00,0.000000000000000000e+00
3.100585937499999874e-06,3.169759114583333212e-06,-6.964062500000000000e+01,1.127226562500000000e+02,1.000000000000000000e+00,-2.124227832924263204e+00,0.000000000000000000e+00,-2.215700000000000000e+04,-2.215700000000000000e+04
3.104654947916666516e-06,3.173828124999999854e-06,-1.269335937500000000e+02,1.418906250000000000e+02,1.000000000000000000e+00,-2.300635623531111840e+00,-6.900000000000000000e+06,-2.399700000000000000e+04,-3.276800000000000000e+04
3.108723958333333158e-06,3.177897135416666496e-06,-1.479257812500000000e+02,-2.997656250000000000e+01,1.000000000000000000e+00,2.941623876819013272e+00,-4.071468750000000000e+07,3.068200000000000000e+04,-3.276800000000000000e+04
3.112792968749999800e-06,3.181966145833333138e-06,7.627734375000000000e+01,-1.505312500000000000e+02,1.000000000000000000e+00,1.101757732449051064e+00,-7.196437500000000000e+07,1.149100000000000000e+04,-3.276800000000000000e+04
3.116861979166666866e-06,3.186035156250000204e-06,-2.041796875000000000e+01,-4.680859375000000000e+01,0.000000000000000000e+00,1.101757732449051064e+00,-7.196437500000000000e+07,0.000000000000000000e+00,0.000000000000000000e+00
3.120930989583333508e-06,3.190104166666666846e-06,-1.635898437500000000e+02,9.187500000000000000e+00,1.000000000000000000e+00,-3.085530449482535076e+00,0.000000000000000000e+00,-3.218400000000000000e+04,-3.218400000000000000e+04
3.125000000000000150e-06,3.194173177083333488e-06,-7.976953125000000000e+01,8.031250000000000000e+01,1.000000000000000000e+00,-2.352838907218845144e+00,2.865843750000000000e+07,-2.454100000000000000e+04,3.276700000000000000e+04
3.129069010416666792e-06,3.198242187500000130e-06,2.286328125000000000e+01,3.486718750000000000e+01,0.000000000000000000e+00,-2.352838907218845144e+00,2.865843750000000000e+07,0.000000000000000000e+00,0.000000000000000000e+00
3.133138020833333434e-06,3.202311197916666772e-06,-8.001562500000000000e+01,1.267265625000000000e+02,1.000000000000000000e+00,-2.134102834246276892e+00,0.000000000000000000e+00,-2.226000000000000000e+04,-2.226000000000000000e+04
3.137207031250000076e-06,3.206380208333333414e-06,-6.906250000000000000e+01,1.266718750000000000e+02,1.000000000000000000e+00,-2.069963262552808381e+00,2.508750000000000000e+06,-2.159100000000000000e+04,2.122500000000000000e+04
3.141276041666666718e-06,3.210449218750000056e-06,1.131210937500000000e+02,-8.750390625000000000e+01,1.000000000000000000e+00,6.584372847501007708e-01,1.067184375000000000e+08,6.867000000000000000e+03,3.276700000000000000e+04
3.145345052083333360e-06,3.214518229166666698e-06,-1.300625000000000000e+02,9.210156250000000000e+01,1.000000000000000000e+00,-2.525411745855979717e+00,1.212271875000000000e+08,-2.634100000000000000e+04,3.276700000000000000e+04
3.149414062500000002e-06,3.218587239583333340e-06,-1.624179687500000000e+02,3.144140625000000000e+01,1.000000000000000000e+00,-2.950372360999923504e+00,-1.662187500000000000e+07,-3.077400000000000000e+04,-3.276800000000000000e+04
3.153483072916666644e-06,3.222656249999999982e-06,-1.584375000000000000e+02,1.107031250000000000e+02,1.000000000000000000e+00,-2.531715448156197201e+00,1.637531250000000000e+07,-2.640700000000000000e+04,3.276700000000000000e+04
3.157552083333333286e-06,3.226725260416666624e-06,6.882421875000000000e+01,-3.200000000000000000e+01,1.000000000000000000e+00,4.352430801127399884e-01,1.160493750000000000e+08,4.539000000000000000e+03,3.276700000000000000e+04
3.161621093749999928e-06,3.230794270833333266e-06,-9.445312500000000000e+01,-3.884765625000000000e+01,1.000000000000000000e+00,2.751410259121193747e+00,9.059437500000000000e+07,2.869800000000000000e+04,3.276700000000000000e+04
3.165690104166666570e-06,3.234863281249999909e-06,-2.020703125000000000e+01,6.463671875000000000e+01,1.000000000000000000e+00,-1.873757532402310799e+00,6.485156250000000000e+07,-1.954400000000000000e+04,3.276700000000000000e+04
3.169759114583333212e-06,3.238932291666666551e-06,-5.194531250000000000e+01,-7.305078125000000000e+01,1.000000000000000000e+00,2.188894710513566988e+00,-8.685375000000000000e+07,2.283100000000000000e+04,-3.276800000000000000e+04
3.173828124999999854e-06,3.243001302083333193e-06,-9.601953125000000000e+01,-1.160468750000000000e+02,1.000000000000000000e+00,2.261998482436242242e+00,2.859375000000000000e+06,2.359300000000000000e+04,3.276700000000000000e+04
3.177897135416666496e-06,3.247070312499999835e-06,-2.085585937500000000e+02,-2.576562500000000000e+01,1.000000000000000000e+00,3.018634506060834610e+00,2.959500000000000000e+07,3.148500000000000000e+04,3.276700000000000000e+04
3.181966145833333138e-06,3.251139322916666477e-06,-3.861718750000000000e+01,-1.156796875000000000e+02,1.000000000000000000e+00,1.892908323801070436e+00,-4.403156250000000000e+07,1.974300000000000000e+04,-3.276800000000000000e+04
3.186035156250000204e-06,3.255208333333333542e-06,-1.038945312500000000e+02,1.354687500000000000e+01,1.000000000000000000e+00,-3.011923340113835224e+00,5.391281250000000000e+07,-3.141600000000000000e+04,3.276700000000000000e+04
3.190104166666666846e-06,3.259277343750000184e-06,-1.703945312500000000e+02,-8.828125000000000000e+00,1.000000000000000000e+00,3.089796833548842159e+00,-7.097812500000000000e+06,3.222700000000000000e+04,-3.276800000000000000e+04
3.194173177083333488e-06,3.263346354166666826e-06,-1.346757812500000000e+02,-5.476171875000000000e+01,1.000000000000000000e+00,2.755412990239582971e+00,-1.307906250000000000e+07,2.874000000000000000e+04,-3.276800000000000000e+04
3.198242187500000130e-06,3.267415364583333468e-06,-2.034414062500000000e+02,-9.630859375000000000e+01,1.000000000000000000e+00,2.699398723031946279e+00,-2.190937500000000000e+06,2.815500000000000000e+04,-9.237000000000000000e+03
3.202311197916666772e-06,3.271484375000000110e-06,-1.103320312500000000e+02,-8.223828125000000000e+01,1.000000000000000000e+00,2.501035832398484260e+00,-7.758750000000000000e+06,2.608600000000000000e+04,-3.276800000000000000e+04
3.206380208333333414e-06,3.275553385416666752e-06,-2.257421875000000000e+02,-9.689453125000000000e+01,1.000000000000000000e+00,2.736190293491390868e+00,9.197812500000000000e+06,2.853900000000000000e+04,3.276700000000000000e+04
3.210449218750000056e-06,3.279622395833333395e-06,-1.734960937500000000e+02,-3.859375000000000000e+01,1.000000000000000000e+00,2.922736738368171494e+00,7.296562500000000000e+06,3.048500000000000000e+04,3.276700000000000000e+04
3.214518229166666698e-06,3.283691406250000037e-06,-3.178632812500000000e+02,3.089609375000000000e+02,1.000000000000000000e+00,-2.370407780930097630e+00,3.872437500000000000e+07,-2.472500000000000000e+04,3.276700000000000000e+04
3.218587239583333340e-06,3.287760416666666679e-06,-8.420703125000000000e+01,-7.386328125000000000e+01,1.000000000000000000e+00,2.421508515926538152e+00,-5.832937500000000000e+07,2.525700000000000000e+04,-3.276800000000000000e+04
3.222656249999999982e-06,3.291829427083333321e-06,-1.292460937500000000e+02,-1.043554687500000000e+02,1.000000000000000000e+00,2.462326785954182640e+00,1.596562500000000000e+06,2.568300000000000000e+04,3.276700000000000000e+04
3.226725260416666624e-06,3.295898437499999963e-06,-1.084882812500000000e+02,-1.042773437500000000e+02,1.000000000000000000e+00,2.375944492836372657e+00,-3.378750000000000000e+06,2.478200000000000000e+04,-3.276800000000000000e+04
3.230794270833333266e-06,3.299967447916666605e-06,-1.775078125000000000e+02,6.352734375000000000e+01,1.000000000000000000e+00,-2.797909051753977305e+00,4.339031250000000000e+07,-2.918400000000000000e+04,3.276700000000000000e+04
3.234863281249999909e-06,3.304036458333333247e-06,-1.524609375000000000e+02,-1.606796875000000000e+02,1.000000000000000000e+00,2.329949037649614141e+00,-4.518937500000000000e+07,2.430200000000000000e+04,-3.276800000000000000e+04
3.238932291666666551e-06,3.308105468749999889e-06,-2.869960937500000000e+02,-1.887734375000000000e+02,1.000000000000000000e+00,2.559782502884542232e+00,8.989687500000000000e+06,2.669900000000000000e+04,3.276700000000000000e+04
3.243001302083333193e-06,3.312174479166666531e-06,-5.984375000000000000e+01,-9.091796875000000000e+01,1.000000000000000000e+00,2.152822193548443952e+00,-1.591781250000000000e+07,2.245400000000000000e+04,-3.276800000000000000e+04
3.247070312499999835e-06,3.316243489583333173e-06,-1.039296875000000000e+02,-1.458554687500000000e+02,1.000000000000000000e+00,2.189901385405617074e+00,1.450312500000000000e+06,2.284100000000000000e+04,3.276700000000000000e+04
3.251139322916666477e-06,3.320312499999999815e-06,-5.063671875000000000e+01,-1.164492187500000000e+02,1.000000000000000000e+00,1.981016345305252058e+00,-8.170312500000000000e+06,2.066200000000000000e+04,-3.276800000000000000e+04
3.255208333333333542e-06,3.324381510416666881e-06,-1.338945312500000000e+02,-2.031757812500000000e+02,1.000000000000000000e+00,2.153469341693333039e+00,6.745312500000000000e+06,2.246100000000000000e+04,3.276700000000000000e+04
3.259277343750000184e-06,3.328450520833333523e-06,-1.073203125000000000e+02,-2.675781250000000000e+02,1.000000000000000000e+00,1.952206268632774799e+00,-7.872187500000000000e+06,2.036200000000000000e+04,-3.276800000000000000e+04
3.263346354166666826e-06,3.332519531250000165e-06,-1.751523437500000000e+02,-1.587187500000000000e+02,1.000000000000000000e+00,2.405353780754117654e+00,1.772437500000000000e+07,2.508800000000000000e+04,3.276700000000000000e+04
3.267415364583333468e-06,3.336588541666666807e-06,5.264453125000000000e+01,-1.760351562500000000e+02,1.000000000000000000e+00,1.280154904390188975e+00,-4.401093750000000000e+07,1.335200000000000000e+04,-3.276800000000000000e+04
3.271484375000000110e-06,3.340657552083333449e-06,8.875390625000000000e+01,-1.118671875000000000e+02,1.000000000000000000e+00,9.001351326413320475e-01,-1.486406250000000000e+07,9.388000000000000000e+03,-3.276800000000000000e+04
3.275553385416666752e-06,3.344726562500000091e-06,4.463281250000000000e+01,4.854296875000000000e+01,0.000000000000000000e+00,9.001351326413320475e-01,-1.486406250000000000e+07,0.000000000000000000e+00,0.000000000000000000e+00
3.279622395833333395e-06,3.348795572916666733e-06,-8.933984375000000000e+01,-1.257617187500000000e+02,1.000000000000000000e+00,2.188487246866785085e+00,0.000000000000000000e+00,2.282600000000000000e+04,2.282600000000000000e+04
3.283691406250000037e-06,3.352864583333333375e-06,-7.222656250000000000e+00,-3.830468750000000000e+01,0.000000000000000000e+00,2.188487246866785085e+00,0.000000000000000000e+00,0.000000000000000000e+00,0.000000000000000000e+00
3.287760416666666679e-06,3.356933593750000017e-06,-1.772148437500000000e+02,6.027734375000000000e+01,1.000000000000000000e+00,-2.813776165528669271e+00,0.000000000000000000e+00,-2.934900000000000000e+04,-2.934900000000000000e+04
3.291829427083333321e-06,3.361002604166666659e-06,-1.135351562500000000e+02,-5.675781250000000000e+01,1.000000000000000000e+00,2.678042834250601079e+00,-3.095343750000000000e+07,2.793300000000000000e+04,-3.276800000000000000e+04
3.295898437499999963e-06,3.365071614583333301e-06,-1.992109375000000000e+02,-2.171875000000000000e+00,1.000000000000000000e+00,3.130687008925918668e+00,1.770468750000000000e+07,3.265400000000000000e+04,3.276700000000000000e+04
3.299967447916666605e-06,3.369140624999999943e-06,-1.629101562500000000e+02,-1.972265625000000000e+01,1.000000000000000000e+00,3.021127224841148706e+00,-4.285312500000000000e+06,3.151100000000000000e+04,-3.276800000000000000e+04
3.304036458333333247e-06,3.373209635416666585e-06,-4.138281250000000000e+01,-2.482695312500000000e+02,1.000000000000000000e+00,1.735962914440520866e+00,-5.026781250000000000e+07,1.810600000000000000e+04,-3.276800000000000000e+04
3.308105468749999889e-06,3.377278645833333227e-06,-2.381132812500000000e+02,5.268359375000000000e+01,1.000000000000000000e+00,-2.923887223959085624e+00,6.349500000000000000e+07,-3.049800000000000000e+04,3.276700000000000000e+04
3.312174479166666531e-06,3.381347656249999869e-06,-6.917968750000000000e+00,-7.957812500000000000e+01,1.000000000000000000e+00,1.657442272860624621e+00,-6.656625000000000000e+07,1.728700000000000000e+04,-3.276800000000000000e+04
3.316243489583333173e-06,3.385416666666666511e-06,5.819531250000000000e+01,4.187500000000000000e+00,0.000000000000000000e+00,1.657442272860624621e+00,-6.656625000000000000e+07,0.000000000000000000e+00,0.000000000000000000e+00
3.320312499999999815e-06,3.389485677083333153e-06,5.394921875000000000e+01,-1.475820312500000000e+02,1.000000000000000000e+00,1.220353622112459790e+00,0.000000000000000000e+00,1.272800000000000000e+04,1.272800000000000000e+04
3.324381510416666457e-06,3.393554687499999795e-06,3.316406250000000000e+00,-1.108242187500000000e+02,1.000000000000000000e+00,1.540835764531505170e+00,1.253531250000000000e+07,1.607100000000000000e+04,3.276700000000000000e+04
3.328450520833333523e-06,3.397623697916666861e-06,-1.701601562500000000e+02,-1.249414062500000000e+02,1.000000000000000000e+00,2.508250335791509134e+00,3.783937500000000000e+07,2.616200000000000000e+04,3.276700000000000000e+04
3.332519531250000165e-06,3.401692708333333503e-06,-4.997656250000000000e+01,1.903515625000000000e+01,0.000000000000000000e+00,2.508250335791509134e+00,3.783937500000000000e+07,0.000000000000000000e+00,0.000000000000000000e+00
3.336588541666666807e-06,3.405761718750000145e-06,-3.238281250000000000e+01,-1.464335937500000000e+02,1.000000000000000000e+00,1.788405882626361132e+00,0.000000000000000000e+00,1.865300000000000000e+04,1.865300000000000000e+04
3.340657552083333449e-06,3.409830729166666787e-06,-3.883593750000000000e+01,-1.103281250000000000e+02,1.000000000000000000e+00,1.909206869672355422e+00,4.725000000000000000e+06,1.991300000000000000e+04,3.276700000000000000e+04
3.344726562500000091e-06,3.413899739583333429e-06,3.027734375000000000e+01,-5.865234375000000000e+01,0.000000000000000000e+00,1.909206869672355422e+00,4.725000000000000000e+06,0.000000000000000000e+00,0.000000000000000000e+00
3.348795572916666733e-06,3.417968750000000071e-06,1.371679687500000000e+02,1.519609375000000000e+02,1.000000000000000000e+00,-8.365228668436993642e-01,0.000000000000000000e+00,-8.726000000000000000e+03,-8.726000000000000000e+03
3.352864583333333375e-06,3.422037760416666713e-06,3.149218750000000000e+01,1.349453125000000000e+02,1.000000000000000000e+00,-1.341538104355425309e+00,-1.975312500000000000e+07,-1.399300000000000000e+04,-3.276800000000000000e+04
3.356933593750000017e-06,3.426106770833333355e-06,-1.467304687500000000e+02,2.084335937500000000e+02,1.000000000000000000e+00,-2.184148957451045980e+00,-3.295781250000000000e+07,-2.278200000000000000e+04,-3.276800000000000000e+04
3.361002604166666659e-06,3.430175781249999997e-06,-2.770703125000000000e+01,1.400703125000000000e+02,1.000000000000000000e+00,-1.766115224302397868e+00,1.635093750000000000e+07,-1.842200000000000000e+04,3.276700000000000000e+04
3.365071614583333301e-06,3.434244791666666639e-06,1.525585937500000000e+02,1.519531250000000000e+02,1.000000000000000000e+00,-7.834327505129697888e-01,3.843656250000000000e+07,-8.172000000000000000e+03,3.276700000000000000e+04
3.369140624999999943e-06,3.438313802083333281e-06,-1.869531250000000000e+01,5.517968750000000000e+01,0.000000000000000000e+00,-7.834327505129697888e-01,3.843656250000000000e+07,0.000000000000000000e+00,0.000000000000000000e+00
3.373209635416666585e-06,3.442382812499999923e-06,-1.183242187500000000e+02,-4.653515625000000000e+01,1.000000000000000000e+00,2.766893877698914483e+00,0.000000000000000000e+00,2.885900000000000000e+04,2.885900000000000000e+04
3.377278645833333227e-06,3.446451822916666565e-06,5.886718750000000000e+01,1.308593750000000000e+01,0.000000000000000000e+00,2.766893877698914483e+00,0.000000000000000000e+00,0.000000000000000000e+00,0.000000000000000000e+00
3.381347656249999869e-06,3.450520833333333208e-06,1.520390625000000000e+02,2.485156250000000000e+01,1.000000000000000000e+00,-1.621225945196637097e-01,0.000000000000000000e+00,-1.691000000000000000e+03,-1.691000000000000000e+03
3.385416666666666511e-06,3.454589843749999850e-06,1.261679687500000000e+02,3.888281250000000000e+01,1.000000000000000000e+00,-2.989345060392143427e-01,-5.351250000000000000e+06,-3.118000000000000000e+03,-3.276800000000000000e+04
3.389485677083333153e-06,3.458658854166666492e-06,-1.440742187500000000e+02,9.730468750000000000e+01,1.000000000000000000e+00,-2.547582561930889167e+00,-8.795343750000000000e+07,-2.657300000000000000e+04,-3.276800000000000000e+04
3.393554687499999795e-06,3.462727864583333134e-06,-9.912890625000000000e+01,1.788398437500000000e+02,1.000000000000000000e+00,-2.076938081447726070e+00,1.840875000000000000e+07,-2.166400000000000000e+04,3.276700000000000000e+04
3.397623697916666861e-06,3.466796875000000199e-06,8.650390625000000000e+01,8.383203125000000000e+01,1.000000000000000000e+00,-7.697467656710526018e-01,5.112937500000000000e+07,-8.029000000000000000e+03,3.276700000000000000e+04
3.401692708333333503e-06,3.470865885416666841e-06,2.910156250000000000e+00,-3.211718750000000000e+01,0.000000000000000000e+00,-7.697467656710526018e-01,5.112937500000000000e+07,0.000000000000000000e+00,0.000000000000000000e+00
3.405761718750000145e-06,3.474934895833333483e-06,-4.236328125000000000e+01,-2.902343750000000000e+00,0.000000000000000000e+00,-7.697467656710526018e-01,5.112937500000000000e+07,0.000000000000000000e+00,0.000000000000000000e+00
3.409830729166666787e-06,3.479003906250000125e-06,1.288437500000000000e+02,3.404296875000000000e+01,1.000000000000000000e+00,-2.583079836100555249e-01,0.000000000000000000e+00,-2.695000000000000000e+03,-2.695000000000000000e+03
3.413899739583333429e-06,3.483072916666666767e-06,6.256250000000000000e+01,-1.437890625000000000e+01,0.000000000000000000e+00,-2.583079836100555249e-01,0.000000000000000000e+00,0.000000000000000000e+00,0.000000000000000000e+00
3.417968750000000071e-06,3.487141927083333409e-06,2.523710937500000000e+02,4.705078125000000000e+01,1.000000000000000000e+00,-1.843413474941947849e-01,0.000000000000000000e+00,-1.923000000000000000e+03,-1.923000000000000000e+03
3.422037760416666713e-06,3.491210937500000051e-06,-4.598828125000000000e+01,1.024765625000000000e+02,1.000000000000000000e+00,-1.992688980363069406e+00,-7.073156250000000000e+07,-2.078500000000000000e+04,-3.276800000000000000e+04
3.426106770833333355e-06,3.495279947916666694e-06,2.723046875000000000e+01,3.127734375000000000e+01,0.000000000000000000e+00,-1.992688980363069406e+00,-7.073156250000000000e+07,0.000000000000000000e+00,0.000000000000000000e+00
3.430175781249999997e-06,3.499348958333333336e-06,2.731250000000000000e+01,2.935156250000000000e+02,1.000000000000000000e+00,-1.478038426027436625e+00,0.000000000000000000e+00,-1.541700000000000000e+04,-1.541700000000000000e+04
3.434244791666666639e-06,3.503417968749999978e-06,1.447265625000000000e+01,6.519531250000000000e+01,1.000000000000000000e+00,-1.352419780569489083e+00,4.913437500000000000e+06,-1.410700000000000000e+04,3.276700000000000000e+04
3.438313802083333281e-06,3.507486979166666620e-06,-7.363281250000000000e+01,-7.213671875000000000e+01,1.000000000000000000e+00,2.366429018261519523e+00,-1.003012500000000000e+08,2.468200000000000000e+04,-3.276800000000000000e+04
3.442382812499999923e-06,3.511555989583333262e-06,7.943750000000000000e+01,-6.285156250000000000e+01,1.000000000000000000e+00,6.693668978637860034e-01,-6.637875000000000000e+07,6.981000000000000000e+03,-3.276800000000000000e+04
3.446451822916666565e-06,3.515624999999999904e-06,8.023046875000000000e+01,5.937500000000000000e-01,1.000000000000000000e+00,-7.382282541699648239e-03,-2.647031250000000000e+07,-7.700000000000000000e+01,-3.276800000000000000e+04
3.450520833333333208e-06,3.519694010416666546e-06,1.782148437500000000e+02,-1.208710937500000000e+02,1.000000000000000000e+00,5.959755045433823284e-01,2.359968750000000000e+07,6.216000000000000000e+03,3.276700000000000000e+04
3.454589843749999850e-06,3.523763020833333188e-06,-5.703125000000000000e+00,-7.108593750000000000e+01,1.000000000000000000e+00,1.650803012263057035e+00,4.125843750000000000e+07,1.721800000000000000e+04,3.276700000000000000e+04
3.458658854166666492e-06,3.527832031249999830e-06,-5.801171875000000000e+01,1.542968750000000000e+00,0.000000000000000000e+00,1.650803012263057035e+00,4.125843750000000000e+07,0.000000000000000000e+00,0.000000000000000000e+00
3.462727864583333134e-06,3.531901041666666472e-06,2.126171875000000000e+01,-1.464062500000000000e+01,0.000000000000000000e+00,1.650803012263057035e+00,4.125843750000000000e+07,0.000000000000000000e+00,0.000000000000000000e+00
3.466796875000000199e-06,3.535970052083333538e-06,1.115195312500000000e+02,-1.909765625000000000e+02,1.000000000000000000e+00,1.042268040018861086e+00,0.000000000000000000e+00,1.087100000000000000e+04,1.087100000000000000e+04
3.470865885416666841e-06,3.540039062500000180e-06,-5.713281250000000000e+01,-2.000039062500000000e+02,1.000000000000000000e+00,1.849046060647465461e+00,3.155625000000000000e+07,1.928600000000000000e+04,3.276700000000000000e+04
3.474934895833333483e-06,3.544108072916666822e-06,8.303515625000000000e+01,-1.367578125000000000e+01,1.000000000000000000e+00,1.631772063113350879e-01,-6.594093750000000000e+07,1.702000000000000000e+03,-3.276800000000000000e+04
3.479003906250000125e-06,3.548177083333333464e-06,-3.008593750000000000e+01,4.051953125000000000e+01,0.000000000000000000e+00,1.631772063113350879e-01,-6.594093750000000000e+07,0.000000000000000000e+00,0.000000000000000000e+00
3.483072916666666767e-06,3.552246093750000106e-06,-7.911328125000000000e+01,4.132812500000000000e+00,1.000000000000000000e+00,-3.089413338351870486e+00,0.000000000000000000e+00,-3.222400000000000000e+04,-3.222400000000000000e+04
3.487141927083333409e-06,3.556315104166666748e-06,-1.138164062500000000e+02,3.044531250000000000e+01,1.000000000000000000e+00,-2.880216708403966486e+00,8.182500000000000000e+06,-3.004200000000000000e+04,3.276700000000000000e+04
3.491210937500000051e-06,3.560384114583333390e-06,-2.620703125000000000e+01,-1.009960937500000000e+02,1.000000000000000000e+00,1.824646178740159552e+00,-6.173437500000000000e+07,1.903100000000000000e+04,-3.276800000000000000e+04
3.495279947916666694e-06,3.564453125000000032e-06,-1.887109375000000000e+01,-2.649648437500000000e+02,1.000000000000000000e+00,1.641910717383282536e+00,-7.147500000000000000e+06,1.712500000000000000e+04,-3.276800000000000000e+04
3.499348958333333336e-06,3.568522135416666674e-06,-1.567226562500000000e+02,-7.450781250000000000e+01,1.000000000000000000e+00,2.697840773794249802e+00,4.130156250000000000e+07,2.813900000000000000e+04,3.276700000000000000e+04
3.503417968749999978e-06,3.572591145833333316e-06,-3.865234375000000000e+02,-1.358046875000000000e+02,1.000000000000000000e+00,2.803733385057980865e+00,4.141875000000000000e+06,2.924400000000000000e+04,3.276700000000000000e+04
3.507486979166666620e-06,3.576660156249999958e-06,-7.724609375000000000e+01,-1.475625000000000000e+02,1.000000000000000000e+00,2.053041536986444981e+00,-2.936250000000000000e+07,2.141400000000000000e+04,-3.276800000000000000e+04
3.511555989583333262e-06,3.580729166666666600e-06,-1.326171875000000000e+02,-3.446796875000000000e+02,1.000000000000000000e+00,1.938064883244454029e+00,-4.497187500000000000e+06,2.021400000000000000e+04,-3.276800000000000000e+04
3.515624999999999904e-06,3.584798177083333242e-06,-2.588359375000000000e+02,-2.369960937500000000e+02,1.000000000000000000e+00,2.400200564044814300e+00,1.807593750000000000e+07,2.503500000000000000e+04,3.276700000000000000e+04
3.519694010416666546e-06,3.588867187499999884e-06,-1.190625000000000000e+02,-2.389062500000000000e+02,1.000000000000000000e+00,2.033099786743931769e+00,-1.435875000000000000e+07,2.120600000000000000e+04,-3.276800000000000000e+04
3.523763020833333188e-06,3.592936197916666526e-06,1.246406250000000000e+02,-1.609296875000000000e+02,1.000000000000000000e+00,9.117598307995279372e-01,-4.386000000000000000e+07,9.510000000000000000e+03,-3.276800000000000000e+04
3.527832031249999830e-06,3.597005208333333168e-06,8.120312500000000000e+01,-1.901523437500000000e+02,1.000000000000000000e+00,1.167215568882108645e+00,9.991875000000000000e+06,1.217400000000000000e+04,3.276700000000000000e+04
3.531901041666666472e-06,3.601074218749999810e-06,-6.812109375000000000e+01,1.548281250000000000e+02,1.000000000000000000e+00,-1.985306697821369593e+00,1.224525000000000000e+08,-2.070800000000000000e+04,3.276700000000000000e+04
3.535970052083333538e-06,3.605143229166666876e-06,-3.997656250000000000e+01,-5.695312500000000000e+00,0.000000000000000000e+00,-1.985306697821369593e+00,1.224525000000000000e+08,0.000000000000000000e+00,0.000000000000000000e+00
3.540039062500000180e-06,3.609212239583333518e-06,1.137890625000000000e+02,1.686328125000000000e+01,1.000000000000000000e+00,-1.470464395887251252e-01,0.000000000000000000e+00,-1.534000000000000000e+03,-1.534000000000000000e+03
3.544108072916666822e-06,3.613281250000000160e-06,1.113710937500000000e+02,1.264140625000000000e+02,1.000000000000000000e+00,-8.485310601988667045e-01,-2.743781250000000000e+07,-8.851000000000000000e+03,-3.276800000000000000e+04
3.548177083333333464e-06,3.617350260416666802e-06,-2.577734375000000000e+02,2.189960937500000000e+02,1.000000000000000000e+00,-2.437351661251419443e+00,-6.214500000000000000e+07,-2.542300000000000000e+04,-3.276800000000000000e+04
3.552246093750000106e-06,3.621419270833333444e-06,-3.944921875000000000e+01,-1.007851562500000000e+02,1.000000000000000000e+00,1.943913184998268040e+00,-7.439156250000000000e+07,2.027500000000000000e+04,-3.276800000000000000e+04
3.556315104166666748e-06,3.625488281250000086e-06,4.758203125000000000e+01,-1.511054687500000000e+02,1.000000000000000000e+00,1.265701929154328997e+00,-2.652750000000000000e+07,1.320100000000000000e+04,-3.276800000000000000e+04
3.560384114583333390e-06,3.629557291666666728e-06,-9.411328125000000000e+01,-3.201796875000000000e+02,1.000000000000000000e+00,1.856668027687272238e+00,2.311500000000000000e+07,1.936500000000000000e+04,3.276700000000000000e+04
3.564453125000000032e-06,3.633626302083333370e-06,-2.171250000000000000e+02,8.067968750000000000e+01,1.000000000000000000e+00,-2.785828953049378054e+00,6.417375000000000000e+07,-2.905800000000000000e+04,3.276700000000000000e+04
3.568522135416666674e-06,3.637695312500000012e-06,-3.453125000000000000e+01,-7.378906250000000000e+01,1.000000000000000000e+00,2.008532125687950476e+00,-5.823375000000000000e+07,2.094900000000000000e+04,-3.276800000000000000e+04
3.572591145833333316e-06,3.641764322916666654e-06,-1.260078125000000000e+02,-1.247539062500000000e+02,1.000000000000000000e+00,2.361155959303162355e+00,1.379250000000000000e+07,2.462700000000000000e+04,3.276700000000000000e+04
3.576660156249999958e-06,3.645833333333333296e-06,-2.801914062500000000e+02,-1.496367187500000000e+02,1.000000000000000000e+00,2.651078328213548829e+00,1.134000000000000000e+07,2.765100000000000000e+04,3.276700000000000000e+04
3.580729166666666600e-06,3.649902343749999938e-06,-1.894179687500000000e+02,-6.012890625000000000e+01,1.000000000000000000e+00,2.834197284767396852e+00,7.162500000000000000e+06,2.956100000000000000e+04,3.276700000000000000e+04
3.584798177083333242e-06,3.653971354166666580e-06,7.309375000000000000e+01,7.094921875000000000e+01,1.000000000000000000e+00,-7.705377245148061771e-01,1.047646875000000000e+08,-8.037000000000000000e+03,3.276700000000000000e+04
3.588867187499999884e-06,3.658040364583333222e-06,-1.326953125000000000e+01,4.492968750000000000e+01,0.000000000000000000e+00,-7.705377245148061771e-01,1.047646875000000000e+08,0.000000000000000000e+00,0.000000000000000000e+00
3.592936197916666526e-06,3.662109374999999864e-06,-8.154687500000000000e+01,2.254296875000000000e+01,1.000000000000000000e+00,-2.871899656319648830e+00,0.000000000000000000e+00,-2.995500000000000000e+04,-2.995500000000000000e+04
3.597005208333333168e-06,3.666178385416666507e-06,-4.352343750000000000e+01,1.326289062500000000e+02,1.000000000000000000e+00,-1.887922886240442244e+00,3.848718750000000000e+07,-1.969200000000000000e+04,3.276700000000000000e+04
3.601074218749999810e-06,3.670247395833333149e-06,3.154296875000000000e+01,-1.459726562500000000e+02,1.000000000000000000e+00,1.358004429375385236e+00,-1.187990625000000000e+08,1.416400000000000000e+04,-3.276800000000000000e+04
3.605143229166666876e-06,3.674316406250000214e-06,-1.589453125000000000e+02,-2.673476562500000000e+02,1.000000000000000000e+00,2.107186265108845991e+00,2.930343750000000000e+07,2.197800000000000000e+04,3.276700000000000000e+04
3.609212239583333518e-06,3.678385416666666856e-06,-1.375585937500000000e+02,-2.521914062500000000e+02,1.000000000000000000e+00,2.070131041701483543e+00,-1.449375000000000000e+06,2.159200000000000000e+04,-3.144000000000000000e+03
3.613281250000000160e-06,3.682454427083333498e-06,9.781250000000000000e+01,1.855078125000000000e+01,1.000000000000000000e+00,-1.874093090699660569e-01,-8.830125000000000000e+07,-1.955000000000000000e+03,-3.276800000000000000e+04
3.617350260416666802e-06,3.686523437500000140e-06,6.591796875000000000e+01,-1.636054687500000000e+02,1.000000000000000000e+00,1.187780498819700492e+00,5.378906250000000000e+07,1.238900000000000000e+04,3.276700000000000000e+04
3.621419270833333444e-06,3.690592447916666782e-06,-1.010937500000000000e+01,-2.285312500000000000e+02,1.000000000000000000e+00,1.614994148245851635e+00,1.671000000000000000e+07,1.684500000000000000e+04,3.276700000000000000e+04
3.625488281250000086e-06,3.694661458333333424e-06,2.185546875000000000e+01,-1.773515625000000000e+02,1.000000000000000000e+00,1.448173737563288155e+00,-6.525000000000000000e+06,1.510500000000000000e+04,-3.276800000000000000e+04
3.629557291666666728e-06,3.698730468750000066e-06,-9.060546875000000000e+01,-1.829062500000000000e+02,1.000000000000000000e+00,2.030678973313049696e+00,2.278406250000000000e+07,2.118000000000000000e+04,3.276700000000000000e+04
3.633626302083333370e-06,3.702799479166666708e-06,-4.942578125000000000e+01,-6.939453125000000000e+01,1.000000000000000000e+00,2.189709637807131237e+00,6.220312500000000000e+06,2.283900000000000000e+04,3.276700000000000000e+04
3.637695312500000012e-06,3.706868489583333350e-06,-5.566406250000000000e+01,-9.048828125000000000e+01,1.000000000000000000e+00,2.122382262288838195e+00,-2.633437500000000000e+06,2.213700000000000000e+04,-2.280700000000000000e+04
3.641764322916666654e-06,3.710937499999999993e-06,-1.726171875000000000e+01,-7.590625000000000000e+01,1.000000000000000000e+00,1.794374026629228736e+00,-1.282968750000000000e+07,1.871600000000000000e+04,-3.276800000000000000e+04
3.645833333333333296e-06,3.715006510416666635e-06,3.806640625000000000e+01,1.104726562500000000e+02,1.000000000000000000e+00,-1.239001076065194606e+00,-1.186471875000000000e+08,-1.292400000000000000e+04,-3.276800000000000000e+04
3.649902343749999938e-06,3.719075520833333277e-06,7.442968750000000000e+01,9.949218750000000000e+00,1.000000000000000000e+00,-1.328571173007829509e-01,4.326562500000000000e+07,-1.386000000000000000e+03,3.276700000000000000e+04
3.653971354166666580e-06,3.723144531249999919e-06,-4.487109375000000000e+01,-2.801914062500000000e+02,1.000000000000000000e+00,1.729563338341060463e+00,7.284656250000000000e+07,1.804000000000000000e+04,3.276700000000000000e+04
3.658040364583333222e-06,3.727213541666666561e-06,-2.055273437500000000e+02,5.277343750000000000e+00,1.000000000000000000e+00,-3.115922443842519485e+00,5.623406250000000000e+07,-3.250100000000000000e+04,3.276700000000000000e+04
3.662109374999999864e-06,3.731282552083333203e-06,-1.375390625000000000e+02,-8.180078125000000000e+01,1.000000000000000000e+00,2.605058904576979195e+00,-2.199000000000000000e+07,2.717100000000000000e+04,-3.276800000000000000e+04
3.666178385416666507e-06,3.735351562499999845e-06,-4.003515625000000000e+01,-5.347656250000000000e+00,0.000000000000000000e+00,2.605058904576979195e+00,-2.199000000000000000e+07,0.000000000000000000e+00,0.000000000000000000e+00
3.670247395833333149e-06,3.739420572916666487e-06,4.269140625000000000e+01,-2.403476562500000000e+02,1.000000000000000000e+00,1.394987747433315661e+00,0.000000000000000000e+00,1.455000000000000000e+04,1.455000000000000000e+04
3.674316406249999791e-06,3.743489583333333129e-06,1.034531250000000000e+02,-8.523828125000000000e+01,1.000000000000000000e+00,6.891888058572457343e-01,-2.760656250000000000e+07,7.188000000000000000e+03,-3.276800000000000000e+04
3.678385416666666856e-06,3.747558593750000194e-06,-2.070312500000000000e+00,1.494960937500000000e+02,1.000000000000000000e+00,-1.584674059235299470e+00,-8.893968750000000000e+07,-1.652900000000000000e+04,-3.276800000000000000e+04
3.682454427083333498e-06,3.751627604166666837e-06,-6.132812500000000000e-01,2.567187500000000000e+01,0.000000000000000000e+00,-1.584674059235299470e+00,-8.893968750000000000e+07,0.000000000000000000e+00,0.000000000000000000e+00
3.686523437500000140e-06,3.755696614583333479e-06,6.919140625000000000e+01,-2.746875000000000000e+01,1.000000000000000000e+00,3.780064219647569779e-01,0.000000000000000000e+00,3.942000000000000000e+03,3.942000000000000000e+03
3.690592447916666782e-06,3.759765625000000121e-06,-2.475000000000000000e+01,-6.405468750000000000e+01,1.000000000000000000e+00,1.939526958682907587e+00,6.107718750000000000e+07,2.023000000000000000e+04,3.276700000000000000e+04
3.694661458333333424e-06,3.763834635416666763e-06,1.127382812500000000e+02,-1.201953125000000000e+01,1.000000000000000000e+00,1.062521380108913671e-01,-7.170656250000000000e+07,1.108000000000000000e+03,-3.276800000000000000e+04
3.698730468750000066e-06,3.767903645833333405e-06,-6.160156250000000000e+00,7.647265625000000000e+01,1.000000000000000000e+00,-1.651042696761164219e+00,-6.873468750000000000e+07,-1.722100000000000000e+04,-3.276800000000000000e+04
3.702799479166666708e-06,3.771972656250000047e-06,2.451875000000000000e+02,1.337500000000000000e+02,1.000000000000000000e+00,-4.994305887058297921e-01,4.504406250000000000e+07,-5.210000000000000000e+03,3.276700000000000000e+04
3.706868489583333350e-06,3.776041666666666689e-06,-4.205859375000000000e+01,-3.516015625000000000e+01,0.000000000000000000e+00,-4.994305887058297921e-01,4.504406250000000000e+07,0.000000000000000000e+00,0.000000000000000000e+00
3.710937499999999993e-06,3.780110677083333331e-06,4.064062500000000000e+01,9.185937500000000000e+01,1.000000000000000000e+00,-1.154296574434134248e+00,0.000000000000000000e+00,-1.204000000000000000e+04,-1.204000000000000000e+04
3.715006510416666635e-06,3.784179687499999973e-06,1.133359375000000000e+02,-7.908984375000000000e+01,1.000000000000000000e+00,6.092540257385173907e-01,6.897937500000000000e+07,6.354000000000000000e+03,3.276700000000000000e+04
3.719075520833333277e-06,3.788248697916666615e-06,5.441015625000000000e+01,-9.304687500000000000e+00,0.000000000000000000e+00,6.092540257385173907e-01,6.897937500000000000e+07,0.000000000000000000e+00,0.000000000000000000e+00
3.723144531249999919e-06,3.792317708333333257e-06,1.704921875000000000e+02,6.203906250000000000e+01,1.000000000000000000e+00,-3.489566607941726462e-01,0.000000000000000000e+00,-3.640000000000000000e+03,-3.640000000000000000e+03
3.727213541666666561e-06,3.796386718749999899e-06,3.139179687500000000e+02,-7.406640625000000000e+01,1.000000000000000000e+00,2.317269727699746706e-01,2.271281250000000000e+07,2.417000000000000000e+03,3.276700000000000000e+04
3.731282552083333203e-06,3.800455729166666541e-06,1.157109375000000000e+02,1.242382812500000000e+02,1.000000000000000000e+00,-8.209194060169251461e-01,-4.117312500000000000e+07,-8.563000000000000000e+03,-3.276800000000000000e+04
3.735351562499999845e-06,3.804524739583333183e-06,1.098867187500000000e+02,-2.034375000000000000e+01,1.000000000000000000e+00,1.831189565538484110e-01,3.927187500000000000e+07,1.910000000000000000e+03,3.276700000000000000e+04
3.739420572916666487e-06,3.808593749999999825e-06,1.669609375000000000e+02,-9.728515625000000000e+01,1.000000000000000000e+00,5.275935172334177414e-01,1.347375000000000000e+07,5.503000000000000000e+03,3.276700000000000000e+04
3.743489583333333129e-06,3.812662760416666467e-06,2.647304687500000000e+02,1.181250000000000000e+02,1.000000000000000000e+00,-4.196875561855871184e-01,-3.705187500000000000e+07,-4.378000000000000000e+03,-3.276800000000000000e+04
3.747558593750000194e-06,3.816731770833333109e-06,8.870703125000000000e+01,-1.439375000000000000e+02,1.000000000000000000e+00,1.018467369356822916e+00,5.625187500000000000e+07,1.062300000000000000e+04,3.276700000000000000e+04
3.751627604166666837e-06,3.820800781250000175e-06,1.067929687500000000e+02,-2.329687500000000000e+02,1.000000000000000000e+00,1.140970116339377727e+00,4.791562500000000000e+06,1.190000000000000000e+04,3.276700000000000000e+04
3.755696614583333479e-06,3.824869791666667240e-06,1.042187500000000000e+01,-1.450820312500000000e+02,1.000000000000000000e+00,1.499082724961242841e+00,1.400718750000000000e+07,1.563600000000000000e+04,3.276700000000000000e+04
3.759765625000000121e-06,3.828938802083333459e-06,1.576250000000000000e+02,-3.425390625000000000e+01,1.000000000000000000e+00,2.139903199100469389e-01,-5.026500000000000000e+07,2.232000000000000000e+03,-3.276800000000000000e+04
3.763834635416666763e-06,3.833007812499999677e-06,-1.107421875000000000e+01,-2.391796875000000000e+01,0.000000000000000000e+00,2.139903199100469389e-01,-5.026500000000000000e+07,0.000000000000000000e+00,0.000000000000000000e+00
3.767903645833333405e-06,3.837076822916666743e-06,4.269531250000000000e+01,3.466406250000000000e+01,0.000000000000000000e+00,2.139903199100469389e-01,-5.026500000000000000e+07,0.000000000000000000e+00,0.000000000000000000e+00
3.771972656250000047e-06,3.841145833333333809e-06,-3.319531250000000000e+01,-3.490625000000000000e+01,0.000000000000000000e+00,2.139903199100469389e-01,-5.026500000000000000e+07,0.000000000000000000e+00,0.000000000000000000e+00
3.776041666666666689e-06,3.845214843750000027e-06,4.179687500000000000e+00,4.203515625000000000e+01,0.000000000000000000e+00,2.139903199100469389e-01,-5.026500000000000000e+07,0.000000000000000000e+00,0.000000000000000000e+00
3.780110677083333331e-06,3.849283854166666246e-06,1.266250000000000000e+02,-9.198046875000000000e+01,1.000000000000000000e+00,6.282610064384128723e-01,0.000000000000000000e+00,6.553000000000000000e+03,6.553000000000000000e+03
3.784179687499999973e-06,3.853352864583333311e-06,1.686679687500000000e+02,-1.302929687500000000e+02,1.000000000000000000e+00,6.577901366052114618e-01,1.155000000000000000e+06,6.861000000000000000e+03,2.657300000000000000e+04
3.788248697916666615e-06,3.857421875000000377e-06,7.147656250000000000e+01,-1.078515625000000000e+01,1.000000000000000000e+00,1.496829690679035707e-01,-1.987406250000000000e+07,1.561000000000000000e+03,-3.276800000000000000e+04
3.792317708333333257e-06,3.861490885416666595e-06,2.507148437500000000e+02,-2.146484375000000000e+01,1.000000000000000000e+00,8.537561822576021642e-02,-2.515312500000000000e+06,8.900000000000000000e+02,-3.276800000000000000e+04
3.796386718749999899e-06,3.865559895833332814e-06,4.050390625000000000e+02,-1.011484375000000000e+02,1.000000000000000000e+00,2.447178725673812005e-01,6.232500000000000000e+06,2.552000000000000000e+03,3.276700000000000000e+04
3.800455729166666541e-06,3.869628906249999879e-06,2.826367187500000000e+02,5.078125000000000000e+01,1.000000000000000000e+00,-1.777739922460593869e-01,-1.652531250000000000e+07,-1.855000000000000000e+03,-3.276800000000000000e+04
3.804524739583333183e-06,3.873697916666666945e-06,3.329843750000000000e+02,-9.139843750000000000e+01,1.000000000000000000e+00,2.678953635343407913e-01,1.743187500000000000e+07,2.794000000000000000e+03,3.276700000000000000e+04
3.808593749999999825e-06,3.877766927083333163e-06,3.540742187500000000e+02,-1.621640625000000000e+02,1.000000000000000000e+00,4.294906521581688397e-01,6.320625000000000000e+06,4.479000000000000000e+03,3.276700000000000000e+04
3.812662760416666467e-06,3.881835937499999382e-06,2.497460937500000000e+02,-1.259453125000000000e+02,1.000000000000000000e+00,4.670731814613670041e-01,1.470000000000000000e+06,4.871000000000000000e+03,2.995900000000000000e+04
3.816731770833333109e-06,3.885904947916666448e-06,2.720195312500000000e+02,-4.714453125000000000e+01,1.000000000000000000e+00,1.716141006447061135e-01,-1.155656250000000000e+07,1.790000000000000000e+03,-3.276800000000000000e+04
3.820800781250000175e-06,3.889973958333333513e-06,3.734492187500000000e+02,1.493554687500000000e+02,1.000000000000000000e+00,-3.804272353956389963e-01,-2.159250000000000000e+07,-3.968000000000000000e+03,-3.276800000000000000e+04
3.824869791666666393e-06,3.894042968749999732e-06,3.104531250000000000e+02,1.015468750000000000e+02,1.000000000000000000e+00,-3.161438530033063854e-01,2.514375000000000000e+06,-3.298000000000000000e+03,3.276700000000000000e+04
3.828938802083333459e-06,3.898111979166666797e-06,3.354687500000000000e+01,-1.526054687500000000e+02,1.000000000000000000e+00,1.354409161903778358e+00,6.534187500000000000e+07,1.412700000000000000e+04,3.276700000000000000e+04
3.833007812499999677e-06,3.902180989583333016e-06,1.931289062500000000e+02,1.934609375000000000e+02,1.000000000000000000e+00,-7.862370591408232023e-01,-8.372906250000000000e+07,-8.201000000000000000e+03,-3.276800000000000000e+04
3.837076822916666743e-06,3.906250000000000081e-06,1.958671875000000000e+02,2.037734375000000000e+02,1.000000000000000000e+00,-8.051721344912866618e-01,-7.406250000000000000e+05,-8.399000000000000000e+03,-2.103900000000000000e+04
3.841145833333332962e-06,3.910319010416666300e-06,1.833085937500000000e+02,2.646093750000000000e+01,1.000000000000000000e+00,-1.433313298680645997e-01,2.588718750000000000e+07,-1.495000000000000000e+03,3.276700000000000000e+04
3.845214843750000027e-06,3.914388020833333365e-06,7.508593750000000000e+01,1.885156250000000000e+01,1.000000000000000000e+00,-2.459882004073489781e-01,-4.015312500000000000e+06,-2.566000000000000000e+03,-3.276800000000000000e+04
3.849283854166666246e-06,3.918457031249999584e-06,1.767500000000000000e+02,2.162304687500000000e+02,1.000000000000000000e+00,-8.855143782567971300e-01,-2.501437500000000000e+07,-9.237000000000000000e+03,-3.276800000000000000e+04
3.853352864583333311e-06,3.922526041666666650e-06,8.888671875000000000e+01,1.655820312500000000e+02,1.000000000000000000e+00,-1.078124840935687834e+00,-7.533750000000000000e+06,-1.124600000000000000e+04,-3.276800000000000000e+04
3.857421875000000377e-06,3.926595052083333715e-06,9.150390625000000000e+01,-5.510156250000000000e+01,1.000000000000000000e+00,5.419506186700349115e-01,6.336750000000000000e+07,5.652000000000000000e+03,3.276700000000000000e+04
3.861490885416666595e-06,3.930664062499999934e-06,5.418359375000000000e+01,-1.889843750000000000e+01,0.000000000000000000e+00,5.419506186700349115e-01,6.336750000000000000e+07,0.000000000000000000e+00,0.000000000000000000e+00
3.865559895833333661e-06,3.934733072916666999e-06,2.419492187500000000e+02,2.358125000000000000e+02,1.000000000000000000e+00,-7.725510742989060153e-01,0.000000000000000000e+00,-8.058000000000000000e+03,-8.058000000000000000e+03
3.869628906249999879e-06,3.938802083333333218e-06,1.378398437500000000e+02,3.858984375000000000e+01,1.000000000000000000e+00,-2.729527064444012829e-01,1.954125000000000000e+07,-2.847000000000000000e+03,3.276700000000000000e+04
3.873697916666666945e-06,3.942871093750000283e-06,1.028125000000000000e+01,8.566406250000000000e+00,0.000000000000000000e+00,-2.729527064444012829e-01,1.954125000000000000e+07,0.000000000000000000e+00,0.000000000000000000e+00
3.877766927083333163e-06,3.946940104166666502e-06,1.826406250000000000e+02,4.120312500000000000e+01,1.000000000000000000e+00,-2.218999083475822753e-01,0.000000000000000000e+00,-2.315000000000000000e+03,-2.315000000000000000e+03
3.881835937500000229e-06,3.951009114583333567e-06,4.421679687500000000e+02,-1.628515625000000000e+01,1.000000000000000000e+00,3.681553890925538808e-02,1.011937500000000000e+07,3.840000000000000000e+02,3.276700000000000000e+04
3.885904947916666448e-06,3.955078124999999786e-06,1.112421875000000000e+02,6.966406250000000000e+01,1.000000000000000000e+00,-5.594715554816661607e-01,-2.332312500000000000e+07,-5.836000000000000000e+03,-3.276800000000000000e+04
3.889973958333333513e-06,3.959147135416666851e-06,1.180390625000000000e+02,1.873398437500000000e+02,1.000000000000000000e+00,-1.008520462685376984e+00,-1.756406250000000000e+07,-1.052000000000000000e+04,-3.276800000000000000e+04
3.894042968749999732e-06,3.963216145833333070e-06,1.809218750000000000e+02,1.380468750000000000e+02,1.000000000000000000e+00,-6.518219926023439692e-01,1.395187500000000000e+07,-6.799000000000000000e+03,3.276700000000000000e+04
3.898111979166666797e-06,3.967285156250000136e-06,5.403125000000000000e+01,3.837890625000000000e+01,0.000000000000000000e+00,-6.518219926023439692e-01,1.395187500000000000e+07,0.000000000000000000e+00,0.000000000000000000e+00
3.902180989583333016e-06,3.971354166666666354e-06,-1.613984375000000000e+02,9.065234375000000000e+01,1.000000000000000000e+00,-2.629890218580878347e+00,0.000000000000000000e+00,-2.743100000000000000e+04,-2.743100000000000000e+04
3.906250000000000081e-06,3.975423177083333420e-06,-2.209687500000000000e+02,1.571328125000000000e+02,1.000000000000000000e+00,-2.523446332971501338e+00,4.163437500000000000e+06,-2.632100000000000000e+04,3.276700000000000000e+04
3.910319010416666300e-06,3.979492187499999638e-06,-2.239921875000000000e+02,9.492187500000000000e-01,1.000000000000000000e+00,-3.137374206423107381e+00,-2.401312500000000000e+07,-3.272400000000000000e+04,-3.276800000000000000e+04
3.914388020833333365e-06,3.983561197916666704e-06,4.569140625000000000e+01,5.891406250000000000e+01,0.000000000000000000e+00,-3.137374206423107381e+00,-2.401312500000000000e+07,0.000000000000000000e+00,0.000000000000000000e+00
3.918457031249999584e-06,3.987630208333332922e-06,-1.159531250000000000e+02,-9.824218750000000000e+00,1.000000000000000000e+00,3.057127836456840164e+00,0.000000000000000000e+00,3.188700000000000000e+04,3.188700000000000000e+04
3.922526041666666650e-06,3.991699218749999988e-06,-6.571875000000000000e+01,-1.315781250000000000e+02,1.000000000000000000e+00,2.033986619386928041e+00,-4.001906250000000000e+07,2.121500000000000000e+04,-3.276800000000000000e+04
3.926595052083333715e-06,3.995768229166667053e-06,-2.509179687500000000e+02,-5.042187500000000000e+01,1.000000000000000000e+00,2.943277699855952445e+00,3.556593750000000000e+07,3.069900000000000000e+04,3.276700000000000000e+04
3.930664062499999934e-06,3.999837239583333272e-06,-9.757812500000000000e+01,-1.721250000000000000e+02,1.000000000000000000e+00,2.086525461372011225e+00,-3.351093750000000000e+07,2.176300000000000000e+04,-3.276800000000000000e+04
3.934733072916666999e-06,4.003906250000000337e-06,-2.388789062500000000e+02,-6.978125000000000000e+01,1.000000000000000000e+00,2.857398744184167505e+00,3.015187500000000000e+07,2.980300000000000000e+04,3.276700000000000000e+04
3.938802083333333218e-06,4.007975260416666556e-06,-8.280078125000000000e+01,2.009296875000000000e+02,1.000000000000000000e+00,-1.961649837858195689e+00,5.726812500000000000e+07,-2.046100000000000000e+04,3.276700000000000000e+04
3.942871093750000283e-06,4.012044270833333622e-06,1.563867187500000000e+02,-6.177343750000000000e+01,1.000000000000000000e+00,3.761848197791428094e-01,9.144187500000000000e+07,3.923000000000000000e+03,3.276700000000000000e+04
3.946940104166666502e-06,4.016113281249999840e-06,-4.985546875000000000e+01,1.377343750000000000e+01,0.000000000000000000e+00,3.761848197791428094e-01,9.144187500000000000e+07,0.000000000000000000e+00,0.000000000000000000e+00
3.951009114583333567e-06,4.020182291666666906e-06,-2.349453125000000000e+02,6.570312500000000000e+00,1.000000000000000000e+00,-3.113645441110501455e+00,0.000000000000000000e+00,-3.247700000000000000e+04,-3.247700000000000000e+04
3.955078124999999786e-06,4.024251302083333124e-06,-1.464921875000000000e+02,5.606250000000000000e+01,1.000000000000000000e+00,-2.776121730876039084e+00,1.320187500000000000e+07,-2.895600000000000000e+04,3.276700000000000000e+04
3.959147135416666851e-06,4.028320312500000190e-06,8.547265625000000000e+01,7.458593750000000000e+01,1.000000000000000000e+00,-7.174955450836979498e-01,8.052093750000000000e+07,-7.484000000000000000e+03,3.276700000000000000e+04
3.963216145833333070e-06,4.032389322916666408e-06,-1.742265625000000000e+02,5.908593750000000000e+01,1.000000000000000000e+00,-2.814639029721855312e+00,-8.202750000000000000e+07,-2.935800000000000000e+04,-3.276800000000000000e+04
3.967285156250000136e-06,4.036458333333333474e-06,-1.608945312500000000e+02,9.492187500000000000e+00,1.000000000000000000e+00,-3.082678203955060425e+00,-1.048406250000000000e+07,-3.215400000000000000e+04,-3.276800000000000000e+04
3.971354166666666354e-06,4.040527343749999692e-06,-6.396093750000000000e+01,-3.424218750000000000e+01,0.000000000000000000e+00,-3.082678203955060425e+00,-1.048406250000000000e+07,0.000000000000000000e+00,0.000000000000000000e+00
3.975423177083333420e-06,4.044596354166666758e-06,4.366796875000000000e+01,9.449218750000000000e+00,0.000000000000000000e+00,-3.082678203955060425e+00,-1.048406250000000000e+07,0.000000000000000000e+00,0.000000000000000000e+00
3.979492187499999638e-06,4.048665364583332976e-06,2.271484375000000000e+01,-1.010234375000000000e+02,1.000000000000000000e+00,1.349663408841257128e+00,0.000000000000000000e+00,1.407700000000000000e+04,1.407700000000000000e+04
3.983561197916666704e-06,4.052734375000000042e-06,5.192968750000000000e+01,-1.308984375000000000e+01,0.000000000000000000e+00,1.349663408841257128e+00,0.000000000000000000e+00,0.000000000000000000e+00,0.000000000000000000e+00
3.987630208333332922e-06,4.056803385416666261e-06,-2.194687500000000000e+02,-1.271406250000000000e+02,1.000000000000000000e+00,2.616515823586500478e+00,0.000000000000000000e+00,2.729100000000000000e+04,2.729100000000000000e+04
3.991699218749999988e-06,4.060872395833333326e-06,-1.136445312500000000e+02,1.129687500000000000e+02,1.000000000000000000e+00,-2.359118641069251954e+00,5.114343750000000000e+07,-2.460700000000000000e+04,3.276700000000000000e+04
3.995768229166667053e-06,4.064941406250000392e-06,7.187500000000000000e-01,1.296328125000000000e+02,1.000000000000000000e+00,-1.565235646438811079e+00,3.105187500000000000e+07,-1.632600000000000000e+04,3.276700000000000000e+04
3.999837239583333272e-06,4.069010416666666610e-06,-1.886210937500000000e+02,-1.941796875000000000e+01,1.000000000000000000e+00,3.039007688399940843e+00,-6.567000000000000000e+07,3.169800000000000000e+04,-3.276800000000000000e+04
4.003906250000000337e-06,4.073079427083333676e-06,-1.330546875000000000e+02,-1.541171875000000000e+02,1.000000000000000000e+00,2.282994844470426887e+00,-2.957062500000000000e+07,2.381200000000000000e+04,-3.276800000000000000e+04
4.007975260416666556e-06,4.077148437499999894e-06,-2.717968750000000000e+01,3.356328125000000000e+02,1.000000000000000000e+00,-1.651593971106810610e+00,9.186281250000000000e+07,-1.722700000000000000e+04,3.276700000000000000e+04
4.012044270833333622e-06,4.081217447916666960e-06,-5.898828125000000000e+01,7.882812500000000000e+00,0.000000000000000000e+00,-1.651593971106810610e+00,9.186281250000000000e+07,0.000000000000000000e+00,0.000000000000000000e+00
4.016113281249999840e-06,4.085286458333333178e-06,-4.361328125000000000e+01,-1.146015625000000000e+02,1.000000000000000000e+00,1.934421678873225581e+00,0.000000000000000000e+00,2.017600000000000000e+04,2.017600000000000000e+04
4.020182291666666906e-06,4.089355468750000244e-06,1.075234375000000000e+02,-7.450000000000000000e+01,1.000000000000000000e+00,6.058505058653961273e-01,-5.196562500000000000e+07,6.319000000000000000e+03,-3.276800000000000000e+04
4.024251302083333124e-06,4.093424479166666462e-06,-9.690625000000000000e+01,-1.617148437500000000e+02,1.000000000000000000e+00,2.110685658781210172e+00,5.886000000000000000e+07,2.201500000000000000e+04,3.276700000000000000e+04
4.028320312500000190e-06,4.097493489583333528e-06,-2.558789062500000000e+02,8.983984375000000000e+01,1.000000000000000000e+00,-2.803973069556087605e+00,5.352843750000000000e+07,-2.924700000000000000e+04,3.276700000000000000e+04
4.032389322916666408e-06,4.101562499999999747e-06,1.987500000000000000e+01,8.184375000000000000e+01,1.000000000000000000e+00,-1.332573904126218567e+00,5.755218750000000000e+07,-1.390000000000000000e+04,3.276700000000000000e+04
4.036458333333333474e-06,4.105631510416666812e-06,-9.117187500000000000e+00,4.387109375000000000e+01,0.000000000000000000e+00,-1.332573904126218567e+00,5.755218750000000000e+07,0.000000000000000000e+00,0.000000000000000000e+00
4.040527343749999692e-06,4.109700520833333031e-06,-2.942929687500000000e+02,-1.768906250000000000e+02,1.000000000000000000e+00,2.600385056863890210e+00,0.000000000000000000e+00,2.712300000000000000e+04,2.712300000000000000e+04
4.044596354166666758e-06,4.113769531250000096e-06,-1.950078125000000000e+02,-8.369921875000000000e+01,1.000000000000000000e+00,2.736190293491390868e+00,5.311875000000000000e+06,2.853900000000000000e+04,3.276700000000000000e+04
4.048665364583332976e-06,4.117838541666666315e-06,1.079804687500000000e+02,-1.710859375000000000e+02,1.000000000000000000e+00,1.007753472291434083e+00,-6.760593750000000000e+07,1.051100000000000000e+04,-3.276800000000000000e+04
4.052734375000000042e-06,4.121907552083333380e-06,-7.235156250000000000e+01,-1.745664062500000000e+02,1.000000000000000000e+00,1.963687156092106312e+00,3.739031250000000000e+07,2.048200000000000000e+04,3.276700000000000000e+04
4.056803385416666261e-06,4.125976562499999599e-06,-2.537187500000000000e+02,-8.805859375000000000e+01,1.000000000000000000e+00,2.807520400128073135e+00,3.300562500000000000e+07,2.928300000000000000e+04,3.276700000000000000e+04
4.060872395833333326e-06,4.130045572916666664e-06,-3.230468750000000000e+00,1.586523437500000000e+02,1.000000000000000000e+00,-1.591145540684192117e+00,7.371093750000000000e+07,-1.659700000000000000e+04,3.276700000000000000e+04
4.064941406250000392e-06,4.134114583333333730e-06,5.111718750000000000e+01,-1.817539062500000000e+02,1.000000000000000000e+00,1.296597260960338227e+00,1.129509375000000000e+08,1.352400000000000000e+04,3.276700000000000000e+04
4.069010416666666610e-06,4.138183593749999949e-06,4.860156250000000000e+01,-9.400000000000000000e+01,1.000000000000000000e+00,1.093584491063597897e+00,-7.940625000000000000e+06,1.140600000000000000e+04,-3.276800000000000000e+04
4.073079427083333676e-06,4.142252604166667014e-06,7.950390625000000000e+01,-3.864453125000000000e+01,1.000000000000000000e+00,4.524524270768320311e-01,-2.507718750000000000e+07,4.719000000000000000e+03,-3.276800000000000000e+04
4.077148437499999894e-06,4.146321614583333233e-06,-1.063710937500000000e+02,-2.333593750000000000e+01,1.000000000000000000e+00,2.925588983895646145e+00,9.673406250000000000e+07,3.051500000000000000e+04,3.276700000000000000e+04
4.081217447916666960e-06,4.150390625000000298e-06,5.195312500000000000e-01,6.588671875000000000e+01,1.000000000000000000e+00,-1.562790864558118331e+00,7.020187500000000000e+07,-1.630100000000000000e+04,3.276700000000000000e+04
4.085286458333333178e-06,4.154459635416666517e-06,4.803125000000000000e+01,-1.089375000000000000e+02,1.000000000000000000e+00,1.155566902274101970e+00,1.063256250000000000e+08,1.205300000000000000e+04,3.276700000000000000e+04
4.089355468750000244e-06,4.158528645833333582e-06,-1.237070312500000000e+02,-1.436640625000000000e+02,1.000000000000000000e+00,2.281676579730837595e+00,4.404656250000000000e+07,2.379800000000000000e+04,3.276700000000000000e+04
4.093424479166666462e-06,4.162597656249999801e-06,-2.236210937500000000e+02,-2.998437500000000000e+02,1.000000000000000000e+00,2.211592832484312598e+00,-2.741250000000000000e+06,2.306700000000000000e+04,-2.371700000000000000e+04
4.097493489583333528e-06,4.166666666666666866e-06,6.024218750000000000e+01,-9.361718750000000000e+01,1.000000000000000000e+00,9.990049881105238505e-01,-4.742906250000000000e+07,1.042000000000000000e+04,-3.276800000000000000e+04
4.101562499999999747e-06,4.170735677083333085e-06,5.097265625000000000e+01,-1.009921875000000000e+02,1.000000000000000000e+00,1.103363618586368888e+00,4.081875000000000000e+06,1.150800000000000000e+04,3.276700000000000000e+04
4.105631510416666812e-06,4.174804687500000150e-06,-1.187500000000000000e+01,-1.348203125000000000e+02,1.000000000000000000e+00,1.658688632250781669e+00,2.172093750000000000e+07,1.730000000000000000e+04,3.276700000000000000e+04
4.109700520833333031e-06,4.178873697916666369e-06,-4.629687500000000000e+01,-2.236992187500000000e+02,1.000000000000000000e+00,1.774815771583686752e+00,4.542187500000000000e+06,1.851200000000000000e+04,3.276700000000000000e+04
4.113769531250000096e-06,4.182942708333333435e-06,7.092968750000000000e+01,-2.808984375000000000e+01,1.000000000000000000e+00,3.770476839723284623e-01,-5.467218750000000000e+07,3.932000000000000000e+03,-3.276800000000000000e+04
4.117838541666666315e-06,4.187011718749999653e-06,-3.133203125000000000e+01,-1.155820312500000000e+02,1.000000000000000000e+00,1.835503886504412430e+00,5.704593750000000000e+07,1.914500000000000000e+04,3.276700000000000000e+04
4.121907552083333380e-06,4.191080729166666719e-06,-5.084375000000000000e+01,4.378125000000000000e+01,0.000000000000000000e+00,1.835503886504412430e+00,5.704593750000000000e+07,0.000000000000000000e+00,0.000000000000000000e+00
4.125976562499999599e-06,4.195149739583332937e-06,1.004570312500000000e+02,6.038281250000000000e+01,1.000000000000000000e+00,-5.412075967259027953e-01,0.000000000000000000e+00,-5.645000000000000000e+03,-5.645000000000000000e+03
4.130045572916666664e-06,4.199218750000000003e-06,-3.476562500000000000e+01,-9.002734375000000000e+01,1.000000000000000000e+00,1.939215368835368380e+00,9.701906250000000000e+07,2.022600000000000000e+04,3.276700000000000000e+04
4.134114583333333730e-06,4.203287760416667068e-06,-1.039062500000000000e+00,-4.530468750000000000e+01,0.000000000000000000e+00,1.939215368835368380e+00,9.701906250000000000e+07,0.000000000000000000e+00,0.000000000000000000e+00
4.138183593749999949e-06,4.207356770833333287e-06,2.639687500000000000e+02,1.331640625000000000e+01,1.000000000000000000e+00,-5.040564995192974018e-02,0.000000000000000000e+00,-5.260000000000000000e+02,-5.260000000000000000e+02
4.142252604166667014e-06,4.211425781250000352e-06,1.885195312500000000e+02,-1.429687500000000000e+01,1.000000000000000000e+00,7.571633295204281688e-02,4.933125000000000000e+06,7.890000000000000000e+02,3.276700000000000000e+04
4.146321614583333233e-06,4.215494791666666571e-06,6.437890625000000000e+01,-5.276953125000000000e+01,1.000000000000000000e+00,6.865762448278779351e-01,2.389312500000000000e+07,7.161000000000000000e+03,3.276700000000000000e+04
4.150390625000000298e-06,4.219563802083333636e-06,1.518164062500000000e+02,-1.548437500000000000e+01,1.000000000000000000e+00,1.016022587476130140e-01,-2.288062500000000000e+07,1.059000000000000000e+03,-3.276800000000000000e+04
4.154459635416666517e-06,4.223632812499999855e-06,7.789062500000000000e+01,5.907812500000000000e+01,1.000000000000000000e+00,-6.489218101752476375e-01,-2.935593750000000000e+07,-6.769000000000000000e+03,-3.276800000000000000e+04
4.158528645833333582e-06,4.227701822916666921e-06,1.457734375000000000e+02,-1.104765625000000000e+02,1.000000000000000000e+00,6.484903780786548388e-01,5.074687500000000000e+07,6.764000000000000000e+03,3.276700000000000000e+04
4.162597656249999801e-06,4.231770833333333139e-06,7.375781250000000000e+01,2.460546875000000000e+01,1.000000000000000000e+00,-3.219202494076882082e-01,-3.795656250000000000e+07,-3.358000000000000000e+03,-3.276800000000000000e+04
4.166666666666666866e-06,4.235839843750000205e-06,-2.701171875000000000e+01,5.326171875000000000e+01,0.000000000000000000e+00,-3.219202494076882082e-01,-3.795656250000000000e+07,0.000000000000000000e+00,0.000000000000000000e+00
4.170735677083333085e-06,4.239908854166666423e-06,-1.498789062500000000e+02,6.238281250000000000e+01,1.000000000000000000e+00,-2.747167843504697782e+00,0.000000000000000000e+00,-2.865400000000000000e+04,-2.865400000000000000e+04
4.174804687500000150e-06,4.243977864583333489e-06,-1.630703125000000000e+02,2.321093750000000000e+01,1.000000000000000000e+00,-3.000226736606207201e+00,-9.898125000000000000e+06,-3.129400000000000000e+04,-3.276800000000000000e+04
4.178873697916666369e-06,4.248046874999999707e-06,-1.671210937500000000e+02,-5.633203125000000000e+01,1.000000000000000000e+00,2.816508568807090551e+00,-1.824468750000000000e+07,2.937700000000000000e+04,-3.276800000000000000e+04
4.182942708333333435e-06,4.252115885416666773e-06,1.262500000000000000e+01,8.590625000000000000e+01,1.000000000000000000e+00,-1.424900372797085701e+00,7.986187500000000000e+07,-1.486300000000000000e+04,3.276700000000000000e+04
4.187011718749999653e-06,4.256184895833332991e-06,-9.819921875000000000e+01,-7.691406250000000000e+00,1.000000000000000000e+00,3.063431538757057648e+00,-7.020375000000000000e+07,3.195200000000000000e+04,-3.276800000000000000e+04
4.191080729166666719e-06,4.260253906250000057e-06,-2.712617187500000000e+02,1.708984375000000000e+02,1.000000000000000000e+00,-2.579388694829705564e+00,2.504718750000000000e+07,-2.690400000000000000e+04,3.276700000000000000e+04
4.195149739583332937e-06,4.264322916666666275e-06,-7.634375000000000000e+01,-1.507109375000000000e+02,1.000000000000000000e+00,2.039667141992067112e+00,-6.509062500000000000e+07,2.127400000000000000e+04,-3.276800000000000000e+04
4.199218750000000003e-06,4.268391927083333341e-06,6.994140625000000000e+01,-2.298632812500000000e+02,1.000000000000000000e+00,1.275433119777478419e+00,-2.989218750000000000e+07,1.330300000000000000e+04,-3.276800000000000000e+04
4.203287760416667068e-06,4.272460937500000407e-06,-4.583984375000000000e+01,-2.837500000000000000e+02,1.000000000000000000e+00,1.730977476879892452e+00,1.781812500000000000e+07,1.805400000000000000e+04,3.276700000000000000e+04
4.207356770833333287e-06,4.276529947916666625e-06,7.433203125000000000e+01,4.258984375000000000e+01,1.000000000000000000e+00,-5.204029822902037639e-01,-8.806031250000000000e+07,-5.428000000000000000e+03,-3.276800000000000000e+04
4.211425781250000352e-06,4.280598958333333691e-06,9.846875000000000000e+01,1.562500000000000000e+00,1.000000000000000000e+00,-1.586711377469210080e-02,1.973437500000000000e+07,-1.660000000000000000e+02,3.276700000000000000e+04
4.215494791666666571e-06,4.284667968749999909e-06,1.368281250000000000e+02,-1.963789062500000000e+02,1.000000000000000000e+00,9.622613545507006094e-01,3.825843750000000000e+07,1.003600000000000000e+04,3.276700000000000000e+04
4.219563802083333636e-06,4.288736979166666975e-06,1.123046875000000000e+01,-2.227617187500000000e+02,1.000000000000000000e+00,1.520438613742588263e+00,2.183250000000000000e+07,1.585800000000000000e+04,3.276700000000000000e+04
4.223632812499999855e-06,4.292805989583333193e-06,-8.741796875000000000e+01,-1.696875000000000000e+02,1.000000000000000000e+00,2.046450213288498965e+00,2.057437500000000000e+07,2.134500000000000000e+04,3.276700000000000000e+04
4.227701822916666921e-06,4.296875000000000259e-06,9.664062500000000000e+01,-3.861835937500000000e+02,1.000000000000000000e+00,1.325575116781490426e+00,-2.819625000000000000e+07,1.382600000000000000e+04,-3.276800000000000000e+04
4.231770833333333139e-06,4.300944010416666477e-06,1.571601562500000000e+02,-3.903828125000000000e+02,1.000000000000000000e+00,1.188092088667239699e+00,-5.377500000000000000e+06,1.239200000000000000e+04,-3.276800000000000000e+04
4.235839843750000205e-06,4.305013020833333543e-06,-3.746484375000000000e+01,-4.176289062500000000e+02,1.000000000000000000e+00,1.660246581488477924e+00,1.846781250000000000e+07,1.731700000000000000e+04,3.276700000000000000e+04
4.239908854166666423e-06,4.309082031249999761e-06,3.088671875000000000e+01,-1.087929687500000000e+02,1.000000000000000000e+00,1.294128510629834805e+00,-1.432031250000000000e+07,1.349800000000000000e+04,-3.276800000000000000e+04
4.243977864583333489e-06,4.313151041666666827e-06,2.506093750000000000e+02,-4.481875000000000000e+02,1.000000000000000000e+00,1.060939462421406576e+00,-9.120937500000000000e+06,1.106600000000000000e+04,-3.276800000000000000e+04
4.248046874999999707e-06,4.317220052083333046e-06,1.086875000000000000e+02,-2.939648437500000000e+02,1.000000000000000000e+00,1.216662480841609772e+00,6.090937500000000000e+06,1.269000000000000000e+04,3.276700000000000000e+04
4.252115885416666773e-06,4.321289062500000111e-06,2.882421875000000000e+01,-1.898281250000000000e+02,1.000000000000000000e+00,1.420130651284753798e+00,7.958437500000000000e+06,1.481200000000000000e+04,3.276700000000000000e+04
4.256184895833332991e-06,4.325358072916666330e-06,4.443359375000000000e+01,7.301953125000000000e+01,1.000000000000000000e+00,-1.024075986612529743e+00,-9.560250000000000000e+07,-1.068200000000000000e+04,-3.276800000000000000e+04
4.260253906250000057e-06,4.329427083333333395e-06,2.493242187500000000e+02,-1.355078125000000000e+02,1.000000000000000000e+00,4.978247025685119675e-01,5.952750000000000000e+07,5.192000000000000000e+03,3.276700000000000000e+04
4.264322916666666275e-06,4.333496093749999614e-06,2.371406250000000000e+02,-1.176210937500000000e+02,1.000000000000000000e+00,4.604099524139887434e-01,-1.463437500000000000e+06,4.802000000000000000e+03,-2.017400000000000000e+04
4.268391927083333341e-06,4.337565104166666679e-06,2.933085937500000000e+02,-2.739218750000000000e+02,1.000000000000000000e+00,7.512431224171820521e-01,1.137562500000000000e+07,7.835000000000000000e+03,3.276700000000000000e+04
4.272460937500000407e-06,4.341634114583333745e-06,1.906562500000000000e+02,1.439843750000000000e+01,1.000000000000000000e+00,-7.538077465469283922e-02,-3.233250000000000000e+07,-7.870000000000000000e+02,-3.276800000000000000e+04
4.276529947916666625e-06,4.345703124999999963e-06,4.157617187500000000e+02,-9.370703125000000000e+01,1.000000000000000000e+00,2.216841922992858760e-01,1.161937500000000000e+07,2.312000000000000000e+03,3.276700000000000000e+04
4.280598958333333691e-06,4.349772135416667029e-06,4.023789062500000000e+02,7.076562500000000000e+01,1.000000000000000000e+00,-1.740828509752095632e-01,-1.548000000000000000e+07,-1.816000000000000000e+03,-3.276800000000000000e+04
4.284667968749999909e-06,4.353841145833333248e-06,2.305898437500000000e+02,1.360039062500000000e+02,1.000000000000000000e+00,-5.329384815412067100e-01,-1.403625000000000000e+07,-5.559000000000000000e+03,-3.276800000000000000e+04
4.288736979166666975e-06,4.357910156250000313e-06,2.229921875000000000e+02,1.542109375000000000e+02,1.000000000000000000e+00,-6.050355785718318780e-01,-2.820000000000000000e+06,-6.311000000000000000e+03,-3.276800000000000000e+04
4.292805989583333193e-06,4.361979166666666532e-06,9.100390625000000000e+01,-1.957890625000000000e+02,1.000000000000000000e+00,1.135721025830831676e+00,6.808781250000000000e+07,1.184600000000000000e+04,3.276700000000000000e+04
4.296875000000000259e-06,4.366048177083333597e-06,2.045976562500000000e+02,7.307421875000000000e+01,1.000000000000000000e+00,-3.430364536909265016e-01,-5.784000000000000000e+07,-3.578000000000000000e+03,-3.276800000000000000e+04
4.300944010416666477e-06,4.370117187499999816e-06,2.076484375000000000e+02,5.194531250000000000e+01,1.000000000000000000e+00,-2.451253362141633252e-01,3.829687500000000000e+06,-2.557000000000000000e+03,3.276700000000000000e+04
4.305013020833333543e-06,4.374186197916666881e-06,1.906132812500000000e+02,1.453359375000000000e+02,1.000000000000000000e+00,-6.514384974053725186e-01,-1.589250000000000000e+07,-6.795000000000000000e+03,-3.276800000000000000e+04
4.309082031249999761e-06,4.378255208333333100e-06,2.180312500000000000e+02,-7.827343750000000000e+01,1.000000000000000000e+00,3.446902767278657298e-01,3.896250000000000000e+07,3.595000000000000000e+03,3.276700000000000000e+04
4.313151041666666827e-06,4.382324218750000165e-06,-9.258593750000000000e+01,1.116601562500000000e+02,1.000000000000000000e+00,-2.263029125778103001e+00,-1.019981250000000000e+08,-2.360500000000000000e+04,-3.276800000000000000e+04
4.317220052083333046e-06,4.386393229166666384e-06,8.862109375000000000e+01,6.714843750000000000e+00,1.000000000000000000e+00,-7.569236450223210122e-02,8.555531250000000000e+07,-7.900000000000000000e+02,3.276700000000000000e+04
4.321289062500000111e-06,4.390462239583333449e-06,1.359726562500000000e+02,1.792968750000000000e+01,1.000000000000000000e+00,-1.310834520147901860e-01,-2.166562500000000000e+06,-1.368000000000000000e+03,-3.276800000000000000e+04
4.325358072916666330e-06,4.394531249999999668e-06,6.842578125000000000e+01,2.498750000000000000e+02,1.000000000000000000e+00,-1.303524142955634346e+00,-4.585875000000000000e+07,-1.359700000000000000e+04,-3.276800000000000000e+04
4.329427083333333395e-06,4.398600260416666734e-06,4.383203125000000000e+01,3.264062500000000000e+02,1.000000000000000000e+00,-1.437316029799035055e+00,-5.233125000000000000e+06,-1.499200000000000000e+04,-3.276800000000000000e+04
4.333496093749999614e-06,4.402669270833332952e-06,1.903085937500000000e+02,5.550000000000000000e+01,1.000000000000000000e+00,-2.837624773090329233e-01,4.512000000000000000e+07,-2.960000000000000000e+03,3.276700000000000000e+04
4.337565104166666679e-06,4.406738281250000018e-06,2.203125000000000000e+01,1.959414062500000000e+02,1.000000000000000000e+00,-1.458863666178866092e+00,-4.596281250000000000e+07,-1.521700000000000000e+04,-3.276800000000000000e+04
4.341634114583333745e-06,4.410807291666667083e-06,1.892656250000000000e+02,1.510156250000000000e+02,1.000000000000000000e+00,-6.735134396810392721e-01,3.071812500000000000e+07,-7.025000000000000000e+03,3.276700000000000000e+04
4.345703124999999963e-06,4.414876302083333302e-06,8.750390625000000000e+01,2.676875000000000000e+02,1.000000000000000000e+00,-1.254844221390075898e+00,-2.273812500000000000e+07,-1.308900000000000000e+04,-3.276800000000000000e+04
4.349772135416667029e-06,4.418945312500000367e-06,1.143281250000000000e+02,-3.701171875000000000e+01,1.000000000000000000e+00,3.130519229777243839e-01,6.132656250000000000e+07,3.265000000000000000e+03,3.276700000000000000e+04
4.353841145833333248e-06,4.423014322916666586e-06,1.431718750000000000e+02,1.427734375000000000e+02,1.000000000000000000e+00,-7.840559302080483128e-01,-4.291218750000000000e+07,-8.178000000000000000e+03,-3.276800000000000000e+04
4.357910156250000313e-06,4.427083333333333651e-06,2.167265625000000000e+02,2.040859375000000000e+02,1.000000000000000000e+00,-7.553896642344354317e-01,1.121250000000000000e+06,-7.879000000000000000e+03,1.125700000000000000e+04
4.361979166666666532e-06,4.431152343749999870e-06,3.792968750000000000e+01,1.278515625000000000e+02,1.000000000000000000e+00,-1.282407938672396108e+00,-2.061375000000000000e+07,-1.337600000000000000e+04,-3.276800000000000000e+04
4.366048177083333597e-06,4.435221354166666935e-06,6.010937500000000000e+01,1.155000000000000000e+02,1.000000000000000000e+00,-1.090947961584419534e+00,7.488750000000000000e+06,-1.137900000000000000e+04,3.276700000000000000e+04
4.370117187499999816e-06,4.439290364583333154e-06,5.171093750000000000e+01,1.192265625000000000e+02,1.000000000000000000e+00,-1.161559014726780248e+00,-2.761875000000000000e+06,-1.211600000000000000e+04,-3.276800000000000000e+04
4.374186197916666881e-06,4.443359375000000220e-06,-1.718750000000000000e-01,1.266054687500000000e+02,1.000000000000000000e+00,-1.572138559984296524e+00,-1.605937500000000000e+07,-1.639800000000000000e+04,-3.276800000000000000e+04
4.378255208333333100e-06,4.447428385416666438e-06,-2.778710937500000000e+02,4.787890625000000000e+01,1.000000000000000000e+00,-2.970985227837136922e+00,-5.471437500000000000e+07,-3.098900000000000000e+04,-3.276800000000000000e+04
4.382324218750000165e-06,4.451497395833333504e-06,-1.671875000000000000e+01,1.158789062500000000e+02,1.000000000000000000e+00,-1.714031782863718378e+00,4.916437500000000000e+07,-1.787800000000000000e+04,3.276700000000000000e+04
4.386393229166666384e-06,4.455566406249999722e-06,-2.900390625000000000e+02,5.504687500000000000e+01,1.000000000000000000e+00,-2.954063502270773522e+00,-4.850250000000000000e+07,-3.081200000000000000e+04,-3.276800000000000000e+04
4.390462239583333449e-06,4.459635416666666788e-06,5.824218750000000000e+01,2.831250000000000000e+02,1.000000000000000000e+00,-1.367951336046831168e+00,6.203906250000000000e+07,-1.426900000000000000e+04,3.276700000000000000e+04
4.394531249999999668e-06,4.463704427083333006e-06,-2.624218750000000000e+01,2.088710937500000000e+02,1.000000000000000000e+00,-1.695791792557765687e+00,-1.282312500000000000e+07,-1.768800000000000000e+04,-3.276800000000000000e+04
4.398600260416666734e-06,4.467773437500000072e-06,-1.473710937500000000e+02,-1.615781250000000000e+02,1.000000000000000000e+00,2.310246971905207669e+00,-8.906812500000000000e+07,2.409600000000000000e+04,-3.276800000000000000e+04
4.402669270833332952e-06,4.471842447916666290e-06,-1.377070312500000000e+02,8.902343750000000000e+00,1.000000000000000000e+00,-3.077021649799732028e+00,3.504281250000000000e+07,-3.209500000000000000e+04,3.276700000000000000e+04
4.406738281250000018e-06,4.475911458333333356e-06,-2.474609375000000000e+01,-7.624218750000000000e+01,1.000000000000000000e+00,1.884687145515995921e+00,-5.168812500000000000e+07,1.965800000000000000e+04,-3.276800000000000000e+04
4.410807291666667083e-06,4.479980468750000421e-06,-6.275000000000000000e+01,-2.319453125000000000e+02,1.000000000000000000e+00,1.834976580608576713e+00,-1.944375000000000000e+06,1.913900000000000000e+04,-1.404500000000000000e+04
4.414876302083333302e-06,4.484049479166666640e-06,-1.268750000000000000e+02,-3.165585937500000000e+02,1.000000000000000000e+00,1.951966584134667615e+00,4.575937500000000000e+06,2.035900000000000000e+04,3.276700000000000000e+04
4.418945312500000367e-06,4.488118489583333706e-06,-9.485546875000000000e+01,-3.540078125000000000e+02,1.000000000000000000e+00,1.832627672527126883e+00,-4.667812500000000000e+06,1.911500000000000000e+04,-3.276800000000000000e+04
4.423014322916666586e-06,4.492187499999999924e-06,3.785156250000000000e+01,-2.208007812500000000e+02,1.000000000000000000e+00,1.400979859885993939e+00,-1.688343750000000000e+07,1.461200000000000000e+04,-3.276800000000000000e+04
4.427083333333333651e-06,4.496256510416666990e-06,-9.860546875000000000e+01,-2.289179687500000000e+02,1.000000000000000000e+00,1.977540920082698550e+00,2.255156250000000000e+07,2.062600000000000000e+04,3.276700000000000000e+04
4.431152343749999870e-06,4.500325520833333208e-06,-2.271367187500000000e+02,-2.425507812500000000e+02,1.000000000000000000e+00,2.323405650851289472e+00,1.352812500000000000e+07,2.423400000000000000e+04,3.276700000000000000e+04
4.435221354166666935e-06,4.504394531250000274e-06,5.972656250000000000e+00,-2.074023437500000000e+02,1.000000000000000000e+00,1.542010218572229974e+00,-3.056343750000000000e+07,1.608300000000000000e+04,-3.276800000000000000e+04
4.439290364583333154e-06,4.508463541666666492e-06,6.554687500000000000e+01,-1.582890625000000000e+02,1.000000000000000000e+00,1.178169150445604663e+00,-1.423125000000000000e+07,1.228800000000000000e+04,-3.276800000000000000e+04
4.443359375000000220e-06,4.512532552083333558e-06,-7.146875000000000000e+01,-1.908554687500000000e+02,1.000000000000000000e+00,1.929076714565436612e+00,2.937093750000000000e+07,2.012100000000000000e+04,3.276700000000000000e+04
4.447428385416666438e-06,4.516601562499999776e-06,9.950390625000000000e+01,-3.627070312500000000e+02,1.000000000000000000e+00,1.303044773959419977e+00,-2.448656250000000000e+07,1.359100000000000000e+04,-3.276800000000000000e+04
4.451497395833333504e-06,4.520670572916666842e-06,3.154687500000000000e+01,-1.194335937500000000e+02,1.000000000000000000e+00,1.312488343184841089e+00,3.693750000000000000e+05,1.368900000000000000e+04,1.999300000000000000e+04
4.455566406249999722e-06,4.524739583333333060e-06,-1.406132812500000000e+02,2.370312500000000000e+01,1.000000000000000000e+00,-2.974580495308743799e+00,7.807593750000000000e+07,-3.102600000000000000e+04,3.276700000000000000e+04
4.459635416666666788e-06,4.528808593750000126e-06,7.242578125000000000e+01,-1.337734375000000000e+02,1.000000000000000000e+00,1.074553541913891630e+00,-8.738250000000000000e+07,1.120800000000000000e+04,-3.276800000000000000e+04
4.463704427083333006e-06,4.532877604166666345e-06,-1.569453125000000000e+02,-2.523437500000000000e+01,1.000000000000000000e+00,2.982178493898739902e+00,7.461468750000000000e+07,3.110500000000000000e+04,3.276700000000000000e+04
4.467773437500000072e-06,4.536946614583333410e-06,-6.621484375000000000e+01,-1.548750000000000000e+02,1.000000000000000000e+00,1.974808516804277270e+00,-3.940218750000000000e+07,2.059800000000000000e+04,-3.276800000000000000e+04
4.471842447916666290e-06,4.541015624999999629e-06,1.867968750000000000e+01,-4.373437500000000000e+01,0.000000000000000000e+00,1.974808516804277270e+00,-3.940218750000000000e+07,0.000000000000000000e+00,0.000000000000000000e+00
4.475911458333333356e-06,4.545084635416666694e-06,-1.481210937500000000e+02,-1.776953125000000000e+02,1.000000000000000000e+00,2.265689623707091815e+00,0.000000000000000000e+00,2.363200000000000000e+04,2.363200000000000000e+04
4.479980468750000421e-06,4.549153645833333760e-06,-6.782031250000000000e+01,-7.760156250000000000e+01,1.000000000000000000e+00,2.289082830722347861e+00,9.150000000000000000e+05,2.387600000000000000e+04,3.276700000000000000e+04
4.484049479166666640e-06,4.553222656249999978e-06,8.365234375000000000e+01,-7.953906250000000000e+01,1.000000000000000000e+00,7.602792279958209276e-01,-5.979750000000000000e+07,7.930000000000000000e+03,-3.276800000000000000e+04
4.488118489583333706e-06,4.557291666666667044e-06,-8.937109375000000000e+01,2.266015625000000000e+02,1.000000000000000000e+00,-1.946453840678203706e+00,-1.058709375000000000e+08,-2.030300000000000000e+04,-3.276800000000000000e+04
4.492187499999999924e-06,4.561360677083333262e-06,9.805468750000000000e+01,2.887500000000000000e+01,1.000000000000000000e+00,-2.864229752380220706e-01,6.493031250000000000e+07,-2.988000000000000000e+03,3.276700000000000000e+04
4.496256510416666990e-06,4.565429687500000328e-06,-7.996093750000000000e+00,1.389609375000000000e+02,1.000000000000000000e+00,-1.628344574790418831e+00,-5.248781250000000000e+07,-1.698500000000000000e+04,-3.276800000000000000e+04
4.500325520833333208e-06,4.569498697916666547e-06,1.597656250000000000e+00,1.475429687500000000e+02,1.000000000000000000e+00,-1.559938619030643459e+00,2.675625000000000000e+06,-1.627100000000000000e+04,2.939300000000000000e+04
4.504394531250000274e-06,4.573567708333333612e-06,-5.403515625000000000e+01,1.147890625000000000e+02,1.000000000000000000e+00,-2.010785159970157832e+00,-1.763437500000000000e+07,-2.097400000000000000e+04,-3.276800000000000000e+04
4.508463541666666492e-06,4.577636718749999831e-06,-1.307812500000000000e+01,2.023515625000000000e+02,1.000000000000000000e+00,-1.635343362135146972e+00,1.468500000000000000e+07,-1.705800000000000000e+04,3.276700000000000000e+04
4.512532552083333558e-06,4.581705729166666896e-06,-3.449218750000000000e+01,1.641796875000000000e+02,1.000000000000000000e+00,-1.777859764709647461e+00,-5.574375000000000000e+06,-1.854400000000000000e+04,-3.276800000000000000e+04
4.516601562499999776e-06,4.585774739583333115e-06,-1.480078125000000000e+02,6.737890625000000000e+01,1.000000000000000000e+00,-2.714426941063263321e+00,-3.663281250000000000e+07,-2.831300000000000000e+04,-3.276800000000000000e+04
4.520670572916666842e-06,4.589843750000000180e-06,-1.123242187500000000e+02,2.885546875000000000e+01,1.000000000000000000e+00,-2.890115678175790848e+00,-6.871875000000000000e+06,-3.014500000000000000e+04,-3.276800000000000000e+04
4.524739583333333060e-06,4.593912760416666399e-06,-1.576562500000000000e+01,1.076679687500000000e+02,1.000000000000000000e+00,-1.716212911796493268e+00,4.591593750000000000e+07,-1.790100000000000000e+04,3.276700000000000000e+04
4.528808593750000126e-06,4.597981770833333464e-06,-2.291484375000000000e+02,2.751171875000000000e+01,1.000000000000000000e+00,-3.022157868183009466e+00,-5.108062500000000000e+07,-3.152300000000000000e+04,-3.276800000000000000e+04
4.532877604166666345e-06,4.602050781249999683e-06,-1.912578125000000000e+02,-9.957421875000000000e+01,1.000000000000000000e+00,2.661576509230640930e+00,-2.344687500000000000e+07,2.776100000000000000e+04,-3.276800000000000000e+04
4.536946614583333410e-06,4.606119791666666748e-06,-2.870625000000000000e+02,1.903750000000000000e+02,1.000000000000000000e+00,-2.555995487814449518e+00,4.168031250000000000e+07,-2.666000000000000000e+04,3.276700000000000000e+04
4.541015624999999629e-06,4.610188802083332967e-06,-1.584726562500000000e+02,8.270312500000000000e+01,1.000000000000000000e+00,-2.660593802788401963e+00,-4.091250000000000000e+06,-2.775100000000000000e+04,-3.276800000000000000e+04
4.545084635416666694e-06,4.614257812500000033e-06,-3.015468750000000000e+02,4.760937500000000000e+01,1.000000000000000000e+00,-2.985006770976404322e+00,-1.268906250000000000e+07,-3.113500000000000000e+04,-3.276800000000000000e+04
4.549153645833332913e-06,4.618326822916666251e-06,-2.166093750000000000e+02,-6.902734375000000000e+01,1.000000000000000000e+00,2.833118704525914744e+00,-1.819031250000000000e+07,2.955000000000000000e+04,-3.276800000000000000e+04
4.553222656249999978e-06,4.622395833333333317e-06,-2.989062500000000000e+01,1.545234375000000000e+02,1.000000000000000000e+00,-1.761872808685901681e+00,6.603187500000000000e+07,-1.837700000000000000e+04,3.276700000000000000e+04
4.557291666666667044e-06,4.626464843750000382e-06,-3.347656250000000000e+01,-8.087500000000000000e+01,1.000000000000000000e+00,1.963207787095892165e+00,-1.000575000000000000e+08,2.047700000000000000e+04,-3.276800000000000000e+04
4.561360677083333262e-06,4.630533854166666601e-06,-8.975000000000000000e+01,-4.353125000000000000e+01,1.000000000000000000e+00,2.690027059155957634e+00,2.842875000000000000e+07,2.805800000000000000e+04,3.276700000000000000e+04
4.565429687500000328e-06,4.634602864583333666e-06,-2.421875000000000000e-01,1.464648437500000000e+02,1.000000000000000000e+00,-1.572450149831835731e+00,7.903781250000000000e+07,-1.640200000000000000e+04,3.276700000000000000e+04
4.569498697916666547e-06,4.638671874999999885e-06,-1.954882812500000000e+02,9.882812500000000000e+01,1.000000000000000000e+00,-2.673536765686186811e+00,-4.306781250000000000e+07,-2.788600000000000000e+04,-3.276800000000000000e+04
4.573567708333333612e-06,4.642740885416666950e-06,-2.110742187500000000e+02,1.787968750000000000e+02,1.000000000000000000e+00,-2.438813736689873224e+00,9.180937500000000000e+06,-2.543800000000000000e+04,3.276700000000000000e+04
4.577636718749999831e-06,4.646809895833333169e-06,-3.261875000000000000e+02,-3.153906250000000000e+01,1.000000000000000000e+00,3.045215516900915631e+00,-3.125812500000000000e+07,3.176200000000000000e+04,-3.276800000000000000e+04
4.581705729166666896e-06,4.650878906250000234e-06,-2.016640625000000000e+02,1.312500000000000000e+01,1.000000000000000000e+00,-3.076614186152949681e+00,6.311250000000000000e+06,-3.209100000000000000e+04,3.276700000000000000e+04
4.585774739583333115e-06,4.654947916666666453e-06,-8.237109375000000000e+01,2.487656250000000000e+02,1.000000000000000000e+00,-1.890559415719620606e+00,4.639125000000000000e+07,-1.972000000000000000e+04,3.276700000000000000e+04
4.589843750000000180e-06,4.659016927083333519e-06,-8.105078125000000000e+01,1.456601562500000000e+02,1.000000000000000000e+00,-2.078543967585043895e+00,-7.352812500000000000e+06,-2.168000000000000000e+04,-3.276800000000000000e+04
4.593912760416666399e-06,4.663085937499999737e-06,-3.900078125000000000e+02,-1.116914062500000000e+02,1.000000000000000000e+00,2.862671803142524229e+00,-5.248968750000000000e+07,2.985800000000000000e+04,-3.276800000000000000e+04
4.597981770833333464e-06,4.667154947916666803e-06,-2.592929687500000000e+02,1.345312500000000000e+02,1.000000000000000000e+00,-2.662990647769472918e+00,2.962968750000000000e+07,-2.777600000000000000e+04,3.276700000000000000e+04
4.602050781249999683e-06,4.671223958333333021e-06,-1.066015625000000000e+02,2.142031250000000000e+02,1.000000000000000000e+00,-2.032620417747717401e+00,2.465625000000000000e+07,-2.120100000000000000e+04,3.276700000000000000e+04
4.606119791666666748e-06,4.675292968750000087e-06,3.164062500000000000e+00,1.329453125000000000e+02,1.000000000000000000e+00,-1.547043593032479736e+00,1.899281250000000000e+07,-1.613700000000000000e+04,3.276700000000000000e+04
4.610188802083332967e-06,4.679361979166666305e-06,-1.963593750000000000e+02,-1.228906250000000000e+01,1.000000000000000000e+00,3.079130873383074452e+00,-6.481218750000000000e+07,3.211600000000000000e+04,-3.276800000000000000e+04
4.614257812500000033e-06,4.683430989583333371e-06,-2.881328125000000000e+02,3.469648437500000000e+02,1.000000000000000000e+00,-2.263796116172045458e+00,3.677718750000000000e+07,-2.361300000000000000e+04,3.276700000000000000e+04
4.618326822916666251e-06,4.687499999999999589e-06,1.476562500000000000e+00,1.660664062500000000e+02,1.000000000000000000e+00,-1.561904031915122060e+00,2.745375000000000000e+07,-1.629200000000000000e+04,3.276700000000000000e+04
4.622395833333333317e-06,4.691569010416666655e-06,5.951562500000000000e+01,5.085937500000000000e+00,0.000000000000000000e+00,-1.561904031915122060e+00,2.745375000000000000e+07,0.000000000000000000e+00,0.000000000000000000e+00
4.626464843750000382e-06,4.695638020833333720e-06,-3.215000000000000000e+02,2.154179687500000000e+02,1.000000000000000000e+00,-2.551249734751928511e+00,0.000000000000000000e+00,-2.661100000000000000e+04,-2.661100000000000000e+04
4.630533854166666601e-06,4.699707031249999939e-06,-3.622343750000000000e+02,2.131679687500000000e+02,1.000000000000000000e+00,-2.609684815390446833e+00,-2.285625000000000000e+06,-2.722000000000000000e+04,-3.276800000000000000e+04
4.634602864583333666e-06,4.703776041666667005e-06,-1.620898437500000000e+02,6.289843750000000000e+01,1.000000000000000000e+00,-2.771399946263328751e+00,-6.325312500000000000e+06,-2.890700000000000000e+04,-3.276800000000000000e+04
4.638671874999999885e-06,4.707845052083333223e-06,-9.609375000000000000e+01,1.253906250000000000e+00,1.000000000000000000e+00,-3.128577785342575801e+00,-1.397062500000000000e+07,-3.263300000000000000e+04,-3.276800000000000000e+04
4.642740885416666950e-06,4.711914062500000289e-06,-1.212148437500000000e+02,2.151171875000000000e+01,1.000000000000000000e+00,-2.965927884927076708e+00,6.361875000000000000e+06,-3.093600000000000000e+04,3.276700000000000000e+04
4.646809895833333169e-06,4.715983072916666507e-06,-4.516406250000000000e+01,-1.518867187500000000e+02,1.000000000000000000e+00,1.859831863062286317e+00,-5.700562500000000000e+07,1.939800000000000000e+04,-3.276800000000000000e+04
4.650878906250000234e-06,4.720052083333333573e-06,1.527734375000000000e+01,1.791015625000000000e+01,0.000000000000000000e+00,1.859831863062286317e+00,-5.700562500000000000e+07,0.000000000000000000e+00,0.000000000000000000e+00
4.654947916666666453e-06,4.724121093749999791e-06,-6.035937500000000000e+01,-2.309375000000000000e+01,0.000000000000000000e+00,1.859831863062286317e+00,-5.700562500000000000e+07,0.000000000000000000e+00,0.000000000000000000e+00
4.659016927083333519e-06,4.728190104166666857e-06,5.795312500000000000e+01,6.241015625000000000e+01,0.000000000000000000e+00,1.859831863062286317e+00,-5.700562500000000000e+07,0.000000000000000000e+00,0.000000000000000000e+00
4.663085937499999737e-06,4.732259114583333075e-06,-1.254726562500000000e+02,8.014453125000000000e+01,1.000000000000000000e+00,-2.573204834778541450e+00,0.000000000000000000e+00,-2.684000000000000000e+04,-2.684000000000000000e+04
4.667154947916666803e-06,4.736328125000000141e-06,-6.822656250000000000e+01,-1.088359375000000000e+02,1.000000000000000000e+00,2.130747251272777198e+00,-6.177000000000000000e+07,2.222400000000000000e+04,-3.276800000000000000e+04
4.671223958333333021e-06,4.740397135416666359e-06,-5.161328125000000000e+01,-4.759765625000000000e+01,0.000000000000000000e+00,2.130747251272777198e+00,-6.177000000000000000e+07,0.000000000000000000e+00,0.000000000000000000e+00
4.675292968750000087e-06,4.744466145833333425e-06,1.112890625000000000e+01,2.417187500000000000e+01,0.000000000000000000e+00,2.130747251272777198e+00,-6.177000000000000000e+07,0.000000000000000000e+00,0.000000000000000000e+00
4.679361979166666305e-06,4.748535156249999644e-06,1.849218750000000000e+02,-2.489062500000000000e+01,1.000000000000000000e+00,1.338158552932114664e-01,0.000000000000000000e+00,1.395000000000000000e+03,1.395000000000000000e+03
4.683430989583333371e-06,4.752604166666666709e-06,-1.498828125000000000e+01,3.749609375000000000e+01,0.000000000000000000e+00,1.338158552932114664e-01,0.000000000000000000e+00,0.000000000000000000e+00,0.000000000000000000e+00
4.687499999999999589e-06,4.756673177083332928e-06,-3.156250000000000000e+00,-5.765234375000000000e+01,0.000000000000000000e+00,1.338158552932114664e-01,0.000000000000000000e+00,0.000000000000000000e+00,0.000000000000000000e+00
4.691569010416666655e-06,4.760742187499999993e-06,-9.348046875000000000e+01,-1.089843750000000000e+00,1.000000000000000000e+00,3.129848113182543745e+00,0.000000000000000000e+00,3.264500000000000000e+04,3.264500000000000000e+04
4.695638020833333720e-06,4.764811197916667059e-06,-2.774218750000000000e+01,9.987109375000000000e+01,1.000000000000000000e+00,-1.841783620354819462e+00,5.130000000000000000e+07,-1.921100000000000000e+04,3.276700000000000000e+04
4.699707031249999939e-06,4.768880208333333277e-06,8.660937500000000000e+01,-8.857031250000000000e+01,1.000000000000000000e+00,7.965674610092405850e-01,1.031962500000000000e+08,8.308000000000000000e+03,3.276700000000000000e+04
4.703776041666667005e-06,4.772949218750000343e-06,5.386718750000000000e+01,-6.084765625000000000e+01,0.000000000000000000e+00,7.965674610092405850e-01,1.031962500000000000e+08,0.000000000000000000e+00,0.000000000000000000e+00
4.707845052083333223e-06,4.777018229166666561e-06,6.025781250000000000e+01,-5.695312500000000000e+00,0.000000000000000000e+00,7.965674610092405850e-01,1.031962500000000000e+08,0.000000000000000000e+00,0.000000000000000000e+00
4.711914062500000289e-06,4.781087239583333627e-06,6.193359375000000000e+01,-5.816406250000000000e+00,0.000000000000000000e+00,7.965674610092405850e-01,1.031962500000000000e+08,0.000000000000000000e+00,0.000000000000000000e+00
4.715983072916666507e-06,4.785156249999999846e-06,-7.094140625000000000e+01,-1.379726562500000000e+02,1.000000000000000000e+00,2.045707191344366738e+00,0.000000000000000000e+00,2.133700000000000000e+04,2.133700000000000000e+04
4.720052083333333573e-06,4.789225260416666911e-06,-1.561679687500000000e+02,-1.063906250000000000e+02,1.000000000000000000e+00,2.543603799262311060e+00,1.947468750000000000e+07,2.653000000000000000e+04,3.276700000000000000e+04
4.724121093749999791e-06,4.793294270833333130e-06,3.793359375000000000e+01,-3.398437500000000000e-01,0.000000000000000000e+00,2.543603799262311060e+00,1.947468750000000000e+07,0.000000000000000000e+00,0.000000000000000000e+00
4.728190104166666857e-06,4.797363281250000195e-06,1.771796875000000000e+02,-2.073046875000000000e+01,1.000000000000000000e+00,1.164387291804444557e-01,0.000000000000000000e+00,1.214000000000000000e+03,1.214000000000000000e+03
4.732259114583333075e-06,4.801432291666666414e-06,7.948046875000000000e+01,-6.953906250000000000e+01,1.000000000000000000e+00,7.187898413734764569e-01,2.356031250000000000e+07,7.497000000000000000e+03,3.276700000000000000e+04
4.736328125000000141e-06,4.805501302083333479e-06,-1.485156250000000000e+02,-6.875781250000000000e+01,1.000000000000000000e+00,2.707955459614371119e+00,7.780406250000000000e+07,2.824500000000000000e+04,3.276700000000000000e+04
4.740397135416666359e-06,4.809570312499999698e-06,-4.411328125000000000e+01,1.589179687500000000e+02,1.000000000000000000e+00,-1.841591872756333625e+00,6.780937500000000000e+07,-1.920900000000000000e+04,3.276700000000000000e+04
4.744466145833333425e-06,4.813639322916666763e-06,-1.836796875000000000e+02,1.281679687500000000e+02,1.000000000000000000e+00,-2.532362596301086288e+00,-2.701875000000000000e+07,-2.641400000000000000e+04,-3.276800000000000000e+04
4.748535156249999644e-06,4.817708333333332982e-06,1.998437500000000000e+01,2.669921875000000000e+01,0.000000000000000000e+00,-2.532362596301086288e+00,-2.701875000000000000e+07,0.000000000000000000e+00,0.000000000000000000e+00
4.752604166666666709e-06,4.821777343750000047e-06,9.844531250000000000e+01,-8.685156250000000000e+01,1.000000000000000000e+00,7.228884462911083775e-01,0.000000000000000000e+00,7.540000000000000000e+03,7.540000000000000000e+03
4.756673177083332928e-06,4.825846354166666266e-06,4.903125000000000000e+01,-4.932421875000000000e+01,0.000000000000000000e+00,7.228884462911083775e-01,0.000000000000000000e+00,0.000000000000000000e+00,0.000000000000000000e+00
4.760742187499999993e-06,4.829915364583333332e-06,-1.441796875000000000e+02,1.657812500000000000e+01,1.000000000000000000e+00,-3.027167274193448776e+00,0.000000000000000000e+00,-3.157500000000000000e+04,-3.157500000000000000e+04
4.764811197916667059e-06,4.833984375000000397e-06,-1.656757812500000000e+02,-9.744531250000000000e+01,1.000000000000000000e+00,2.609924499888554017e+00,-2.527125000000000000e+07,2.722200000000000000e+04,-3.276800000000000000e+04
4.768880208333333277e-06,4.838053385416666616e-06,-1.375898437500000000e+02,3.974609375000000000e+01,1.000000000000000000e+00,-2.860418768860317318e+00,3.179343750000000000e+07,-2.983600000000000000e+04,3.276700000000000000e+04
4.772949218750000343e-06,4.842122395833333681e-06,-5.013671875000000000e+01,8.199218750000000000e+00,0.000000000000000000e+00,-2.860418768860317318e+00,3.179343750000000000e+07,0.000000000000000000e+00,0.000000000000000000e+00
4.777018229166666561e-06,4.846191406249999900e-06,-9.285546875000000000e+01,-8.030078125000000000e+01,1.000000000000000000e+00,2.428555240170887863e+00,0.000000000000000000e+00,2.533000000000000000e+04,2.533000000000000000e+04
4.781087239583333627e-06,4.850260416666666965e-06,3.480468750000000000e+00,-1.119765625000000000e+02,1.000000000000000000e+00,1.539733215840212388e+00,-3.476531250000000000e+07,1.606000000000000000e+04,-3.276800000000000000e+04
4.785156249999999846e-06,4.854329427083333184e-06,2.679296875000000000e+02,-1.526562500000000000e+02,1.000000000000000000e+00,5.179102635098895568e-01,-3.996750000000000000e+07,5.402000000000000000e+03,-3.276800000000000000e+04
4.789225260416666911e-06,4.858398437500000249e-06,1.303437500000000000e+02,-1.585429687500000000e+02,1.000000000000000000e+00,8.826621327293222574e-01,1.426687500000000000e+07,9.206000000000000000e+03,3.276700000000000000e+04
4.793294270833333130e-06,4.862467447916666468e-06,6.883593750000000000e+01,-1.528125000000000000e+01,1.000000000000000000e+00,2.184963884744610119e-01,-2.597812500000000000e+07,2.279000000000000000e+03,-3.276800000000000000e+04
4.797363281250000195e-06,4.866536458333333533e-06,2.353203125000000000e+02,-1.477109375000000000e+02,1.000000000000000000e+00,5.605501357231482684e-01,1.337906250000000000e+07,5.846000000000000000e+03,3.276700000000000000e+04
4.801432291666666414e-06,4.870605468749999752e-06,1.335429687500000000e+02,-2.139218750000000000e+02,1.000000000000000000e+00,1.012714941402251823e+00,1.768593750000000000e+07,1.056300000000000000e+04,3.276700000000000000e+04
4.805501302083333479e-06,4.874674479166666818e-06,1.040429687500000000e+02,1.204179687500000000e+02,1.000000000000000000e+00,-8.582382823722055631e-01,-7.318031250000000000e+07,-8.952000000000000000e+03,-3.276800000000000000e+04
4.809570312499999698e-06,4.878743489583333036e-06,2.978515625000000000e+02,4.015625000000000000e+00,1.000000000000000000e+00,-1.351820569324221205e-02,3.304031250000000000e+07,-1.410000000000000000e+02,3.276700000000000000e+04
4.813639322916666763e-06,4.882812500000000102e-06,4.416367187500000000e+02,-9.226171875000000000e+01,1.000000000000000000e+00,2.059369207736473362e-01,8.583750000000000000e+06,2.148000000000000000e+03,3.276700000000000000e+04
4.817708333333332982e-06,4.886881510416666320e-06,3.547070312500000000e+02,1.123984375000000000e+02,1.000000000000000000e+00,-3.068680629265603810e-01,-2.005781250000000000e+07,-3.201000000000000000e+03,-3.276800000000000000e+04
4.821777343750000047e-06,4.890950520833333386e-06,3.379726562500000000e+02,1.321718750000000000e+02,1.000000000000000000e+00,-3.727812999060214905e-01,-2.578125000000000000e+06,-3.889000000000000000e+03,-3.276800000000000000e+04
4.825846354166666266e-06,4.895019531249999604e-06,5.088632812500000000e+02,-8.115625000000000000e+01,1.000000000000000000e+00,1.581438318510853258e-01,2.076656250000000000e+07,1.649000000000000000e+03,3.276700000000000000e+04
4.829915364583333332e-06,4.899088541666666670e-06,4.295625000000000000e+02,-1.056796875000000000e+02,1.000000000000000000e+00,2.412184788950170744e-01,3.249375000000000000e+06,2.516000000000000000e+03,3.276700000000000000e+04
4.833984375000000397e-06,4.903157552083333735e-06,2.170546875000000000e+02,1.224414062500000000e+02,1.000000000000000000e+00,-5.135719740941505629e-01,-2.952281250000000000e+07,-5.357000000000000000e+03,-3.276800000000000000e+04
4.838053385416666616e-06,4.907226562499999954e-06,1.956132812500000000e+02,1.741054687500000000e+02,1.000000000000000000e+00,-7.272986410562796156e-01,-8.359687500000000000e+06,-7.586000000000000000e+03,-3.276800000000000000e+04
4.842122395833333681e-06,4.911295572916667019e-06,3.269296875000000000e+02,-2.753906250000000000e+01,1.000000000000000000e+00,8.403338503636027801e-02,3.173437500000000000e+07,8.760000000000000000e+02,3.276700000000000000e+04
4.846191406249999900e-06,4.915364583333333238e-06,1.607812500000000000e+02,-1.654687500000000000e+01,1.000000000000000000e+00,1.025609967400415434e-01,7.246875000000000000e+05,1.069000000000000000e+03,1.343700000000000000e+04
4.850260416666666965e-06,4.919433593750000304e-06,-1.294726562500000000e+02,1.609375000000000000e+01,1.000000000000000000e+00,-3.018011326365756197e+00,-1.220578125000000000e+08,-3.147900000000000000e+04,-3.276800000000000000e+04
4.854329427083333184e-06,4.923502604166666522e-06,6.633984375000000000e+01,2.090351562500000000e+02,1.000000000000000000e+00,-1.263472863321932538e+00,6.862687500000000000e+07,-1.317900000000000000e+04,3.276700000000000000e+04
4.858398437500000249e-06,4.927571614583333588e-06,-2.709375000000000000e+01,-1.613671875000000000e+01,0.000000000000000000e+00,-1.263472863321932538e+00,6.862687500000000000e+07,0.000000000000000000e+00,0.000000000000000000e+00
4.862467447916666468e-06,4.931640624999999806e-06,-1.650703125000000000e+02,-7.621484375000000000e+01,1.000000000000000000e+00,2.709010071406042108e+00,0.000000000000000000e+00,2.825600000000000000e+04,2.825600000000000000e+04
4.866536458333333533e-06,4.935709635416666872e-06,-5.370703125000000000e+01,-2.598437500000000000e+01,0.000000000000000000e+00,2.709010071406042108e+00,0.000000000000000000e+00,0.000000000000000000e+00,0.000000000000000000e+00
4.870605468749999752e-06,4.939778645833333090e-06,2.063671875000000000e+01,-1.868359375000000000e+01,0.000000000000000000e+00,2.709010071406042108e+00,0.000000000000000000e+00,0.000000000000000000e+00,0.000000000000000000e+00
4.874674479166666818e-06,4.943847656250000156e-06,-1.106250000000000000e+01,-9.257812500000000000e+00,0.000000000000000000e+00,2.709010071406042108e+00,0.000000000000000000e+00,0.000000000000000000e+00,0.000000000000000000e+00
4.878743489583333036e-06,4.947916666666666374e-06,-1.624140625000000000e+02,-7.209375000000000000e+01,1.000000000000000000e+00,2.723822573389063084e+00,0.000000000000000000e+00,2.841000000000000000e+04,2.841000000000000000e+04
4.882812500000000102e-06,4.951985677083333440e-06,4.788671875000000000e+01,-6.803906250000000000e+01,1.000000000000000000e+00,9.575635383878008389e-01,-6.908531250000000000e+07,9.987000000000000000e+03,-3.276800000000000000e+04
4.886881510416666320e-06,4.956054687499999658e-06,2.130468750000000000e+01,-5.836328125000000000e+01,0.000000000000000000e+00,9.575635383878008389e-01,-6.908531250000000000e+07,0.000000000000000000e+00,0.000000000000000000e+00
4.890950520833333386e-06,4.960123697916666724e-06,-4.490625000000000000e+01,1.692968750000000000e+01,0.000000000000000000e+00,9.575635383878008389e-01,-6.908531250000000000e+07,0.000000000000000000e+00,0.000000000000000000e+00
4.895019531249999604e-06,4.964192708333332943e-06,-1.129296875000000000e+01,1.885312500000000000e+02,1.000000000000000000e+00,-1.630621577522436638e+00,0.000000000000000000e+00,-1.700800000000000000e+04,-1.700800000000000000e+04
4.899088541666666670e-06,4.968261718750000008e-06,-1.587070312500000000e+02,7.117578125000000000e+01,1.000000000000000000e+00,-2.720011589869159696e+00,-4.261031250000000000e+07,-2.837100000000000000e+04,-3.276800000000000000e+04
4.903157552083333735e-06,4.972330729166667074e-06,-1.880625000000000000e+02,-5.156640625000000000e+01,1.000000000000000000e+00,2.873984911453181024e+00,-2.695687500000000000e+07,2.997600000000000000e+04,-3.276800000000000000e+04
4.907226562499999954e-06,4.976399739583333292e-06,-1.423867187500000000e+02,-2.214101562500000000e+02,1.000000000000000000e+00,2.142300044081540733e+00,-2.861906250000000000e+07,2.234500000000000000e+04,-3.276800000000000000e+04
4.911295572916667019e-06,4.980468750000000358e-06,-2.259570312500000000e+02,-2.107929687500000000e+02,1.000000000000000000e+00,2.390876837068446559e+00,9.722812500000000000e+06,2.493700000000000000e+04,3.276700000000000000e+04
4.915364583333333238e-06,4.984537760416666576e-06,-2.553320312500000000e+02,-7.030078125000000000e+01,1.000000000000000000e+00,2.872930299661509590e+00,1.885500000000000000e+07,2.996500000000000000e+04,3.276700000000000000e+04
4.919433593750000304e-06,4.988606770833333642e-06,-3.144531250000000000e+01,-1.257734375000000000e+02,1.000000000000000000e+00,1.815777852310195506e+00,-4.134937500000000000e+07,1.893900000000000000e+04,-3.276800000000000000e+04
4.923502604166666522e-06,4.992675781249999860e-06,-1.384765625000000000e+01,-4.225781250000000000e+01,0.000000000000000000e+00,1.815777852310195506e+00,-4.134937500000000000e+07,0.000000000000000000e+00,0.000000000000000000e+00
4.927571614583333588e-06,4.996744791666666926e-06,-2.366523437500000000e+02,-2.875781250000000000e+02,1.000000000000000000e+00,2.259385921406874331e+00,0.000000000000000000e+00,2.356600000000000000e+04,2.356600000000000000e+04
4.931640624999999806e-06,5.000813802083333145e-06,-4.346484375000000000e+01,-6.800000000000000000e+01,1.000000000000000000e+00,2.139423830104254964e+00,-4.692187500000000000e+06,2.231500000000000000e+04,-3.276800000000000000e+04
4.935709635416666872e-06,5.004882812500000210e-06,-1.004140625000000000e+02,-9.366406250000000000e+01,1.000000000000000000e+00,2.390948742417879025e+00,9.838125000000000000e+06,2.493800000000000000e+04,3.276700000000000000e+04
4.939778645833333090e-06,5.008951822916666429e-06,-1.128906250000000000e+02,-1.904882812500000000e+02,1.000000000000000000e+00,2.105820063469635350e+00,-1.115250000000000000e+07,2.196400000000000000e+04,-3.276800000000000000e+04
4.943847656250000156e-06,5.013020833333333494e-06,-1.648515625000000000e+02,-1.196796875000000000e+02,1.000000000000000000e+00,2.513595300099297880e+00,1.594968750000000000e+07,2.621700000000000000e+04,3.276700000000000000e+04
4.947916666666666374e-06,5.017089843749999713e-06,-1.990625000000000000e+02,-3.330468750000000000e+01,1.000000000000000000e+00,2.975802886249090395e+00,1.807875000000000000e+07,3.103800000000000000e+04,3.276700000000000000e+04
4.951985677083333440e-06,5.021158854166666778e-06,-1.144179687500000000e+02,-1.682031250000000000e+01,1.000000000000000000e+00,2.995624794242550237e+00,7.753125000000000000e+05,3.124500000000000000e+04,3.276700000000000000e+04
4.956054687499999658e-06,5.025227864583332997e-06,-1.571875000000000000e+01,-1.488085937500000000e+02,1.000000000000000000e+00,1.676065758363548763e+00,-5.161312500000000000e+07,1.748200000000000000e+04,-3.276800000000000000e+04
4.960123697916666724e-06,5.029296875000000062e-06,-1.031093750000000000e+02,-2.244921875000000000e+02,1.000000000000000000e+00,2.001365559194547394e+00,1.272375000000000000e+07,2.087500000000000000e+04,3.276700000000000000e+04
4.964192708333332943e-06,5.033365885416666281e-06,-2.491914062500000000e+02,-1.093085937500000000e+02,1.000000000000000000e+00,2.728208799704423537e+00,2.842968750000000000e+07,2.845600000000000000e+04,3.276700000000000000e+04
4.968261718750000008e-06,5.037434895833333346e-06,-3.486718750000000000e+01,-2.177929687500000000e+02,1.000000000000000000e+00,1.729515401441438893e+00,-3.906281250000000000e+07,1.803900000000000000e+04,-3.276800000000000000e+04
4.972330729166667074e-06,5.041503906250000412e-06,5.328125000000000000e+01,-1.457578125000000000e+02,1.000000000000000000e+00,1.220353622112459790e+00,-1.991531250000000000e+07,1.272800000000000000e+04,-3.276800000000000000e+04
4.976399739583333292e-06,5.045572916666666631e-06,9.423046875000000000e+01,-4.255468750000000000e+02,1.000000000000000000e+00,1.352875181115892556e+00,5.183437500000000000e+06,1.411100000000000000e+04,3.276700000000000000e+04
4.980468750000000358e-06,5.049641927083333696e-06,1.344726562500000000e+02,-2.377929687500000000e+02,1.000000000000000000e+00,1.056121804009453324e+00,-1.160718750000000000e+07,1.101500000000000000e+04,-3.276800000000000000e+04
4.984537760416666576e-06,5.053710937499999915e-06,2.541210937500000000e+02,-1.848710937500000000e+02,1.000000000000000000e+00,6.289081545833021814e-01,-1.671000000000000000e+07,6.559000000000000000e+03,-3.276800000000000000e+04
4.988606770833333642e-06,5.057779947916666980e-06,2.292460937500000000e+02,-3.338320312500000000e+02,1.000000000000000000e+00,9.690444258471323513e-01,1.330406250000000000e+07,1.010700000000000000e+04,3.276700000000000000e+04
4.992675781249999860e-06,5.061848958333333199e-06,2.721914062500000000e+02,-2.445195312500000000e+02,1.000000000000000000e+00,7.319245518697472530e-01,-9.274687500000000000e+06,7.634000000000000000e+03,-3.276800000000000000e+04
4.996744791666666926e-06,5.065917968750000264e-06,1.967968750000000000e+02,-2.999257812500000000e+02,1.000000000000000000e+00,9.900887247809385672e-01,1.009781250000000000e+07,1.032700000000000000e+04,3.276700000000000000e+04
5.000813802083333145e-06,5.069986979166666483e-06,1.659335937500000000e+02,-1.338359375000000000e+02,1.000000000000000000e+00,6.787145932899640854e-01,-1.217906250000000000e+07,7.079000000000000000e+03,-3.276800000000000000e+04
5.004882812500000210e-06,5.074055989583333548e-06,8.021484375000000000e+01,-1.471523437500000000e+02,1.000000000000000000e+00,1.071701296386416757e+00,1.537125000000000000e+07,1.117800000000000000e+04,3.276700000000000000e+04
5.008951822916666429e-06,5.078124999999999767e-06,1.428320312500000000e+02,-8.339062500000000000e+01,1.000000000000000000e+00,5.284563814266033388e-01,-2.124843750000000000e+07,5.512000000000000000e+03,-3.276800000000000000e+04
5.013020833333333494e-06,5.082194010416666832e-06,1.158203125000000000e+02,1.247617187500000000e+02,1.000000000000000000e+00,-8.225252921542429707e-01,-5.284218750000000000e+07,-8.580000000000000000e+03,-3.276800000000000000e+04
5.017089843749999713e-06,5.086263020833333051e-06,2.615507812500000000e+02,1.950703125000000000e+02,1.000000000000000000e+00,-6.408204741392266035e-01,7.107187500000000000e+06,-6.684000000000000000e+03,3.276700000000000000e+04
5.021158854166666778e-06,5.090332031250000117e-06,1.092734375000000000e+02,-2.901171875000000000e+01,1.000000000000000000e+00,2.595303745504018988e-01,3.521625000000000000e+07,2.707000000000000000e+03,3.276700000000000000e+04
5.025227864583332997e-06,5.094401041666666335e-06,1.844960937500000000e+02,4.967968750000000000e+01,1.000000000000000000e+00,-2.630777051223874841e-01,-2.044125000000000000e+07,-2.744000000000000000e+03,-3.276800000000000000e+04
5.029296875000000062e-06,5.098470052083333401e-06,1.118007812500000000e+02,4.496484375000000000e+01,1.000000000000000000e+00,-3.823926482801174864e-01,-4.666875000000000000e+06,-3.989000000000000000e+03,-3.276800000000000000e+04
5.033365885416666281e-06,5.102539062499999619e-06,1.907460937500000000e+02,1.164062500000000000e+00,1.000000000000000000e+00,-6.087986251921138556e-03,1.471875000000000000e+07,-6.400000000000000000e+01,3.276700000000000000e+04
5.037434895833333346e-06,5.106608072916666685e-06,1.728164062500000000e+02,1.626562500000000000e+01,1.000000000000000000e+00,-9.381251255913124198e-02,-3.431250000000000000e+06,-9.790000000000000000e+02,-3.276800000000000000e+04
5.041503906250000412e-06,5.110677083333333750e-06,1.916015625000000000e+02,7.445312500000000000e+00,1.000000000000000000e+00,-3.882888869335528875e-02,2.150625000000000000e+06,-4.050000000000000000e+02,3.276700000000000000e+04
5.045572916666666631e-06,5.114746093749999969e-06,7.973437500000000000e+01,-1.233203125000000000e+01,1.000000000000000000e+00,1.534220472383748257e-01,7.519687500000000000e+06,1.600000000000000000e+03,3.276700000000000000e+04
5.049641927083333696e-06,5.118815104166667034e-06,9.216406250000000000e+01,-2.582421875000000000e+01,1.000000000000000000e+00,2.732403278421298154e-01,4.686562500000000000e+06,2.850000000000000000e+03,3.276700000000000000e+04
5.053710937499999915e-06,5.122884114583333253e-06,2.227382812500000000e+02,1.076992187500000000e+02,1.000000000000000000e+00,-4.503432034934892747e-01,-2.830218750000000000e+07,-4.698000000000000000e+03,-3.276800000000000000e+04
5.057779947916666980e-06,5.126953125000000318e-06,2.499257812500000000e+02,-1.649531250000000000e+02,1.000000000000000000e+00,5.833680999429472491e-01,4.043250000000000000e+07,6.084000000000000000e+03,3.276700000000000000e+04
5.061848958333333199e-06,5.131022135416666537e-06,2.560390625000000000e+02,-7.295703125000000000e+01,1.000000000000000000e+00,2.775786172578689204e-01,-1.196062500000000000e+07,2.895000000000000000e+03,-3.276800000000000000e+04
5.065917968750000264e-06,5.135091145833333603e-06,1.650078125000000000e+02,-4.698046875000000000e+01,1.000000000000000000e+00,2.773629012095725210e-01,-8.437500000000000000e+03,2.893000000000000000e+03,2.749000000000000000e+03
5.069986979166666483e-06,5.139160156249999821e-06,4.592382812500000000e+02,-2.529296875000000000e+02,1.000000000000000000e+00,5.034333198242189056e-01,8.842500000000000000e+06,5.251000000000000000e+03,3.276700000000000000e+04
5.074055989583333548e-06,5.143229166666666887e-06,1.389414062500000000e+02,-1.328828125000000000e+02,1.000000000000000000e+00,7.631314735232958002e-01,1.015781250000000000e+07,7.959000000000000000e+03,3.276700000000000000e+04
5.078124999999999767e-06,5.147298177083333105e-06,1.944492187500000000e+02,4.218750000000000000e+00,1.000000000000000000e+00,-2.166747862888468087e-02,-3.069656250000000000e+07,-2.260000000000000000e+02,-3.276800000000000000e+04
5.082194010416666832e-06,5.151367187500000171e-06,2.615546875000000000e+02,-1.180859375000000000e+02,1.000000000000000000e+00,4.240737825009476269e-01,1.743468750000000000e+07,4.423000000000000000e+03,3.276700000000000000e+04
5.086263020833333051e-06,5.155436197916666389e-06,3.567109375000000000e+02,1.906250000000000000e+00,1.000000000000000000e+00,-5.344964307789031033e-03,-1.679625000000000000e+07,-5.600000000000000000e+01,-3.276800000000000000e+04
5.090332031250000117e-06,5.159505208333333455e-06,1.487851562500000000e+02,5.479687500000000000e+01,1.000000000000000000e+00,-3.528395496635081674e-01,-1.359187500000000000e+07,-3.681000000000000000e+03,-3.276800000000000000e+04
5.094401041666666335e-06,5.163574218749999673e-06,1.346484375000000000e+01,-1.515273437500000000e+02,1.000000000000000000e+00,1.482184967844690116e+00,7.177500000000000000e+07,1.545900000000000000e+04,3.276700000000000000e+04
5.098470052083333401e-06,5.167643229166666739e-06,6.339843750000000000e+00,-1.165000000000000000e+02,1.000000000000000000e+00,1.516411914174388365e+00,1.338750000000000000e+06,1.581600000000000000e+04,3.276700000000000000e+04
5.102539062499999619e-06,5.171712239583332957e-06,1.354726562500000000e+02,2.748828125000000000e+01,1.000000000000000000e+00,-2.002324297186975910e-01,-6.714468750000000000e+07,-2.089000000000000000e+03,-3.276800000000000000e+04
5.106608072916666685e-06,5.175781250000000023e-06,2.549531250000000000e+02,-6.613281250000000000e+00,1.000000000000000000e+00,2.593386269519162152e-02,8.846250000000000000e+06,2.700000000000000000e+02,3.276700000000000000e+04
5.110677083333333750e-06,5.179850260416667089e-06,9.033984375000000000e+01,2.973437500000000000e+01,1.000000000000000000e+00,-3.180373605383526869e-01,-1.345406250000000000e+07,-3.318000000000000000e+03,-3.276800000000000000e+04
5.114746093749999969e-06,5.183919270833333307e-06,4.216406250000000000e+01,2.302148437500000000e+02,1.000000000000000000e+00,-1.389666751575337367e+00,-4.191562500000000000e+07,-1.449500000000000000e+04,-3.276800000000000000e+04
5.118815104166667034e-06,5.187988281250000373e-06,4.279296875000000000e+01,2.355976562500000000e+02,1.000000000000000000e+00,-1.391104858563980029e+00,-5.625000000000000000e+04,-1.451000000000000000e+04,-1.547000000000000000e+04
5.122884114583333253e-06,5.192057291666666591e-06,2.603671875000000000e+02,6.900390625000000000e+01,1.000000000000000000e+00,-2.590989424538091002e-01,4.427718750000000000e+07,-2.703000000000000000e+03,3.276700000000000000e+04
5.126953125000000318e-06,5.196126302083333657e-06,9.469531250000000000e+01,1.229296875000000000e+01,1.000000000000000000e+00,-1.290701022306902646e-01,5.085937500000000000e+06,-1.347000000000000000e+03,3.276700000000000000e+04
5.131022135416666537e-06,5.200195312499999875e-06,2.270351562500000000e+02,2.416171875000000000e+02,1.000000000000000000e+00,-8.165331797015646931e-01,-2.688937500000000000e+07,-8.517000000000000000e+03,-3.276800000000000000e+04
5.135091145833333603e-06,5.204264322916666941e-06,3.646093750000000000e+01,2.712031250000000000e+02,1.000000000000000000e+00,-1.437148250650360115e+00,-2.427468750000000000e+07,-1.499000000000000000e+04,-3.276800000000000000e+04
5.139160156249999821e-06,5.208333333333333159e-06,2.165703125000000000e+02,4.500078125000000000e+02,1.000000000000000000e+00,-1.122250757037210889e+00,1.231687500000000000e+07,-1.170600000000000000e+04,3.276700000000000000e+04
5.143229166666666887e-06,5.212402343750000225e-06,2.504570312500000000e+02,3.496484375000000000e+02,1.000000000000000000e+00,-9.492225178536726204e-01,6.767812500000000000e+06,-9.901000000000000000e+03,3.276700000000000000e+04
5.147298177083333105e-06,5.216471354166666444e-06,-1.047656250000000000e+02,2.555351562500000000e+02,1.000000000000000000e+00,-1.959900141022013820e+00,-3.953156250000000000e+07,-2.044300000000000000e+04,-3.276800000000000000e+04
5.151367187500000171e-06,5.220540364583333509e-06,-3.414453125000000000e+01,1.342109375000000000e+02,1.000000000000000000e+00,-1.819948362577259671e+00,5.474062500000000000e+06,-1.898300000000000000e+04,3.276700000000000000e+04
5.155436197916666389e-06,5.224609374999999728e-06,9.702343750000000000e+01,1.268242187500000000e+02,1.000000000000000000e+00,-9.177279748023955408e-01,3.528937500000000000e+07,-9.573000000000000000e+03,3.276700000000000000e+04
5.159505208333333455e-06,5.228678385416666793e-06,-3.295703125000000000e+01,1.045468750000000000e+02,1.000000000000000000e+00,-1.876250251182624895e+00,-3.749156250000000000e+07,-1.957000000000000000e+04,-3.276800000000000000e+04
5.163574218749999673e-06,5.232747395833333012e-06,-1.937578125000000000e+02,2.872617187500000000e+02,1.000000000000000000e+00,-2.164231175658343442e+00,-1.126406250000000000e+07,-2.257400000000000000e+04,-3.276800000000000000e+04
5.167643229166666739e-06,5.236816406250000077e-06,-3.276562500000000000e+01,2.222539062500000000e+02,1.000000000000000000e+00,-1.717171649788921783e+00,1.748625000000000000e+07,-1.791100000000000000e+04,3.276700000000000000e+04
5.171712239583332957e-06,5.240885416666666296e-06,-1.170000000000000000e+02,5.300781250000000000e+00,1.000000000000000000e+00,-3.096292283447545479e+00,-5.394281250000000000e+07,-3.229600000000000000e+04,-3.276800000000000000e+04
5.175781250000000023e-06,5.244954427083333361e-06,-3.209570312500000000e+02,-7.176953125000000000e+01,1.000000000000000000e+00,2.921610221227068038e+00,-1.037625000000000000e+07,3.047300000000000000e+04,-3.276800000000000000e+04
5.179850260416667089e-06,5.249023437500000427e-06,-1.528437500000000000e+02,3.137500000000000000e+01,1.000000000000000000e+00,-2.939179094938320524e+00,1.652156250000000000e+07,-3.065700000000000000e+04,3.276700000000000000e+04
5.183919270833333307e-06,5.253092447916666645e-06,-1.307773437500000000e+02,-2.174101562500000000e+02,1.000000000000000000e+00,2.112339481818149345e+00,-4.817531250000000000e+07,2.203200000000000000e+04,-3.276800000000000000e+04
5.187988281250000373e-06,5.257161458333333711e-06,-7.565234375000000000e+01,-8.237109375000000000e+01,1.000000000000000000e+00,2.313698428677950503e+00,7.875937500000000000e+06,2.413200000000000000e+04,3.276700000000000000e+04
5.192057291666666591e-06,5.261230468749999930e-06,-7.531640625000000000e+01,-6.322656250000000000e+01,1.000000000000000000e+00,2.443247899904855025e+00,5.067187500000000000e+06,2.548400000000000000e+04,3.276700000000000000e+04
5.196126302083333657e-06,5.265299479166666995e-06,-1.935820312500000000e+02,-8.984375000000000000e-02,1.000000000000000000e+00,3.141137253043389421e+00,2.729718750000000000e+07,3.276300000000000000e+04,3.276700000000000000e+04
5.200195312499999875e-06,5.269368489583333214e-06,-1.788515625000000000e+02,-2.932421875000000000e+01,1.000000000000000000e+00,2.979086563873158067e+00,-6.338437500000000000e+06,3.107300000000000000e+04,-3.276800000000000000e+04
5.204264322916666941e-06,5.273437500000000279e-06,-1.707382812500000000e+02,-2.394765625000000000e+02,1.000000000000000000e+00,2.190189006803345606e+00,-3.085687500000000000e+07,2.284400000000000000e+04,-3.276800000000000000e+04
5.208333333333333159e-06,5.277506510416666498e-06,-2.608867187500000000e+02,-6.754687500000000000e+01,1.000000000000000000e+00,2.888246139090555165e+00,2.730375000000000000e+07,3.012500000000000000e+04,3.276700000000000000e+04
5.212402343750000225e-06,5.281575520833333563e-06,-3.074687500000000000e+02,-4.726562500000000000e+00,1.000000000000000000e+00,3.126252845710936867e+00,9.309375000000000000e+06,3.260800000000000000e+04,3.276700000000000000e+04
5.216471354166666444e-06,5.285644531249999782e-06,-1.042890625000000000e+02,-7.721875000000000000e+01,1.000000000000000000e+00,2.504223636223309235e+00,-2.433000000000000000e+07,2.612000000000000000e+04,-3.276800000000000000e+04
5.220540364583333509e-06,5.289713541666666847e-06,3.892187500000000000e+01,-3.106445312500000000e+02,1.000000000000000000e+00,1.446160387779188206e+00,-4.138500000000000000e+07,1.508400000000000000e+04,-3.276800000000000000e+04
5.224609374999999728e-06,5.293782552083333066e-06,3.619140625000000000e+01,-1.674921875000000000e+02,1.000000000000000000e+00,1.358004429375385236e+00,-3.448125000000000000e+06,1.416400000000000000e+04,-3.276800000000000000e+04
5.228678385416666793e-06,5.297851562500000131e-06,-1.020351562500000000e+02,-4.468359375000000000e+01,1.000000000000000000e+00,2.728855947849312624e+00,5.361937500000000000e+07,2.846300000000000000e+04,3.276700000000000000e+04
5.232747395833333012e-06,5.301920572916666350e-06,-1.029375000000000000e+02,-3.728515625000000000e+01,1.000000000000000000e+00,2.794098068234073917e+00,2.551875000000000000e+06,2.914300000000000000e+04,3.276700000000000000e+04
5.236816406250000077e-06,5.305989583333333416e-06,-1.288085937500000000e+02,-1.130546875000000000e+02,1.000000000000000000e+00,2.421268831428430968e+00,-1.458281250000000000e+07,2.525400000000000000e+04,-3.276800000000000000e+04
5.240885416666666296e-06,5.310058593749999634e-06,-4.576562500000000000e+01,-1.363437500000000000e+02,1.000000000000000000e+00,1.894610083737631179e+00,-2.059968750000000000e+07,1.976100000000000000e+04,-3.276800000000000000e+04
5.244954427083333361e-06,5.314127604166666700e-06,-2.288710937500000000e+02,1.336718750000000000e+01,1.000000000000000000e+00,-3.083277415200328164e+00,5.105531250000000000e+07,-3.216000000000000000e+04,3.276700000000000000e+04
5.249023437499999580e-06,5.318196614583332918e-06,1.245390625000000000e+02,-1.204531250000000000e+02,1.000000000000000000e+00,7.687400907790026272e-01,-9.509250000000000000e+07,8.018000000000000000e+03,-3.276800000000000000e+04
5.253092447916666645e-06,5.322265624999999984e-06,1.965156250000000000e+02,-8.796093750000000000e+01,1.000000000000000000e+00,4.208380417765013592e-01,-1.360781250000000000e+07,4.389000000000000000e+03,-3.276800000000000000e+04
5.257161458333333711e-06,5.326334635416667049e-06,-4.908593750000000000e+01,1.580859375000000000e+01,0.000000000000000000e+00,4.208380417765013592e-01,-1.360781250000000000e+07,0.000000000000000000e+00,0.000000000000000000e+00
5.261230468749999930e-06,5.330403645833333268e-06,1.003554687500000000e+02,1.565468750000000000e+02,1.000000000000000000e+00,-1.000730716496895267e+00,0.000000000000000000e+00,-1.043800000000000000e+04,-1.043800000000000000e+04
5.265299479166666995e-06,5.334472656250000333e-06,3.299296875000000000e+02,1.991679687500000000e+02,1.000000000000000000e+00,-5.431250727107598264e-01,1.789875000000000000e+07,-5.665000000000000000e+03,3.276700000000000000e+04
5.269368489583333214e-06,5.338541666666666552e-06,1.325507812500000000e+02,-1.306250000000000000e+01,1.000000000000000000e+00,9.819873887449175054e-02,2.508468750000000000e+07,1.024000000000000000e+03,3.276700000000000000e+04
5.273437500000000279e-06,5.342610677083333617e-06,3.375781250000000000e+01,-3.032031250000000000e+01,0.000000000000000000e+00,9.819873887449175054e-02,2.508468750000000000e+07,0.000000000000000000e+00,0.000000000000000000e+00
5.277506510416666498e-06,5.346679687499999836e-06,2.062500000000000000e+00,1.278359375000000000e+02,1.000000000000000000e+00,-1.554737465421718756e+00,0.000000000000000000e+00,-1.621700000000000000e+04,-1.621700000000000000e+04
5.281575520833333563e-06,5.350748697916666902e-06,1.225273437500000000e+02,1.689179687500000000e+02,1.000000000000000000e+00,-9.432064369511836688e-01,2.391937500000000000e+07,-9.838000000000000000e+03,3.276700000000000000e+04
5.285644531249999782e-06,5.354817708333333120e-06,-2.507421875000000000e+01,1.825429687500000000e+02,1.000000000000000000e+00,-1.707320616916718548e+00,-2.988750000000000000e+07,-1.780800000000000000e+04,-3.276800000000000000e+04
5.289713541666666847e-06,5.358886718750000186e-06,7.816796875000000000e+01,6.079296875000000000e+01,1.000000000000000000e+00,-6.610019088798471110e-01,4.092562500000000000e+07,-6.895000000000000000e+03,3.276700000000000000e+04
5.293782552083333066e-06,5.362955729166666404e-06,-3.451171875000000000e+01,1.059765625000000000e+01,0.000000000000000000e+00,-6.610019088798471110e-01,4.092562500000000000e+07,0.000000000000000000e+00,0.000000000000000000e+00
5.297851562500000131e-06,5.367024739583333470e-06,1.968750000000000000e+01,1.590351562500000000e+02,1.000000000000000000e+00,-1.447694368567073786e+00,0.000000000000000000e+00,-1.510000000000000000e+04,-1.510000000000000000e+04
5.301920572916666350e-06,5.371093749999999688e-06,-2.967187500000000000e+01,-4.695703125000000000e+01,0.000000000000000000e+00,-1.447694368567073786e+00,0.000000000000000000e+00,0.000000000000000000e+00,0.000000000000000000e+00
5.305989583333333416e-06,5.375162760416666754e-06,1.013906250000000000e+02,-1.838164062500000000e+02,1.000000000000000000e+00,1.066715858825788343e+00,0.000000000000000000e+00,1.112600000000000000e+04,1.112600000000000000e+04
5.310058593749999634e-06,5.379231770833332972e-06,-1.901953125000000000e+01,5.019921875000000000e+01,0.000000000000000000e+00,1.066715858825788343e+00,0.000000000000000000e+00,0.000000000000000000e+00,0.000000000000000000e+00
5.314127604166666700e-06,5.383300781250000038e-06,-3.480468750000000000e+00,5.546484375000000000e+01,0.000000000000000000e+00,1.066715858825788343e+00,0.000000000000000000e+00,0.000000000000000000e+00,0.000000000000000000e+00
5.318196614583332918e-06,5.387369791666666256e-06,-4.071093750000000000e+01,8.543750000000000000e+01,1.000000000000000000e+00,-2.015435039233436143e+00,0.000000000000000000e+00,-2.102200000000000000e+04,-2.102200000000000000e+04
5.322265624999999984e-06,5.391438802083333322e-06,1.533593750000000000e+01,1.194609375000000000e+02,1.000000000000000000e+00,-1.443188300002659741e+00,2.238281250000000000e+07,-1.505300000000000000e+04,3.276700000000000000e+04
5.326334635416667049e-06,5.395507812500000388e-06,-8.546484375000000000e+01,2.923437500000000000e+01,1.000000000000000000e+00,-2.812098374041919424e+00,-5.354343750000000000e+07,-2.933200000000000000e+04,-3.276800000000000000e+04
5.330403645833333268e-06,5.399576822916666606e-06,-1.335937500000000000e+01,8.325390625000000000e+01,1.000000000000000000e+00,-1.729946833538031914e+00,4.232718750000000000e+07,-1.804400000000000000e+04,3.276700000000000000e+04
5.334472656250000333e-06,5.403645833333333672e-06,-4.123437500000000000e+01,9.075781250000000000e+01,1.000000000000000000e+00,-1.997266954276915474e+00,-1.045593750000000000e+07,-2.083300000000000000e+04,-3.276800000000000000e+04
5.338541666666666552e-06,5.407714843749999890e-06,8.853125000000000000e+01,2.148437500000000000e+01,1.000000000000000000e+00,-2.381505173192458025e-01,6.880593750000000000e+07,-2.484000000000000000e+03,3.276700000000000000e+04
5.342610677083333617e-06,5.411783854166666956e-06,1.013007812500000000e+02,-7.328906250000000000e+01,1.000000000000000000e+00,6.263435304535558412e-01,3.381375000000000000e+07,6.533000000000000000e+03,3.276700000000000000e+04
5.346679687499999836e-06,5.415852864583333174e-06,-3.781250000000000000e+01,2.287890625000000000e+01,0.000000000000000000e+00,6.263435304535558412e-01,3.381375000000000000e+07,0.000000000000000000e+00,0.000000000000000000e+00
5.350748697916666902e-06,5.419921875000000240e-06,2.289804687500000000e+02,9.831250000000000000e+01,1.000000000000000000e+00,-4.055461707972664032e-01,0.000000000000000000e+00,-4.230000000000000000e+03,-4.230000000000000000e+03
5.354817708333333120e-06,5.423990885416666458e-06,6.210937500000000000e+00,-1.381601562500000000e+02,1.000000000000000000e+00,1.525831514949998802e+00,7.554375000000000000e+07,1.591500000000000000e+04,3.276700000000000000e+04
5.358886718750000186e-06,5.428059895833333524e-06,1.002734375000000000e+02,4.520703125000000000e+01,1.000000000000000000e+00,-4.235225081553012361e-01,-7.624687500000000000e+07,-4.418000000000000000e+03,-3.276800000000000000e+04
5.362955729166666404e-06,5.432128906249999743e-06,1.357695312500000000e+02,-2.359062500000000000e+02,1.000000000000000000e+00,1.048571742319078570e+00,5.757937500000000000e+07,1.093700000000000000e+04,3.276700000000000000e+04
5.367024739583333470e-06,5.436197916666666808e-06,-1.129882812500000000e+02,1.587500000000000000e+01,1.000000000000000000e+00,-3.002096275691442440e+00,8.732250000000000000e+07,-3.131300000000000000e+04,3.276700000000000000e+04
5.371093749999999688e-06,5.440266927083333027e-06,5.466406250000000000e+01,9.919921875000000000e+01,1.000000000000000000e+00,-1.067051417123138446e+00,7.568718750000000000e+07,-1.113000000000000000e+04,3.276700000000000000e+04
5.375162760416666754e-06,5.444335937500000092e-06,-2.065625000000000000e+01,6.247656250000000000e+01,0.000000000000000000e+00,-1.067051417123138446e+00,7.568718750000000000e+07,0.000000000000000000e+00,0.000000000000000000e+00
5.379231770833332972e-06,5.448404947916666311e-06,-4.599609375000000000e+01,-5.457031250000000000e+00,0.000000000000000000e+00,-1.067051417123138446e+00,7.568718750000000000e+07,0.000000000000000000e+00,0.000000000000000000e+00
5.383300781250000038e-06,5.452473958333333376e-06,9.044140625000000000e+01,1.795507812500000000e+02,1.000000000000000000e+00,-1.104202514329743812e+00,0.000000000000000000e+00,-1.151800000000000000e+04,-1.151800000000000000e+04
5.387369791666666256e-06,5.456542968749999595e-06,2.614414062500000000e+02,1.962617187500000000e+02,1.000000000000000000e+00,-6.439603410644300086e-01,1.800187500000000000e+07,-6.717000000000000000e+03,3.276700000000000000e+04
5.391438802083333322e-06,5.460611979166666660e-06,2.051914062500000000e+02,8.476171875000000000e+01,1.000000000000000000e+00,-3.916924068066741649e-01,9.867187500000000000e+06,-4.086000000000000000e+03,3.276700000000000000e+04
5.395507812500000388e-06,5.464680989583333726e-06,-5.960937500000000000e+01,2.001562500000000000e+02,1.000000000000000000e+00,-1.860239326709068441e+00,-5.744062500000000000e+07,-1.940300000000000000e+04,-3.276800000000000000e+04
5.399576822916666606e-06,5.468749999999999944e-06,1.424179687500000000e+02,3.039804687500000000e+02,1.000000000000000000e+00,-1.132653064255060293e+00,2.845875000000000000e+07,-1.181400000000000000e+04,3.276700000000000000e+04
5.403645833333333672e-06,5.472819010416667010e-06,2.247851562500000000e+02,1.987226562500000000e+02,1.000000000000000000e+00,-7.239670265325904852e-01,1.598531250000000000e+07,-7.552000000000000000e+03,3.276700000000000000e+04
5.407714843749999890e-06,5.476888020833333229e-06,1.185429687500000000e+02,-2.634765625000000000e+01,1.000000000000000000e+00,2.186401991733253058e-01,3.686906250000000000e+07,2.280000000000000000e+03,3.276700000000000000e+04
5.411783854166666956e-06,5.480957031250000294e-06,-4.814843750000000000e+01,-9.726171875000000000e+01,1.000000000000000000e+00,2.030415320365131837e+00,7.086562500000000000e+07,2.117800000000000000e+04,3.276700000000000000e+04
5.415852864583333174e-06,5.485026041666666513e-06,9.554687500000000000e+00,3.320312500000000000e+01,0.000000000000000000e+00,2.030415320365131837e+00,7.086562500000000000e+07,0.000000000000000000e+00,0.000000000000000000e+00
5.419921875000000240e-06,5.489095052083333578e-06,1.475468750000000000e+02,2.379648437500000000e+02,1.000000000000000000e+00,-1.015782902978022983e+00,0.000000000000000000e+00,-1.059500000000000000e+04,-1.059500000000000000e+04
5.423990885416666458e-06,5.493164062499999797e-06,1.197382812500000000e+02,2.041406250000000000e+02,1.000000000000000000e+00,-1.040350564034004055e+00,-9.609375000000000000e+05,-1.085200000000000000e+04,-2.725200000000000000e+04
5.428059895833333524e-06,5.497233072916666862e-06,5.441406250000000000e+01,1.843359375000000000e+01,0.000000000000000000e+00,-1.040350564034004055e+00,-9.609375000000000000e+05,0.000000000000000000e+00,0.000000000000000000e+00
5.432128906249999743e-06,5.501302083333333081e-06,2.546875000000000000e+00,1.519140625000000000e+01,0.000000000000000000e+00,-1.040350564034004055e+00,-9.609375000000000000e+05,0.000000000000000000e+00,0.000000000000000000e+00
5.436197916666666808e-06,5.505371093750000146e-06,-7.033593750000000000e+01,9.770703125000000000e+01,1.000000000000000000e+00,-2.194766980717191895e+00,0.000000000000000000e+00,-2.289300000000000000e+04,-2.289300000000000000e+04
5.440266927083333027e-06,5.509440104166666365e-06,-4.671484375000000000e+01,3.874609375000000000e+01,0.000000000000000000e+00,-2.194766980717191895e+00,0.000000000000000000e+00,0.000000000000000000e+00,0.000000000000000000e+00
5.444335937500000092e-06,5.513509114583333430e-06,-6.352734375000000000e+01,-2.235937500000000000e+01,0.000000000000000000e+00,-2.194766980717191895e+00,0.000000000000000000e+00,0.000000000000000000e+00,0.000000000000000000e+00
5.448404947916666311e-06,5.517578124999999649e-06,4.974609375000000000e+01,4.684765625000000000e+01,0.000000000000000000e+00,-2.194766980717191895e+00,0.000000000000000000e+00,0.000000000000000000e+00,0.000000000000000000e+00
5.452473958333333376e-06,5.521647135416666715e-06,1.253515625000000000e+01,1.061757812500000000e+02,1.000000000000000000e+00,-1.453302985822780835e+00,0.000000000000000000e+00,-1.515900000000000000e+04,-1.515900000000000000e+04
5.456542968749999595e-06,5.525716145833332933e-06,-1.017890625000000000e+02,1.843359375000000000e+01,1.000000000000000000e+00,-2.962476428154333874e+00,-5.902968750000000000e+07,-3.090000000000000000e+04,-3.276800000000000000e+04
5.460611979166666660e-06,5.529785156249999999e-06,-9.241406250000000000e+01,5.744921875000000000e+01,1.000000000000000000e+00,-2.585428744182005190e+00,1.474781250000000000e+07,-2.696700000000000000e+04,3.276700000000000000e+04
5.464680989583333726e-06,5.533854166666667064e-06,6.587890625000000000e+01,4.335937500000000000e-01,1.000000000000000000e+00,-6.663229047378253778e-03,1.008656250000000000e+08,-7.000000000000000000e+01,3.276700000000000000e+04
5.468749999999999944e-06,5.537923177083333283e-06,3.357031250000000000e+01,9.494140625000000000e+01,1.000000000000000000e+00,-1.230947676928794809e+00,-4.788656250000000000e+07,-1.284000000000000000e+04,-3.276800000000000000e+04
5.472819010416667010e-06,5.541992187500000348e-06,3.869921875000000000e+01,8.891015625000000000e+01,1.000000000000000000e+00,-1.160216781537380504e+00,2.766562500000000000e+06,-1.210200000000000000e+04,3.276700000000000000e+04
5.476888020833333229e-06,5.546061197916666567e-06,1.467968750000000000e+01,8.710156250000000000e+01,1.000000000000000000e+00,-1.403832105413468812e+00,-9.528750000000000000e+06,-1.464300000000000000e+04,-3.276800000000000000e+04
5.480957031250000294e-06,5.550130208333333632e-06,-6.771093750000000000e+01,-1.483203125000000000e+01,1.000000000000000000e+00,2.925900573743185351e+00,-7.640718750000000000e+07,3.051800000000000000e+04,-3.276800000000000000e+04
5.485026041666666513e-06,5.554199218749999851e-06,-1.640664062500000000e+02,8.252734375000000000e+01,1.000000000000000000e+00,-2.675574083920097657e+00,2.666437500000000000e+07,-2.790800000000000000e+04,3.276700000000000000e+04
5.489095052083333578e-06,5.558268229166666916e-06,1.061367187500000000e+02,2.689609375000000000e+02,1.000000000000000000e+00,-1.194923096863293122e+00,5.791406250000000000e+07,-1.246400000000000000e+04,3.276700000000000000e+04
5.493164062499999797e-06,5.562337239583333135e-06,-2.043164062500000000e+02,1.491796875000000000e+01,1.000000000000000000e+00,-3.068680629265603699e+00,-7.329000000000000000e+07,-3.200800000000000000e+04,-3.276800000000000000e+04
5.497233072916666862e-06,5.566406250000000201e-06,-2.129609375000000000e+02,6.550781250000000000e+01,1.000000000000000000e+00,-2.843161484996603594e+00,8.820937500000000000e+06,-2.965600000000000000e+04,3.276700000000000000e+04
5.501302083333333081e-06,5.570475260416666419e-06,-1.036992187500000000e+02,-1.517656250000000000e+02,1.000000000000000000e+00,2.170175351211399928e+00,-4.966875000000000000e+07,2.263500000000000000e+04,-3.276800000000000000e+04
5.505371093750000146e-06,5.574544270833333485e-06,-5.515625000000000000e+00,-1.824687500000000000e+02,1.000000000000000000e+00,1.601020542006205805e+00,-2.226187500000000000e+07,1.669900000000000000e+04,-3.276800000000000000e+04
5.509440104166666365e-06,5.578613281249999703e-06,-4.410937500000000000e+01,-8.146875000000000000e+01,1.000000000000000000e+00,2.066991174776279916e+00,1.822593750000000000e+07,2.155900000000000000e+04,3.276700000000000000e+04
5.513509114583333430e-06,5.582682291666666769e-06,-1.670546875000000000e+02,-7.298437500000000000e+01,1.000000000000000000e+00,2.729670875142876874e+00,2.592000000000000000e+07,2.847100000000000000e+04,3.276700000000000000e+04
5.517578124999999649e-06,5.586751302083332987e-06,-1.294726562500000000e+02,9.211718750000000000e+01,1.000000000000000000e+00,-2.523230616923204828e+00,4.029843750000000000e+07,-2.631900000000000000e+04,3.276700000000000000e+04
5.521647135416666715e-06,5.590820312500000053e-06,-2.286328125000000000e+01,8.499218750000000000e+01,1.000000000000000000e+00,-1.833682284318798317e+00,2.697093750000000000e+07,-1.912600000000000000e+04,3.276700000000000000e+04
5.525716145833332933e-06,5.594889322916666271e-06,-7.343750000000000000e+00,9.204687500000000000e+01,1.000000000000000000e+00,-1.650371580166464236e+00,7.170000000000000000e+06,-1.721400000000000000e+04,3.276700000000000000e+04
5.529785156249999999e-06,5.598958333333333337e-06,4.114453125000000000e+01,8.933984375000000000e+01,1.000000000000000000e+00,-1.139220419503195636e+00,1.999312500000000000e+07,-1.188300000000000000e+04,3.276700000000000000e+04
5.533854166666667064e-06,5.603027343750000403e-06,-1.109648437500000000e+02,2.102656250000000000e+02,1.000000000000000000e+00,-2.056373151510134001e+00,-3.587343750000000000e+07,-2.144900000000000000e+04,-3.276800000000000000e+04
5.537923177083333283e-06,5.607096354166666621e-06,6.144531250000000000e+00,1.512187500000000000e+02,1.000000000000000000e+00,-1.530193772815548581e+00,2.058093750000000000e+07,-1.596100000000000000e+04,3.276700000000000000e+04
5.541992187500000348e-06,5.611165364583333687e-06,-9.428515625000000000e+01,6.438281250000000000e+01,1.000000000000000000e+00,-2.542477282121207605e+00,-3.959437500000000000e+07,-2.651900000000000000e+04,-3.276800000000000000e+04
5.546061197916666567e-06,5.615234374999999905e-06,-2.529687500000000000e+01,1.214687500000000000e+02,1.000000000000000000e+00,-1.776062130973844022e+00,2.997750000000000000e+07,-1.852500000000000000e+04,3.276700000000000000e+04
5.550130208333333632e-06,5.619303385416666971e-06,-9.957421875000000000e+01,8.065234375000000000e+01,1.000000000000000000e+00,-2.460768836716486163e+00,-2.678156250000000000e+07,-2.566700000000000000e+04,-3.276800000000000000e+04
5.554199218749999851e-06,5.623372395833333189e-06,1.044804687500000000e+02,8.839062500000000000e+01,1.000000000000000000e+00,-7.021797056546522642e-01,6.878531250000000000e+07,-7.324000000000000000e+03,3.276700000000000000e+04
5.558268229166666916e-06,5.627441406250000255e-06,9.555859375000000000e+01,1.758789062500000000e+02,1.000000000000000000e+00,-1.073091466475438072e+00,-1.450781250000000000e+07,-1.119300000000000000e+04,-3.276800000000000000e+04
5.562337239583333135e-06,5.631510416666666473e-06,-9.532031250000000000e+01,-7.107421875000000000e+01,1.000000000000000000e+00,2.500915990149430890e+00,-1.059665625000000000e+08,2.608500000000000000e+04,-3.276800000000000000e+04
5.566406250000000201e-06,5.635579427083333539e-06,-2.459492187500000000e+02,6.703515625000000000e+01,1.000000000000000000e+00,-2.875518892241066382e+00,3.546656250000000000e+07,-2.999300000000000000e+04,3.276700000000000000e+04
5.570475260416666419e-06,5.639648437499999757e-06,-1.671328125000000000e+02,1.907773437500000000e+02,1.000000000000000000e+00,-2.290233316313262435e+00,2.289281250000000000e+07,-2.388800000000000000e+04,3.276700000000000000e+04
5.574544270833333485e-06,5.643717447916666823e-06,-1.035937500000000000e+01,-6.445312500000000000e+00,0.000000000000000000e+00,-2.290233316313262435e+00,2.289281250000000000e+07,0.000000000000000000e+00,0.000000000000000000e+00
5.578613281249999703e-06,5.647786458333333042e-06,-4.142968750000000000e+01,-2.097031250000000000e+02,1.000000000000000000e+00,1.765875539804290906e+00,0.000000000000000000e+00,1.841800000000000000e+04,1.841800000000000000e+04
5.582682291666666769e-06,5.651855468750000107e-06,-1.860195312500000000e+02,-2.067929687500000000e+02,1.000000000000000000e+00,2.303391995259343794e+00,2.102437500000000000e+07,2.402500000000000000e+04,3.276700000000000000e+04
5.586751302083332987e-06,5.655924479166666326e-06,4.521093750000000000e+01,-1.062812500000000000e+02,1.000000000000000000e+00,1.168581770521319285e+00,-4.438687500000000000e+07,1.218800000000000000e+04,-3.276800000000000000e+04
5.590820312500000053e-06,5.659993489583333391e-06,-2.248828125000000000e+01,-1.746484375000000000e+02,1.000000000000000000e+00,1.698835785683726174e+00,2.074031250000000000e+07,1.771900000000000000e+04,3.276700000000000000e+04
5.594889322916666271e-06,5.664062499999999610e-06,1.783203125000000000e+02,-2.136757812500000000e+02,1.000000000000000000e+00,8.753757239868654727e-01,-3.220875000000000000e+07,9.130000000000000000e+03,-3.276800000000000000e+04
5.598958333333333337e-06,5.668131510416666675e-06,7.708593750000000000e+01,-1.473593750000000000e+02,1.000000000000000000e+00,1.088862706450887341e+00,8.350312500000000000e+06,1.135700000000000000e+04,3.276700000000000000e+04
5.603027343750000403e-06,5.672200520833333741e-06,4.326562500000000000e+01,-1.000078125000000000e+02,1.000000000000000000e+00,1.162517752719208985e+00,2.880937500000000000e+06,1.212500000000000000e+04,3.276700000000000000e+04
5.607096354166666621e-06,5.676269531249999959e-06,1.515625000000000000e+02,-1.822421875000000000e+02,1.000000000000000000e+00,8.770535154736153194e-01,-1.116562500000000000e+07,9.148000000000000000e+03,-3.276800000000000000e+04
5.611165364583333687e-06,5.680338541666667025e-06,1.845585937500000000e+02,-1.313867187500000000e+02,1.000000000000000000e+00,6.186736265141276059e-01,-1.010625000000000000e+07,6.453000000000000000e+03,-3.276800000000000000e+04
5.615234374999999905e-06,5.684407552083333243e-06,1.508242187500000000e+02,8.630078125000000000e+01,1.000000000000000000e+00,-5.197558341453145658e-01,-4.452843750000000000e+07,-5.422000000000000000e+03,-3.276800000000000000e+04
5.619303385416666971e-06,5.688476562500000309e-06,7.517187500000000000e+01,6.758984375000000000e+01,1.000000000000000000e+00,-7.323320155165293777e-01,-8.314687500000000000e+06,-7.639000000000000000e+03,-3.276800000000000000e+04
5.623372395833333189e-06,5.692545572916666528e-06,3.857421875000000000e+01,-6.312500000000000000e+01,0.000000000000000000e+00,-7.323320155165293777e-01,-8.314687500000000000e+06,0.000000000000000000e+00,0.000000000000000000e+00
5.627441406250000255e-06,5.696614583333333593e-06,9.491796875000000000e+01,-7.464062500000000000e+01,1.000000000000000000e+00,6.663708416374468646e-01,0.000000000000000000e+00,6.950000000000000000e+03,6.950000000000000000e+03
5.631510416666666473e-06,5.700683593749999812e-06,1.243593750000000000e+02,1.052148437500000000e+02,1.000000000000000000e+00,-7.022036741044629382e-01,-5.353031250000000000e+07,-7.325000000000000000e+03,-3.276800000000000000e+04
5.635579427083333539e-06,5.704752604166666877e-06,3.003281250000000000e+02,1.335976562500000000e+02,1.000000000000000000e+00,-4.185610390444836071e-01,1.109437500000000000e+07,-4.366000000000000000e+03,3.276700000000000000e+04
5.639648437499999757e-06,5.708821614583333096e-06,5.642187500000000000e+01,1.150898437500000000e+02,1.000000000000000000e+00,-1.115012285194375341e+00,-2.724093750000000000e+07,-1.163000000000000000e+04,-3.276800000000000000e+04
5.643717447916666823e-06,5.712890625000000161e-06,8.521484375000000000e+01,1.024687500000000000e+02,1.000000000000000000e+00,-8.770774839234261044e-01,9.306562500000000000e+06,-9.149000000000000000e+03,3.276700000000000000e+04
5.647786458333333042e-06,5.716959635416666380e-06,1.025742187500000000e+02,7.035937500000000000e+01,1.000000000000000000e+00,-6.012245950519284898e-01,1.078968750000000000e+07,-6.271000000000000000e+03,3.276700000000000000e+04
5.651855468750000107e-06,5.721028645833333445e-06,5.112109375000000000e+01,1.936835937500000000e+02,1.000000000000000000e+00,-1.312728027682948051e+00,-2.782968750000000000e+07,-1.369300000000000000e+04,-3.276800000000000000e+04
5.655924479166666326e-06,5.725097656249999664e-06,3.813281250000000000e+01,1.135898437500000000e+02,1.000000000000000000e+00,-1.246982569852161937e+00,2.571562500000000000e+06,-1.300700000000000000e+04,3.088100000000000000e+04
5.659993489583333391e-06,5.729166666666666729e-06,-1.746093750000000000e+01,1.192578125000000000e+01,0.000000000000000000e+00,-1.246982569852161937e+00,2.571562500000000000e+06,0.000000000000000000e+00,0.000000000000000000e+00
5.664062499999999610e-06,5.733235677083332948e-06,7.426953125000000000e+01,8.702343750000000000e+01,1.000000000000000000e+00,-8.642783317245051888e-01,0.000000000000000000e+00,-9.015000000000000000e+03,-9.015000000000000000e+03
5.668131510416666675e-06,5.737304687500000014e-06,-4.539062500000000000e+01,2.800390625000000000e+02,1.000000000000000000e+00,-1.731480814325917494e+00,-3.391968750000000000e+07,-1.806000000000000000e+04,-3.276800000000000000e+04
5.672200520833333741e-06,5.741373697916667079e-06,-1.377148437500000000e+02,2.522343750000000000e+02,1.000000000000000000e+00,-2.070562473798076120e+00,-1.326281250000000000e+07,-2.159700000000000000e+04,-3.276800000000000000e+04
5.676269531249999959e-06,5.745442708333333298e-06,-2.502148437500000000e+02,1.126484375000000000e+02,1.000000000000000000e+00,-2.718573482880517034e+00,-2.534625000000000000e+07,-2.835600000000000000e+04,-3.276800000000000000e+04
5.680338541666667025e-06,5.749511718750000363e-06,-2.031406250000000000e+02,2.256093750000000000e+02,1.000000000000000000e+00,-2.303847395805747489e+00,1.622156250000000000e+07,-2.403000000000000000e+04,3.276700000000000000e+04
5.684407552083333243e-06,5.753580729166666582e-06,-1.364687500000000000e+02,2.997148437500000000e+02,1.000000000000000000e+00,-1.998081881570479723e+00,1.195968750000000000e+07,-2.084100000000000000e+04,3.276700000000000000e+04
5.688476562500000309e-06,5.757649739583333647e-06,-6.337890625000000000e+01,8.273046875000000000e+01,1.000000000000000000e+00,-2.224535795382097447e+00,-8.857500000000000000e+06,-2.320300000000000000e+04,-3.276800000000000000e+04
5.692545572916666528e-06,5.761718749999999866e-06,-1.311875000000000000e+02,-1.170703125000000000e+01,1.000000000000000000e+00,3.052669704792047245e+00,-3.934781250000000000e+07,3.184000000000000000e+04,-3.276800000000000000e+04
5.696614583333333593e-06,5.765787760416666931e-06,-1.659882812500000000e+02,-6.946875000000000000e+01,1.000000000000000000e+00,2.745250367519840751e+00,-1.202437500000000000e+07,2.863400000000000000e+04,-3.276800000000000000e+04
5.700683593749999812e-06,5.769856770833333150e-06,2.158593750000000000e+01,-1.153906250000000000e+01,0.000000000000000000e+00,2.745250367519840751e+00,-1.202437500000000000e+07,0.000000000000000000e+00,0.000000000000000000e+00
5.704752604166666877e-06,5.773925781250000215e-06,9.488281250000000000e+01,-2.451601562500000000e+02,1.000000000000000000e+00,1.201538389011049812e+00,0.000000000000000000e+00,1.253200000000000000e+04,1.253200000000000000e+04
5.708821614583333096e-06,5.777994791666666434e-06,5.407421875000000000e+01,-2.040937500000000000e+02,1.000000000000000000e+00,1.311769289690519535e+00,4.311562500000000000e+06,1.368200000000000000e+04,3.276700000000000000e+04
5.712890625000000161e-06,5.782063802083333500e-06,9.904687500000000000e+01,-1.560507812500000000e+02,1.000000000000000000e+00,1.005212816611498416e+00,-1.199062500000000000e+07,1.048400000000000000e+04,-3.276800000000000000e+04
5.716959635416666380e-06,5.786132812499999718e-06,8.698828125000000000e+01,-1.856757812500000000e+02,1.000000000000000000e+00,1.132629095805249619e+00,4.983750000000000000e+06,1.181300000000000000e+04,3.276700000000000000e+04
5.721028645833333445e-06,5.790201822916666784e-06,2.036328125000000000e+01,-4.066015625000000000e+01,0.000000000000000000e+00,1.132629095805249619e+00,4.983750000000000000e+06,0.000000000000000000e+00,0.000000000000000000e+00
5.725097656249999664e-06,5.794270833333333002e-06,-5.720703125000000000e+01,-1.359375000000000000e+00,0.000000000000000000e+00,1.132629095805249619e+00,4.983750000000000000e+06,0.000000000000000000e+00,0.000000000000000000e+00
5.729166666666666729e-06,5.798339843750000068e-06,3.003125000000000000e+01,1.036718750000000000e+02,1.000000000000000000e+00,-1.288879420121288533e+00,0.000000000000000000e+00,-1.344400000000000000e+04,-1.344400000000000000e+04
5.733235677083332948e-06,5.802408854166666286e-06,2.316015625000000000e+01,-7.727734375000000000e+01,1.000000000000000000e+00,1.279555693144921236e+00,1.004615625000000000e+08,1.334600000000000000e+04,3.276700000000000000e+04
5.737304687500000014e-06,5.806477864583333352e-06,-8.891015625000000000e+01,2.472656250000000000e+01,1.000000000000000000e+00,-2.870293770182331006e+00,8.344312500000000000e+07,-2.993900000000000000e+04,3.276700000000000000e+04
5.741373697916667079e-06,5.810546875000000417e-06,-7.982031250000000000e+01,2.698984375000000000e+02,1.000000000000000000e+00,-1.858345819174022084e+00,3.958125000000000000e+07,-1.938400000000000000e+04,3.276700000000000000e+04
5.745442708333333298e-06,5.814615885416666636e-06,3.908593750000000000e+01,1.242343750000000000e+02,1.000000000000000000e+00,-1.265989550552057530e+00,2.316937500000000000e+07,-1.320500000000000000e+04,3.276700000000000000e+04
5.749511718750000363e-06,5.818684895833333702e-06,3.066796875000000000e+01,1.485156250000000000e+01,0.000000000000000000e+00,-1.265989550552057530e+00,2.316937500000000000e+07,0.000000000000000000e+00,0.000000000000000000e+00
5.753580729166666582e-06,5.822753906249999920e-06,-1.050781250000000000e+01,-9.127734375000000000e+01,1.000000000000000000e+00,1.685389485339916060e+00,0.000000000000000000e+00,1.757900000000000000e+04,1.757900000000000000e+04
5.757649739583333647e-06,5.826822916666666986e-06,-1.821054687500000000e+02,2.661328125000000000e+01,1.000000000000000000e+00,-2.996487658435735835e+00,6.263343750000000000e+07,-3.125500000000000000e+04,3.276700000000000000e+04
5.761718749999999866e-06,5.830891927083333204e-06,1.095664062500000000e+02,8.536328125000000000e+01,1.000000000000000000e+00,-6.618647730730327083e-01,9.131625000000000000e+07,-6.904000000000000000e+03,3.276700000000000000e+04
5.765787760416666931e-06,5.834960937500000270e-06,1.087148437500000000e+02,-1.081328125000000000e+02,1.000000000000000000e+00,7.827856023680805908e-01,5.650593750000000000e+07,8.164000000000000000e+03,3.276700000000000000e+04
5.769856770833333150e-06,5.839029947916666488e-06,6.393359375000000000e+01,-1.053867187500000000e+02,1.000000000000000000e+00,1.025490125151361731e+00,9.493125000000000000e+06,1.069600000000000000e+04,3.276700000000000000e+04
5.773925781250000215e-06,5.843098958333333554e-06,4.448828125000000000e+01,1.298828125000000000e+02,1.000000000000000000e+00,-1.240870615150430067e+00,-8.864625000000000000e+07,-1.294300000000000000e+04,-3.276800000000000000e+04
5.777994791666666434e-06,5.847167968749999772e-06,-1.142734375000000000e+02,-1.914062500000000000e-01,1.000000000000000000e+00,3.139914862103043269e+00,-7.441031250000000000e+07,3.275000000000000000e+04,-3.276800000000000000e+04
5.782063802083333500e-06,5.851236979166666838e-06,-1.517382812500000000e+02,5.505859375000000000e+01,1.000000000000000000e+00,-2.793474888538995504e+00,1.368187500000000000e+07,-2.913700000000000000e+04,3.276700000000000000e+04
5.786132812499999718e-06,5.855305989583333056e-06,-7.100390625000000000e+01,-8.511328125000000000e+01,1.000000000000000000e+00,2.265977245104820348e+00,-4.786500000000000000e+07,2.363500000000000000e+04,-3.276800000000000000e+04
5.790201822916666784e-06,5.859375000000000122e-06,-2.242890625000000000e+02,1.875273437500000000e+02,1.000000000000000000e+00,-2.445237281239144078e+00,6.148593750000000000e+07,-2.550500000000000000e+04,3.276700000000000000e+04
5.794270833333333002e-06,5.863444010416666341e-06,-9.008984375000000000e+01,9.060937500000000000e+01,1.000000000000000000e+00,-2.353342244664870186e+00,3.594375000000000000e+06,-2.454700000000000000e+04,3.276700000000000000e+04
5.798339843750000068e-06,5.867513020833333406e-06,1.086328125000000000e+01,6.918750000000000000e+01,1.000000000000000000e+00,-1.415121245274314710e+00,3.669750000000000000e+07,-1.476100000000000000e+04,3.276700000000000000e+04
5.802408854166666286e-06,5.871582031249999625e-06,-1.805078125000000000e+01,2.036757812500000000e+02,1.000000000000000000e+00,-1.659191969696806712e+00,-9.546562500000000000e+06,-1.730600000000000000e+04,-3.276800000000000000e+04
5.806477864583333352e-06,5.875651041666666690e-06,-4.084765625000000000e+01,3.771875000000000000e+01,0.000000000000000000e+00,-1.659191969696806712e+00,-9.546562500000000000e+06,0.000000000000000000e+00,0.000000000000000000e+00
5.810546875000000417e-06,5.879720052083333756e-06,-2.673203125000000000e+02,-8.873437500000000000e+01,1.000000000000000000e+00,2.821062574271126167e+00,0.000000000000000000e+00,2.942400000000000000e+04,2.942400000000000000e+04
5.814615885416666636e-06,5.883789062499999974e-06,-2.456640625000000000e+02,-1.013750000000000000e+02,1.000000000000000000e+00,2.750235805080468943e+00,-2.770312500000000000e+06,2.868600000000000000e+04,-1.859400000000000000e+04
5.818684895833333702e-06,5.887858072916667040e-06,-1.383203125000000000e+02,-1.323242187500000000e+02,1.000000000000000000e+00,2.378341337817443613e+00,-1.454625000000000000e+07,2.480700000000000000e+04,-3.276800000000000000e+04
5.822753906249999920e-06,5.891927083333333258e-06,-1.056484375000000000e+02,-1.335117187500000000e+02,1.000000000000000000e+00,2.240235130008114695e+00,-5.401875000000000000e+06,2.336600000000000000e+04,-3.276800000000000000e+04
5.826822916666666986e-06,5.895996093750000324e-06,-1.454335937500000000e+02,-2.719843750000000000e+02,1.000000000000000000e+00,2.061837958066976562e+00,-6.977812500000000000e+06,2.150500000000000000e+04,-3.276800000000000000e+04
5.830891927083333204e-06,5.900065104166666542e-06,-2.194726562500000000e+02,1.065195312500000000e+02,1.000000000000000000e+00,-2.689763406208039775e+00,5.990625000000000000e+07,-2.805600000000000000e+04,3.276700000000000000e+04
5.834960937500000270e-06,5.904134114583333608e-06,-1.106484375000000000e+02,-3.194531250000000000e+01,1.000000000000000000e+00,2.860490674209749340e+00,-2.866781250000000000e+07,2.983600000000000000e+04,-3.276800000000000000e+04
5.839029947916666488e-06,5.908203124999999827e-06,-2.645703125000000000e+01,4.952343750000000000e+01,0.000000000000000000e+00,2.860490674209749340e+00,-2.866781250000000000e+07,0.000000000000000000e+00,0.000000000000000000e+00
5.843098958333333554e-06,5.912272135416666892e-06,4.796875000000000000e+00,2.732421875000000000e+01,0.000000000000000000e+00,2.860490674209749340e+00,-2.866781250000000000e+07,0.000000000000000000e+00,0.000000000000000000e+00
5.847167968749999772e-06,5.916341145833333111e-06,2.381250000000000000e+01,-8.377343750000000000e+01,1.000000000000000000e+00,1.293768983882674029e+00,0.000000000000000000e+00,1.349400000000000000e+04,1.349400000000000000e+04
5.851236979166666838e-06,5.920410156250000176e-06,-3.135937500000000000e+01,-1.611718750000000000e+02,1.000000000000000000e+00,1.762975357377194463e+00,1.835250000000000000e+07,1.838800000000000000e+04,3.276700000000000000e+04
5.855305989583333056e-06,5.924479166666666395e-06,-1.187148437500000000e+02,-1.501367187500000000e+02,1.000000000000000000e+00,2.239827666361332348e+00,1.865156250000000000e+07,2.336200000000000000e+04,3.276700000000000000e+04
5.859375000000000122e-06,5.928548177083333460e-06,4.676953125000000000e+01,-8.270312500000000000e+01,1.000000000000000000e+00,1.056193709358885346e+00,-4.629656250000000000e+07,1.101600000000000000e+04,-3.276800000000000000e+04
5.863444010416666341e-06,5.932617187499999679e-06,6.284765625000000000e+01,1.998828125000000000e+01,0.000000000000000000e+00,1.056193709358885346e+00,-4.629656250000000000e+07,0.000000000000000000e+00,0.000000000000000000e+00
5.867513020833333406e-06,5.936686197916666744e-06,8.718750000000000000e+01,-1.803242187500000000e+02,1.000000000000000000e+00,1.120453123301407228e+00,0.000000000000000000e+00,1.168600000000000000e+04,1.168600000000000000e+04
5.871582031249999625e-06,5.940755208333332963e-06,7.677734375000000000e+01,8.733984375000000000e+01,1.000000000000000000e+00,-8.495617035407273532e-01,-7.705500000000000000e+07,-8.862000000000000000e+03,-3.276800000000000000e+04
5.875651041666666690e-06,5.944824218750000028e-06,1.294257812500000000e+02,-1.494921875000000000e+01,1.000000000000000000e+00,1.150245906416123703e-01,3.772875000000000000e+07,1.199000000000000000e+03,3.276700000000000000e+04
5.879720052083333756e-06,5.948893229166667094e-06,-2.026562500000000000e+01,-1.080078125000000000e+01,0.000000000000000000e+00,1.150245906416123703e-01,3.772875000000000000e+07,0.000000000000000000e+00,0.000000000000000000e+00
5.883789062499999974e-06,5.952962239583333313e-06,-1.547773437500000000e+02,-1.740625000000000000e+02,1.000000000000000000e+00,2.297591630405151353e+00,0.000000000000000000e+00,2.396400000000000000e+04,2.396400000000000000e+04
5.887858072916667040e-06,5.957031250000000378e-06,5.806250000000000000e+01,1.220312500000000000e+01,0.000000000000000000e+00,2.297591630405151353e+00,0.000000000000000000e+00,0.000000000000000000e+00,0.000000000000000000e+00
5.891927083333333258e-06,5.961100260416666597e-06,5.127343750000000000e+01,-1.491484375000000000e+02,1.000000000000000000e+00,1.239672192659894590e+00,0.000000000000000000e+00,1.293000000000000000e+04,1.293000000000000000e+04
5.895996093750000324e-06,5.965169270833333662e-06,-1.294335937500000000e+02,-1.050625000000000000e+02,1.000000000000000000e+00,2.459714224924814729e+00,4.772062500000000000e+07,2.565500000000000000e+04,3.276700000000000000e+04
5.900065104166666542e-06,5.969238281249999881e-06,-8.016796875000000000e+01,-1.574843750000000000e+02,1.000000000000000000e+00,2.041656523326356165e+00,-1.635187500000000000e+07,2.129500000000000000e+04,-3.276800000000000000e+04
5.904134114583333608e-06,5.973307291666666946e-06,5.093750000000000000e+01,-3.208359375000000000e+02,1.000000000000000000e+00,1.413347579988321945e+00,-2.457562500000000000e+07,1.474100000000000000e+04,-3.276800000000000000e+04
5.908203124999999827e-06,5.977376302083333165e-06,2.316015625000000000e+02,-7.918359375000000000e+01,1.000000000000000000e+00,3.293984057486307182e-01,-4.239750000000000000e+07,3.435000000000000000e+03,-3.276800000000000000e+04
5.912272135416666892e-06,5.981445312500000230e-06,1.881562500000000000e+02,-5.201562500000000000e+01,1.000000000000000000e+00,2.696929972701442857e-01,-2.335312500000000000e+06,2.813000000000000000e+03,-3.276800000000000000e+04
5.916341145833333111e-06,5.985514322916666449e-06,-5.529687500000000000e+01,-1.072695312500000000e+02,1.000000000000000000e+00,2.046737834686227497e+00,6.950718750000000000e+07,2.134800000000000000e+04,3.276700000000000000e+04
5.920410156250000176e-06,5.989583333333333514e-06,1.480546875000000000e+02,4.301171875000000000e+01,1.000000000000000000e+00,-2.827078655173615451e-01,-9.111375000000000000e+07,-2.949000000000000000e+03,-3.276800000000000000e+04
5.924479166666666395e-06,5.993652343749999733e-06,6.320312500000000000e+00,-1.119375000000000000e+02,1.000000000000000000e+00,1.514350627490667067e+00,7.029000000000000000e+07,1.579500000000000000e+04,3.276700000000000000e+04
5.928548177083333460e-06,5.997721354166666799e-06,-4.105468750000000000e+00,-1.606132812500000000e+02,1.000000000000000000e+00,1.596346694293116819e+00,3.207187500000000000e+06,1.665000000000000000e+04,3.276700000000000000e+04
5.932617187499999679e-06,6.001790364583333017e-06,-2.030468750000000000e+01,5.060546875000000000e+01,0.000000000000000000e+00,1.596346694293116819e+00,3.207187500000000000e+06,0.000000000000000000e+00,0.000000000000000000e+00
5.936686197916666744e-06,6.005859375000000083e-06,1.027578125000000000e+02,5.394531250000000000e+01,1.000000000000000000e+00,-4.833237904330305312e-01,0.000000000000000000e+00,-5.042000000000000000e+03,-5.042000000000000000e+03
5.940755208333332963e-06,6.009928385416666301e-06,1.384453125000000000e+02,-7.891406250000000000e+01,1.000000000000000000e+00,5.180780426585646081e-01,3.916875000000000000e+07,5.403000000000000000e+03,3.276700000000000000e+04
5.944824218750000028e-06,6.013997395833333367e-06,9.958984375000000000e+01,-1.825351562500000000e+02,1.000000000000000000e+00,1.071317801189445307e+00,2.163937500000000000e+07,1.117400000000000000e+04,3.276700000000000000e+04
5.948893229166666247e-06,6.018066406249999585e-06,8.066406250000000000e+01,-4.601953125000000000e+01,1.000000000000000000e+00,5.184375694057252737e-01,-2.162531250000000000e+07,5.407000000000000000e+03,-3.276800000000000000e+04
5.952962239583333313e-06,6.022135416666666651e-06,-2.857421875000000000e+01,6.837109375000000000e+01,1.000000000000000000e+00,-1.966611306969013429e+00,-9.720000000000000000e+07,-2.051300000000000000e+04,-3.276800000000000000e+04
5.957031250000000378e-06,6.026204427083333716e-06,-1.686328125000000000e+02,2.034375000000000000e+01,1.000000000000000000e+00,-3.021534688487931053e+00,-4.126218750000000000e+07,-3.151600000000000000e+04,-3.276800000000000000e+04
5.961100260416666597e-06,6.030273437499999935e-06,-4.950390625000000000e+01,-1.844570312500000000e+02,1.000000000000000000e+00,1.833035136173909008e+00,-5.587875000000000000e+07,1.911900000000000000e+04,-3.276800000000000000e+04
5.965169270833333662e-06,6.034342447916667001e-06,6.535546875000000000e+01,-2.878085937500000000e+02,1.000000000000000000e+00,1.347506248358292913e+00,-1.899093750000000000e+07,1.405500000000000000e+04,-3.276800000000000000e+04
5.969238281249999881e-06,6.038411458333333219e-06,-1.492343750000000000e+02,-1.405625000000000000e+02,1.000000000000000000e+00,2.386131084005925551e+00,4.062468750000000000e+07,2.488800000000000000e+04,3.276700000000000000e+04
5.973307291666666946e-06,6.042480468750000285e-06,-1.402500000000000000e+02,-1.134335937500000000e+02,1.000000000000000000e+00,2.461487890210807716e+00,2.947500000000000000e+06,2.567400000000000000e+04,3.276700000000000000e+04
5.977376302083333165e-06,6.046549479166666503e-06,-9.921875000000000000e-01,-1.403320312500000000e+02,1.000000000000000000e+00,1.577843051039246269e+00,-3.456281250000000000e+07,1.645700000000000000e+04,-3.276800000000000000e+04
5.981445312500000230e-06,6.050618489583333569e-06,5.989453125000000000e+01,-4.650390625000000000e+01,0.000000000000000000e+00,1.577843051039246269e+00,-3.456281250000000000e+07,0.000000000000000000e+00,0.000000000000000000e+00
5.985514322916666449e-06,6.054687499999999787e-06,6.580468750000000000e+01,-1.349531250000000000e+02,1.000000000000000000e+00,1.117073571878096860e+00,0.000000000000000000e+00,1.165100000000000000e+04,1.165100000000000000e+04
5.989583333333333514e-06,6.058756510416666853e-06,-1.157421875000000000e+01,-7.101562500000000000e+00,0.000000000000000000e+00,1.117073571878096860e+00,0.000000000000000000e+00,0.000000000000000000e+00,0.000000000000000000e+00
5.993652343749999733e-06,6.062825520833333071e-06,-1.186328125000000000e+02,7.993750000000000000e+01,1.000000000000000000e+00,-2.548637173722560600e+00,0.000000000000000000e+00,-2.658400000000000000e+04,-2.658400000000000000e+04
5.997721354166666799e-06,6.066894531250000137e-06,-1.276328125000000000e+02,-1.073945312500000000e+02,1.000000000000000000e+00,2.442097414313940895e+00,-5.055281250000000000e+07,2.547200000000000000e+04,-3.276800000000000000e+04
6.001790364583333017e-06,6.070963541666666355e-06,-2.281250000000000000e+00,2.103125000000000000e+01,0.000000000000000000e+00,2.442097414313940895e+00,-5.055281250000000000e+07,0.000000000000000000e+00,0.000000000000000000e+00
6.005859375000000083e-06,6.075032552083333421e-06,-9.951171875000000000e+01,1.712812500000000000e+02,1.000000000000000000e+00,-2.097095547738535792e+00,0.000000000000000000e+00,-2.187400000000000000e+04,-2.187400000000000000e+04
6.009928385416666301e-06,6.079101562499999640e-06,8.962109375000000000e+01,9.338281250000000000e+01,1.000000000000000000e+00,-8.059391248852294520e-01,5.050218750000000000e+07,-8.407000000000000000e+03,3.276700000000000000e+04
6.013997395833333367e-06,6.083170572916666705e-06,1.108164062500000000e+02,1.229648437500000000e+02,1.000000000000000000e+00,-8.373138256874529395e-01,-1.227187500000000000e+06,-8.734000000000000000e+03,-2.967800000000000000e+04
6.018066406249999585e-06,6.087239583333332924e-06,3.017187500000000000e+01,-1.222734375000000000e+02,1.000000000000000000e+00,1.328858794405558097e+00,8.472750000000000000e+07,1.386000000000000000e+04,3.276700000000000000e+04
6.022135416666666651e-06,6.091308593749999989e-06,-4.744921875000000000e+01,-1.724414062500000000e+02,1.000000000000000000e+00,1.839290901574505144e+00,1.996500000000000000e+07,1.918400000000000000e+04,3.276700000000000000e+04
6.026204427083333716e-06,6.095377604166667055e-06,1.107929687500000000e+02,1.321796875000000000e+02,1.000000000000000000e+00,-8.732185635039012572e-01,-1.060968750000000000e+08,-9.108000000000000000e+03,-3.276800000000000000e+04
6.030273437499999935e-06,6.099446614583333273e-06,-1.109375000000000000e+00,-1.289335937500000000e+02,1.000000000000000000e+00,1.579401000276942524e+00,9.593156250000000000e+07,1.647300000000000000e+04,3.276700000000000000e+04
6.034342447916667001e-06,6.103515625000000339e-06,6.966015625000000000e+01,-7.663671875000000000e+01,1.000000000000000000e+00,8.329275993720924864e-01,-2.919750000000000000e+07,8.687000000000000000e+03,-3.276800000000000000e+04
6.038411458333333219e-06,6.107584635416666557e-06,1.452578125000000000e+02,-5.327734375000000000e+01,1.000000000000000000e+00,3.515212849239189863e-01,-1.882968750000000000e+07,3.666000000000000000e+03,-3.276800000000000000e+04
6.042480468750000285e-06,6.111653645833333623e-06,7.605078125000000000e+01,-1.161914062500000000e+02,1.000000000000000000e+00,9.911912734722313489e-01,2.502000000000000000e+07,1.033800000000000000e+04,3.276700000000000000e+04
6.046549479166666503e-06,6.115722656249999841e-06,-1.208945312500000000e+02,-7.857031250000000000e+01,1.000000000000000000e+00,2.565343183240627933e+00,6.157125000000000000e+07,2.675700000000000000e+04,3.276700000000000000e+04
6.050618489583333569e-06,6.119791666666666907e-06,-6.223046875000000000e+01,7.238671875000000000e+01,1.000000000000000000e+00,-2.280909589336894694e+00,5.620406250000000000e+07,-2.379100000000000000e+04,3.276700000000000000e+04
6.054687499999999787e-06,6.123860677083333126e-06,9.405078125000000000e+01,7.740625000000000000e+01,1.000000000000000000e+00,-6.887094368610314765e-01,6.227718750000000000e+07,-7.184000000000000000e+03,3.276700000000000000e+04
6.058756510416666853e-06,6.127929687500000191e-06,4.012500000000000000e+01,6.034375000000000000e+01,0.000000000000000000e+00,-6.887094368610314765e-01,6.227718750000000000e+07,0.000000000000000000e+00,0.000000000000000000e+00
6.062825520833333071e-06,6.131998697916666410e-06,4.510156250000000000e+01,1.962421875000000000e+02,1.000000000000000000e+00,-1.344917655778735899e+00,0.000000000000000000e+00,-1.402800000000000000e+04,-1.402800000000000000e+04
6.066894531250000137e-06,6.136067708333333475e-06,1.935664062500000000e+02,1.205273437500000000e+02,1.000000000000000000e+00,-5.569548682515412796e-01,3.082031250000000000e+07,-5.810000000000000000e+03,3.276700000000000000e+04
6.070963541666666355e-06,6.140136718749999694e-06,1.398671875000000000e+02,2.219140625000000000e+01,1.000000000000000000e+00,-1.573049361077103470e-01,1.563187500000000000e+07,-1.641000000000000000e+03,3.276700000000000000e+04
6.075032552083333421e-06,6.144205729166666759e-06,1.786914062500000000e+02,1.728515625000000000e+01,1.000000000000000000e+00,-9.642507358849897181e-02,2.381250000000000000e+06,-1.006000000000000000e+03,3.276700000000000000e+04
6.079101562499999640e-06,6.148274739583332978e-06,2.909296875000000000e+02,-6.071875000000000000e+01,1.000000000000000000e+00,2.057451731751616109e-01,1.181906250000000000e+07,2.146000000000000000e+03,3.276700000000000000e+04
6.083170572916666705e-06,6.152343750000000043e-06,2.608242187500000000e+02,-6.239453125000000000e+01,1.000000000000000000e+00,2.347949343457459426e-01,1.136250000000000000e+06,2.449000000000000000e+03,2.184100000000000000e+04
6.087239583333332924e-06,6.156412760416666262e-06,2.147851562500000000e+02,4.476562500000000000e+01,1.000000000000000000e+00,-2.054575517774330506e-01,-1.722000000000000000e+07,-2.143000000000000000e+03,-3.276800000000000000e+04
6.091308593749999989e-06,6.160481770833333327e-06,1.942851562500000000e+02,4.416015625000000000e+01,1.000000000000000000e+00,-2.235057944849000722e-01,-7.059375000000000000e+05,-2.332000000000000000e+03,-1.438000000000000000e+04
6.095377604166667055e-06,6.164550781250000393e-06,2.690039062500000000e+02,-8.623437500000000000e+01,1.000000000000000000e+00,3.102236459000602409e-01,2.087625000000000000e+07,3.235000000000000000e+03,3.276700000000000000e+04
6.099446614583333273e-06,6.168619791666666612e-06,2.765859375000000000e+02,-5.722656250000000000e+01,1.000000000000000000e+00,2.039954763389795755e-01,-4.155000000000000000e+06,2.127000000000000000e+03,-3.276800000000000000e+04
6.103515625000000339e-06,6.172688802083333677e-06,1.549609375000000000e+02,7.789062500000000000e+00,1.000000000000000000e+00,-5.021390235344403569e-02,-9.943125000000000000e+06,-5.240000000000000000e+02,-3.276800000000000000e+04
6.107584635416666557e-06,6.176757812499999896e-06,1.806054687500000000e+02,-2.749023437500000000e+02,1.000000000000000000e+00,9.895134819854813912e-01,4.066781250000000000e+07,1.032100000000000000e+04,3.276700000000000000e+04
6.111653645833333623e-06,6.180826822916666961e-06,2.374843750000000000e+02,1.795781250000000000e+02,1.000000000000000000e+00,-6.474597347367941902e-01,-6.402843750000000000e+07,-6.754000000000000000e+03,-3.276800000000000000e+04
6.115722656249999841e-06,6.184895833333333180e-06,3.942226562500000000e+02,3.016406250000000000e+01,1.000000000000000000e+00,-7.638744954674278609e-02,2.233687500000000000e+07,-7.970000000000000000e+02,3.276700000000000000e+04
6.119791666666666907e-06,6.188964843750000245e-06,3.690234375000000000e+02,3.433203125000000000e+01,1.000000000000000000e+00,-9.275790076745986379e-02,-6.403125000000000000e+05,-9.680000000000000000e+02,-1.189600000000000000e+04
6.123860677083333126e-06,6.193033854166666464e-06,4.175273437500000000e+02,2.304257812500000000e+02,1.000000000000000000e+00,-5.042961840174045030e-01,-1.609687500000000000e+07,-5.260000000000000000e+03,-3.276800000000000000e+04
6.127929687500000191e-06,6.197102864583333529e-06,6.352500000000000000e+02,2.051289062500000000e+02,1.000000000000000000e+00,-3.123568379332136713e-01,7.507500000000000000e+06,-3.258000000000000000e+03,3.276700000000000000e+04
6.131998697916666410e-06,6.201171874999999748e-06,3.375468750000000000e+02,2.083398437500000000e+02,1.000000000000000000e+00,-5.530000740327736253e-01,-9.412500000000000000e+06,-5.768000000000000000e+03,-3.276800000000000000e+04
6.136067708333333475e-06,6.205240885416666813e-06,1.735585937500000000e+02,3.987109375000000000e+01,1.000000000000000000e+00,-2.258067656667285261e-01,1.279781250000000000e+07,-2.356000000000000000e+03,3.276700000000000000e+04
6.140136718749999694e-06,6.209309895833333032e-06,2.828515625000000000e+01,8.961718750000000000e+01,1.000000000000000000e+00,-1.265078749459250362e+00,-4.065000000000000000e+07,-1.319600000000000000e+04,-3.276800000000000000e+04
6.144205729166666759e-06,6.213378906250000098e-06,1.574218750000000000e+01,2.262109375000000000e+01,0.000000000000000000e+00,-1.265078749459250362e+00,-4.065000000000000000e+07,0.000000000000000000e+00,0.000000000000000000e+00
6.148274739583332978e-06,6.217447916666666316e-06,1.306992187500000000e+02,2.571406250000000000e+02,1.000000000000000000e+00,-1.100535341508704690e+00,0.000000000000000000e+00,-1.147900000000000000e+04,-1.147900000000000000e+04
6.152343750000000043e-06,6.221516927083333382e-06,2.444921875000000000e+01,3.775898437500000000e+02,1.000000000000000000e+00,-1.506153417655403226e+00,-1.586531250000000000e+07,-1.571000000000000000e+04,-3.276800000000000000e+04
6.156412760416666262e-06,6.225585937499999600e-06,-5.673437500000000000e+01,-8.292968750000000000e+00,0.000000000000000000e+00,-1.506153417655403226e+00,-1.586531250000000000e+07,0.000000000000000000e+00,0.000000000000000000e+00
6.160481770833333327e-06,6.229654947916666666e-06,-1.051093750000000000e+02,4.239843750000000000e+01,1.000000000000000000e+00,-2.758217298867436273e+00,0.000000000000000000e+00,-2.877000000000000000e+04,-2.877000000000000000e+04
6.164550781250000393e-06,6.233723958333333731e-06,-1.033476562500000000e+02,1.340117187500000000e+02,1.000000000000000000e+00,-2.227723599206922422e+00,2.074968750000000000e+07,-2.323600000000000000e+04,3.276700000000000000e+04
6.168619791666666612e-06,6.237792968749999950e-06,-9.951953125000000000e+01,-2.223437500000000000e+01,1.000000000000000000e+00,2.921778000375742756e+00,-4.434281250000000000e+07,3.047500000000000000e+04,-3.276800000000000000e+04
6.172688802083333677e-06,6.241861979166667015e-06,-3.077539062500000000e+02,5.890625000000000000e+01,1.000000000000000000e+00,-2.952481584583266372e+00,1.599468750000000000e+07,-3.079600000000000000e+04,3.276700000000000000e+04
6.176757812499999896e-06,6.245930989583333234e-06,-2.196367187500000000e+02,-2.831640625000000000e+01,1.000000000000000000e+00,3.013385415552288560e+00,-1.241156250000000000e+07,3.143000000000000000e+04,-3.276800000000000000e+04
6.180826822916666961e-06,6.250000000000000300e-06,-1.598984375000000000e+02,9.618750000000000000e+01,1.000000000000000000e+00,-2.600025530116729655e+00,2.619750000000000000e+07,-2.712000000000000000e+04,3.276700000000000000e+04
6.184895833333333180e-06,6.254069010416666518e-06,-8.475000000000000000e+01,-2.071875000000000000e+01,1.000000000000000000e+00,2.901716407884176174e+00,-3.056531250000000000e+07,3.026600000000000000e+04,-3.276800000000000000e+04
6.188964843750000245e-06,6.258138020833333584e-06,-5.317968750000000000e+01,-1.935273437500000000e+02,1.000000000000000000e+00,1.838955343277155263e+00,-4.156875000000000000e+07,1.918100000000000000e+04,-3.276800000000000000e+04
6.193033854166666464e-06,6.262207031249999802e-06,-2.095234375000000000e+02,-1.714843750000000000e+02,1.000000000000000000e+00,2.455687525356615275e+00,2.412281250000000000e+07,2.561300000000000000e+04,3.276700000000000000e+04
6.197102864583333529e-06,6.266276041666666868e-06,-2.097773437500000000e+02,-2.689765625000000000e+02,1.000000000000000000e+00,2.233140468864143635e+00,-8.704687500000000000e+06,2.329200000000000000e+04,-3.276800000000000000e+04
6.201171874999999748e-06,6.270345052083333086e-06,-2.268750000000000000e+01,-2.627070312500000000e+02,1.000000000000000000e+00,1.656914966964788904e+00,-2.253843750000000000e+07,1.728200000000000000e+04,-3.276800000000000000e+04
6.205240885416666813e-06,6.274414062500000152e-06,-2.430000000000000000e+02,-1.780039062500000000e+02,1.000000000000000000e+00,2.509376852932612589e+00,3.334312500000000000e+07,2.617300000000000000e+04,3.276700000000000000e+04
6.209309895833333032e-06,6.278483072916666370e-06,-1.448125000000000000e+02,-2.668828125000000000e+02,1.000000000000000000e+00,2.067949912768708653e+00,-1.726593750000000000e+07,2.156900000000000000e+04,-3.276800000000000000e+04
6.213378906250000098e-06,6.282552083333333436e-06,-3.995703125000000000e+01,-1.343398437500000000e+02,1.000000000000000000e+00,1.859903768411718561e+00,-8.137500000000000000e+06,1.939900000000000000e+04,-3.276800000000000000e+04
6.217447916666666316e-06,6.286621093749999654e-06,-4.301953125000000000e+01,-2.673125000000000000e+02,1.000000000000000000e+00,1.730354297184814039e+00,-5.067187500000000000e+06,1.804800000000000000e+04,-3.276800000000000000e+04
6.221516927083333382e-06,6.290690104166666720e-06,7.241406250000000000e+01,-2.874648437500000000e+02,1.000000000000000000e+00,1.324017167543793949e+00,-1.589343750000000000e+07,1.381000000000000000e+04,-3.276800000000000000e+04
6.225585937499999600e-06,6.294759114583332939e-06,1.444687500000000000e+02,-1.063085937500000000e+02,1.000000000000000000e+00,6.343969295899555272e-01,-2.697375000000000000e+07,6.617000000000000000e+03,-3.276800000000000000e+04
6.229654947916666666e-06,6.298828125000000004e-06,1.397539062500000000e+02,-1.540195312500000000e+02,1.000000000000000000e+00,8.338863373645210020e-01,7.802812500000000000e+06,8.697000000000000000e+03,3.276700000000000000e+04
6.233723958333333731e-06,6.302897135416667070e-06,2.519140625000000000e+01,-2.170625000000000000e+02,1.000000000000000000e+00,1.455268398707259214e+00,2.430468750000000000e+07,1.517900000000000000e+04,3.276700000000000000e+04
6.237792968749999950e-06,6.306966145833333288e-06,6.519921875000000000e+01,-2.444492187500000000e+02,1.000000000000000000e+00,1.310139435103391037e+00,-5.676562500000000000e+06,1.366500000000000000e+04,-3.276800000000000000e+04
6.241861979166667015e-06,6.311035156250000354e-06,2.692187500000000000e+01,-1.639375000000000000e+02,1.000000000000000000e+00,1.408050552580154324e+00,3.829687500000000000e+06,1.468600000000000000e+04,3.276700000000000000e+04
6.245930989583333234e-06,6.315104166666666572e-06,-9.878515625000000000e+01,-1.082148437500000000e+02,1.000000000000000000e+00,2.310654435551990016e+00,3.530437500000000000e+07,2.410100000000000000e+04,3.276700000000000000e+04
6.250000000000000300e-06,6.319173177083333638e-06,-6.152343750000000000e+00,-1.455703125000000000e+02,1.000000000000000000e+00,1.612980798461751686e+00,-2.728875000000000000e+07,1.682400000000000000e+04,-3.276800000000000000e+04
6.254069010416666518e-06,6.323242187499999856e-06,4.863281250000000000e+01,-1.271523437500000000e+02,1.000000000000000000e+00,1.205493183229817467e+00,-1.593843750000000000e+07,1.257300000000000000e+04,-3.276800000000000000e+04
6.258138020833333584e-06,6.327311197916666922e-06,1.092187500000000000e+01,1.063320312500000000e+02,1.000000000000000000e+00,-1.468451046103151469e+00,-1.045884375000000000e+08,-1.531700000000000000e+04,-3.276800000000000000e+04
6.262207031249999802e-06,6.331380208333333140e-06,1.840820312500000000e+02,1.772265625000000000e+01,1.000000000000000000e+00,-9.596967304209542970e-02,5.368312500000000000e+07,-1.001000000000000000e+03,3.276700000000000000e+04
6.266276041666666868e-06,6.335449218750000206e-06,3.778515625000000000e+01,-1.011328125000000000e+01,0.000000000000000000e+00,-9.596967304209542970e-02,5.368312500000000000e+07,0.000000000000000000e+00,0.000000000000000000e+00
6.270345052083333086e-06,6.339518229166666425e-06,-7.063671875000000000e+01,7.869140625000000000e+01,1.000000000000000000e+00,-2.302337383467672360e+00,0.000000000000000000e+00,-2.401500000000000000e+04,-2.401500000000000000e+04
6.274414062500000152e-06,6.343587239583333490e-06,1.609765625000000000e+02,1.745234375000000000e+02,1.000000000000000000e+00,-8.257370644288785089e-01,5.775562500000000000e+07,-8.613000000000000000e+03,3.276700000000000000e+04
6.278483072916666370e-06,6.347656249999999709e-06,2.439179687500000000e+02,-3.105859375000000000e+01,1.000000000000000000e+00,1.266492887998082462e-01,3.725156250000000000e+07,1.321000000000000000e+03,3.276700000000000000e+04
6.282552083333333436e-06,6.351725260416666774e-06,4.773437500000000000e+01,8.258203125000000000e+01,1.000000000000000000e+00,-1.046654266334221539e+00,-4.589250000000000000e+07,-1.091700000000000000e+04,-3.276800000000000000e+04
6.286621093749999654e-06,6.355794270833332993e-06,-1.331484375000000000e+02,1.680312500000000000e+02,1.000000000000000000e+00,-2.240906246602814456e+00,-4.671187500000000000e+07,-2.337400000000000000e+04,-3.276800000000000000e+04
6.290690104166666720e-06,6.359863281250000058e-06,-9.999609375000000000e+01,1.299375000000000000e+02,1.000000000000000000e+00,-2.226764861214493685e+00,5.531250000000000000e+05,-2.322600000000000000e+04,-1.378600000000000000e+04
6.294759114583332939e-06,6.363932291666666277e-06,3.179687500000000000e+00,2.234726562500000000e+02,1.000000000000000000e+00,-1.556559067607332869e+00,2.621437500000000000e+07,-1.623600000000000000e+04,3.276700000000000000e+04
6.298828125000000004e-06,6.368001302083333342e-06,-7.985156250000000000e+01,8.847656250000000000e+00,1.000000000000000000e+00,-3.031313816010702045e+00,-5.768343750000000000e+07,-3.161800000000000000e+04,-3.276800000000000000e+04
6.302897135416667070e-06,6.372070312500000408e-06,-2.027812500000000000e+02,-9.867187500000000000e+01,1.000000000000000000e+00,2.688732762866179016e+00,-2.202656250000000000e+07,2.804400000000000000e+04,-3.276800000000000000e+04
6.306966145833333288e-06,6.376139322916666626e-06,-1.266171875000000000e+02,1.746406250000000000e+02,1.000000000000000000e+00,-2.198146532140502263e+00,5.461500000000000000e+07,-2.292800000000000000e+04,3.276700000000000000e+04
6.311035156250000354e-06,6.380208333333333692e-06,-5.558593750000000000e+01,-2.544921875000000000e+01,0.000000000000000000e+00,-2.198146532140502263e+00,5.461500000000000000e+07,0.000000000000000000e+00,0.000000000000000000e+00
6.315104166666666572e-06,6.384277343749999911e-06,5.484375000000000000e+00,7.551171875000000000e+01,1.000000000000000000e+00,-1.498339703017110836e+00,0.000000000000000000e+00,-1.562900000000000000e+04,-1.562900000000000000e+04
6.319173177083333638e-06,6.388346354166666976e-06,-6.639062500000000000e+01,9.753125000000000000e+01,1.000000000000000000e+00,-2.168449622825028733e+00,-2.621062500000000000e+07,-2.261800000000000000e+04,-3.276800000000000000e+04
6.323242187499999856e-06,6.392415364583333195e-06,-1.103906250000000000e+01,-7.033593750000000000e+01,1.000000000000000000e+00,1.726447439865667732e+00,-9.341531250000000000e+07,1.800700000000000000e+04,-3.276800000000000000e+04
6.327311197916666922e-06,6.396484375000000260e-06,-1.500507812500000000e+02,-1.065273437500000000e+02,1.000000000000000000e+00,2.524237291815254469e+00,3.120468750000000000e+07,2.632800000000000000e+04,3.276700000000000000e+04
6.331380208333333140e-06,6.400553385416666479e-06,9.539843750000000000e+01,2.267226562500000000e+02,1.000000000000000000e+00,-1.172536564740086940e+00,1.011646875000000000e+08,-1.223000000000000000e+04,3.276700000000000000e+04
6.335449218750000206e-06,6.404622395833333544e-06,3.692578125000000000e+01,9.768750000000000000e+01,1.000000000000000000e+00,-1.209400040548963773e+00,-1.441875000000000000e+06,-1.261500000000000000e+04,-3.276800000000000000e+04
6.339518229166666425e-06,6.408691406249999763e-06,-9.478906250000000000e+01,-8.089453125000000000e+01,1.000000000000000000e+00,2.435074658519401858e+00,-1.032103125000000000e+08,2.539800000000000000e+04,-3.276800000000000000e+04
6.343587239583333490e-06,6.412760416666666828e-06,-1.790429687500000000e+02,-9.528515625000000000e+01,1.000000000000000000e+00,2.652492466752380817e+00,8.504062500000000000e+06,2.766600000000000000e+04,3.276700000000000000e+04
6.347656249999999709e-06,6.416829427083333047e-06,4.240234375000000000e+01,-6.617187500000000000e+01,1.000000000000000000e+00,1.000970400995002230e+00,-6.459750000000000000e+07,1.044000000000000000e+04,-3.276800000000000000e+04
6.351725260416666774e-06,6.420898437500000112e-06,-7.969140625000000000e+01,-7.406640625000000000e+01,1.000000000000000000e+00,2.392722407703871568e+00,5.443687500000000000e+07,2.495700000000000000e+04,3.276700000000000000e+04
6.355794270833332993e-06,6.424967447916666331e-06,-1.073671875000000000e+02,-1.455312500000000000e+02,1.000000000000000000e+00,2.206415647325198570e+00,-7.287187500000000000e+06,2.301300000000000000e+04,-3.276800000000000000e+04
6.359863281250000058e-06,6.429036458333333397e-06,-4.360546875000000000e+01,1.829296875000000000e+01,0.000000000000000000e+00,2.206415647325198570e+00,-7.287187500000000000e+06,0.000000000000000000e+00,0.000000000000000000e+00
6.363932291666666277e-06,6.433105468749999615e-06,-3.472656250000000000e+00,1.970703125000000000e+01,0.000000000000000000e+00,2.206415647325198570e+00,-7.287187500000000000e+06,0.000000000000000000e+00,0.000000000000000000e+00
6.368001302083333342e-06,6.437174479166666681e-06,-7.810156250000000000e+01,1.010156250000000000e+01,1.000000000000000000e+00,-3.012953983455695539e+00,0.000000000000000000e+00,-3.142700000000000000e+04,-3.142700000000000000e+04
6.372070312500000408e-06,6.441243489583333746e-06,-2.001875000000000000e+02,7.551953125000000000e+01,1.000000000000000000e+00,-2.780891452388371210e+00,9.076875000000000000e+06,-2.900600000000000000e+04,3.276700000000000000e+04
6.376139322916666626e-06,6.445312499999999965e-06,6.163281250000000000e+01,-6.808203125000000000e+01,1.000000000000000000e+00,8.350368229554352428e-01,-1.043268750000000000e+08,8.709000000000000000e+03,-3.276800000000000000e+04
6.380208333333333692e-06,6.449381510416667030e-06,2.800781250000000000e+01,-1.866523437500000000e+02,1.000000000000000000e+00,1.421856379671124992e+00,2.295281250000000000e+07,1.483000000000000000e+04,3.276700000000000000e+04
6.384277343749999911e-06,6.453450520833333249e-06,-3.400390625000000000e+01,1.573242187500000000e+02,1.000000000000000000e+00,-1.783660129563839902e+00,1.203796875000000000e+08,-1.860500000000000000e+04,3.276700000000000000e+04
6.388346354166666976e-06,6.457519531250000314e-06,-3.760937500000000000e+01,2.851953125000000000e+01,0.000000000000000000e+00,-1.783660129563839902e+00,1.203796875000000000e+08,0.000000000000000000e+00,0.000000000000000000e+00
6.392415364583333195e-06,6.461588541666666533e-06,-6.766796875000000000e+01,-1.707617187500000000e+02,1.000000000000000000e+00,1.948083695265332205e+00,0.000000000000000000e+00,2.031900000000000000e+04,2.031900000000000000e+04
6.396484375000000260e-06,6.465657552083333599e-06,-1.218906250000000000e+02,6.565234375000000000e+01,1.000000000000000000e+00,-2.647530997641563300e+00,6.600750000000000000e+07,-2.761500000000000000e+04,3.276700000000000000e+04
6.400553385416666479e-06,6.469726562499999817e-06,1.254375000000000000e+02,8.216796875000000000e+01,1.000000000000000000e+00,-5.798687062705830675e-01,8.087437500000000000e+07,-6.049000000000000000e+03,3.276700000000000000e+04
6.404622395833333544e-06,6.473795572916666883e-06,1.091093750000000000e+02,-1.372226562500000000e+02,1.000000000000000000e+00,8.990086155002285917e-01,5.784468750000000000e+07,9.377000000000000000e+03,3.276700000000000000e+04
6.408691406249999763e-06,6.477864583333333101e-06,-1.707812500000000000e+01,-1.843945312500000000e+02,1.000000000000000000e+00,1.663122795465763692e+00,2.988750000000000000e+07,1.734700000000000000e+04,3.276700000000000000e+04
6.412760416666666828e-06,6.481933593750000167e-06,-2.478906250000000000e+01,-3.118750000000000000e+01,0.000000000000000000e+00,1.663122795465763692e+00,2.988750000000000000e+07,0.000000000000000000e+00,0.000000000000000000e+00
6.416829427083333047e-06,6.486002604166666385e-06,1.364609375000000000e+02,-1.106445312500000000e+02,1.000000000000000000e+00,6.813271543193317736e-01,0.000000000000000000e+00,7.106000000000000000e+03,7.106000000000000000e+03
6.420898437500000112e-06,6.490071614583333451e-06,1.870312500000000000e+02,-1.001367187500000000e+02,1.000000000000000000e+00,4.915689371679158315e-01,-7.422187500000000000e+06,5.127000000000000000e+03,-3.276800000000000000e+04
6.424967447916666331e-06,6.494140624999999669e-06,2.550195312500000000e+02,2.666406250000000000e+01,1.000000000000000000e+00,-1.041668828773593264e-01,-2.330156250000000000e+07,-1.087000000000000000e+03,-3.276800000000000000e+04
6.429036458333333397e-06,6.498209635416666735e-06,3.458945312500000000e+02,-9.286328125000000000e+01,1.000000000000000000e+00,2.623107147284446383e-01,1.433437500000000000e+07,2.736000000000000000e+03,3.276700000000000000e+04
6.433105468749999615e-06,6.502278645833332953e-06,3.096640625000000000e+02,-1.568085937500000000e+02,1.000000000000000000e+00,4.687030360484955027e-01,8.072812500000000000e+06,4.888000000000000000e+03,3.276700000000000000e+04
6.437174479166666681e-06,6.506347656250000019e-06,2.259531250000000000e+02,-9.923046875000000000e+01,1.000000000000000000e+00,4.137913175321517034e-01,-2.147812500000000000e+06,4.316000000000000000e+03,-3.234000000000000000e+04
6.441243489583333746e-06,6.510416666666667085e-06,2.974804687500000000e+02,-2.507421875000000000e+01,1.000000000000000000e+00,8.403338503636027801e-02,-1.289812500000000000e+07,8.760000000000000000e+02,-3.276800000000000000e+04
6.445312499999999965e-06,6.514485677083333303e-06,3.334726562500000000e+02,3.315625000000000000e+01,1.000000000000000000e+00,-9.910953996729884863e-02,-7.163437500000000000e+06,-1.034000000000000000e+03,-3.276800000000000000e+04
6.449381510416667030e-06,6.518554687500000369e-06,6.810937500000000000e+01,-1.664257812500000000e+02,1.000000000000000000e+00,1.182339660712668605e+00,5.012250000000000000e+07,1.233200000000000000e+04,3.276700000000000000e+04
6.453450520833333249e-06,6.522623697916666587e-06,2.074570312500000000e+02,5.861718750000000000e+01,1.000000000000000000e+00,-2.753495514254725718e-01,-5.701593750000000000e+07,-2.872000000000000000e+03,-3.276800000000000000e+04
6.457519531250000314e-06,6.526692708333333653e-06,2.467578125000000000e+02,1.790234375000000000e+01,1.000000000000000000e+00,-7.245662377778583352e-02,7.935937500000000000e+06,-7.560000000000000000e+02,3.276700000000000000e+04
6.461588541666666533e-06,6.530761718749999871e-06,-4.094140625000000000e+01,1.414296875000000000e+02,1.000000000000000000e+00,-1.852593391219450991e+00,-6.962812500000000000e+07,-1.932400000000000000e+04,-3.276800000000000000e+04
6.465657552083333599e-06,6.534830729166666937e-06,1.056835937500000000e+02,1.590859375000000000e+02,1.000000000000000000e+00,-9.844321706256101701e-01,3.395718750000000000e+07,-1.026800000000000000e+04,3.276700000000000000e+04
6.469726562499999817e-06,6.538899739583333155e-06,-1.887109375000000000e+01,1.007968750000000000e+02,1.000000000000000000e+00,-1.755880696233223404e+00,-3.017437500000000000e+07,-1.831500000000000000e+04,-3.276800000000000000e+04
6.473795572916666883e-06,6.542968750000000221e-06,1.584804687500000000e+02,1.063437500000000000e+02,1.000000000000000000e+00,-5.910140354325646994e-01,4.556250000000000000e+07,-6.165000000000000000e+03,3.276700000000000000e+04
6.477864583333333101e-06,6.547037760416666439e-06,2.521367187500000000e+02,1.104531250000000000e+02,1.000000000000000000e+00,-4.129044848891553210e-01,6.966562500000000000e+06,-4.307000000000000000e+03,3.276700000000000000e+04
6.481933593750000167e-06,6.551106770833333505e-06,1.306367187500000000e+02,1.023437500000000000e+02,1.000000000000000000e+00,-6.645732079016433147e-01,-9.843750000000000000e+06,-6.932000000000000000e+03,-3.276800000000000000e+04
6.486002604166666385e-06,6.555175781249999724e-06,1.440898437500000000e+02,3.581015625000000000e+02,1.000000000000000000e+00,-1.188259867815914861e+00,-2.048343750000000000e+07,-1.239400000000000000e+04,-3.276800000000000000e+04
6.490071614583333451e-06,6.559244791666666789e-06,1.437148437500000000e+02,3.713437500000000000e+02,1.000000000000000000e+00,-1.201562357460860486e+00,-5.203125000000000000e+05,-1.253300000000000000e+04,-2.141300000000000000e+04
6.494140624999999669e-06,6.563313802083333008e-06,1.429609375000000000e+02,1.167929687500000000e+02,1.000000000000000000e+00,-6.850422640399923546e-01,2.020312500000000000e+07,-7.146000000000000000e+03,3.276700000000000000e+04
6.498209635416666735e-06,6.567382812500000073e-06,1.905078125000000000e+01,1.728828125000000000e+02,1.000000000000000000e+00,-1.461116700461073226e+00,-3.035531250000000000e+07,-1.524000000000000000e+04,-3.276800000000000000e+04
6.502278645833332953e-06,6.571451822916666292e-06,1.013281250000000000e+02,4.057578125000000000e+02,1.000000000000000000e+00,-1.326054485777704572e+00,5.282812500000000000e+06,-1.383200000000000000e+04,3.276700000000000000e+04
6.506347656250000019e-06,6.575520833333333357e-06,1.398242187500000000e+02,1.565429687500000000e+02,1.000000000000000000e+00,-8.417240204526241776e-01,1.894406250000000000e+07,-8.780000000000000000e+03,3.276700000000000000e+04
6.510416666666667085e-06,6.579589843750000423e-06,-3.169531250000000000e+01,8.016015625000000000e+01,1.000000000000000000e+00,-1.947340673321199978e+00,-4.324500000000000000e+07,-2.031200000000000000e+04,-3.276800000000000000e+04
6.514485677083333303e-06,6.583658854166666641e-06,-5.388671875000000000e+01,3.513671875000000000e+01,0.000000000000000000e+00,-1.947340673321199978e+00,-4.324500000000000000e+07,0.000000000000000000e+00,0.000000000000000000e+00
6.518554687500000369e-06,6.587727864583333707e-06,-1.641250000000000000e+02,1.098593750000000000e+02,1.000000000000000000e+00,-2.551753072197953554e+00,0.000000000000000000e+00,-2.661600000000000000e+04,-2.661600000000000000e+04
6.522623697916666587e-06,6.591796874999999925e-06,-9.864843750000000000e+01,1.187187500000000000e+02,1.000000000000000000e+00,-2.264131674469395783e+00,1.125000000000000000e+07,-2.361600000000000000e+04,3.276700000000000000e+04
6.526692708333333653e-06,6.595865885416666991e-06,-1.210273437500000000e+02,5.093750000000000000e+01,1.000000000000000000e+00,-2.743213049285929905e+00,-1.873875000000000000e+07,-2.861300000000000000e+04,-3.276800000000000000e+04
6.530761718749999871e-06,6.599934895833333210e-06,1.096679687500000000e+02,-3.283984375000000000e+01,1.000000000000000000e+00,2.908811069028147123e-01,1.186753125000000000e+08,3.034000000000000000e+03,3.276700000000000000e+04
6.534830729166666937e-06,6.604003906250000275e-06,-8.451953125000000000e+01,-1.405585937500000000e+02,1.000000000000000000e+00,2.112195671119284857e+00,7.123875000000000000e+07,2.203100000000000000e+04,3.276700000000000000e+04
6.538899739583333155e-06,6.608072916666666494e-06,-1.360742187500000000e+02,-5.464062500000000000e+01,1.000000000000000000e+00,2.759751279655322076e+00,2.532843750000000000e+07,2.878500000000000000e+04,3.276700000000000000e+04
6.542968750000000221e-06,6.612141927083333559e-06,1.582539062500000000e+02,-7.826953125000000000e+01,1.000000000000000000e+00,4.592594668230745580e-01,-8.998125000000000000e+07,4.790000000000000000e+03,-3.276800000000000000e+04
6.547037760416666439e-06,6.616210937499999778e-06,2.949218750000000000e+01,-8.568359375000000000e+01,1.000000000000000000e+00,1.239360602812355161e+00,3.051281250000000000e+07,1.292700000000000000e+04,3.276700000000000000e+04
6.551106770833333505e-06,6.620279947916666843e-06,2.397421875000000000e+02,2.018750000000000000e+01,1.000000000000000000e+00,-8.403338503636027801e-02,-5.176312500000000000e+07,-8.770000000000000000e+02,-3.276800000000000000e+04
6.555175781249999724e-06,6.624348958333333062e-06,2.796953125000000000e+02,-1.032578125000000000e+02,1.000000000000000000e+00,3.536065400574510131e-01,1.711781250000000000e+07,3.688000000000000000e+03,3.276700000000000000e+04
6.559244791666666789e-06,6.628417968750000127e-06,1.255820312500000000e+02,-2.010664062500000000e+02,1.000000000000000000e+00,1.012475256904144638e+00,2.577093750000000000e+07,1.056000000000000000e+04,3.276700000000000000e+04
6.563313802083333008e-06,6.632486979166666346e-06,9.472656250000000000e+01,-2.944570312500000000e+02,1.000000000000000000e+00,1.259518069103164883e+00,9.662812500000000000e+06,1.313700000000000000e+04,3.276700000000000000e+04
6.567382812500000073e-06,6.636555989583333411e-06,1.004882812500000000e+02,6.710937500000000000e+00,1.000000000000000000e+00,-6.670419582321467089e-02,-5.187375000000000000e+07,-6.960000000000000000e+02,-3.276800000000000000e+04
6.571451822916666292e-06,6.640624999999999630e-06,1.864960937500000000e+02,1.952343750000000000e+01,1.000000000000000000e+00,-1.042867251264128908e-01,-1.470000000000000000e+06,-1.088000000000000000e+03,-2.617600000000000000e+04
6.575520833333333357e-06,6.644694010416666696e-06,5.478125000000000000e+01,-5.448046875000000000e+01,0.000000000000000000e+00,-1.042867251264128908e-01,-1.470000000000000000e+06,0.000000000000000000e+00,0.000000000000000000e+00
6.579589843750000423e-06,6.648763020833333761e-06,1.248437500000000000e+01,-8.479296875000000000e+01,1.000000000000000000e+00,1.424588782949546495e+00,0.000000000000000000e+00,1.485900000000000000e+04,1.485900000000000000e+04
6.583658854166666641e-06,6.652832031249999980e-06,2.724609375000000000e+01,8.570703125000000000e+01,1.000000000000000000e+00,-1.262969525875907717e+00,-1.051209375000000000e+08,-1.317400000000000000e+04,-3.276800000000000000e+04
6.587727864583333707e-06,6.656901041666667045e-06,4.475781250000000000e+01,1.024843750000000000e+02,1.000000000000000000e+00,-1.159066295946466152e+00,4.064062500000000000e+06,-1.209000000000000000e+04,3.276700000000000000e+04
6.591796874999999925e-06,6.660970052083333264e-06,2.012343750000000000e+02,-8.726562500000000000e+01,1.000000000000000000e+00,4.091893751684947955e-01,6.134062500000000000e+07,4.268000000000000000e+03,3.276700000000000000e+04
6.595865885416666991e-06,6.665039062500000329e-06,-1.367187500000000000e+02,9.339843750000000000e+01,1.000000000000000000e+00,-2.542261566072911094e+00,-1.154428125000000000e+08,-2.651700000000000000e+04,-3.276800000000000000e+04
6.599934895833333210e-06,6.669108072916666548e-06,-2.521601562500000000e+02,-5.441406250000000000e+00,1.000000000000000000e+00,3.119997080310340731e+00,-2.428687500000000000e+07,3.254200000000000000e+04,-3.276800000000000000e+04
6.604003906250000275e-06,6.673177083333333613e-06,1.130859375000000000e+01,-6.026171875000000000e+01,0.000000000000000000e+00,3.119997080310340731e+00,-2.428687500000000000e+07,0.000000000000000000e+00,0.000000000000000000e+00
6.608072916666666494e-06,6.677246093749999832e-06,1.092031250000000000e+02,-1.242187500000000000e+00,1.000000000000000000e+00,1.140898210989945566e-02,0.000000000000000000e+00,1.190000000000000000e+02,1.190000000000000000e+02
6.612141927083333559e-06,6.681315104166666898e-06,-1.534570312500000000e+02,3.272656250000000000e+01,1.000000000000000000e+00,-2.931509190998892400e+00,-1.151090625000000000e+08,-3.057700000000000000e+04,-3.276800000000000000e+04
6.616210937499999778e-06,6.685384114583333116e-06,-4.589843750000000000e+00,2.203632812500000000e+02,1.000000000000000000e+00,-1.591624909680406263e+00,5.240812500000000000e+07,-1.660200000000000000e+04,3.276700000000000000e+04
6.620279947916666843e-06,6.689453125000000182e-06,4.792578125000000000e+01,1.291054687500000000e+02,1.000000000000000000e+00,-1.215368184551831376e+00,1.471687500000000000e+07,-1.267700000000000000e+04,3.276700000000000000e+04
6.624348958333333062e-06,6.693522135416666400e-06,-5.314843750000000000e+01,9.855468750000000000e+00,0.000000000000000000e+00,-1.215368184551831376e+00,1.471687500000000000e+07,0.000000000000000000e+00,0.000000000000000000e+00
6.628417968750000127e-06,6.697591145833333466e-06,2.083593750000000000e+01,1.764453125000000000e+01,0.000000000000000000e+00,-1.215368184551831376e+00,1.471687500000000000e+07,0.000000000000000000e+00,0.000000000000000000e+00
6.632486979166666346e-06,6.701660156249999684e-06,-3.620312500000000000e+01,1.270781250000000000e+02,1.000000000000000000e+00,-1.848374944052765478e+00,0.000000000000000000e+00,-1.928000000000000000e+04,-1.928000000000000000e+04
6.636555989583333411e-06,6.705729166666666750e-06,1.216015625000000000e+01,3.715625000000000000e+01,0.000000000000000000e+00,-1.848374944052765478e+00,0.000000000000000000e+00,0.000000000000000000e+00,0.000000000000000000e+00
6.640624999999999630e-06,6.709798177083332968e-06,1.699609375000000000e+01,1.187187500000000000e+02,1.000000000000000000e+00,-1.428663419417367519e+00,0.000000000000000000e+00,-1.490200000000000000e+04,-1.490200000000000000e+04
6.644694010416666696e-06,6.713867187500000034e-06,2.289453125000000000e+01,2.489453125000000000e+01,0.000000000000000000e+00,-1.428663419417367519e+00,0.000000000000000000e+00,0.000000000000000000e+00,0.000000000000000000e+00
6.648763020833332914e-06,6.717936197916666252e-06,-5.932031250000000000e+01,-4.839843750000000000e+00,0.000000000000000000e+00,-1.428663419417367519e+00,0.000000000000000000e+00,0.000000000000000000e+00,0.000000000000000000e+00
6.652832031249999980e-06,6.722005208333333318e-06,1.789609375000000000e+02,5.983984375000000000e+01,1.000000000000000000e+00,-3.226393029020095948e-01,0.000000000000000000e+00,-3.366000000000000000e+03,-3.366000000000000000e+03
6.656901041666667045e-06,6.726074218750000384e-06,1.773671875000000000e+02,-4.058984375000000000e+01,1.000000000000000000e+00,2.249439014735428455e-01,2.141812500000000000e+07,2.346000000000000000e+03,3.276700000000000000e+04
6.660970052083333264e-06,6.730143229166666602e-06,2.413789062500000000e+02,1.011679687500000000e+02,1.000000000000000000e+00,-3.968695919657882487e-01,-2.432156250000000000e+07,-4.140000000000000000e+03,-3.276800000000000000e+04
6.665039062500000329e-06,6.734212239583333668e-06,2.529492187500000000e+02,-7.293359375000000000e+01,1.000000000000000000e+00,2.806945157332615959e-01,2.650218750000000000e+07,2.927000000000000000e+03,3.276700000000000000e+04
6.669108072916666548e-06,6.738281249999999886e-06,1.477265625000000000e+02,6.091406250000000000e+01,1.000000000000000000e+00,-3.911171640112170445e-01,-2.627718750000000000e+07,-4.080000000000000000e+03,-3.276800000000000000e+04
6.673177083333333613e-06,6.742350260416666952e-06,1.315976562500000000e+02,7.536718750000000000e+01,1.000000000000000000e+00,-5.201632977920966905e-01,-5.047500000000000000e+06,-5.426000000000000000e+03,-3.276800000000000000e+04
6.677246093749999832e-06,6.746419270833333170e-06,1.551132812500000000e+02,7.296875000000000000e+01,1.000000000000000000e+00,-4.397012117775326301e-01,3.147187500000000000e+06,-4.587000000000000000e+03,3.276700000000000000e+04
6.681315104166666898e-06,6.750488281250000236e-06,5.207421875000000000e+01,7.825781250000000000e+01,1.000000000000000000e+00,-9.836891486814781649e-01,-2.127750000000000000e+07,-1.026100000000000000e+04,-3.276800000000000000e+04
6.685384114583333116e-06,6.754557291666666454e-06,2.619882812500000000e+02,2.933476562500000000e+02,1.000000000000000000e+00,-8.418198942518669847e-01,5.549062500000000000e+06,-8.781000000000000000e+03,3.276700000000000000e+04
6.689453125000000182e-06,6.758626302083333520e-06,1.447460937500000000e+02,1.391992187500000000e+02,1.000000000000000000e+00,-7.658878452515277546e-01,2.970000000000000000e+06,-7.989000000000000000e+03,3.276700000000000000e+04
6.693522135416666400e-06,6.762695312499999738e-06,9.008984375000000000e+01,6.070312500000000000e+00,1.000000000000000000e+00,-6.732737551829322264e-02,2.732343750000000000e+07,-7.030000000000000000e+02,3.276700000000000000e+04
6.697591145833333466e-06,6.766764322916666804e-06,2.231757812500000000e+02,1.569960937500000000e+02,1.000000000000000000e+00,-6.130650092584207789e-01,-2.134593750000000000e+07,-6.395000000000000000e+03,-3.276800000000000000e+04
6.701660156249999684e-06,6.770833333333333023e-06,1.290703125000000000e+02,4.250781250000000000e+01,1.000000000000000000e+00,-3.182051396870276827e-01,1.153312500000000000e+07,-3.319000000000000000e+03,3.276700000000000000e+04
6.705729166666666750e-06,6.774902343750000088e-06,2.272148437500000000e+02,-6.998437500000000000e+01,1.000000000000000000e+00,2.987667268905393470e-01,2.413218750000000000e+07,3.116000000000000000e+03,3.276700000000000000e+04
6.709798177083332968e-06,6.778971354166666307e-06,1.440937500000000000e+02,-4.898828125000000000e+01,1.000000000000000000e+00,3.277206142618808160e-01,1.132500000000000000e+06,3.418000000000000000e+03,2.274600000000000000e+04
6.713867187500000034e-06,6.783040364583333372e-06,1.916132812500000000e+02,-4.672656250000000000e+01,1.000000000000000000e+00,2.391811606611064511e-01,-3.463125000000000000e+06,2.494000000000000000e+03,-3.276800000000000000e+04
6.717936197916666252e-06,6.787109374999999591e-06,1.811484375000000000e+02,-1.416796875000000000e+01,1.000000000000000000e+00,7.799333568406056905e-02,-6.304687500000000000e+06,8.130000000000000000e+02,-3.276800000000000000e+04
6.722005208333333318e-06,6.791178385416666656e-06,1.576015625000000000e+02,-5.886718750000000000e+00,1.000000000000000000e+00,3.734284480509107718e-02,-1.590000000000000000e+06,3.890000000000000000e+02,-2.674700000000000000e+04
6.726074218750000384e-06,6.795247395833333722e-06,2.781093750000000000e+02,1.235781250000000000e+02,1.000000000000000000e+00,-4.181535753977014824e-01,-1.781625000000000000e+07,-4.362000000000000000e+03,-3.276800000000000000e+04
6.730143229166666602e-06,6.799316406249999940e-06,1.364296875000000000e+02,1.963281250000000000e+02,1.000000000000000000e+00,-9.635316823906683315e-01,-2.133187500000000000e+07,-1.005000000000000000e+04,-3.276800000000000000e+04
6.734212239583333668e-06,6.803385416666667006e-06,2.253984375000000000e+02,9.604296875000000000e+01,1.000000000000000000e+00,-4.028377359686557968e-01,2.193093750000000000e+07,-4.202000000000000000e+03,3.276700000000000000e+04
6.738281249999999886e-06,6.807454427083333224e-06,2.161484375000000000e+02,-1.339453125000000000e+01,1.000000000000000000e+00,6.183860051163991151e-02,1.817531250000000000e+07,6.450000000000000000e+02,3.276700000000000000e+04
6.742350260416666952e-06,6.811523437500000290e-06,1.432695312500000000e+02,-4.354687500000000000e+01,1.000000000000000000e+00,2.950276487200680919e-01,9.120937500000000000e+06,3.077000000000000000e+03,3.276700000000000000e+04
6.746419270833333170e-06,6.815592447916666509e-06,1.645664062500000000e+02,1.468203125000000000e+02,1.000000000000000000e+00,-7.284970635468153155e-01,-4.003406250000000000e+07,-7.599000000000000000e+03,-3.276800000000000000e+04
6.750488281250000236e-06,6.819661458333333574e-06,3.648984375000000000e+02,2.369960937500000000e+02,1.000000000000000000e+00,-5.759858174012475462e-01,5.965312500000000000e+06,-6.008000000000000000e+03,3.276700000000000000e+04
6.754557291666666454e-06,6.823730468749999793e-06,5.617187500000000000e+00,-9.921875000000000000e+01,1.000000000000000000e+00,1.514230785241613475e+00,8.175656250000000000e+07,1.579400000000000000e+04,3.276700000000000000e+04
6.758626302083333520e-06,6.827799479166666858e-06,-9.950000000000000000e+01,-2.675781250000000000e+00,1.000000000000000000e+00,3.114747989801794237e+00,6.260250000000000000e+07,3.248800000000000000e+04,3.276700000000000000e+04
6.762695312499999738e-06,6.831868489583333077e-06,7.053515625000000000e+01,2.006796875000000000e+02,1.000000000000000000e+00,-1.232841184463841167e+00,7.570875000000000000e+07,-1.285900000000000000e+04,3.276700000000000000e+04
6.766764322916666804e-06,6.835937500000000142e-06,3.265781250000000000e+02,6.550000000000000000e+01,1.000000000000000000e+00,-1.979554269866798388e-01,4.047843750000000000e+07,-2.065000000000000000e+03,3.276700000000000000e+04
6.770833333333333023e-06,6.840006510416666361e-06,9.203125000000000000e+01,-1.413867187500000000e+02,1.000000000000000000e+00,9.938038345015990371e-01,4.661437500000000000e+07,1.036500000000000000e+04,3.276700000000000000e+04
6.774902343750000088e-06,6.844075520833333426e-06,2.417187500000000000e+02,2.966406250000000000e+01,1.000000000000000000e+00,-1.221192517855834714e-01,-4.364812500000000000e+07,-1.274000000000000000e+03,-3.276800000000000000e+04
6.778971354166666307e-06,6.848144531249999645e-06,2.409140625000000000e+02,-8.952343750000000000e+01,1.000000000000000000e+00,3.557876689902259026e-01,1.869281250000000000e+07,3.711000000000000000e+03,3.276700000000000000e+04
6.783040364583333372e-06,6.852213541666666710e-06,4.043125000000000000e+02,3.638671875000000000e+01,1.000000000000000000e+00,-8.976184454112072497e-02,-1.742718750000000000e+07,-9.370000000000000000e+02,-3.276800000000000000e+04
6.787109374999999591e-06,6.856282552083332929e-06,2.128085937500000000e+02,9.700000000000000000e+01,1.000000000000000000e+00,-4.276690499725546157e-01,-1.321687500000000000e+07,-4.461000000000000000e+03,-3.276800000000000000e+04
6.791178385416666656e-06,6.860351562499999995e-06,2.332851562500000000e+02,1.273828125000000000e+01,1.000000000000000000e+00,-5.457616021899382858e-02,1.459312500000000000e+07,-5.700000000000000000e+02,3.276700000000000000e+04
6.795247395833333722e-06,6.864420572916667060e-06,1.062851562500000000e+02,1.019687500000000000e+02,1.000000000000000000e+00,-7.647133912108028397e-01,-2.777625000000000000e+07,-7.977000000000000000e+03,-3.276800000000000000e+04
6.799316406249999940e-06,6.868489583333333279e-06,2.011523437500000000e+02,4.187890625000000000e+01,1.000000000000000000e+00,-2.052418357291366513e-01,2.188312500000000000e+07,-2.141000000000000000e+03,3.276700000000000000e+04
6.803385416666667006e-06,6.872558593750000344e-06,2.364375000000000000e+02,-4.503906250000000000e+00,1.000000000000000000e+00,1.900698069989552319e-02,8.771250000000000000e+06,1.980000000000000000e+02,3.276700000000000000e+04
6.807454427083333224e-06,6.876627604166666563e-06,7.737109375000000000e+01,-1.065937500000000000e+02,1.000000000000000000e+00,9.429188155534550253e-01,3.613781250000000000e+07,9.835000000000000000e+03,3.276700000000000000e+04
6.811523437500000290e-06,6.880696614583333628e-06,7.966406250000000000e+01,2.900000000000000000e+01,1.000000000000000000e+00,-3.490285661436047793e-01,-5.053312500000000000e+07,-3.641000000000000000e+03,-3.276800000000000000e+04
6.815592447916666509e-06,6.884765624999999847e-06,3.275390625000000000e+01,6.462890625000000000e+01,1.000000000000000000e+00,-1.101637890199997472e+00,-2.943750000000000000e+07,-1.149100000000000000e+04,-3.276800000000000000e+04
6.819661458333333574e-06,6.888834635416666912e-06,-2.058593750000000000e+00,5.735546875000000000e+01,0.000000000000000000e+00,-1.101637890199997472e+00,-2.943750000000000000e+07,0.000000000000000000e+00,0.000000000000000000e+00
6.823730468749999793e-06,6.892903645833333131e-06,4.340234375000000000e+01,1.203789062500000000e+02,1.000000000000000000e+00,-1.224763816877630918e+00,0.000000000000000000e+00,-1.277500000000000000e+04,-1.277500000000000000e+04
6.827799479166666858e-06,6.896972656250000197e-06,1.765625000000000000e+02,-7.671093750000000000e+01,1.000000000000000000e+00,4.098604917631947231e-01,6.393656250000000000e+07,4.275000000000000000e+03,3.276700000000000000e+04
6.831868489583333077e-06,6.901041666666666415e-06,1.677539062500000000e+02,-9.185546875000000000e+01,1.000000000000000000e+00,5.009406010439046986e-01,3.562500000000000000e+06,5.225000000000000000e+03,3.276700000000000000e+04
6.835937500000000142e-06,6.905110677083333481e-06,2.408593750000000000e+01,9.672265625000000000e+01,1.000000000000000000e+00,-1.326773539272026126e+00,-7.148906250000000000e+07,-1.383900000000000000e+04,-3.276800000000000000e+04
6.840006510416666361e-06,6.909179687499999699e-06,1.298867187500000000e+02,-1.121015625000000000e+02,1.000000000000000000e+00,7.120067700770446040e-01,7.974468750000000000e+07,7.426000000000000000e+03,3.276700000000000000e+04
6.844075520833333426e-06,6.913248697916666765e-06,-2.092968750000000000e+01,-8.653125000000000000e+01,1.000000000000000000e+00,1.808036043021335360e+00,4.287000000000000000e+07,1.885800000000000000e+04,3.276700000000000000e+04
6.848144531249999645e-06,6.917317708333332983e-06,-1.179843750000000000e+02,1.894531250000000000e+01,1.000000000000000000e+00,-2.982394209947036412e+00,5.838750000000000000e+07,-3.110800000000000000e+04,3.276700000000000000e+04
6.852213541666666710e-06,6.921386718750000049e-06,-1.577812500000000000e+02,-5.137500000000000000e+01,1.000000000000000000e+00,2.826791033775886586e+00,-1.854000000000000000e+07,2.948400000000000000e+04,-3.276800000000000000e+04
6.856282552083332929e-06,6.925455729166666267e-06,6.958203125000000000e+01,4.904687500000000000e+01,1.000000000000000000e+00,-6.140237472508492944e-01,1.111762500000000000e+08,-6.405000000000000000e+03,3.276700000000000000e+04
6.860351562499999995e-06,6.929524739583333333e-06,-7.143359375000000000e+01,2.471445312500000000e+02,1.000000000000000000e+00,-1.852161959122858192e+00,-4.842843750000000000e+07,-1.931900000000000000e+04,-3.276800000000000000e+04
6.864420572916667060e-06,6.933593750000000398e-06,-1.048242187500000000e+02,1.433984375000000000e+01,1.000000000000000000e+00,-3.005667574713239087e+00,-4.511812500000000000e+07,-3.135100000000000000e+04,-3.276800000000000000e+04
6.868489583333333279e-06,6.937662760416666617e-06,-9.453515625000000000e+01,6.062890625000000000e+01,1.000000000000000000e+00,-2.571431169492548907e+00,1.698468750000000000e+07,-2.682100000000000000e+04,3.276700000000000000e+04
6.872558593750000344e-06,6.941731770833333683e-06,3.485156250000000000e+01,-1.480000000000000000e+02,1.000000000000000000e+00,1.339476817671704012e+00,-9.278906250000000000e+07,1.397100000000000000e+04,-3.276800000000000000e+04
6.876627604166666563e-06,6.945800781249999901e-06,-1.748046875000000000e+01,-1.558593750000000000e+01,0.000000000000000000e+00,1.339476817671704012e+00,-9.278906250000000000e+07,0.000000000000000000e+00,0.000000000000000000e+00
6.880696614583333628e-06,6.949869791666666967e-06,1.009765625000000000e+01,-9.742968750000000000e+01,1.000000000000000000e+00,1.467540245010344302e+00,0.000000000000000000e+00,1.530700000000000000e+04,1.530700000000000000e+04
6.884765624999999847e-06,6.953938802083333185e-06,2.698437500000000000e+01,-2.810546875000000000e+01,0.000000000000000000e+00,1.467540245010344302e+00,0.000000000000000000e+00,0.000000000000000000e+00,0.000000000000000000e+00
6.888834635416666912e-06,6.958007812500000251e-06,-1.611875000000000000e+02,1.818984375000000000e+02,1.000000000000000000e+00,-2.295913838918401062e+00,0.000000000000000000e+00,-2.394800000000000000e+04,-2.394800000000000000e+04
6.892903645833333131e-06,6.962076822916666469e-06,-7.714843750000000000e+00,-5.582812500000000000e+01,0.000000000000000000e+00,-2.295913838918401062e+00,0.000000000000000000e+00,0.000000000000000000e+00,0.000000000000000000e+00
6.896972656250000197e-06,6.966145833333333535e-06,-2.248984375000000000e+02,1.563281250000000000e+01,1.000000000000000000e+00,-3.072156054488157206e+00,0.000000000000000000e+00,-3.204400000000000000e+04,-3.204400000000000000e+04
6.901041666666666415e-06,6.970214843749999753e-06,-8.169531250000000000e+01,8.566796875000000000e+01,1.000000000000000000e+00,-2.332465724879738911e+00,2.893218750000000000e+07,-2.432900000000000000e+04,3.276700000000000000e+04
6.905110677083333481e-06,6.974283854166666819e-06,-6.356640625000000000e+01,1.536796875000000000e+02,1.000000000000000000e+00,-1.962992071047595655e+00,1.445156250000000000e+07,-2.047500000000000000e+04,3.276700000000000000e+04
6.909179687499999699e-06,6.978352864583333037e-06,-7.926953125000000000e+01,1.655039062500000000e+02,1.000000000000000000e+00,-2.017448389017535870e+00,-2.130000000000000000e+06,-2.104300000000000000e+04,-3.276800000000000000e+04
6.913248697916666765e-06,6.982421875000000103e-06,7.727343750000000000e+01,1.587500000000000000e+01,1.000000000000000000e+00,-2.025334009005260727e-01,7.098843750000000000e+07,-2.113000000000000000e+03,3.276700000000000000e+04
6.917317708333332983e-06,6.986490885416666322e-06,-2.026171875000000000e+01,4.141796875000000000e+01,0.000000000000000000e+00,-2.025334009005260727e-01,7.098843750000000000e+07,0.000000000000000000e+00,0.000000000000000000e+00
6.921386718750000049e-06,6.990559895833333387e-06,-2.193281250000000000e+02,-5.287890625000000000e+01,1.000000000000000000e+00,2.905024053958054520e+00,0.000000000000000000e+00,3.030000000000000000e+04,3.030000000000000000e+04
6.925455729166666267e-06,6.994628906249999606e-06,-1.880859375000000000e+02,-1.010664062500000000e+02,1.000000000000000000e+00,2.648513704083802267e+00,-1.003312500000000000e+07,2.762500000000000000e+04,-3.276800000000000000e+04
6.929524739583333333e-06,6.998697916666666671e-06,-6.008593750000000000e+01,-2.308007812500000000e+02,1.000000000000000000e+00,1.825485074483534476e+00,-3.219187500000000000e+07,1.904000000000000000e+04,-3.276800000000000000e+04
6.933593750000000398e-06,7.002766927083333737e-06,1.160000000000000000e+02,-2.556562500000000000e+02,1.000000000000000000e+00,1.144829036758902685e+00,-2.662312500000000000e+07,1.194100000000000000e+04,-3.276800000000000000e+04
6.937662760416666617e-06,7.006835937499999955e-06,2.519921875000000000e+01,-1.918242187500000000e+02,1.000000000000000000e+00,1.440144306876699254e+00,1.155093750000000000e+07,1.502100000000000000e+04,3.276700000000000000e+04
6.941731770833333683e-06,7.010904947916667021e-06,-6.371093750000000000e+01,-1.253320312500000000e+02,1.000000000000000000e+00,2.041057312081088426e+00,2.350406250000000000e+07,2.128900000000000000e+04,3.276700000000000000e+04
6.945800781249999901e-06,7.014973958333333239e-06,1.522968750000000000e+02,-1.073476562500000000e+02,1.000000000000000000e+00,6.139758103512278353e-01,-5.581875000000000000e+07,6.404000000000000000e+03,-3.276800000000000000e+04
6.949869791666666967e-06,7.019042968750000305e-06,1.900117187500000000e+02,-1.387851562500000000e+02,1.000000000000000000e+00,6.308256305681592124e-01,6.590625000000000000e+05,6.579000000000000000e+03,1.782700000000000000e+04
6.953938802083333185e-06,7.023111979166666523e-06,1.537734375000000000e+02,-1.852890625000000000e+02,1.000000000000000000e+00,8.780601903656652940e-01,9.670312500000000000e+06,9.158000000000000000e+03,3.276700000000000000e+04
6.958007812500000251e-06,7.027180989583333589e-06,1.813046875000000000e+02,-2.183632812500000000e+02,1.000000000000000000e+00,8.778444743173688947e-01,-8.437500000000000000e+03,9.156000000000000000e+03,9.012000000000000000e+03
6.962076822916666469e-06,7.031249999999999808e-06,2.505625000000000000e+02,-1.644609375000000000e+02,1.000000000000000000e+00,5.808274442630115830e-01,-1.161750000000000000e+07,6.058000000000000000e+03,-3.276800000000000000e+04
6.966145833333333535e-06,7.035319010416666873e-06,5.794531250000000000e+01,-1.429960937500000000e+02,1.000000000000000000e+00,1.185839054385032787e+00,2.366437500000000000e+07,1.236800000000000000e+04,3.276700000000000000e+04
6.970214843749999753e-06,7.039388020833333092e-06,2.954882812500000000e+02,1.748476562500000000e+02,1.000000000000000000e+00,-5.343286516302281353e-01,-6.728250000000000000e+07,-5.574000000000000000e+03,-3.276800000000000000e+04
6.974283854166666819e-06,7.043457031250000157e-06,1.623359375000000000e+02,1.037070312500000000e+02,1.000000000000000000e+00,-5.684597241606835771e-01,-1.335000000000000000e+06,-5.930000000000000000e+03,-2.871400000000000000e+04
6.978352864583333037e-06,7.047526041666666376e-06,1.543828125000000000e+02,-2.656640625000000000e+01,1.000000000000000000e+00,1.703437728047383082e-01,2.889750000000000000e+07,1.776000000000000000e+03,3.276700000000000000e+04
6.982421875000000103e-06,7.051595052083333441e-06,1.561445312500000000e+02,-7.692187500000000000e+01,1.000000000000000000e+00,4.577734229348103256e-01,1.124250000000000000e+07,4.774000000000000000e+03,3.276700000000000000e+04
6.986490885416666322e-06,7.055664062499999660e-06,2.091328125000000000e+02,-4.873437500000000000e+01,1.000000000000000000e+00,2.289466325919319312e-01,-8.950312500000000000e+06,2.388000000000000000e+03,-3.276800000000000000e+04
6.990559895833333387e-06,7.059733072916666725e-06,3.595781250000000000e+02,-2.293007812500000000e+02,1.000000000000000000e+00,5.676447968671193278e-01,1.324781250000000000e+07,5.920000000000000000e+03,3.276700000000000000e+04
6.994628906249999606e-06,7.063802083333332944e-06,2.053984375000000000e+02,-1.939023437500000000e+02,1.000000000000000000e+00,7.566120551747818057e-01,7.391250000000000000e+06,7.891000000000000000e+03,3.276700000000000000e+04
6.998697916666666671e-06,7.067871093750000009e-06,2.143593750000000000e+02,-7.950000000000000000e+01,1.000000000000000000e+00,3.551165523955259196e-01,-1.570406250000000000e+07,3.704000000000000000e+03,-3.276800000000000000e+04
7.002766927083333737e-06,7.071940104166667075e-06,2.305781250000000000e+02,1.503906250000000000e+00,1.000000000000000000e+00,-6.543386798324688468e-03,-1.414593750000000000e+07,-6.900000000000000000e+01,-3.276800000000000000e+04
7.006835937499999955e-06,7.076009114583333294e-06,1.379570312500000000e+02,1.134375000000000000e+01,1.000000000000000000e+00,-8.202003525226037040e-02,-2.952187500000000000e+06,-8.560000000000000000e+02,-3.276800000000000000e+04
7.010904947916667021e-06,7.080078125000000359e-06,1.707929687500000000e+02,-5.894140625000000000e+01,1.000000000000000000e+00,3.322985881757269944e-01,1.620562500000000000e+07,3.466000000000000000e+03,3.276700000000000000e+04
7.014973958333333239e-06,7.084147135416666578e-06,2.252031250000000000e+02,4.102734375000000000e+01,1.000000000000000000e+00,-1.802187741267521348e-01,-2.004656250000000000e+07,-1.880000000000000000e+03,-3.276800000000000000e+04
7.019042968750000305e-06,7.088216145833333643e-06,2.678515625000000000e+02,-3.406640625000000000e+01,1.000000000000000000e+00,1.265054781009439799e-01,1.199718750000000000e+07,1.319000000000000000e+03,3.276700000000000000e+04
7.023111979166666523e-06,7.092285156249999862e-06,1.065664062500000000e+02,2.351289062500000000e+02,1.000000000000000000e+00,-1.145260468855495484e+00,-4.974375000000000000e+07,-1.194600000000000000e+04,-3.276800000000000000e+04
7.027180989583333589e-06,7.096354166666666927e-06,5.355078125000000000e+01,1.117070312500000000e+02,1.000000000000000000e+00,-1.123808706274907143e+00,8.390625000000000000e+05,-1.172200000000000000e+04,2.598000000000000000e+03
7.031249999999999808e-06,7.100423177083333146e-06,8.032421875000000000e+01,1.651523437500000000e+02,1.000000000000000000e+00,-1.118152152119578746e+00,2.212500000000000000e+05,-1.166300000000000000e+04,-7.887000000000000000e+03
7.035319010416666873e-06,7.104492187500000211e-06,-1.107421875000000000e+01,-4.093750000000000000e+00,0.000000000000000000e+00,-1.118152152119578746e+00,2.212500000000000000e+05,0.000000000000000000e+00,0.000000000000000000e+00
7.039388020833333092e-06,7.108561197916666430e-06,1.330429687500000000e+02,3.023828125000000000e+01,1.000000000000000000e+00,-2.235057944849000722e-01,0.000000000000000000e+00,-2.332000000000000000e+03,-2.332000000000000000e+03
7.043457031250000157e-06,7.112630208333333496e-06,7.728515625000000000e+01,1.215078125000000000e+02,1.000000000000000000e+00,-1.004254078619069901e+00,-3.053812500000000000e+07,-1.047500000000000000e+04,-3.276800000000000000e+04
7.047526041666666376e-06,7.116699218749999714e-06,-4.972656250000000000e+01,8.787500000000000000e+01,1.000000000000000000e+00,-2.085710534078446976e+00,-4.230000000000000000e+07,-2.175500000000000000e+04,-3.276800000000000000e+04
7.051595052083333441e-06,7.120768229166666780e-06,-8.672265625000000000e+01,-4.210937500000000000e+01,1.000000000000000000e+00,2.689523721709932591e+00,-5.898187500000000000e+07,2.805200000000000000e+04,-3.276800000000000000e+04
7.055664062499999660e-06,7.124837239583332998e-06,8.007031250000000000e+01,1.355078125000000000e+02,1.000000000000000000e+00,-1.037114823309557732e+00,9.999656250000000000e+07,-1.081800000000000000e+04,3.276700000000000000e+04
7.059733072916666725e-06,7.128906250000000064e-06,8.805859375000000000e+01,-4.189062500000000000e+01,1.000000000000000000e+00,4.439675958438395464e-01,5.793093750000000000e+07,4.630000000000000000e+03,3.276700000000000000e+04
7.063802083333332944e-06,7.132975260416666282e-06,1.446367187500000000e+02,-1.302656250000000000e+02,1.000000000000000000e+00,7.331948797097150861e-01,1.131281250000000000e+07,7.647000000000000000e+03,3.276700000000000000e+04
7.067871093750000009e-06,7.137044270833333348e-06,1.911328125000000000e+01,2.448828125000000000e+01,0.000000000000000000e+00,7.331948797097150861e-01,1.131281250000000000e+07,0.000000000000000000e+00,0.000000000000000000e+00
7.071940104166667075e-06,7.141113281250000413e-06,1.469570312500000000e+02,-4.000000000000000000e+01,1.000000000000000000e+00,2.657382030513766313e-01,0.000000000000000000e+00,2.771000000000000000e+03,2.771000000000000000e+03
7.076009114583333294e-06,7.145182291666666632e-06,1.737656250000000000e+02,-3.678125000000000000e+01,1.000000000000000000e+00,2.085974187026364834e-01,-2.235000000000000000e+06,2.175000000000000000e+03,-3.276800000000000000e+04
7.080078125000000359e-06,7.149251302083333697e-06,2.339726562500000000e+02,-8.661718750000000000e+01,1.000000000000000000e+00,3.545413096000687991e-01,5.708437500000000000e+06,3.698000000000000000e+03,3.276700000000000000e+04
7.084147135416666578e-06,7.153320312499999916e-06,1.283515625000000000e+02,-7.925000000000000000e+01,1.000000000000000000e+00,5.531199162818272175e-01,7.767187500000000000e+06,5.769000000000000000e+03,3.276700000000000000e+04
7.088216145833333643e-06,7.157389322916666982e-06,2.105273437500000000e+02,3.812890625000000000e+01,1.000000000000000000e+00,-1.791641623350807566e-01,-2.864250000000000000e+07,-1.869000000000000000e+03,-3.276800000000000000e+04
7.092285156249999862e-06,7.161458333333333200e-06,2.706992187500000000e+02,-5.593359375000000000e+01,1.000000000000000000e+00,2.037318233910617171e-01,1.497656250000000000e+07,2.125000000000000000e+03,3.276700000000000000e+04
7.096354166666666927e-06,7.165527343750000266e-06,1.933281250000000000e+02,-8.522656250000000000e+01,1.000000000000000000e+00,4.151575191713623436e-01,8.269687500000000000e+06,4.330000000000000000e+03,3.276700000000000000e+04
7.100423177083333146e-06,7.169596354166666484e-06,3.251562500000000000e+01,1.060156250000000000e+02,1.000000000000000000e+00,-1.273156117045460833e+00,-6.603656250000000000e+07,-1.328000000000000000e+04,-3.276800000000000000e+04
7.104492187500000211e-06,7.173665364583333550e-06,1.161250000000000000e+02,-2.696093750000000000e+01,1.000000000000000000e+00,2.281556737481784114e-01,5.872218750000000000e+07,2.379000000000000000e+03,3.276700000000000000e+04
7.108561197916666430e-06,7.177734374999999768e-06,2.870117187500000000e+02,7.325000000000000000e+01,1.000000000000000000e+00,-2.498710892766845271e-01,-1.869750000000000000e+07,-2.607000000000000000e+03,-3.276800000000000000e+04
7.112630208333333496e-06,7.181803385416666834e-06,3.978515625000000000e+02,2.353945312500000000e+02,1.000000000000000000e+00,-5.342807147306066762e-01,-1.112437500000000000e+07,-5.573000000000000000e+03,-3.276800000000000000e+04
7.116699218749999714e-06,7.185872395833333052e-06,2.814570312500000000e+02,2.147148437500000000e+02,1.000000000000000000e+00,-6.517021503532903770e-01,-4.592812500000000000e+06,-6.798000000000000000e+03,-3.276800000000000000e+04
7.120768229166666780e-06,7.189941406250000118e-06,2.073476562500000000e+02,1.922304687500000000e+02,1.000000000000000000e+00,-7.476238864957643893e-01,-3.751875000000000000e+06,-7.798000000000000000e+03,-3.276800000000000000e+04
7.124837239583332998e-06,7.194010416666666336e-06,2.305585937500000000e+02,1.070625000000000000e+02,1.000000000000000000e+00,-4.347397426667150011e-01,1.223812500000000000e+07,-4.535000000000000000e+03,3.276700000000000000e+04
7.128906250000000064e-06,7.198079427083333402e-06,2.191914062500000000e+02,1.624843750000000000e+02,1.000000000000000000e+00,-6.378723548125089238e-01,-7.945312500000000000e+06,-6.654000000000000000e+03,-3.276800000000000000e+04
7.132975260416666282e-06,7.202148437499999621e-06,1.793750000000000000e+01,3.176445312500000000e+02,1.000000000000000000e+00,-1.514374595940477741e+00,-3.428343750000000000e+07,-1.579600000000000000e+04,-3.276800000000000000e+04
7.137044270833333348e-06,7.206217447916666686e-06,8.969140625000000000e+01,1.983750000000000000e+02,1.000000000000000000e+00,-1.146171269948302429e+00,1.440187500000000000e+07,-1.195500000000000000e+04,3.276700000000000000e+04
7.141113281250000413e-06,7.210286458333333752e-06,1.962500000000000000e+01,2.370625000000000000e+02,1.000000000000000000e+00,-1.488225017196989741e+00,-1.337906250000000000e+07,-1.552300000000000000e+04,-3.276800000000000000e+04
7.145182291666666632e-06,7.214355468749999970e-06,2.592382812500000000e+02,2.683632812500000000e+02,1.000000000000000000e+00,-8.026554472611617808e-01,2.681531250000000000e+07,-8.372000000000000000e+03,3.276700000000000000e+04
7.149251302083333697e-06,7.218424479166667036e-06,1.696835937500000000e+02,1.164843750000000000e+02,1.000000000000000000e+00,-6.015601533492784814e-01,7.865625000000000000e+06,-6.275000000000000000e+03,3.276700000000000000e+04
7.153320312499999916e-06,7.222493489583333254e-06,6.992968750000000000e+01,7.289843750000000000e+01,1.000000000000000000e+00,-8.061308724837151773e-01,-8.001562500000000000e+06,-8.409000000000000000e+03,-3.276800000000000000e+04
7.157389322916666982e-06,7.226562500000000320e-06,1.330273437500000000e+02,5.651171875000000000e+01,1.000000000000000000e+00,-4.016872503777415560e-01,1.581937500000000000e+07,-4.190000000000000000e+03,3.276700000000000000e+04
7.161458333333333200e-06,7.230631510416666538e-06,1.611835937500000000e+02,3.739609375000000000e+02,1.000000000000000000e+00,-1.163859985908608730e+00,-2.981156250000000000e+07,-1.214000000000000000e+04,-3.276800000000000000e+04
7.165527343750000266e-06,7.234700520833333604e-06,1.651601562500000000e+02,2.224218750000000000e+01,1.000000000000000000e+00,-1.338637921928328978e-01,4.028718750000000000e+07,-1.397000000000000000e+03,3.276700000000000000e+04
7.169596354166666484e-06,7.238769531249999822e-06,1.323867187500000000e+02,8.258984375000000000e+01,1.000000000000000000e+00,-5.577937639949163140e-01,-1.658156250000000000e+07,-5.818000000000000000e+03,-3.276800000000000000e+04
7.173665364583333550e-06,7.242838541666666888e-06,1.806406250000000000e+02,1.794882812500000000e+02,1.000000000000000000e+00,-7.822343280224340889e-01,-8.778750000000000000e+06,-8.159000000000000000e+03,-3.276800000000000000e+04
7.177734374999999768e-06,7.246907552083333107e-06,-4.774609375000000000e+01,1.179765625000000000e+02,1.000000000000000000e+00,-1.955322167108167530e+00,-4.588406250000000000e+07,-2.039500000000000000e+04,-3.276800000000000000e+04
7.181803385416666834e-06,7.250976562500000172e-06,-1.429296875000000000e+01,5.913281250000000000e+01,0.000000000000000000e+00,-1.955322167108167530e+00,-4.588406250000000000e+07,0.000000000000000000e+00,0.000000000000000000e+00
7.185872395833333052e-06,7.255045572916666391e-06,-1.195820312500000000e+02,1.632460937500000000e+02,1.000000000000000000e+00,-2.203012127452077085e+00,0.000000000000000000e+00,-2.297900000000000000e+04,-2.297900000000000000e+04
7.189941406250000118e-06,7.259114583333333456e-06,-2.359492187500000000e+02,3.134179687500000000e+02,1.000000000000000000e+00,-2.216098901048726422e+00,-5.118750000000000000e+05,-2.311500000000000000e+04,-3.185100000000000000e+04
7.194010416666666336e-06,7.263183593749999675e-06,1.583984375000000000e+01,2.108984375000000000e+02,1.000000000000000000e+00,-1.495823015786985843e+00,2.817281250000000000e+07,-1.560200000000000000e+04,3.276700000000000000e+04
7.198079427083333402e-06,7.267252604166666740e-06,-7.158593750000000000e+01,-3.572656250000000000e+01,1.000000000000000000e+00,2.678713950845300840e+00,-8.247750000000000000e+07,2.794000000000000000e+04,-3.276800000000000000e+04
7.202148437499999621e-06,7.271321614583332959e-06,-1.284453125000000000e+02,1.292460937500000000e+02,1.000000000000000000e+00,-2.353102560166763002e+00,4.894593750000000000e+07,-2.454400000000000000e+04,3.276700000000000000e+04
7.206217447916666686e-06,7.275390625000000024e-06,-1.873906250000000000e+02,7.855859375000000000e+01,1.000000000000000000e+00,-2.744651156274572568e+00,-1.531500000000000000e+07,-2.862800000000000000e+04,-3.276800000000000000e+04
7.210286458333333752e-06,7.279459635416667090e-06,-2.131250000000000000e+01,2.219179687500000000e+02,1.000000000000000000e+00,-1.666550283788695630e+00,4.216875000000000000e+07,-1.738300000000000000e+04,3.276700000000000000e+04
7.214355468749999970e-06,7.283528645833333308e-06,-1.573437500000000000e+01,2.383203125000000000e+01,0.000000000000000000e+00,-1.666550283788695630e+00,4.216875000000000000e+07,0.000000000000000000e+00,0.000000000000000000e+00
7.218424479166667036e-06,7.287597656250000374e-06,-1.351406250000000000e+02,-1.135937500000000000e+01,1.000000000000000000e+00,3.057679110802486555e+00,0.000000000000000000e+00,3.189200000000000000e+04,3.189200000000000000e+04
7.222493489583333254e-06,7.291666666666666593e-06,-1.661875000000000000e+02,1.386914062500000000e+02,1.000000000000000000e+00,-2.446172050781762142e+00,3.048281250000000000e+07,-2.551500000000000000e+04,3.276700000000000000e+04
7.226562500000000320e-06,7.295735677083333658e-06,-1.688671875000000000e+01,8.553125000000000000e+01,1.000000000000000000e+00,-1.765707760655615743e+00,2.661562500000000000e+07,-1.841700000000000000e+04,3.276700000000000000e+04
7.230631510416666538e-06,7.299804687499999877e-06,1.056640625000000000e+01,-2.082031250000000000e+01,0.000000000000000000e+00,-1.765707760655615743e+00,2.661562500000000000e+07,0.000000000000000000e+00,0.000000000000000000e+00
7.234700520833333604e-06,7.303873697916666942e-06,-9.116406250000000000e+01,-2.767968750000000000e+01,1.000000000000000000e+00,2.846804689367832264e+00,0.000000000000000000e+00,2.969300000000000000e+04,2.969300000000000000e+04
7.238769531249999822e-06,7.307942708333333161e-06,-1.208554687500000000e+02,5.911718750000000000e+01,1.000000000000000000e+00,-2.686647507732646822e+00,2.932500000000000000e+07,-2.802300000000000000e+04,3.276700000000000000e+04
7.242838541666666888e-06,7.312011718750000226e-06,3.557812500000000000e+01,9.771093750000000000e+01,1.000000000000000000e+00,-1.221671886852048861e+00,5.730093750000000000e+07,-1.274300000000000000e+04,3.276700000000000000e+04
7.246907552083333107e-06,7.316080729166666445e-06,1.255468750000000000e+01,1.347226562500000000e+02,1.000000000000000000e+00,-1.477966520678004603e+00,-1.002468750000000000e+07,-1.541600000000000000e+04,-3.276800000000000000e+04
7.250976562500000172e-06,7.320149739583333510e-06,-1.563828125000000000e+02,-1.749453125000000000e+02,1.000000000000000000e+00,2.300228159884329493e+00,-9.798000000000000000e+07,2.399200000000000000e+04,-3.276800000000000000e+04
7.255045572916666391e-06,7.324218749999999729e-06,-1.561367187500000000e+02,4.096093750000000000e+01,1.000000000000000000e+00,-2.885010398366108841e+00,4.294500000000000000e+07,-3.009200000000000000e+04,3.276700000000000000e+04
7.259114583333333456e-06,7.328287760416666795e-06,-7.762500000000000000e+01,-1.423437500000000000e+01,1.000000000000000000e+00,2.960223393872126962e+00,-1.713000000000000000e+07,3.087600000000000000e+04,-3.276800000000000000e+04
7.263183593749999675e-06,7.332356770833333013e-06,-1.703125000000000000e+01,-1.615976562500000000e+02,1.000000000000000000e+00,1.675778136965820231e+00,-5.023968750000000000e+07,1.747900000000000000e+04,-3.276800000000000000e+04
7.267252604166666740e-06,7.336425781250000079e-06,4.862890625000000000e+01,-5.479687500000000000e+01,0.000000000000000000e+00,1.675778136965820231e+00,-5.023968750000000000e+07,0.000000000000000000e+00,0.000000000000000000e+00
7.271321614583332959e-06,7.340494791666666297e-06,2.375000000000000000e+00,-1.876367187500000000e+02,1.000000000000000000e+00,1.558117016845029346e+00,0.000000000000000000e+00,1.625100000000000000e+04,1.625100000000000000e+04
7.275390625000000024e-06,7.344563802083333363e-06,2.557031250000000000e+01,-5.453125000000000000e+01,0.000000000000000000e+00,1.558117016845029346e+00,0.000000000000000000e+00,0.000000000000000000e+00,0.000000000000000000e+00
7.279459635416667090e-06,7.348632812500000428e-06,3.255468750000000000e+01,8.257812500000000000e+01,1.000000000000000000e+00,-1.195234686710832328e+00,0.000000000000000000e+00,-1.246700000000000000e+04,-1.246700000000000000e+04
7.283528645833333308e-06,7.352701822916666647e-06,-4.272265625000000000e+01,-4.709375000000000000e+01,0.000000000000000000e+00,-1.195234686710832328e+00,0.000000000000000000e+00,0.000000000000000000e+00,0.000000000000000000e+00
7.287597656250000374e-06,7.356770833333333712e-06,-2.063476562500000000e+02,4.268359375000000000e+01,1.000000000000000000e+00,-2.937621145700624048e+00,0.000000000000000000e+00,-3.064100000000000000e+04,-3.064100000000000000e+04
7.291666666666666593e-06,7.360839843749999931e-06,-1.594531250000000000e+02,1.115078125000000000e+02,1.000000000000000000e+00,-2.531331952959225973e+00,1.589156250000000000e+07,-2.640300000000000000e+04,3.276700000000000000e+04
7.295735677083333658e-06,7.364908854166666996e-06,-7.210937500000000000e+01,3.652343750000000000e+00,1.000000000000000000e+00,-3.091115098288431451e+00,-2.189531250000000000e+07,-3.224200000000000000e+04,-3.276800000000000000e+04
7.299804687499999877e-06,7.368977864583333215e-06,1.152343750000000000e+00,-5.617187500000000000e+01,0.000000000000000000e+00,-3.091115098288431451e+00,-2.189531250000000000e+07,0.000000000000000000e+00,0.000000000000000000e+00
7.303873697916666942e-06,7.373046875000000281e-06,-2.281445312500000000e+02,1.336367187500000000e+02,1.000000000000000000e+00,-2.611698165174547004e+00,0.000000000000000000e+00,-2.724100000000000000e+04,-2.724100000000000000e+04
7.307942708333333161e-06,7.377115885416666499e-06,-1.504570312500000000e+02,2.538281250000000000e+01,1.000000000000000000e+00,-2.974508589959311777e+00,-1.419093750000000000e+07,-3.102600000000000000e+04,-3.276800000000000000e+04
7.312011718750000226e-06,7.381184895833333565e-06,-1.808164062500000000e+02,7.139453125000000000e+01,1.000000000000000000e+00,-2.765551644509514517e+00,8.173125000000000000e+06,-2.884600000000000000e+04,3.276700000000000000e+04
7.316080729166666445e-06,7.385253906249999783e-06,-3.150234375000000000e+02,-4.501171875000000000e+01,1.000000000000000000e+00,2.999675462260560810e+00,-2.025937500000000000e+07,3.128700000000000000e+04,-3.276800000000000000e+04
7.320149739583333510e-06,7.389322916666666849e-06,-1.473046875000000000e+02,-1.285625000000000000e+02,1.000000000000000000e+00,2.424001234706852248e+00,-2.251687500000000000e+07,2.528300000000000000e+04,-3.276800000000000000e+04
7.324218749999999729e-06,7.393391927083333067e-06,2.308984375000000000e+01,-1.215156250000000000e+02,1.000000000000000000e+00,1.383027490977769780e+00,-4.071656250000000000e+07,1.442500000000000000e+04,-3.276800000000000000e+04
7.328287760416666795e-06,7.397460937500000133e-06,-1.882773437500000000e+02,-2.398437500000000000e+02,1.000000000000000000e+00,2.236328272688968610e+00,3.337593750000000000e+07,2.332500000000000000e+04,3.276700000000000000e+04
7.332356770833333013e-06,7.401529947916666351e-06,-6.389453125000000000e+01,-2.515625000000000000e+01,0.000000000000000000e+00,2.236328272688968610e+00,3.337593750000000000e+07,0.000000000000000000e+00,0.000000000000000000e+00
7.336425781250000079e-06,7.405598958333333417e-06,9.936718750000000000e+01,4.600000000000000000e+01,1.000000000000000000e+00,-4.336371939754221638e-01,0.000000000000000000e+00,-4.523000000000000000e+03,-4.523000000000000000e+03
7.340494791666666297e-06,7.409667968749999635e-06,9.539453125000000000e+01,-2.209062500000000000e+02,1.000000000000000000e+00,1.163164900864098072e+00,6.245718750000000000e+07,1.213200000000000000e+04,3.276700000000000000e+04
7.344563802083333363e-06,7.413736979166666701e-06,5.276953125000000000e+01,1.067187500000000000e+01,0.000000000000000000e+00,1.163164900864098072e+00,6.245718750000000000e+07,0.000000000000000000e+00,0.000000000000000000e+00
7.348632812499999581e-06,7.417805989583332920e-06,-1.750195312500000000e+02,4.380468750000000000e+01,1.000000000000000000e+00,-2.896347475126576310e+00,0.000000000000000000e+00,-3.021000000000000000e+04,-3.021000000000000000e+04
7.352701822916666647e-06,7.421874999999999985e-06,-2.558203125000000000e+01,1.907226562500000000e+02,1.000000000000000000e+00,-1.704156781541704468e+00,4.663125000000000000e+07,-1.777500000000000000e+04,3.276700000000000000e+04
7.356770833333333712e-06,7.425944010416667051e-06,-1.148085937500000000e+02,6.999218750000000000e+01,1.000000000000000000e+00,-2.594105323013483400e+00,-3.480937500000000000e+07,-2.705800000000000000e+04,-3.276800000000000000e+04
7.360839843749999931e-06,7.430013020833333269e-06,-9.865234375000000000e+01,1.026289062500000000e+02,1.000000000000000000e+00,-2.336492424447938809e+00,1.007625000000000000e+07,-2.437100000000000000e+04,3.276700000000000000e+04
7.364908854166666996e-06,7.434082031250000335e-06,-1.174570312500000000e+02,2.883671875000000000e+02,1.000000000000000000e+00,-1.957599169840185338e+00,1.482000000000000000e+07,-2.041900000000000000e+04,3.276700000000000000e+04
7.368977864583333215e-06,7.438151041666666553e-06,6.825390625000000000e+01,1.708007812500000000e+02,1.000000000000000000e+00,-1.190704649696607609e+00,2.999625000000000000e+07,-1.242000000000000000e+04,3.276700000000000000e+04
7.373046875000000281e-06,7.442220052083333619e-06,-4.829687500000000000e+01,1.246093750000000000e+01,0.000000000000000000e+00,-1.190704649696607609e+00,2.999625000000000000e+07,0.000000000000000000e+00,0.000000000000000000e+00
7.377115885416666499e-06,7.446289062499999837e-06,4.359375000000000000e+00,7.522265625000000000e+01,1.000000000000000000e+00,-1.512984425851456427e+00,0.000000000000000000e+00,-1.578100000000000000e+04,-1.578100000000000000e+04
7.381184895833333565e-06,7.450358072916666903e-06,-4.874609375000000000e+01,1.156640625000000000e+01,0.000000000000000000e+00,-1.512984425851456427e+00,0.000000000000000000e+00,0.000000000000000000e+00,0.000000000000000000e+00
7.385253906249999783e-06,7.454427083333333121e-06,1.204140625000000000e+02,1.984335937500000000e+02,1.000000000000000000e+00,-1.025370282902308361e+00,0.000000000000000000e+00,-1.069500000000000000e+04,-1.069500000000000000e+04
7.389322916666666849e-06,7.458496093750000187e-06,-9.297656250000000000e+01,3.626953125000000000e+01,1.000000000000000000e+00,-2.769674217876957112e+00,-6.822656250000000000e+07,-2.888900000000000000e+04,-3.276800000000000000e+04
7.393391927083333067e-06,7.462565104166666406e-06,6.210546875000000000e+01,1.667812500000000000e+02,1.000000000000000000e+00,-1.214313572760159943e+00,6.083625000000000000e+07,-1.266600000000000000e+04,3.276700000000000000e+04
7.397460937500000133e-06,7.466634114583333471e-06,-6.121093750000000000e+00,9.878906250000000000e+01,1.000000000000000000e+00,-1.632682864206157936e+00,-1.636406250000000000e+07,-1.703000000000000000e+04,-3.276800000000000000e+04
7.401529947916666351e-06,7.470703124999999690e-06,-8.897656250000000000e+01,1.326562500000000000e+01,1.000000000000000000e+00,-2.993611444458450066e+00,-5.323125000000000000e+07,-3.122500000000000000e+04,-3.276800000000000000e+04
7.405598958333333417e-06,7.474772135416666755e-06,-2.279492187500000000e+02,-1.282890625000000000e+02,1.000000000000000000e+00,2.628979417488070958e+00,-2.583843750000000000e+07,2.742100000000000000e+04,-3.276800000000000000e+04
7.409667968749999635e-06,7.478841145833332974e-06,-4.502343750000000000e+01,5.489062500000000000e+01,0.000000000000000000e+00,2.628979417488070958e+00,-2.583843750000000000e+07,0.000000000000000000e+00,0.000000000000000000e+00
7.413736979166666701e-06,7.482910156250000039e-06,-1.528476562500000000e+02,-1.223789062500000000e+02,1.000000000000000000e+00,2.466425390871814560e+00,0.000000000000000000e+00,2.572500000000000000e+04,2.572500000000000000e+04
7.417805989583332920e-06,7.486979166666666258e-06,-3.534843750000000000e+02,-1.366562500000000000e+02,1.000000000000000000e+00,2.772694242553106925e+00,1.197937500000000000e+07,2.892000000000000000e+04,3.276700000000000000e+04
7.421874999999999985e-06,7.491048177083333323e-06,-3.058789062500000000e+02,9.433593750000000000e+00,1.000000000000000000e+00,-3.110793195583026804e+00,1.563375000000000000e+07,-3.244700000000000000e+04,3.276700000000000000e+04
7.425944010416667051e-06,7.495117187500000389e-06,-2.764648437500000000e+02,-3.967578125000000000e+01,1.000000000000000000e+00,2.999052282565481953e+00,-6.780000000000000000e+06,3.128100000000000000e+04,-3.276800000000000000e+04
7.430013020833333269e-06,7.499186197916666607e-06,-7.701953125000000000e+01,-3.175781250000000000e+00,1.000000000000000000e+00,3.100390888365177400e+00,3.963750000000000000e+06,3.233800000000000000e+04,3.276700000000000000e+04
7.434082031250000335e-06,7.503255208333333673e-06,-2.841289062500000000e+02,3.445312500000000000e+01,1.000000000000000000e+00,-3.020935477242663314e+00,6.330937500000000000e+06,-3.151000000000000000e+04,3.276700000000000000e+04
7.438151041666666553e-06,7.507324218749999892e-06,-1.960976562500000000e+02,1.825351562500000000e+02,1.000000000000000000e+00,-2.391979385759739341e+00,2.460093750000000000e+07,-2.495000000000000000e+04,3.276700000000000000e+04
7.442220052083333619e-06,7.511393229166666957e-06,7.376562500000000000e+01,7.285156250000000000e+00,1.000000000000000000e+00,-9.843842337259887942e-02,8.970937500000000000e+07,-1.027000000000000000e+03,3.276700000000000000e+04
7.446289062499999837e-06,7.515462239583333176e-06,-1.792500000000000000e+02,-1.293554687500000000e+02,1.000000000000000000e+00,2.516471514076583649e+00,1.022793750000000000e+08,2.624700000000000000e+04,3.276700000000000000e+04
7.450358072916666903e-06,7.519531250000000241e-06,-1.253398437500000000e+02,-5.285546875000000000e+01,1.000000000000000000e+00,2.742541932691230144e+00,8.842500000000000000e+06,2.860500000000000000e+04,3.276700000000000000e+04
7.454427083333333121e-06,7.523600260416666460e-06,-2.994453125000000000e+02,1.410429687500000000e+02,1.000000000000000000e+00,-2.701412072816046450e+00,3.282562500000000000e+07,-2.817700000000000000e+04,3.276700000000000000e+04
7.458496093750000187e-06,7.527669270833333525e-06,1.059023437500000000e+02,5.636718750000000000e+01,1.000000000000000000e+00,-4.891720921868445426e-01,8.652937500000000000e+07,-5.103000000000000000e+03,3.276700000000000000e+04
7.462565104166666406e-06,7.531738281249999744e-06,-4.525781250000000000e+01,-1.876953125000000000e+01,0.000000000000000000e+00,-4.891720921868445426e-01,8.652937500000000000e+07,0.000000000000000000e+00,0.000000000000000000e+00
7.466634114583333471e-06,7.535807291666666809e-06,1.279257812500000000e+02,8.236328125000000000e+01,1.000000000000000000e+00,-5.720310231824798919e-01,0.000000000000000000e+00,-5.967000000000000000e+03,-5.967000000000000000e+03
7.470703124999999690e-06,7.539876302083333028e-06,1.535156250000000000e+00,2.544414062500000000e+02,1.000000000000000000e+00,-1.564756277442596932e+00,-3.882937500000000000e+07,-1.632100000000000000e+04,-3.276800000000000000e+04
7.474772135416666755e-06,7.543945312500000094e-06,9.791015625000000000e+01,1.679531250000000000e+02,1.000000000000000000e+00,-1.042987093513182417e+00,2.040843750000000000e+07,-1.087900000000000000e+04,3.276700000000000000e+04
7.478841145833332974e-06,7.548014322916666312e-06,2.180078125000000000e+01,2.213945312500000000e+02,1.000000000000000000e+00,-1.472645524820026308e+00,-1.680562500000000000e+07,-1.536100000000000000e+04,-3.276800000000000000e+04
7.482910156250000039e-06,7.552083333333333378e-06,-3.485937500000000000e+01,2.179570312500000000e+02,1.000000000000000000e+00,-1.729395559192385523e+00,-1.004250000000000000e+07,-1.803900000000000000e+04,-3.276800000000000000e+04
7.486979166666666258e-06,7.556152343749999596e-06,-2.388789062500000000e+02,9.836718750000000000e+01,1.000000000000000000e+00,-2.750978827024601170e+00,-3.995812500000000000e+07,-2.869400000000000000e+04,-3.276800000000000000e+04
7.491048177083333323e-06,7.560221354166666662e-06,-2.146640625000000000e+02,1.103398437500000000e+02,1.000000000000000000e+00,-2.666825599739186980e+00,3.291562500000000000e+06,-2.781600000000000000e+04,2.836000000000000000e+04
7.495117187500000389e-06,7.564290364583333727e-06,-2.115546875000000000e+02,2.157695312500000000e+02,1.000000000000000000e+00,-2.346343457320141823e+00,1.253531250000000000e+07,-2.447400000000000000e+04,3.276700000000000000e+04
7.499186197916666607e-06,7.568359374999999946e-06,-1.236992187500000000e+02,8.437500000000000000e+01,1.000000000000000000e+00,-2.543004588017042877e+00,-7.692187500000000000e+06,-2.652500000000000000e+04,-3.276800000000000000e+04
7.503255208333333673e-06,7.572428385416667011e-06,-2.224765625000000000e+02,3.839062500000000000e+01,1.000000000000000000e+00,-2.970721574889219063e+00,-1.672968750000000000e+07,-3.098600000000000000e+04,-3.276800000000000000e+04
7.507324218749999892e-06,7.576497395833333230e-06,-2.877851562500000000e+02,9.363671875000000000e+01,1.000000000000000000e+00,-2.827030718273993770e+00,5.620312500000000000e+06,-2.948700000000000000e+04,3.276700000000000000e+04
7.511393229166666957e-06,7.580566406250000295e-06,-4.043203125000000000e+02,3.693359375000000000e+01,1.000000000000000000e+00,-3.050512544309083030e+00,-8.741250000000000000e+06,-3.181800000000000000e+04,-3.276800000000000000e+04
7.515462239583333176e-06,7.584635416666666514e-06,-2.573593750000000000e+02,9.983984375000000000e+01,1.000000000000000000e+00,-2.771519788512382121e+00,1.091250000000000000e+07,-2.890800000000000000e+04,3.276700000000000000e+04
7.519531250000000241e-06,7.588704427083333580e-06,-1.858554687500000000e+02,-1.170703125000000000e+01,1.000000000000000000e+00,3.078675472836671201e+00,-1.693593750000000000e+07,3.211100000000000000e+04,-3.276800000000000000e+04
7.523600260416666460e-06,7.592773437499999798e-06,-7.761718750000000000e+00,-1.965351562500000000e+02,1.000000000000000000e+00,1.610248395183330405e+00,-5.743593750000000000e+07,1.679500000000000000e+04,-3.276800000000000000e+04
7.527669270833333525e-06,7.596842447916666864e-06,-1.295625000000000000e+02,1.156679687500000000e+02,1.000000000000000000e+00,-2.412807968645249268e+00,8.840250000000000000e+07,-2.516700000000000000e+04,3.276700000000000000e+04
7.531738281249999744e-06,7.600911458333333082e-06,-8.626562500000000000e+01,3.739453125000000000e+01,1.000000000000000000e+00,-2.732547089120162642e+00,-1.250625000000000000e+07,-2.850200000000000000e+04,-3.276800000000000000e+04
7.535807291666666809e-06,7.604980468750000148e-06,-2.434257812500000000e+02,-6.240234375000000000e+01,1.000000000000000000e+00,2.890642984071626564e+00,-2.581500000000000000e+07,3.015000000000000000e+04,-3.276800000000000000e+04
7.539876302083333028e-06,7.609049479166666366e-06,-2.490195312500000000e+02,-4.400000000000000000e+01,1.000000000000000000e+00,2.966718843770829839e+00,2.975625000000000000e+06,3.094400000000000000e+04,3.276700000000000000e+04
7.543945312500000094e-06,7.613118489583333432e-06,-1.557382812500000000e+02,-1.403203125000000000e+02,1.000000000000000000e+00,2.408206026281592305e+00,-2.184562500000000000e+07,2.511800000000000000e+04,-3.276800000000000000e+04
7.548014322916666312e-06,7.617187499999999650e-06,-4.517187500000000000e+01,-1.047265625000000000e+01,0.000000000000000000e+00,2.408206026281592305e+00,-2.184562500000000000e+07,0.000000000000000000e+00,0.000000000000000000e+00
7.552083333333333378e-06,7.621256510416666716e-06,-2.393203125000000000e+02,-3.330859375000000000e+01,1.000000000000000000e+00,3.003270729732167688e+00,0.000000000000000000e+00,3.132500000000000000e+04,3.132500000000000000e+04
7.556152343749999596e-06,7.625325520833332934e-06,-2.407304687500000000e+02,2.684570312500000000e+02,1.000000000000000000e+00,-2.301810077571836644e+00,3.825750000000000000e+07,-2.400900000000000000e+04,3.276700000000000000e+04
7.560221354166666662e-06,7.629394531250000000e-06,-1.280937500000000000e+02,2.111406250000000000e+02,1.000000000000000000e+00,-2.116102528438431385e+00,7.263750000000000000e+06,-2.207200000000000000e+04,3.276700000000000000e+04
7.564290364583333727e-06,7.633463541666666219e-06,1.202343750000000000e+01,-8.949218750000000000e+00,0.000000000000000000e+00,-2.116102528438431385e+00,7.263750000000000000e+06,0.000000000000000000e+00,0.000000000000000000e+00
7.568359374999999946e-06,7.637532552083332437e-06,1.177500000000000000e+02,-4.477343750000000000e+01,1.000000000000000000e+00,3.633616991304112753e-01,0.000000000000000000e+00,3.790000000000000000e+03,3.790000000000000000e+03
7.572428385416667011e-06,7.641601562500000350e-06,-2.781250000000000000e+00,8.185937500000000000e+01,1.000000000000000000e+00,-1.604783588626487845e+00,-7.698187500000000000e+07,-1.673900000000000000e+04,-3.276800000000000000e+04
7.576497395833333230e-06,7.645670572916666568e-06,-1.340468750000000000e+02,7.875781250000000000e+01,1.000000000000000000e+00,-2.610379900434957712e+00,-3.933281250000000000e+07,-2.722800000000000000e+04,-3.276800000000000000e+04
7.580566406250000295e-06,7.649739583333334481e-06,-1.235585937500000000e+02,3.081640625000000000e+01,1.000000000000000000e+00,-2.897138433970329885e+00,-1.121625000000000000e+07,-3.021900000000000000e+04,-3.276800000000000000e+04
7.584635416666666514e-06,7.653808593750000699e-06,-1.859375000000000000e+01,-8.396875000000000000e+01,1.000000000000000000e+00,1.788693504024089664e+00,-6.247875000000000000e+07,1.865600000000000000e+04,-3.276800000000000000e+04
7.588704427083333580e-06,7.657877604166666918e-06,-2.110351562500000000e+02,-7.270312500000000000e+01,1.000000000000000000e+00,2.809821371309901838e+00,3.994031250000000000e+07,2.930700000000000000e+04,3.276700000000000000e+04
7.592773437499999798e-06,7.661946614583333136e-06,-1.468398437500000000e+02,-1.244453125000000000e+02,1.000000000000000000e+00,2.438574052191766039e+00,-1.452093750000000000e+07,2.543500000000000000e+04,-3.276800000000000000e+04
7.596842447916666864e-06,7.666015624999999355e-06,-1.177539062500000000e+02,-5.742968750000000000e+01,1.000000000000000000e+00,2.687797993323561396e+00,9.748125000000000000e+06,2.803400000000000000e+04,3.276700000000000000e+04
7.600911458333333082e-06,7.670084635416665573e-06,4.950390625000000000e+01,-6.187500000000000000e+00,0.000000000000000000e+00,2.687797993323561396e+00,9.748125000000000000e+06,0.000000000000000000e+00,0.000000000000000000e+00
7.604980468750000148e-06,7.674153645833333486e-06,-5.955859375000000000e+01,-1.589921875000000000e+02,1.000000000000000000e+00,1.929196556814490204e+00,0.000000000000000000e+00,2.012200000000000000e+04,2.012200000000000000e+04
7.609049479166666366e-06,7.678222656249999705e-06,-1.603476562500000000e+02,-2.171093750000000000e+01,1.000000000000000000e+00,3.006985839452827936e+00,4.215656250000000000e+07,3.136400000000000000e+04,3.276700000000000000e+04
7.613118489583333432e-06,7.682291666666667617e-06,-8.043359375000000000e+01,-7.712109375000000000e+01,1.000000000000000000e+00,2.377166883776718809e+00,-2.463468750000000000e+07,2.479400000000000000e+04,-3.276800000000000000e+04
7.617187499999999650e-06,7.686360677083333836e-06,-8.259765625000000000e+01,-2.746562500000000000e+02,1.000000000000000000e+00,1.862899824638057700e+00,-2.011500000000000000e+07,1.943000000000000000e+04,-3.276800000000000000e+04
7.621256510416666716e-06,7.690429687500000054e-06,-1.226601562500000000e+02,-2.855546875000000000e+02,1.000000000000000000e+00,1.976486308291027116e+00,4.442812500000000000e+06,2.061500000000000000e+04,3.276700000000000000e+04
7.625325520833332934e-06,7.694498697916666273e-06,-2.615742187500000000e+02,-6.613281250000000000e+01,1.000000000000000000e+00,2.893926661695694236e+00,3.588468750000000000e+07,3.018400000000000000e+04,3.276700000000000000e+04
7.629394531250000000e-06,7.698567708333332491e-06,-2.494531250000000000e+02,-1.016250000000000000e+02,1.000000000000000000e+00,2.754741873644882766e+00,-5.444062500000000000e+06,2.873300000000000000e+04,-3.276800000000000000e+04
7.633463541666666219e-06,7.702636718749998710e-06,-7.074218750000000000e+01,-1.676992187500000000e+02,1.000000000000000000e+00,1.969990858392324018e+00,-3.069468750000000000e+07,2.054700000000000000e+04,-3.276800000000000000e+04
7.637532552083334131e-06,7.706705729166668316e-06,3.975000000000000000e+01,-1.276992187500000000e+02,1.000000000000000000e+00,1.269033543678018017e+00,-2.741718750000000000e+07,1.323600000000000000e+04,-3.276800000000000000e+04
7.641601562500000350e-06,7.710774739583334535e-06,8.824218750000000000e+01,-1.475312500000000000e+02,1.000000000000000000e+00,1.031745890551957867e+00,-9.281250000000000000e+06,1.076100000000000000e+04,-3.276800000000000000e+04
7.645670572916666568e-06,7.714843750000000754e-06,-1.349023437500000000e+02,7.900781250000000000e+01,1.000000000000000000e+00,-2.611770070523979026e+00,1.032478125000000000e+08,-2.724200000000000000e+04,3.276700000000000000e+04
7.649739583333332787e-06,7.718912760416666972e-06,-1.685390625000000000e+02,-7.012890625000000000e+01,1.000000000000000000e+00,2.747287685753751152e+00,-3.614625000000000000e+07,2.865500000000000000e+04,-3.276800000000000000e+04
7.653808593750000699e-06,7.722981770833333191e-06,-9.837890625000000000e+01,-5.887500000000000000e+01,1.000000000000000000e+00,2.602326501298557915e+00,-5.670000000000000000e+06,2.714300000000000000e+04,-3.276800000000000000e+04
7.657877604166666918e-06,7.727050781249999409e-06,7.064843750000000000e+01,-2.663710937500000000e+02,1.000000000000000000e+00,1.311529605192412573e+00,-5.048812500000000000e+07,1.367900000000000000e+04,-3.276800000000000000e+04
7.661946614583333136e-06,7.731119791666665628e-06,9.762890625000000000e+01,-1.354570312500000000e+02,1.000000000000000000e+00,9.462264616273334816e-01,-1.428843750000000000e+07,9.869000000000000000e+03,-3.276800000000000000e+04
7.666015624999999355e-06,7.735188802083331846e-06,-7.685937500000000000e+01,5.788281250000000000e+01,1.000000000000000000e+00,-2.496098331737477416e+00,1.111171875000000000e+08,-2.603600000000000000e+04,3.276700000000000000e+04
7.670084635416667267e-06,7.739257812500001453e-06,7.301171875000000000e+01,-1.367812500000000000e+02,1.000000000000000000e+00,1.080521685916759234e+00,-1.058643750000000000e+08,1.127000000000000000e+04,-3.276800000000000000e+04
7.674153645833333486e-06,7.743326822916667671e-06,-1.296679687500000000e+02,-4.004648437500000000e+02,1.000000000000000000e+00,1.883944123571863694e+00,3.142500000000000000e+07,1.965000000000000000e+04,3.276700000000000000e+04
7.678222656249999705e-06,7.747395833333333890e-06,-1.460625000000000000e+02,-1.081406250000000000e+02,1.000000000000000000e+00,2.504271573122930583e+00,2.426343750000000000e+07,2.612000000000000000e+04,3.276700000000000000e+04
7.682291666666665923e-06,7.751464843750000108e-06,-4.564453125000000000e+01,-1.336718750000000000e+02,1.000000000000000000e+00,1.899859174246177229e+00,-2.364093750000000000e+07,1.981600000000000000e+04,-3.276800000000000000e+04
7.686360677083333836e-06,7.755533854166666327e-06,-4.783984375000000000e+01,6.454296875000000000e+01,1.000000000000000000e+00,-2.208668681607405482e+00,8.505937500000000000e+07,-2.303800000000000000e+04,3.276700000000000000e+04
7.690429687500000054e-06,7.759602864583332545e-06,-8.179687500000000000e+00,-1.684882812500000000e+02,1.000000000000000000e+00,1.619284500761969170e+00,-9.603375000000000000e+07,1.688900000000000000e+04,-3.276800000000000000e+04
7.694498697916666273e-06,7.763671874999998764e-06,-8.755468750000000000e+01,-1.737890625000000000e+01,1.000000000000000000e+00,2.945602639487591823e+00,5.187750000000000000e+07,3.072300000000000000e+04,3.276700000000000000e+04
7.698567708333332491e-06,7.767740885416664983e-06,-7.642968750000000000e+01,-2.379296875000000000e+01,1.000000000000000000e+00,2.839781933573293227e+00,-4.139062500000000000e+06,2.962000000000000000e+04,-3.276800000000000000e+04
7.702636718750000404e-06,7.771809895833334589e-06,-5.506640625000000000e+01,6.025000000000000000e+01,0.000000000000000000e+00,2.839781933573293227e+00,-4.139062500000000000e+06,0.000000000000000000e+00,0.000000000000000000e+00
7.706705729166666622e-06,7.775878906250000808e-06,-4.863671875000000000e+01,5.176953125000000000e+01,0.000000000000000000e+00,2.839781933573293227e+00,-4.139062500000000000e+06,0.000000000000000000e+00,0.000000000000000000e+00
7.710774739583332841e-06,7.779947916666667026e-06,-9.171875000000000000e+00,-4.642578125000000000e+01,0.000000000000000000e+00,2.839781933573293227e+00,-4.139062500000000000e+06,0.000000000000000000e+00,0.000000000000000000e+00
7.714843750000000754e-06,7.784016927083333245e-06,-4.641015625000000000e+01,1.884062500000000000e+02,1.000000000000000000e+00,-1.812350363987263568e+00,0.000000000000000000e+00,-1.890400000000000000e+04,-1.890400000000000000e+04
7.718912760416666972e-06,7.788085937499999463e-06,-1.873476562500000000e+02,1.722578125000000000e+02,1.000000000000000000e+00,-2.398115308911282106e+00,-2.291156250000000000e+07,-2.501400000000000000e+04,-3.276800000000000000e+04
7.722981770833333191e-06,7.792154947916665682e-06,-8.182812500000000000e+01,-9.648437500000000000e+00,1.000000000000000000e+00,3.024243123316541659e+00,-3.367031250000000000e+07,3.154400000000000000e+04,-3.276800000000000000e+04
7.727050781249999409e-06,7.796223958333331900e-06,-4.035937500000000000e+01,2.070312500000000000e+01,0.000000000000000000e+00,3.024243123316541659e+00,-3.367031250000000000e+07,0.000000000000000000e+00,0.000000000000000000e+00
7.731119791666667322e-06,7.800292968750001507e-06,1.459882812500000000e+02,-1.282539062500000000e+02,1.000000000000000000e+00,7.208271596073870802e-01,0.000000000000000000e+00,7.518000000000000000e+03,7.518000000000000000e+03
7.735188802083333540e-06,7.804361979166667726e-06,1.085234375000000000e+02,-1.307617187500000000e+02,1.000000000000000000e+00,8.780841588154759680e-01,6.150937500000000000e+06,9.158000000000000000e+03,3.276700000000000000e+04
7.739257812499999759e-06,7.808430989583333944e-06,1.890117187500000000e+02,-1.769531250000000000e+01,1.000000000000000000e+00,9.330917511310626855e-02,-3.069562500000000000e+07,9.730000000000000000e+02,-3.276800000000000000e+04
7.743326822916665977e-06,7.812500000000000163e-06,2.051210937500000000e+02,-2.651953125000000000e+01,1.000000000000000000e+00,1.285667647846653050e-01,1.379062500000000000e+06,1.341000000000000000e+03,2.487700000000000000e+04
7.747395833333333890e-06,7.816569010416666381e-06,1.267226562500000000e+02,-1.324218750000000000e+02,1.000000000000000000e+00,8.074012003236828994e-01,2.655187500000000000e+07,8.421000000000000000e+03,3.276700000000000000e+04
7.751464843750000108e-06,7.820638020833332600e-06,2.589453125000000000e+01,-1.415859375000000000e+02,1.000000000000000000e+00,1.389858499173822981e+00,2.278218750000000000e+07,1.449600000000000000e+04,3.276700000000000000e+04
7.755533854166666327e-06,7.824707031249998818e-06,4.877734375000000000e+01,8.863281250000000000e+01,1.000000000000000000e+00,-1.067722533717838429e+00,-9.612562500000000000e+07,-1.113700000000000000e+04,-3.276800000000000000e+04
7.759602864583332545e-06,7.828776041666665037e-06,1.652812500000000000e+02,4.840234375000000000e+01,1.000000000000000000e+00,-2.849129628999471087e-01,3.061875000000000000e+07,-2.972000000000000000e+03,3.276700000000000000e+04
7.763671875000000458e-06,7.832845052083334643e-06,8.835546875000000000e+01,-1.451406250000000000e+02,1.000000000000000000e+00,1.023980112813286825e+00,5.119593750000000000e+07,1.068000000000000000e+04,3.276700000000000000e+04
7.767740885416666677e-06,7.836914062500000862e-06,-1.041796875000000000e+01,-1.157382812500000000e+02,1.000000000000000000e+00,1.660582139785828026e+00,2.490000000000000000e+07,1.732000000000000000e+04,3.276700000000000000e+04
7.771809895833332895e-06,7.840983072916667080e-06,-1.559062500000000000e+02,-6.847656250000000000e+01,1.000000000000000000e+00,2.727729430708209168e+00,4.174031250000000000e+07,2.845100000000000000e+04,3.276700000000000000e+04
7.775878906250000808e-06,7.845052083333333299e-06,-6.140625000000000000e+01,-3.210976562500000000e+02,1.000000000000000000e+00,1.759763585102559036e+00,-3.786093750000000000e+07,1.835500000000000000e+04,-3.276800000000000000e+04
7.779947916666667026e-06,7.849121093749999518e-06,3.556250000000000000e+01,-2.665390625000000000e+02,1.000000000000000000e+00,1.438154925542409979e+00,-1.257937500000000000e+07,1.500000000000000000e+04,-3.276800000000000000e+04
7.784016927083333245e-06,7.853190104166665736e-06,1.570195312500000000e+02,-2.586835937500000000e+02,1.000000000000000000e+00,1.025226472203444095e+00,-1.615125000000000000e+07,1.069300000000000000e+04,-3.276800000000000000e+04
7.788085937499999463e-06,7.857259114583331955e-06,-8.429687500000000000e+01,-2.166640625000000000e+02,1.000000000000000000e+00,1.941851898314546743e+00,3.585281250000000000e+07,2.025400000000000000e+04,3.276700000000000000e+04
7.792154947916667376e-06,7.861328125000001561e-06,-3.855859375000000000e+01,-9.564453125000000000e+01,1.000000000000000000e+00,1.953931997019146216e+00,4.725000000000000000e+05,2.038000000000000000e+04,2.844400000000000000e+04
7.796223958333333594e-06,7.865397135416667780e-06,1.987500000000000000e+02,-1.264296875000000000e+02,1.000000000000000000e+00,5.666141535252586792e-01,-5.426343750000000000e+07,5.910000000000000000e+03,-3.276800000000000000e+04
7.800292968749999813e-06,7.869466145833333998e-06,5.248437500000000000e+01,-9.201171875000000000e+01,1.000000000000000000e+00,1.052358757389171284e+00,1.899937500000000000e+07,1.097600000000000000e+04,3.276700000000000000e+04
7.804361979166666032e-06,7.873535156250000217e-06,8.438671875000000000e+01,-1.406250000000000000e+00,1.000000000000000000e+00,1.653823036939207000e-02,-4.051500000000000000e+07,1.720000000000000000e+02,-3.276800000000000000e+04
7.808430989583333944e-06,7.877604166666666435e-06,1.018007812500000000e+02,-7.355859375000000000e+01,1.000000000000000000e+00,6.257443192082879913e-01,2.382843750000000000e+07,6.526000000000000000e+03,3.276700000000000000e+04
7.812500000000000163e-06,7.881673177083332654e-06,1.813281250000000000e+02,-1.699335937500000000e+02,1.000000000000000000e+00,7.529928192533641429e-01,4.977187500000000000e+06,7.854000000000000000e+03,3.276700000000000000e+04
7.816569010416666381e-06,7.885742187499998872e-06,1.355664062500000000e+02,-2.827070312500000000e+02,1.000000000000000000e+00,1.123688864025853551e+00,1.449937500000000000e+07,1.172000000000000000e+04,3.276700000000000000e+04
7.820638020833332600e-06,7.889811197916665091e-06,1.289453125000000000e+01,-1.042578125000000000e+02,1.000000000000000000e+00,1.447718337016884460e+00,1.267406250000000000e+07,1.510000000000000000e+04,3.276700000000000000e+04
7.824707031250000512e-06,7.893880208333334698e-06,5.828515625000000000e+01,-8.484765625000000000e+01,1.000000000000000000e+00,9.689006151482680851e-01,-1.872843750000000000e+07,1.010600000000000000e+04,-3.276800000000000000e+04
7.828776041666666731e-06,7.897949218750000916e-06,2.505468750000000000e+02,-1.097968750000000000e+02,1.000000000000000000e+00,4.130243271382088577e-01,-2.174250000000000000e+07,4.308000000000000000e+03,-3.276800000000000000e+04
7.832845052083332949e-06,7.902018229166667135e-06,8.856640625000000000e+01,-2.362929687500000000e+02,1.000000000000000000e+00,1.212204349176817297e+00,3.125906250000000000e+07,1.264300000000000000e+04,3.276700000000000000e+04
7.836914062499999168e-06,7.906087239583333353e-06,2.372773437500000000e+02,-1.243554687500000000e+02,1.000000000000000000e+00,4.827245791877626813e-01,-2.853281250000000000e+07,5.035000000000000000e+03,-3.276800000000000000e+04
7.840983072916667080e-06,7.910156249999999572e-06,1.453515625000000000e+02,-2.113671875000000000e+02,1.000000000000000000e+00,9.683972777022431533e-01,1.899656250000000000e+07,1.010000000000000000e+04,3.276700000000000000e+04
7.845052083333333299e-06,7.914225260416665790e-06,-2.476562500000000000e+00,-1.836484375000000000e+02,1.000000000000000000e+00,1.584290564038328020e+00,2.409000000000000000e+07,1.652400000000000000e+04,3.276700000000000000e+04
7.849121093749999518e-06,7.918294270833332009e-06,-1.477343750000000000e+02,6.859375000000000000e+01,1.000000000000000000e+00,-2.706924816272510359e+00,7.791375000000000000e+07,-2.823500000000000000e+04,3.276700000000000000e+04
7.853190104166667430e-06,7.922363281250001615e-06,-5.054687500000000000e+00,-3.407031250000000000e+01,0.000000000000000000e+00,-2.706924816272510359e+00,7.791375000000000000e+07,0.000000000000000000e+00,0.000000000000000000e+00
7.857259114583333649e-06,7.926432291666667834e-06,1.290898437500000000e+02,3.889062500000000000e+01,1.000000000000000000e+00,-2.926547721888074771e-01,0.000000000000000000e+00,-3.053000000000000000e+03,-3.053000000000000000e+03
7.861328124999999867e-06,7.930501302083334053e-06,1.265546875000000000e+02,-9.611328125000000000e+01,1.000000000000000000e+00,6.495449898703261615e-01,3.685312500000000000e+07,6.775000000000000000e+03,3.276700000000000000e+04
7.865397135416666086e-06,7.934570312500000271e-06,6.288281250000000000e+01,-2.072031250000000000e+02,1.000000000000000000e+00,1.276128204821989076e+00,2.450812500000000000e+07,1.331000000000000000e+04,3.276700000000000000e+04
7.869466145833333998e-06,7.938639322916666490e-06,4.632812500000000000e+00,8.307812500000000000e+01,1.000000000000000000e+00,-1.515069680984988398e+00,-1.091746875000000000e+08,-1.580300000000000000e+04,-3.276800000000000000e+04
7.873535156250000217e-06,7.942708333333332708e-06,1.008593750000000000e+01,-7.580078125000000000e+01,1.000000000000000000e+00,1.438538420739381429e+00,1.155271875000000000e+08,1.500400000000000000e+04,3.276700000000000000e+04
7.877604166666666435e-06,7.946777343749998927e-06,6.683203125000000000e+01,-2.926484375000000000e+02,1.000000000000000000e+00,1.346283857417946539e+00,-3.608437500000000000e+06,1.404200000000000000e+04,-3.276800000000000000e+04
7.881673177083332654e-06,7.950846354166665145e-06,1.282968750000000000e+02,-7.515625000000000000e+01,1.000000000000000000e+00,5.299424253148675712e-01,-3.193031250000000000e+07,5.527000000000000000e+03,-3.276800000000000000e+04
7.885742187500000566e-06,7.954915364583334752e-06,7.054687500000000000e+00,5.982031250000000000e+01,0.000000000000000000e+00,5.299424253148675712e-01,-3.193031250000000000e+07,0.000000000000000000e+00,0.000000000000000000e+00
7.889811197916666785e-06,7.958984375000000970e-06,8.121093750000000000e+01,1.714453125000000000e+01,1.000000000000000000e+00,-2.080221759071793630e-01,0.000000000000000000e+00,-2.170000000000000000e+03,-2.170000000000000000e+03
7.893880208333333004e-06,7.963053385416667189e-06,1.830156250000000000e+02,-3.055078125000000000e+01,1.000000000000000000e+00,1.654302405935421105e-01,1.460718750000000000e+07,1.725000000000000000e+03,3.276700000000000000e+04
7.897949218749999222e-06,7.967122395833333407e-06,1.357187500000000000e+02,-8.307421875000000000e+01,1.000000000000000000e+00,5.493089327619238293e-01,1.501500000000000000e+07,5.729000000000000000e+03,3.276700000000000000e+04
7.902018229166667135e-06,7.971191406249999626e-06,2.951562500000000000e+01,7.710937500000000000e+01,1.000000000000000000e+00,-1.205301435631331852e+00,-6.862968750000000000e+07,-1.257200000000000000e+04,-3.276800000000000000e+04
7.906087239583333353e-06,7.975260416666665844e-06,7.220703125000000000e+01,1.837304687500000000e+02,1.000000000000000000e+00,-1.196337235402125110e+00,3.506250000000000000e+05,-1.247900000000000000e+04,-6.495000000000000000e+03
7.910156249999999572e-06,7.979329427083332063e-06,-4.297656250000000000e+01,1.860351562500000000e+02,1.000000000000000000e+00,-1.797825483401971347e+00,-2.352656250000000000e+07,-1.875200000000000000e+04,-3.276800000000000000e+04
7.914225260416667484e-06,7.983398437500001670e-06,-6.798828125000000000e+01,1.498906250000000000e+02,1.000000000000000000e+00,-1.996643774581837061e+00,-7.776562500000000000e+06,-2.082600000000000000e+04,-3.276800000000000000e+04
7.918294270833333703e-06,7.987467447916667888e-06,-7.199218750000000000e+01,6.610156250000000000e+01,1.000000000000000000e+00,-2.398810393955792986e+00,-1.573031250000000000e+07,-2.502100000000000000e+04,-3.276800000000000000e+04
7.922363281249999921e-06,7.991536458333334107e-06,-2.370000000000000000e+02,6.320703125000000000e+01,1.000000000000000000e+00,-2.880959730348098269e+00,-1.885875000000000000e+07,-3.005000000000000000e+04,-3.276800000000000000e+04
7.926432291666666140e-06,7.995605468750000325e-06,-1.331328125000000000e+02,1.793906250000000000e+02,1.000000000000000000e+00,-2.209219955953051873e+00,2.627437500000000000e+07,-2.304300000000000000e+04,3.276700000000000000e+04
7.930501302083334053e-06,7.999674479166666544e-06,-2.572500000000000000e+02,1.792578125000000000e+01,1.000000000000000000e+00,-3.072036212239103392e+00,-3.374812500000000000e+07,-3.204300000000000000e+04,-3.276800000000000000e+04
7.934570312500000271e-06,8.003743489583332762e-06,-2.515273437500000000e+02,-1.455664062500000000e+02,1.000000000000000000e+00,2.616971224132903728e+00,-2.324062500000000000e+07,2.729600000000000000e+04,-3.276800000000000000e+04
7.938639322916666490e-06,8.007812499999998981e-06,-3.708164062500000000e+02,-1.435078125000000000e+02,1.000000000000000000e+00,2.772358684255757044e+00,6.077812500000000000e+06,2.891600000000000000e+04,3.276700000000000000e+04
7.942708333333332708e-06,8.011881510416665199e-06,-2.048906250000000000e+02,-1.751679687500000000e+02,1.000000000000000000e+00,2.434235762776026935e+00,-1.322531250000000000e+07,2.539000000000000000e+04,-3.276800000000000000e+04
7.946777343750000621e-06,8.015950520833334806e-06,-3.804335937500000000e+02,-1.003359375000000000e+02,1.000000000000000000e+00,2.883716102076330223e+00,1.758093750000000000e+07,3.007800000000000000e+04,3.276700000000000000e+04
7.950846354166666839e-06,8.020019531250001025e-06,-2.347968750000000000e+02,-5.704296875000000000e+01,1.000000000000000000e+00,2.903274357121872207e+00,7.650000000000000000e+05,3.028200000000000000e+04,3.276700000000000000e+04
7.954915364583333058e-06,8.024088541666667243e-06,-1.150898437500000000e+02,-1.136250000000000000e+02,1.000000000000000000e+00,2.362570097841994343e+00,-2.114906250000000000e+07,2.464200000000000000e+04,-3.276800000000000000e+04
7.958984374999999276e-06,8.028157552083333462e-06,-1.275195312500000000e+02,-1.530507812500000000e+02,1.000000000000000000e+00,2.265473907658795749e+00,-3.797812500000000000e+06,2.362900000000000000e+04,-3.276800000000000000e+04
7.963053385416667189e-06,8.032226562499999680e-06,-3.288671875000000000e+01,-2.326875000000000000e+02,1.000000000000000000e+00,1.711155568886432832e+00,-2.168156250000000000e+07,1.784800000000000000e+04,-3.276800000000000000e+04
7.967122395833333407e-06,8.036295572916665899e-06,-1.167656250000000000e+02,-3.917382812500000000e+02,1.000000000000000000e+00,1.860479011207175626e+00,5.840625000000000000e+06,1.940500000000000000e+04,3.276700000000000000e+04
7.971191406249999626e-06,8.040364583333332117e-06,-1.590820312500000000e+02,-4.062500000000000000e+01,1.000000000000000000e+00,2.891553785164433510e+00,4.032937500000000000e+07,3.016000000000000000e+04,3.276700000000000000e+04
7.975260416666665844e-06,8.044433593749998336e-06,6.333593750000000000e+01,-1.745273437500000000e+02,1.000000000000000000e+00,1.222654593294288050e+00,-6.527718750000000000e+07,1.275200000000000000e+04,-3.276800000000000000e+04
7.979329427083333757e-06,8.048502604166667942e-06,-2.112500000000000000e+01,-3.017812500000000000e+02,1.000000000000000000e+00,1.640688326442936162e+00,1.635093750000000000e+07,1.711300000000000000e+04,3.276700000000000000e+04
7.983398437499999976e-06,8.052571614583334161e-06,-1.743789062500000000e+02,-1.817812500000000000e+02,1.000000000000000000e+00,2.335413844206456702e+00,2.717343750000000000e+07,2.435900000000000000e+04,3.276700000000000000e+04
7.987467447916666194e-06,8.056640625000000379e-06,-1.391406250000000000e+02,-1.712109375000000000e+01,1.000000000000000000e+00,3.019113875057048979e+00,2.674218750000000000e+07,3.149000000000000000e+04,3.276700000000000000e+04
7.991536458333334107e-06,8.060709635416666598e-06,-1.769140625000000000e+01,-1.125781250000000000e+01,0.000000000000000000e+00,3.019113875057048979e+00,2.674218750000000000e+07,0.000000000000000000e+00,0.000000000000000000e+00
7.995605468750000325e-06,8.064778645833332817e-06,3.374609375000000000e+01,-2.513359375000000000e+02,1.000000000000000000e+00,1.437316029799035055e+00,0.000000000000000000e+00,1.499100000000000000e+04,1.499100000000000000e+04
7.999674479166666544e-06,8.068847656249999035e-06,-5.822265625000000000e+01,7.405468750000000000e+01,1.000000000000000000e+00,-2.237095263082911067e+00,1.020393750000000000e+08,-2.333400000000000000e+04,3.276700000000000000e+04
8.003743489583332762e-06,8.072916666666665254e-06,1.926757812500000000e+02,2.872265625000000000e+01,1.000000000000000000e+00,-1.479812091313429390e-01,8.171343750000000000e+07,-1.544000000000000000e+03,3.276700000000000000e+04
8.007812500000000675e-06,8.076985677083334860e-06,1.657929687500000000e+02,-2.847265625000000000e+01,1.000000000000000000e+00,1.700321829571990462e-01,1.243875000000000000e+07,1.773000000000000000e+03,3.276700000000000000e+04
8.011881510416666893e-06,8.081054687500001079e-06,2.681640625000000000e+01,-3.184296875000000000e+02,1.000000000000000000e+00,1.486762941758536183e+00,5.150250000000000000e+07,1.550700000000000000e+04,3.276700000000000000e+04
8.015950520833333112e-06,8.085123697916667297e-06,1.208203125000000000e+01,-6.479687500000000000e+01,1.000000000000000000e+00,1.386335137051648125e+00,-3.928125000000000000e+06,1.446000000000000000e+04,-3.276800000000000000e+04
8.020019531249999331e-06,8.089192708333333516e-06,1.289843750000000000e+02,6.445312500000000000e-01,1.000000000000000000e+00,-5.033374460249760360e-03,-5.442187500000000000e+07,-5.300000000000000000e+01,-3.276800000000000000e+04
8.024088541666667243e-06,8.093261718749999734e-06,8.919140625000000000e+01,-1.863242187500000000e+02,1.000000000000000000e+00,1.124359980620553534e+00,4.417500000000000000e+07,1.172700000000000000e+04,3.276700000000000000e+04
8.028157552083333462e-06,8.097330729166665953e-06,-4.671484375000000000e+01,-2.703515625000000000e+02,1.000000000000000000e+00,1.741859153093956225e+00,2.415281250000000000e+07,1.816800000000000000e+04,3.276700000000000000e+04
8.032226562499999680e-06,8.101399739583332171e-06,-1.362460937500000000e+02,8.085937500000000000e-01,1.000000000000000000e+00,-3.135672446486546860e+00,5.498062500000000000e+07,-3.270700000000000000e+04,3.276700000000000000e+04
8.036295572916665899e-06,8.105468749999998390e-06,2.012890625000000000e+01,1.732148437500000000e+02,1.000000000000000000e+00,-1.455148556458205622e+00,6.573187500000000000e+07,-1.517800000000000000e+04,3.276700000000000000e+04
8.040364583333333811e-06,8.109537760416667997e-06,-1.523007812500000000e+02,6.240234375000000000e+01,1.000000000000000000e+00,-2.752752492310593713e+00,-5.075437500000000000e+07,-2.871300000000000000e+04,-3.276800000000000000e+04
8.044433593750000030e-06,8.113606770833334215e-06,-1.623437500000000000e+02,-1.053554687500000000e+02,1.000000000000000000e+00,2.565942394485895672e+00,-3.772500000000000000e+07,2.676300000000000000e+04,-3.276800000000000000e+04
8.048502604166666248e-06,8.117675781250000434e-06,1.237500000000000000e+02,3.985937500000000000e+01,1.000000000000000000e+00,-3.116377844388922846e-01,-1.125534375000000000e+08,-3.251000000000000000e+03,-3.276800000000000000e+04
8.052571614583334161e-06,8.121744791666666652e-06,1.005117187500000000e+02,-8.099218750000000000e+01,1.000000000000000000e+00,6.782591927435605017e-01,3.871875000000000000e+07,7.074000000000000000e+03,3.276700000000000000e+04
8.056640625000000379e-06,8.125813802083332871e-06,-9.141406250000000000e+01,-1.530429687500000000e+02,1.000000000000000000e+00,2.109223583342756392e+00,5.597062500000000000e+07,2.200000000000000000e+04,3.276700000000000000e+04
8.060709635416666598e-06,8.129882812499999089e-06,2.346093750000000000e+01,-1.192421875000000000e+02,1.000000000000000000e+00,1.376484104179445112e+00,-2.866031250000000000e+07,1.435700000000000000e+04,-3.276800000000000000e+04
8.064778645833332817e-06,8.133951822916665308e-06,1.263671875000000000e+02,-2.513671875000000000e+01,1.000000000000000000e+00,1.963255723995513680e-01,-4.616062500000000000e+07,2.047000000000000000e+03,-3.276800000000000000e+04
8.068847656250000729e-06,8.138020833333334914e-06,7.742578125000000000e+01,-6.322265625000000000e+01,1.000000000000000000e+00,6.848025795418851702e-01,1.910625000000000000e+07,7.142000000000000000e+03,3.276700000000000000e+04
8.072916666666666948e-06,8.142089843750001133e-06,-1.337148437500000000e+02,-4.023046875000000000e+01,1.000000000000000000e+00,2.849249471248525012e+00,8.466000000000000000e+07,2.971800000000000000e+04,3.276700000000000000e+04
8.076985677083333166e-06,8.146158854166667352e-06,1.749921875000000000e+02,-2.380078125000000000e+01,1.000000000000000000e+00,1.351820569324221344e-01,-1.061578125000000000e+08,1.410000000000000000e+03,-3.276800000000000000e+04
8.081054687499999385e-06,8.150227864583333570e-06,3.997460937500000000e+02,-1.480000000000000000e+02,1.000000000000000000e+00,3.545652780498795287e-01,8.580937500000000000e+06,3.698000000000000000e+03,3.276700000000000000e+04
8.085123697916667297e-06,8.154296874999999789e-06,-8.809765625000000000e+01,-2.960546875000000000e+01,1.000000000000000000e+00,2.817347464550465919e+00,9.632906250000000000e+07,2.938600000000000000e+04,3.276700000000000000e+04
8.089192708333333516e-06,8.158365885416666007e-06,-1.830859375000000000e+01,1.144570312500000000e+02,1.000000000000000000e+00,-1.729395559192385523e+00,6.791906250000000000e+07,-1.803900000000000000e+04,3.276700000000000000e+04
8.093261718749999734e-06,8.162434895833332226e-06,1.371914062500000000e+02,-4.568359375000000000e+01,1.000000000000000000e+00,3.214648488612846799e-01,8.021718750000000000e+07,3.353000000000000000e+03,3.276700000000000000e+04
8.097330729166665953e-06,8.166503906249998444e-06,2.361992187500000000e+02,-8.828906250000000000e+01,1.000000000000000000e+00,3.576572080754615302e-01,1.415625000000000000e+06,3.730000000000000000e+03,2.789000000000000000e+04
8.101399739583333865e-06,8.170572916666668051e-06,-1.805859375000000000e+01,-8.471484375000000000e+01,1.000000000000000000e+00,1.780759947136743682e+00,5.566312500000000000e+07,1.857400000000000000e+04,3.276700000000000000e+04
8.105468750000000084e-06,8.174641927083334269e-06,6.759375000000000000e+01,-2.475390625000000000e+01,1.000000000000000000e+00,3.509220736786511363e-01,-5.592656250000000000e+07,3.660000000000000000e+03,-3.276800000000000000e+04
8.109537760416666303e-06,8.178710937500000488e-06,1.663085937500000000e+02,2.275351562500000000e+02,1.000000000000000000e+00,-9.396351379293873540e-01,-5.047875000000000000e+07,-9.801000000000000000e+03,-3.276800000000000000e+04
8.113606770833332521e-06,8.182779947916666706e-06,1.619765625000000000e+02,6.000000000000000000e+01,1.000000000000000000e+00,-3.547090887487437949e-01,2.287875000000000000e+07,-3.700000000000000000e+03,3.276700000000000000e+04
8.117675781250000434e-06,8.186848958333332925e-06,-1.947578125000000000e+02,-1.762500000000000000e+01,1.000000000000000000e+00,3.051351440052457953e+00,-1.125356250000000000e+08,3.182600000000000000e+04,-3.276800000000000000e+04
8.121744791666666652e-06,8.190917968749999143e-06,-1.497812500000000000e+02,2.022187500000000000e+02,1.000000000000000000e+00,-2.208285186410433809e+00,4.003500000000000000e+07,-2.303400000000000000e+04,3.276700000000000000e+04
8.125813802083332871e-06,8.194986979166665362e-06,1.603085937500000000e+02,1.633593750000000000e+02,1.000000000000000000e+00,-7.948417326228692792e-01,5.528531250000000000e+07,-8.291000000000000000e+03,3.276700000000000000e+04
8.129882812500000783e-06,8.199055989583334969e-06,6.684375000000000000e+01,1.600820312500000000e+02,1.000000000000000000e+00,-1.175221031118886872e+00,-1.487812500000000000e+07,-1.225800000000000000e+04,-3.276800000000000000e+04
8.133951822916667002e-06,8.203125000000001187e-06,6.346484375000000000e+01,-5.323828125000000000e+01,0.000000000000000000e+00,-1.175221031118886872e+00,-1.487812500000000000e+07,0.000000000000000000e+00,0.000000000000000000e+00
8.138020833333333220e-06,8.207194010416667406e-06,-9.804687500000000000e+01,-4.519531250000000000e+00,1.000000000000000000e+00,3.095525293053602578e+00,0.000000000000000000e+00,3.228700000000000000e+04,3.228700000000000000e+04
8.142089843749999439e-06,8.211263020833333624e-06,-7.291406250000000000e+01,-7.822656250000000000e+01,1.000000000000000000e+00,2.321056742769839421e+00,-3.029250000000000000e+07,2.420900000000000000e+04,-3.276800000000000000e+04
8.146158854166667352e-06,8.215332031249999843e-06,-7.053906250000000000e+01,3.560156250000000000e+01,1.000000000000000000e+00,-2.674207882280887016e+00,5.037562500000000000e+07,-2.789300000000000000e+04,3.276700000000000000e+04
8.150227864583333570e-06,8.219401041666666061e-06,-2.658203125000000000e+01,7.763671875000000000e+01,1.000000000000000000e+00,-1.900650133089930804e+00,3.025687500000000000e+07,-1.982500000000000000e+04,3.276700000000000000e+04
8.154296874999999789e-06,8.223470052083332280e-06,-3.792968750000000000e+01,-3.978515625000000000e+01,0.000000000000000000e+00,-1.900650133089930804e+00,3.025687500000000000e+07,0.000000000000000000e+00,0.000000000000000000e+00
8.158365885416666007e-06,8.227539062499998498e-06,2.066796875000000000e+01,-7.393359375000000000e+01,1.000000000000000000e+00,1.298227115547466726e+00,0.000000000000000000e+00,1.354100000000000000e+04,1.354100000000000000e+04
8.162434895833333920e-06,8.231608072916668105e-06,8.634765625000000000e+01,-1.010000000000000000e+02,1.000000000000000000e+00,8.634394359811302655e-01,-1.700625000000000000e+07,9.006000000000000000e+03,-3.276800000000000000e+04
8.166503906250000138e-06,8.235677083333334324e-06,1.500078125000000000e+02,-7.332031250000000000e+00,1.000000000000000000e+00,4.877579536480124850e-02,-3.186468750000000000e+07,5.080000000000000000e+02,-3.276800000000000000e+04
8.170572916666666357e-06,8.239746093750000542e-06,1.405390625000000000e+02,2.161796875000000000e+02,1.000000000000000000e+00,-9.943551088472454280e-01,-4.080093750000000000e+07,-1.037200000000000000e+04,-3.276800000000000000e+04
8.174641927083332575e-06,8.243815104166666761e-06,1.865898437500000000e+02,4.268750000000000000e+01,1.000000000000000000e+00,-2.248959645739214142e-01,3.009656250000000000e+07,-2.346000000000000000e+03,3.276700000000000000e+04
8.178710937500000488e-06,8.247884114583332979e-06,2.656640625000000000e+01,2.416796875000000000e+01,0.000000000000000000e+00,-2.248959645739214142e-01,3.009656250000000000e+07,0.000000000000000000e+00,0.000000000000000000e+00
8.182779947916666706e-06,8.251953124999999198e-06,-4.580859375000000000e+01,-2.275781250000000000e+01,0.000000000000000000e+00,-2.248959645739214142e-01,3.009656250000000000e+07,0.000000000000000000e+00,0.000000000000000000e+00
8.186848958333332925e-06,8.256022135416665416e-06,1.140117187500000000e+02,-1.388281250000000000e+02,1.000000000000000000e+00,8.832373755247793223e-01,0.000000000000000000e+00,9.212000000000000000e+03,9.212000000000000000e+03
8.190917968750000838e-06,8.260091145833335023e-06,1.006953125000000000e+02,4.155859375000000000e+01,1.000000000000000000e+00,-3.914287538587563620e-01,-4.985718750000000000e+07,-4.083000000000000000e+03,-3.276800000000000000e+04
8.194986979166667056e-06,8.264160156250001241e-06,7.644531250000000000e+01,2.996484375000000000e+01,1.000000000000000000e+00,-3.735722587497750657e-01,6.984375000000000000e+05,-3.897000000000000000e+03,8.023000000000000000e+03
8.199055989583333275e-06,8.268229166666667460e-06,-2.422656250000000000e+01,5.818359375000000000e+01,0.000000000000000000e+00,-3.735722587497750657e-01,6.984375000000000000e+05,0.000000000000000000e+00,0.000000000000000000e+00
8.203124999999999493e-06,8.272298177083333678e-06,7.689843750000000000e+01,-7.218750000000000000e+01,1.000000000000000000e+00,7.537358411974962591e-01,0.000000000000000000e+00,7.861000000000000000e+03,7.861000000000000000e+03
8.207194010416667406e-06,8.276367187499999897e-06,-9.581250000000000000e+01,-1.617187500000000000e+00,1.000000000000000000e+00,3.124814738722293761e+00,9.274218750000000000e+07,3.259300000000000000e+04,3.276700000000000000e+04
8.211263020833333624e-06,8.280436197916666116e-06,1.066328125000000000e+02,-8.501171875000000000e+01,1.000000000000000000e+00,6.730820075844464734e-01,-9.589687500000000000e+07,7.020000000000000000e+03,-3.276800000000000000e+04
8.215332031249999843e-06,8.284505208333332334e-06,2.519140625000000000e+01,-1.650546875000000000e+02,1.000000000000000000e+00,1.419363660890810896e+00,2.919000000000000000e+07,1.480400000000000000e+04,3.276700000000000000e+04
8.219401041666666061e-06,8.288574218749998553e-06,3.069140625000000000e+01,-9.942578125000000000e+01,1.000000000000000000e+00,1.271382451759468069e+00,-5.788125000000000000e+06,1.326100000000000000e+04,-3.276800000000000000e+04
8.223470052083333974e-06,8.292643229166668159e-06,-7.115234375000000000e+01,7.069921875000000000e+01,1.000000000000000000e+00,-2.359358325567359138e+00,1.037475000000000000e+08,-2.460900000000000000e+04,3.276700000000000000e+04
8.227539062500000192e-06,8.296712239583334378e-06,1.368242187500000000e+02,-1.344492187500000000e+02,1.000000000000000000e+00,7.766976161161593950e-01,1.226634375000000000e+08,8.101000000000000000e+03,3.276700000000000000e+04
8.231608072916666411e-06,8.300781250000000596e-06,2.903515625000000000e+01,-3.702734375000000000e+01,0.000000000000000000e+00,7.766976161161593950e-01,1.226634375000000000e+08,0.000000000000000000e+00,0.000000000000000000e+00
8.235677083333332630e-06,8.304850260416666815e-06,1.775703125000000000e+02,-4.089453125000000000e+01,1.000000000000000000e+00,2.263580400123749170e-01,0.000000000000000000e+00,2.361000000000000000e+03,2.361000000000000000e+03
8.239746093750000542e-06,8.308919270833333033e-06,-7.452343750000000000e+01,4.592187500000000000e+01,1.000000000000000000e+00,-2.589335601501151718e+00,-1.101328125000000000e+08,-2.700800000000000000e+04,-3.276800000000000000e+04
8.243815104166666761e-06,8.312988281249999252e-06,2.709335937500000000e+02,1.741015625000000000e+02,1.000000000000000000e+00,-5.711202220896727244e-01,7.894031250000000000e+07,-5.957000000000000000e+03,3.276700000000000000e+04
8.247884114583332979e-06,8.317057291666665470e-06,2.120390625000000000e+02,1.484296875000000000e+02,1.000000000000000000e+00,-6.107400696267816231e-01,-1.549687500000000000e+06,-6.371000000000000000e+03,-3.276800000000000000e+04
