adc_word_time_s,phase_residual_rad,noise_capture_weight_0_mv,noise_capture_weight_1_mv,noise_capture_weight_2_mv,noise_capture_weight_4_mv,noise_capture_weight_8_mv,noise_capture_weight_16_mv,noise_capture_weight_32_mv,noise_capture_weight_64_mv
1.220703125000000025e-07,1.059356318118820361e-03,3.372035890484813003e-01,5.152054728208039780e-01,6.932073565931267112e-01,1.049211124137772178e+00,1.761218659227062888e+00,3.185233729405644532e+00,6.033263869762807374e+00,1.172932415047713484e+01
1.261393229166666711e-07,3.242694387209921203e-04,1.032181681321606981e-01,-1.307672527830179843e-01,-3.647526736981966389e-01,-8.327235155285540591e-01,-1.768665199189268789e+00,-3.640548566510698247e+00,-7.384315301153557165e+00,-1.487184877043927500e+01
1.302083333333333396e-07,-8.901864368839884634e-04,-2.833551434068965480e-01,-6.699284549470736483e-01,-1.056501766487250693e+00,-1.829648389567604783e+00,-3.375941635728313184e+00,-6.468528128049729098e+00,-1.265370111269256270e+01,-2.502404708197822814e+01
1.342773437500000081e-07,5.798240663037468323e-04,1.845637325517683613e-01,6.524826085115906782e-01,1.120401484471412967e+00,2.056239236391057545e+00,3.927914740230346702e+00,7.671265747908925015e+00,1.515796776326608075e+01,3.013137179398039578e+01
1.383463541666666766e-07,1.091096577070072016e-03,3.473068272626982367e-01,5.100499219725193045e-01,6.727930166823403724e-01,9.982792061019826191e-01,1.649251584941267001e+00,2.951196342619835544e+00,5.555085857976973074e+00,1.076286488869124902e+01
1.424153645833333451e-07,1.482526838782805001e-03,4.719029493173697021e-01,5.964990713709411585e-01,7.210951934245126704e-01,9.702874375316556943e-01,1.468671925745941742e+00,2.465440902174513838e+00,4.458978855031658028e+00,8.446054760745946410e+00
1.464843749999999872e-07,5.556923608991404251e-04,1.768823721510073277e-01,-1.181382050141711465e-01,-4.131587821793495929e-01,-1.003199936509706625e+00,-2.183282245170420577e+00,-4.543446862491848037e+00,-9.263776097134703846e+00,-1.870443456642041369e+01
1.505533854166666557e-07,3.032377756144066794e-03,9.652358184244764772e-01,1.753589264696797212e+00,2.541942710969117947e+00,4.118649603513759416e+00,7.272063388603041467e+00,1.357889095878160646e+01,2.619254609913873821e+01,5.141985637985300173e+01
1.546223958333333242e-07,9.550576873462723881e-04,3.040043037581462992e-01,-3.572272109070331325e-01,-1.018458725572212620e+00,-2.340921754902571372e+00,-4.985847813563289321e+00,-1.027569993088472522e+01,-2.085540416552759524e+01,-4.201481263481333883e+01
1.586914062499999927e-07,7.616010909106130100e-05,2.424251565652080567e-02,-2.555192724461560760e-01,-5.352810605488329543e-01,-1.094804636754186600e+00,-2.213851789164894335e+00,-4.451946093986308917e+00,-8.928134703629138968e+00,-1.788051192291479907e+01
1.627604166666666612e-07,8.990224673897095897e-04,2.861677392714891410e-01,5.480929628875595983e-01,8.100181865036301110e-01,1.333868633735771025e+00,2.381569528200052854e+00,4.476971317128616512e+00,8.667774894985743828e+00,1.704938205070000024e+01
1.668294270833333297e-07,6.912414838344815848e-04,2.200289980448684179e-01,1.538902568171897356e-01,8.775151558951105324e-02,-4.452596686584632535e-02,-3.090809317765610964e-01,-8.381908615979906108e-01,-1.896410721240849639e+00,-4.012850440526567475e+00
1.708984374999999983e-07,2.677444519760818764e-04,8.522570603484803942e-02,-4.957758597408125356e-02,-1.843808779830105327e-01,-4.539874620008690909e-01,-9.932006300365862073e-01,-2.071626966108020440e+00,-4.228479638250888684e+00,-8.542184982536626947e+00
1.749674479166666668e-07,4.913955650136525577e-04,1.564160663707152565e-01,2.276064267055377677e-01,2.987967870403602788e-01,4.411775077100053011e-01,7.259389490492953456e-01,1.295461831727875435e+00,2.434507597085035613e+00,4.712599127799355969e+00
1.790364583333333353e-07,4.513937301264814295e-04,1.436830868606370493e-01,1.309501073517095604e-01,1.182171278427820577e-01,9.275116882492709380e-02,4.181925078921713834e-02,-6.004458528220275870e-02,-2.637722574250425667e-01,-6.712276017107221548e-01
1.831054687500000038e-07,3.155180960037196058e-04,1.004325292278703402e-01,5.718197159394184520e-02,1.393141396001335540e-02,-7.256970130784362594e-02,-2.455719318435575782e-01,-5.915763929149855382e-01,-1.283585315057841347e+00,-2.667603159343553187e+00
1.871744791666666723e-07,2.216960695784253588e-03,7.056805067490231620e-01,1.310928484271344452e+00,1.916176461793665631e+00,3.126672416838308433e+00,5.547664326927593592e+00,1.038964814710616302e+01,2.007361578746330366e+01,3.944155106817758139e+01
1.912434895833333408e-07,1.979837793997241135e-05,6.302019428696290990e-03,-6.930764678927305855e-01,-1.392454955214157408e+00,-2.791211929857011054e+00,-5.588725879142718789e+00,-1.118375377771413248e+01,-2.237380957485696342e+01,-4.475392116914262175e+01
1.953125000000000094e-07,2.773344267414934450e-05,8.827828981093160943e-03,1.135363853466507013e-02,1.387944808823697931e-02,1.893106719538079769e-02,2.903430540966843443e-02,4.924078183824370791e-02,8.965373469539425488e-02,1.704796404096953488e-01
1.993815104166666779e-07,7.067851021154147872e-04,2.249766854107565772e-01,4.411255418393266736e-01,6.572743982678966868e-01,1.089572111125036935e+00,1.954167536839317210e+00,3.683358388267877981e+00,7.141740091124999523e+00,1.405850349683924172e+01
2.034505208333333464e-07,1.122183813631938420e-03,3.572022019944744997e-01,4.894277185792946239e-01,6.216532351641147480e-01,8.861042683337548853e-01,1.415006334673035271e+00,2.472810467351596042e+00,4.588418732708717585e+00,8.819635263422959781e+00
2.075195312499999884e-07,6.267814323481779581e-04,1.995107263928618258e-01,4.181925079018234542e-02,-1.158722248124971349e-01,-4.312551760178561233e-01,-1.062021078428573961e+00,-2.323552883250009859e+00,-4.846616492892882100e+00,-9.892743712178624804e+00
2.115885416666666570e-07,4.429688986040680732e-04,1.410013796976200273e-01,8.249203300119214988e-02,2.398268630476425856e-02,-9.303600708809151021e-02,-3.270733938738030755e-01,-7.951481674452260950e-01,-1.731297714588072356e+00,-3.603596808873764878e+00
2.156575520833333255e-07,1.960916301412929386e-03,6.241790447186893465e-01,1.107356709741008860e+00,1.590534374763328263e+00,2.556889704807967068e+00,4.489600364897245122e+00,8.355021685075801230e+00,1.608586432543291167e+01,3.154754960614713610e+01
2.197265624999999940e-07,1.129955622779288404e-03,3.596760456796096461e-01,9.517304663942995069e-02,-1.693299524007497447e-01,-6.983359504811090801e-01,-1.756347946641827917e+00,-3.872371938963265148e+00,-8.104419923606140941e+00,-1.656851589289188809e+01
2.237955729166666625e-07,7.783639403529107881e-04,2.477609372633018947e-01,1.358458288481227960e-01,2.393072043294370774e-02,-1.998994963974144723e-01,-6.475599300581308393e-01,-1.542880797379563518e+00,-3.333522532022429097e+00,-6.914806001308159367e+00
2.278645833333333310e-07,2.871554138626386532e-03,9.140440710367582211e-01,1.580327204809079289e+00,2.246610338581400246e+00,3.579176606126042604e+00,6.244309141215326875e+00,1.157457421139389453e+01,2.223510435175103339e+01,4.355616463246530401e+01
2.319335937499999995e-07,2.189912743713051668e-04,6.970708762037343409e-02,-7.746298957948054564e-01,-1.618966879209984278e+00,-3.307640846040341920e+00,-6.684988779701057204e+00,-1.343968464702248866e+01,-2.694907638166534980e+01,-5.396785985095107208e+01
2.360026041666666681e-07,4.186739375984238620e-04,1.332680534250737792e-01,1.968290192286454854e-01,2.603899850322172194e-01,3.875119166393606318e-01,6.417557798536474012e-01,1.150243506282221162e+00,2.167218959139368462e+00,4.201169864853662617e+00
2.400716145833333101e-07,1.960589790218403294e-03,6.240751129775220507e-01,1.114882172531094451e+00,1.605689232084666962e+00,2.587303351191811984e+00,4.550531589406102029e+00,8.476988065834682118e+00,1.632990101869184230e+01,3.203572692440616265e+01
2.441406250000000051e-07,1.776777256473849320e-03,5.655657662821388376e-01,5.070564195857110157e-01,4.485470728892830827e-01,3.315283794964273278e-01,9.749099271071577644e-02,-3.705837808607073125e-01,-1.306733328003553574e+00,-3.179032422289245652e+00
2.482096354166666471e-07,-3.484797119521765296e-04,-1.109245374488574826e-01,-7.874148411765341526e-01,-1.463905144904210864e+00,-2.816885752359564066e+00,-5.522846967270270468e+00,-1.093476939709168327e+01,-2.175861425673451066e+01,-4.340630397602016188e+01
2.522786458333333421e-07,2.248047932353003375e-03,7.155758814829905612e-01,1.542076300411560741e+00,2.368576719340131032e+00,4.021577557197271169e+00,7.327579232911552332e+00,1.393958258434011377e+01,2.716358928719724020e+01,5.361160269291148950e+01
2.563476562499999842e-07,1.105497406165945051e-03,3.518907535331577963e-01,-1.179437441327126773e-02,-3.754795023597003456e-01,-1.102849758252558487e+00,-2.557590270038274660e+00,-5.467071293609707006e+00,-1.128603334075257258e+01,-2.292395743503830374e+01
2.604166666666666791e-07,2.026313781073874054e-04,6.449957090262714576e-02,-2.228916117313027301e-01,-5.102827943652326059e-01,-1.085065159633092469e+00,-2.234629890168811972e+00,-4.533759351240250979e+00,-9.132018273383128104e+00,-1.832853611766888591e+01
2.644856770833333212e-07,2.439632275230696479e-03,7.765590718589853170e-01,1.488618572818806829e+00,2.200678073778628452e+00,3.624797075698271254e+00,6.473035079537557301e+00,1.216951108721612940e+01,2.356246310257327181e+01,4.634836713328756019e+01
2.685546875000000162e-07,2.088040592818529717e-03,6.646439634472010027e-01,5.527288550320219596e-01,4.408137466168428609e-01,2.169835297864846912e-01,-2.306769038742316480e-01,-1.125997771195664354e+00,-2.916639505838529711e+00,-6.497922975124260425e+00
2.726236979166666582e-07,1.041363865874167516e-03,3.314764136223185553e-01,-1.691136199109527028e-03,-3.348586860205375881e-01,-1.001193785663393676e+00,-2.333863984949105852e+00,-4.999204383520530648e+00,-1.032988518066338024e+01,-2.099124677494907942e+01
2.766927083333333532e-07,1.456762577404902004e-03,4.637019302105599428e-01,5.959274467953800114e-01,7.281529633802000800e-01,9.926039965498403284e-01,1.521506062889120603e+00,2.579310195567681596e+00,4.694918460924802694e+00,8.926134991639045779e+00
2.807617187499999953e-07,2.423435634560711094e-03,7.714035210107624829e-01,1.079105111814333329e+00,1.386806702617904286e+00,2.002209884225046199e+00,3.233016247439329582e+00,5.694628973867896349e+00,1.061785442672503166e+01,2.046430533243929872e+01
2.848307291666666902e-07,9.692952608482130472e-04,3.085362641590824184e-01,-1.543309926935960419e-01,-6.171982495462745577e-01,-1.542932763251631423e+00,-3.394401790662345153e+00,-7.097339845483772613e+00,-1.450321595512662753e+01,-2.931496817441233915e+01
2.888997395833333323e-07,2.631053362536217577e-03,8.374902963723832583e-01,1.366444328582205214e+00,1.895398360792027281e+00,2.953306425211671637e+00,5.069122554050959906e+00,9.300754811729536442e+00,1.776401932708668951e+01,3.469054835780099921e+01
2.929687499999999743e-07,1.991840282373757987e-03,6.340224535786804783e-01,4.305546107885027673e-01,2.270867679983250842e-01,-1.798489175820302821e-01,-9.937202887427409870e-01,-2.621463031064162230e+00,-5.876948515707005605e+00,-1.238791948499269147e+01
2.970377604166666693e-07,-2.053220354634177625e-04,-6.535603373938474181e-02,-7.647345210608116339e-01,-1.464113008382238457e+00,-2.862869983025091880e+00,-5.660383932310799615e+00,-1.125541183088221331e+01,-2.244546762802504247e+01,-4.482557922231070080e+01
3.011067708333333114e-07,8.572248209359756288e-04,2.728631351860507648e-01,6.110823041146226098e-01,9.493014730431945658e-01,1.625739810900338256e+00,2.978616486614625636e+00,5.684369838043201284e+00,1.109587654090035080e+01,2.191888994661465162e+01
3.051757812500000064e-07,1.871834777734449062e-03,5.958235150555136750e-01,9.187838949215839657e-01,1.241744274787654145e+00,1.887665034519794727e+00,3.179506553984075889e+00,5.763189592912637771e+00,1.093055567076976331e+01,2.126528782648401261e+01
3.092447916666666484e-07,-3.770614239551051128e-05,-1.200223789434475517e-02,-6.198279908407730021e-01,-1.227653743787201268e+00,-2.443305249680057578e+00,-4.874608261465771086e+00,-9.737214285037197214e+00,-1.946242633218004769e+01,-3.891285042646575221e+01
3.133138020833333434e-07,4.016610189387925800e-04,1.278526732228724705e-01,2.677075843389455923e-01,4.075624954550186585e-01,6.872723176871649020e-01,1.246691962151457389e+00,2.365531251080041919e+00,4.603209828937211867e+00,9.078566984651551763e+00
3.173828124999999854e-07,2.878346414176391477e-03,9.162061194940092079e-01,1.704559565766329943e+00,2.492913012038650677e+00,4.069619904583292147e+00,7.223033689672574198e+00,1.352986125985114008e+01,2.614351640020827006e+01,5.137082668092253357e+01
3.214518229166666804e-07,-2.775538960961831947e-04,-8.834814907624373437e-02,-1.092902417647671820e+00,-2.097456686219099975e+00,-4.106565223361955397e+00,-8.124782297647668017e+00,-1.616121644621909326e+01,-3.223408474336194018e+01,-6.437982133764764114e+01
3.255208333333333225e-07,6.411822614449391722e-04,2.040946526636041036e-01,4.965374544046756156e-01,7.889802561457470720e-01,1.373865859627890096e+00,2.543637066592176144e+00,4.883179480520747795e+00,9.562264308377891098e+00,1.892043396409217948e+01
3.295898437500000174e-07,2.446751061989882459e-03,7.788250520620685347e-01,1.353555451459391046e+00,1.928285850856713335e+00,3.077746649651358357e+00,5.376668247240647958e+00,9.974511442419228047e+00,1.917019783277638822e+01,3.756157061349070858e+01
3.336588541666666595e-07,9.686422384600490432e-04,3.083284006770304342e-01,-1.621682507068988033e-01,-6.326649020908280407e-01,-1.573658204858686682e+00,-3.455644810394403521e+00,-7.219618021465837643e+00,-1.474756444360870589e+01,-2.980345728789444237e+01
3.377278645833333545e-07,-2.218451873345905767e-04,-7.061551633089524493e-02,-4.495594333398237330e-01,-8.285033503487522211e-01,-1.586391184366609197e+00,-3.102166852402322927e+00,-6.133718188473750388e+00,-1.219682086061660620e+01,-2.432302620490231604e+01
3.417968749999999965e-07,2.087061059228290105e-03,6.643321682215787005e-01,1.399279852775150434e+00,2.134227537328722057e+00,3.604122906435865303e+00,6.543913644650151795e+00,1.242349512107872478e+01,2.418265807393587252e+01,4.770098397965016801e+01
3.458658854166666915e-07,8.965736334340945746e-04,2.853882512137942973e-01,-9.355566579513414915e-02,-4.724995828040626233e-01,-1.230387416821919544e+00,-2.746163084857633496e+00,-5.777714420929060957e+00,-1.184081709307191588e+01,-2.396702243735762750e+01
3.499348958333333336e-07,1.575625292875137973e-03,5.015371076433871034e-01,7.176859640719571720e-01,9.338348205005272407e-01,1.366132533357667489e+00,2.230727959071947542e+00,3.959918810500508535e+00,7.418300513357629633e+00,1.433506391907187272e+01
3.540039062499999756e-07,1.694218187773266493e-04,5.392863985206165778e-02,-3.936798279381173993e-01,-8.412882957282964425e-01,-1.736505231308654640e+00,-3.526939102469370813e+00,-7.107806844790803602e+00,-1.426954232943366918e+01,-2.859301329871939856e+01
3.580729166666666706e-07,9.683157272721842901e-04,3.082244689379834979e-01,5.625202980228053429e-01,8.168161271076272989e-01,1.325407785277270989e+00,2.342591101616558813e+00,4.376957734295134017e+00,8.445690999652283537e+00,1.658315753036658435e+01
3.621419270833333126e-07,-5.577299958789971868e-04,-1.775309715095296503e-01,-6.632864119559582772e-01,-1.149041852402386876e+00,-2.120552733295244074e+00,-4.063574495080959359e+00,-7.949618018652388152e+00,-1.572170506579524663e+01,-3.126587916008096357e+01
3.662109375000000076e-07,1.295775704287294161e-03,4.124582169514098284e-01,1.002447405411231784e+00,1.592436593871053629e+00,2.772414970790697097e+00,5.132371724629984477e+00,9.852285232308560126e+00,1.929211224766570965e+01,3.817176627838001224e+01
3.702799479166666497e-07,1.950858913910558101e-03,6.209776788475033227e-01,8.294971407448247236e-01,1.038016602642146236e+00,1.455055526436789259e+00,2.289133374026075085e+00,3.957289069204647181e+00,7.293600459561790927e+00,1.396622324027607931e+01
3.743489583333333447e-07,3.768762911384726522e-04,1.199634493376564026e-01,-3.810507801712716414e-01,-8.820650096801997408e-01,-1.884093468698055940e+00,-3.888150386733768116e+00,-7.896264222805192468e+00,-1.591249189494804206e+01,-3.194494723923373769e+01
3.784179687499999867e-07,6.724327536078433809e-04,2.140419932671656089e-01,3.081205371957382866e-01,4.021990811243110198e-01,5.903561689814563751e-01,9.666703446957471968e-01,1.719298696124328840e+00,3.224555398981492349e+00,6.235068804695818478e+00
3.824869791666666817e-07,1.663074260588537356e-03,5.293729786031291518e-01,8.447039639379508857e-01,1.160034949272772620e+00,1.790696919942415866e+00,3.052020861281702580e+00,5.574668743960276451e+00,1.061996450931742331e+01,2.071055604003171879e+01
3.865559895833333237e-07,8.081451321366728280e-04,2.572405850304088082e-01,-1.489180854101945263e-02,-2.870242021124477239e-01,-8.312889892553042559e-01,-1.919818563541017431e+00,-4.096877712112443781e+00,-8.450996009255295149e+00,-1.715923260354099966e+01
3.906250000000000187e-07,3.367112006635863963e-04,1.071785039600336997e-01,-4.288357711139277606e-02,-1.929456581828192518e-01,-4.930698203256722034e-01,-1.093318144611377996e+00,-2.293814793182789913e+00,-4.694808090325613747e+00,-9.496794684611261417e+00
3.946940104166666608e-07,2.334027599694366018e-03,7.429440596085398196e-01,1.378709615255859999e+00,2.014475170903180068e+00,3.286006282197820205e+00,5.829068504787100480e+00,1.091519294996566103e+01,2.108744184032278213e+01,4.143193962103702432e+01
3.987630208333333558e-07,-9.177465098284542933e-04,-2.921277870890664485e-01,-1.327199633785495436e+00,-2.362271480481924701e+00,-4.432415173874782788e+00,-8.572702560660498960e+00,-1.685327733423192953e+01,-3.341442688137479422e+01,-6.653672597566053071e+01
4.028320312499999978e-07,1.295285937491286177e-03,4.123023193383159590e-01,1.116732425766888692e+00,1.821162532195461647e+00,3.230022745052607558e+00,6.047743170766898935e+00,1.168318402219548169e+01,2.295406572505264720e+01,4.549582913076697821e+01
4.069010416666666928e-07,2.453706593147586545e-03,7.810390663932250677e-01,1.149775813446795691e+00,1.518512560500366426e+00,2.255986054607507896e+00,3.730933042821790391e+00,6.680827019250355825e+00,1.258061497210748669e+01,2.438019087782175021e+01
4.109700520833333348e-07,2.054178011099416779e-03,6.538651689143009094e-01,5.266912714366224213e-01,3.995173739589439332e-01,1.451695790035869571e-01,-3.635260109071269952e-01,-1.380917190728554900e+00,-3.415699550371410709e+00,-7.485264269657122327e+00
4.150390624999999769e-07,-1.485217496144386473e-03,-4.727594121558942319e-01,-1.599383993227321943e+00,-2.726008574298749654e+00,-4.979257736441605076e+00,-9.485756060727315031e+00,-1.849875270929873494e+01,-3.652474600644157476e+01,-7.257673260072725441e+01
4.191080729166666719e-07,2.285764188870942348e-03,7.275813388024943151e-01,1.927922089762316382e+00,3.128262840722138449e+00,5.528944342641782583e+00,1.033030734648107085e+01,1.993303335415964739e+01,3.913848536951680046e+01,7.754938940023110661e+01
4.231770833333333139e-07,1.191150562320331119e-03,3.791549999199428922e-01,3.072866103601542068e-02,-3.176976778479120300e-01,-1.014550355615766897e+00,-2.408255711151476852e+00,-5.195666422222896763e+00,-1.077048784436573570e+01,-2.192013068865141534e+01
4.272460937500000089e-07,-4.787058596953386314e-04,-1.523768077151369249e-01,-6.839086153490659958e-01,-1.215440422982994928e+00,-2.278504038250853014e+00,-4.404631268786569187e+00,-8.656885729858002421e+00,-1.716139465200086534e+01,-3.417041249628659472e+01
4.313151041666666509e-07,1.087178442741532081e-03,3.460596463705278847e-01,8.444961004553489525e-01,1.342932554540170020e+00,2.339805462709812378e+00,4.333551279049096649e+00,8.321042911727664304e+00,1.629602617708480139e+01,3.224599270779907556e+01
4.353841145833333459e-07,2.748936544415769845e-03,8.750136785794465633e-01,1.403967710789268741e+00,1.932921742999090808e+00,2.990829807418734720e+00,5.106645936258023433e+00,9.338278193936599081e+00,1.780154270929375215e+01,3.472807174000806185e+01
4.394531249999999880e-07,1.203421299784679377e-04,3.830608969656107421e-02,-7.984014991873669143e-01,-1.635109088071295069e+00,-3.308524265839150935e+00,-6.655354621374863555e+00,-1.334901533244628702e+01,-2.673633675458913572e+01,-5.351097959887483313e+01
4.435221354166666830e-07,1.446541934301492915e-03,4.604485984675886212e-01,8.825911072399105217e-01,1.304733616012232478e+00,2.149018633556876168e+00,3.837588668646163548e+00,7.214728738824738308e+00,1.396900887918188872e+01,2.747756915989618776e+01
4.475911458333333250e-07,1.837972196014447945e-03,5.850447205223308078e-01,7.096408425759023197e-01,8.342369646294737207e-01,1.083429208736616856e+00,1.581813696950902681e+00,2.578582673379474777e+00,4.572120626236618968e+00,8.559196531950906461e+00
4.516601562500000200e-07,-9.584013670975721766e-04,-3.050686300792175842e-01,-1.195181980681894629e+00,-2.085295331284571674e+00,-3.865522032489925763e+00,-7.425975434900633942e+00,-1.454688223972205030e+01,-2.878869584936488124e+01,-5.727232306865055023e+01
4.557291666666666620e-07,2.719246379827566784e-04,8.655630056685977014e-02,4.781812312141806576e-01,8.698061618615015034e-01,1.653056023156143306e+00,3.219555745745426911e+00,6.352555190923993678e+00,1.261855408128112721e+01,2.515055186199539605e+01
4.597981770833333570e-07,7.592286989384078311e-04,2.416700007465520939e-01,3.967837009251246050e-01,5.518974011036971161e-01,8.621248014608421384e-01,1.482579602175132072e+00,2.723489203603711939e+00,5.205308406460872561e+00,1.016894681217519292e+01
4.638671874999999991e-07,-1.150312221184002226e-03,-3.661557522009032395e-01,-9.739815051473315055e-01,-1.581807258093759661e+00,-2.797458763986616415e+00,-5.228761775772329479e+00,-1.009136779934375561e+01,-1.981657984648660786e+01,-3.926700394077231238e+01
4.679361979166666411e-07,5.833512299284748792e-04,1.856864636037071636e-01,7.375286794072793972e-01,1.289370895210851797e+00,2.393055326817996153e+00,4.600424190032285310e+00,9.015161916460863623e+00,1.784463736931801847e+01,3.550358827503233528e+01
4.720052083333333361e-07,1.813677235008803734e-03,5.773113942497845041e-01,9.689363248971053499e-01,1.360561255544426196e+00,2.143811116839068109e+00,3.710310839428351493e+00,6.843310284606918259e+00,1.310930917496405179e+01,2.564130695567832063e+01
4.760742187499999781e-07,-4.792678548515283410e-05,-1.525556963293395012e-02,-6.078225335168627730e-01,-1.200389497400791594e+00,-2.385523425168649236e+00,-4.755791280704364965e+00,-9.496326991775795534e+00,-1.897739841391865667e+01,-3.793954125820437895e+01
4.801432291666666202e-07,6.311248739487851367e-04,2.008932867943970524e-01,4.170421432229671210e-01,6.331909996515372452e-01,1.065488712508677382e+00,1.930084138222957657e+00,3.659274989651518428e+00,7.117656692508639971e+00,1.403442009822288306e+01
4.842122395833333681e-07,1.118428934904436289e-03,3.560069869740893900e-01,5.111206871526619011e-01,6.662343873312344122e-01,9.764617876883793235e-01,1.596916588402669479e+00,2.837826189831249568e+00,5.319645392688409302e+00,1.028328379840272966e+01
4.882812500000000102e-07,-4.076167882471892767e-04,-1.297484534735651451e-01,-6.155038939199938275e-01,-1.101259334366422538e+00,-2.072770215259279958e+00,-4.015791977044994354e+00,-7.901835500616424035e+00,-1.567392254775928251e+01,-3.121809664204499768e+01
4.923502604166666522e-07,-4.715870729379290083e-04,-1.501108275126191716e-01,-1.704732015527974653e-01,-1.908355755929757591e-01,-2.315603236733323467e-01,-3.130098198340455218e-01,-4.759088121554718165e-01,-8.017067967983244614e-01,-1.453302766084029640e+00
4.964192708333332943e-07,2.244782820406854285e-03,7.145365640710344968e-01,1.579183955655856453e+00,2.443831347240678742e+00,4.173126130410322432e+00,7.631715696749610700e+00,1.454889482942818724e+01,2.838325309478533853e+01,5.605196962549964468e+01
5.004882812500000422e-07,1.461759041387900027e-03,4.652923540923094570e-01,2.160481441146313852e-01,-3.319606586304670037e-02,-5.316844858184028855e-01,-1.528661325729115061e+00,-3.522615005550539635e+00,-7.510522365193389227e+00,-1.548633708447908752e+01
5.045572916666666842e-07,-8.792139753204253338e-04,-2.798625004154427498e-01,-1.025017354924372182e+00,-1.770172209433301669e+00,-3.260481918451160421e+00,-6.241101336486877926e+00,-1.220234017255831382e+01,-2.412481784470118384e+01,-4.796977318898692744e+01
5.086263020833333263e-07,1.593644312745112757e-04,5.072727398073421934e-02,3.813170483780575215e-01,7.119068227753807543e-01,1.373086371570027442e+00,2.695445469159320595e+00,5.340163664337906901e+00,1.062960005469508040e+01,2.120847283540942385e+01
5.126953124999999683e-07,1.221911287687227343e-03,3.889464429104104726e-01,7.271656118389823176e-01,1.065384780767554274e+00,1.741823118624697964e+00,3.094699794338985566e+00,5.800453145767560770e+00,1.121195984862471029e+01,2.203497325433901111e+01
5.167643229166667162e-07,-1.262872427893135807e-03,-4.019847787873114808e-01,-1.192916000483741357e+00,-1.983847222180171066e+00,-3.565709665573030929e+00,-6.729434552358750210e+00,-1.305688432593018966e+01,-2.571178387307306679e+01,-5.102158296735882459e+01
5.208333333333333583e-07,3.935892663431417304e-05,1.252833545728471339e-02,4.270414496983557795e-01,8.415545639394268473e-01,1.670580792421568983e+00,3.328633249385853254e+00,6.644738163314421797e+00,1.327694799117155888e+01,2.654136764688583483e+01
5.249023437500000003e-07,1.868896176975276546e-03,5.948881293823218286e-01,1.177247923310893007e+00,1.759607717239463964e+00,2.924327305096606100e+00,5.253766480810890371e+00,9.912644832239458026e+00,1.923040153509659689e+01,3.786591494081086751e+01
5.289713541666666424e-07,7.919750591334207002e-05,2.520934909331600318e-02,-5.444694311968626410e-01,-1.114148211487041351e+00,-2.253505772067398549e+00,-4.532220893228113390e+00,-9.089651135549543071e+00,-1.820451162019240243e+01,-3.643423258947812116e+01
5.330403645833332844e-07,1.237618161561648833e-03,3.939460961456807131e-01,7.626828431992513924e-01,1.131419590252822127e+00,1.868893084359963375e+00,3.343840072574246314e+00,6.293734049002811304e+00,1.219352200185994306e+01,2.399309790757420302e+01
5.371093750000000324e-07,2.228259668542342808e-03,7.092770814816443670e-01,1.024608066816466101e+00,1.339939052151287724e+00,1.970601022820930970e+00,3.231924964160217684e+00,5.754572846838791556e+00,1.079986861219593841e+01,2.089046014291023212e+01
5.411783854166666744e-07,2.236194733283625169e-03,7.118028910363028983e-01,7.143287005898748543e-01,7.168545101434466993e-01,7.219061292505905003e-01,7.320093674648782134e-01,7.522158438934534175e-01,7.926287967506040477e-01,8.734547024649050861e-01
5.452473958333333164e-07,4.464960622145852653e-04,1.421241107450353647e-01,-4.275546695451432622e-01,-9.972334498353219168e-01,-2.136591010415679115e+00,-4.415306131576393511e+00,-8.972736373897822304e+00,-1.808759685854068167e+01,-3.631731782782640039e+01
5.493164062499999585e-07,1.907781790375651099e-04,6.072658045579819308e-02,-2.067094983437989253e-02,-1.020684801245579781e-01,-2.648635407049141355e-01,-5.904536618656265334e-01,-1.241633904187051218e+00,-2.543994388829900366e+00,-5.148715358115599550e+00
5.533854166666667064e-07,1.061577436957783505e-03,3.379105931333122870e-01,6.150946058118843540e-01,8.922786184904565321e-01,1.446646643847600666e+00,2.555382694561889156e+00,4.772854795990466137e+00,9.207798998847620098e+00,1.807768740456192447e+01
5.574544270833333485e-07,1.117449401320413926e-03,3.556951917504460048e-01,3.734797903665172947e-01,3.912643889825886401e-01,4.268335862147312199e-01,4.979719806790164349e-01,6.402487696075869206e-01,9.248023474647277808e-01,1.493909503179009501e+00
5.615234374999999905e-07,1.365068964162219345e-03,4.345149466155011075e-01,5.133347014815722309e-01,5.921544563476432987e-01,7.497939660797855455e-01,1.065072985544069928e+00,1.695631024472638693e+00,2.956747102329776222e+00,5.478979258044051726e+00
5.655924479166666326e-07,6.060136349601563666e-04,1.929001311699926613e-01,-4.871468427643682597e-02,-2.903294997228663132e-01,-7.735591306157252323e-01,-1.740018392401443181e+00,-3.672936915972878857e+00,-7.538773963115750654e+00,-1.527044805740149336e+01
5.696614583333333805e-07,4.461695510196150849e-04,1.420201790037266820e-01,9.114022683854737517e-02,4.026027467336808913e-02,-6.149962965699049683e-02,-2.650194383177076896e-01,-6.720590556391420334e-01,-1.486138290282010610e+00,-3.114296759567748207e+00
5.737304687500000225e-07,1.269031909325590846e-03,4.039454026210274051e-01,6.658706262370979179e-01,9.277958498531684306e-01,1.451646297085309456e+00,2.499347191549591507e+00,4.594748980478155609e+00,8.785552558335282924e+00,1.716715971404953933e+01
5.777994791666666646e-07,-4.487614123114269660e-04,-1.428451940765274875e-01,-6.896357907729537828e-01,-1.236426387469379939e+00,-2.330007580862232253e+00,-4.517169967647937767e+00,-8.891494741219347020e+00,-1.764014428836216908e+01,-3.513744338264780964e+01
5.818684895833333066e-07,-4.647947973808186362e-04,-1.479487790531064384e-01,-1.530523640307853428e-01,-1.581559490084642194e-01,-1.683631189638220005e-01,-1.887774588745375903e-01,-2.296061386959687423e-01,-3.112634983388310461e-01,-4.745782176245555983e-01
5.859374999999999487e-07,1.183830628104232119e-04,3.768249924927435934e-02,2.233137775528456492e-01,4.089450558564169391e-01,7.802076124635595189e-01,1.522732725677844678e+00,3.007782952106415220e+00,5.977883404963555414e+00,1.191808431067783758e+01
5.900065104166666966e-07,6.056871237660743645e-04,1.927961994289666692e-01,3.479098996075392081e-01,5.030235997861116637e-01,8.132510001432566860e-01,1.433705800857546730e+00,2.674615402286126820e+00,5.156434605143286554e+00,1.012007301085760602e+01
5.940755208333333386e-07,-1.855128142003614755e-03,-5.905056277375176910e-01,-1.373807454902694625e+00,-2.157109282067871447e+00,-3.723712936398225093e+00,-6.856920245058931940e+00,-1.312333486238034652e+01,-2.565616409702317569e+01,-5.072182256630883757e+01
5.981445312499999807e-07,4.537781045659272650e-04,1.444420568170765862e-01,8.793897413706482924e-01,1.614337425924219804e+00,3.084232795031363050e+00,6.024023533245649986e+00,1.190360500967422297e+01,2.366276796253136894e+01,4.718109386824566087e+01
6.022135416666666227e-07,6.055238681650365606e-04,1.927442335571814824e-01,2.410464102982537715e-01,2.893485870393260884e-01,3.859529405214707221e-01,5.791616474857599339e-01,9.655790614143383577e-01,1.738413889271495316e+00,3.284083544985809233e+00
6.062825520833333707e-07,1.164733278552709805e-03,3.707461173305864333e-01,5.487480011029091109e-01,7.267498848752318441e-01,1.082753652419877310e+00,1.794761187509168021e+00,3.218776257687749442e+00,6.066806398044913173e+00,1.176286667875923975e+01
6.103515625000000127e-07,2.059500986290707658e-03,6.555595245415998251e-01,9.403729317514205599e-01,1.225186338961241184e+00,1.794813153380882653e+00,2.934066782220165148e+00,5.212574039898730582e+00,9.769588555255861451e+00,1.888361758597012496e+01
6.144205729166666548e-07,4.136130140857119386e-04,1.316571114377575735e-01,-3.922453016649206647e-01,-9.161477147675989308e-01,-1.963952540972955463e+00,-4.059562193383668749e+00,-8.250781498205094877e+00,-1.663322010784794713e+01,-3.339809732713364809e+01
6.184895833333332968e-07,-2.262918299980043457e-03,-7.203092665098647096e-01,-1.572275644456292198e+00,-2.424242022402719687e+00,-4.128174778295574221e+00,-7.536040290081284176e+00,-1.435177131365270320e+01,-2.798323336079554124e+01,-5.524615745508121734e+01
6.225585937500000447e-07,6.931360914785855698e-04,2.206320703884261103e-01,1.161573407285747317e+00,2.102514744183068718e+00,3.984397417977711076e+00,7.748162765566996235e+00,1.527569346074556655e+01,3.033075485110270719e+01,6.044087763181698847e+01
6.266276041666666868e-07,1.276313951669827418e-03,4.062633486908068803e-01,5.918946269943782257e-01,7.775259052979495156e-01,1.148788461905092095e+00,1.891313575119377255e+00,3.376363801547947574e+00,6.346464254405088212e+00,1.228666516011936949e+01
6.306966145833333288e-07,-5.852900688241291505e-04,-1.863036151919115757e-01,-7.788705790758404524e-01,-1.371437542959769385e+00,-2.556571470727627027e+00,-4.926839326263342755e+00,-9.667375037334773324e+00,-1.914844645947763624e+01,-3.811058930376335496e+01
6.347656249999999709e-07,-1.823714394246778170e-03,-5.805063212644328008e-01,-9.747090273358628432e-01,-1.368911733407292886e+00,-2.157317145550153192e+00,-3.734127969835873362e+00,-6.887749618407314145e+00,-1.319499291555019482e+01,-2.580947950983595618e+01
6.388346354166667188e-07,-1.168631184616408802e-03,-3.719868593660775602e-01,-1.634673974687560760e-01,4.505206442856540816e-02,4.620909882232083765e-01,1.296168835812494313e+00,2.964324530991066187e+00,6.300635921348209934e+00,1.297325870206249832e+01
6.429036458333333608e-07,-8.730747221532553226e-04,-2.779083154385473819e-01,-1.838297715099746765e-01,-8.975122758140197110e-02,9.840586027574343975e-02,4.747200359900342614e-01,1.227348387418615960e+00,2.732605090275779247e+00,5.743118495990105821e+00
6.469726562500000029e-07,-1.176729504951623539e-03,-3.745646347902596429e-01,-4.712209541429371318e-01,-5.678772734956146762e-01,-7.611899122009695429e-01,-1.147815189611679498e+00,-1.921065744433099409e+00,-3.467566854075939009e+00,-6.560569073361618209e+00
6.510416666666666449e-07,4.850285967217260463e-04,1.543893974183763451e-01,6.833434296281983844e-01,1.212297461838020451e+00,2.270205526257664808e+00,4.386021655096953076e+00,8.617653912775528724e+00,1.708091842813268357e+01,3.400744745884698972e+01
6.551106770833332870e-07,9.004273082453551069e-04,2.866149140043560140e-01,4.188404305891760826e-01,5.510659471739961512e-01,8.155169803436363996e-01,1.344419046682916674e+00,2.402223179361477445e+00,4.517831444718598988e+00,8.749047975432841184e+00
6.591796875000000349e-07,5.967725254478750685e-04,1.899585946529264435e-01,9.330227530024896854e-02,-3.354044052428514257e-03,-1.966666827577834842e-01,-5.832919601684933841e-01,-1.356542514989913295e+00,-2.903043624632752895e+00,-5.996045843918432539e+00
6.632486979166666769e-07,5.328022407500299096e-04,1.695962206116106707e-01,1.492338465714323770e-01,1.288714725312540832e-01,8.814672445089750952e-02,6.697228290184349155e-03,-1.562017640312419742e-01,-4.819997486740946191e-01,-1.133595717959799964e+00
6.673177083333333190e-07,2.531159077623357234e-04,8.056929579113594753e-02,-8.457629030292939526e-03,-9.748455385172183352e-02,-2.755384034945795868e-01,-6.316461027802952044e-01,-1.343861501351726329e+00,-2.768292298494588355e+00,-5.617153892780312852e+00
6.713867187499999610e-07,8.123253181429035408e-04,2.585711795622792075e-01,4.365730633346018852e-01,6.145749471069246184e-01,9.705787146515699737e-01,1.682586249740860795e+00,3.106601319919442439e+00,5.954631460276605281e+00,1.165069174099093274e+01
6.754557291666667090e-07,-4.740359068939881126e-04,-1.508903155704553467e-01,-5.603518107043826690e-01,-9.698133058383098248e-01,-1.788736296106164358e+00,-3.426582276641873648e+00,-6.702274237713291782e+00,-1.325365815985612805e+01,-2.635642600414179881e+01
6.795247395833333510e-07,9.001007970503849265e-04,2.865109822630473313e-01,7.239122800978685657e-01,1.161313577932689967e+00,2.036116173602332324e+00,3.785721364941617484e+00,7.284931747620187359e+00,1.428335251297732889e+01,2.828019404369160839e+01
6.835937499999999931e-07,9.559727614139035268e-04,3.042955808804637119e-01,3.220801794965350573e-01,3.398647781126063472e-01,3.754339753447489270e-01,4.465723698090341975e-01,5.888491587376045722e-01,8.734027365947455435e-01,1.442509892309027375e+00
6.876627604166666351e-07,1.682961320469189559e-03,5.357032263702697916e-01,7.671108718613415256e-01,9.985185173524132596e-01,1.461333808334556617e+00,2.386964390298843330e+00,4.238225554227416758e+00,7.940747882084563614e+00,1.534579253779885732e+01
6.917317708333333830e-07,2.314076080288884896e-03,7.365932937373874667e-01,9.374833611034603109e-01,1.138373428469533266e+00,1.540153563201678955e+00,2.343713832665970553e+00,3.950834371594553751e+00,7.165075449451720146e+00,1.359355760516605294e+01
6.958007812500000251e-07,9.558095058128657229e-04,3.042436150086785251e-01,-1.281060637189989360e-01,-5.604557424466763971e-01,-1.425155099902031264e+00,-3.154553814812741219e+00,-6.613351244634160686e+00,-1.353094610427699962e+01,-2.736613582356267926e+01
6.998697916666666671e-07,-4.743624180889582931e-04,-1.509942473117640571e-01,-6.062321096331917403e-01,-1.061469971954619451e+00,-1.971945696597474651e+00,-3.792897145883185495e+00,-7.434800044454606294e+00,-1.471860584159744967e+01,-2.928621743588313464e+01
7.039388020833333092e-07,1.427080181692019778e-03,4.542537302095301377e-01,1.059501707731851372e+00,1.664749685254172773e+00,2.875245640298815353e+00,5.296237550388100068e+00,1.013822137056667039e+01,1.982218901092381103e+01,3.919012429163809230e+01
7.080078124999999512e-07,-4.824607384303902791e-04,-1.535720227379251401e-01,-7.613977756843534062e-01,-1.369223528630781672e+00,-2.584875034523637982e+00,-5.016178046309351046e+00,-9.878784069880776286e+00,-1.960399611702363032e+01,-3.905442021130933483e+01
7.120768229166666991e-07,-3.067465250143897038e-04,-9.764045146460369196e-02,-4.170888019228279064e-02,1.422269108003811067e-02,1.260858336246799272e-01,3.498121187139635047e-01,7.972646888925307707e-01,1.692169829249665192e+00,3.481980109963934034e+00
7.161458333333333412e-07,2.045259857439418738e-04,6.510264324378173262e-02,2.278457379536028282e-01,3.905888326634239238e-01,7.160750220830661705e-01,1.367047400922350553e+00,2.668992158600919318e+00,5.272881673958056403e+00,1.048066070467233146e+01
7.202148437499999832e-07,3.323032995403707446e-04,1.057754254551935141e-01,1.464482076650150122e-01,1.871209898748365241e-01,2.684665542944795202e-01,4.311576831337655680e-01,7.565399408123375524e-01,1.407304456169481632e+00,2.708833486883770014e+00
7.242838541666666253e-07,9.634180593529606540e-04,3.066654928200494012e-01,5.075555601861223565e-01,7.084456275521952007e-01,1.110225762284341000e+00,1.913786031748632599e+00,3.520906570677215797e+00,6.735147648534382192e+00,1.316362980424871587e+01
7.283528645833333732e-07,1.882154216907849786e-03,5.991082945642793867e-01,8.915510963053508986e-01,1.183993898046422411e+00,1.768879501528565212e+00,2.938650708492851482e+00,5.278193122421423134e+00,9.957277950278566436e+00,1.931544760599285482e+01
7.324218750000000152e-07,2.122977948850746088e-04,6.757648692693783710e-02,-4.639553207069911922e-01,-9.954871283409202354e-01,-2.058550743608778433e+00,-4.184677974144494605e+00,-8.436932435215927839e+00,-1.694144135735879075e+01,-3.395045920164452014e+01
7.364908854166666573e-07,9.153179041447856434e-04,2.913547378903125762e-01,5.151329888501356979e-01,7.389112398099587642e-01,1.186467741729605008e+00,2.081580745568897495e+00,3.871806753247482025e+00,7.452258768604651529e+00,1.461316279931899054e+01
7.405598958333332993e-07,1.019126768113665094e-03,3.243981255651152140e-01,3.574415132436858933e-01,3.904849009222565726e-01,4.565716762793979866e-01,5.887452269936808147e-01,8.530923284222464709e-01,1.381786531279377561e+00,2.439174936993639964e+00
7.446289062500000473e-07,3.559452381551864164e-04,1.133008882448396648e-01,-9.779634907658882326e-02,-3.088935863980172836e-01,-7.310880610408742042e-01,-1.575477010326588267e+00,-3.264254908898016172e+00,-6.641810706040871537e+00,-1.339692230032658316e+01
7.486979166666666893e-07,-9.152024350633780614e-05,-2.913179829401519802e-02,-1.715644848341930651e-01,-3.139971713743709425e-01,-5.988625444547267529e-01,-1.168593290615438152e+00,-2.308054782936861393e+00,-4.586977767579707432e+00,-9.144823736865399511e+00
7.527669270833333314e-07,3.238784680092976487e-04,1.030937182894200305e-01,2.353192348742401130e-01,3.675447514590602371e-01,6.319957846287004299e-01,1.160897850967980816e+00,2.218701983646541365e+00,4.334310249003663351e+00,8.565526779717906436e+00
7.568359374999999734e-07,1.698015171960776115e-03,5.404950161251844687e-01,9.778963139600057586e-01,1.415297611794827048e+00,2.290100207464469406e+00,4.039705398803755010e+00,7.538915781482324441e+00,1.453733654683946597e+01,2.853417807755374724e+01
7.609049479166666154e-07,-1.098358391157461256e-03,-3.496183344783429514e-01,-1.239731685081020052e+00,-2.129845035683696874e+00,-3.910071736889050964e+00,-7.470525139299759587e+00,-1.459143194412117595e+01,-2.883324555376400866e+01,-5.731687277304967409e+01
7.649739583333333634e-07,7.791157588190600336e-04,2.480002485136927337e-01,8.456188315047653559e-01,1.443237414495837978e+00,2.638474580477983444e+00,5.028948912442274377e+00,9.809897576370856243e+00,1.937179490422801820e+01,3.849558955994234566e+01
7.690429687500000054e-07,5.953032250687328997e-04,1.894909018164719072e-01,1.309815551200440298e-01,7.247220842361613846e-02,-4.454648496923963724e-02,-2.785838717549511956e-01,-7.466586453263742706e-01,-1.682808192469220421e+00,-3.555107286754912721e+00
7.731119791666666475e-07,-6.431211003476988708e-04,-2.047118042540702620e-01,-5.989145103255003599e-01,-9.931172163969304023e-01,-1.781522628539790487e+00,-3.358333452825510879e+00,-6.511955101396951662e+00,-1.281919839853983234e+01,-2.543368499282559370e+01
7.771809895833332895e-07,8.748263024607183524e-04,2.784658607668576979e-01,7.616435257891771560e-01,1.244821190811496558e+00,2.211176520856135586e+00,4.143887180945413640e+00,8.009308501123969748e+00,1.574015114148108019e+01,3.120183642219530284e+01
7.812500000000000374e-07,8.587929173913266823e-04,2.733622757902787748e-01,2.682586908125998426e-01,2.631551058349209660e-01,2.529479358795632127e-01,2.325335959688476228e-01,1.917049161474164709e-01,1.100475565045541670e-01,-5.326716278117041986e-02
7.853190104166666795e-07,-1.242495601216475620e-03,-3.954986334070769716e-01,-1.064359542603505071e+00,-1.733220451799933004e+00,-3.070942270192789092e+00,-5.746385906978501268e+00,-1.109727318054992651e+01,-2.179904772769277344e+01,-4.320259682197847440e+01
7.893880208333333215e-07,-5.634439417754322221e-04,-1.793497769774842210e-01,3.679907945108586848e-02,2.529479358796559718e-01,6.852456487367961646e-01,1.549841074451076439e+00,3.279031925879637210e+00,6.737413628736758753e+00,1.365417703445100095e+01
7.934570312499999636e-07,2.114815169012018714e-04,6.731665757479697587e-02,3.139830921283702780e-01,5.606495266819435663e-01,1.053982395789090143e+00,2.040648134003383518e+00,4.013979610431969824e+00,7.960642563289142437e+00,1.585396846900348855e+01
7.975260416666667115e-07,3.152903808860685331e-04,1.003600452546884875e-01,1.334034329332591806e-01,1.664468206118298876e-01,2.325335959689713017e-01,3.647071466832541020e-01,6.290542481118197582e-01,1.157748450968951071e+00,2.215136856683213473e+00
8.015950520833333535e-07,4.910045942949636810e-04,1.562916165257482171e-01,2.122231877980691184e-01,2.681547590703899919e-01,3.800179016150317945e-01,6.037441867043153998e-01,1.051196756882882610e+00,1.946101897240017031e+00,3.735912177954285873e+00
8.056640624999999956e-07,1.337835402409837116e-03,4.258462346737210691e-01,6.954008528210423590e-01,9.649554709683636489e-01,1.504064707263006229e+00,2.582283179852291166e+00,4.738720125030861929e+00,9.051594015388001679e+00,1.767734179610228296e+01
8.097330729166666376e-07,1.273865117713768313e-03,4.054838606329707051e-01,3.851214865927924391e-01,3.647591125526141731e-01,3.240343644722575855e-01,2.425848683115444104e-01,7.968587599011808797e-02,-2.461121086527345569e-01,-8.977080779384398745e-01
8.138020833333333856e-07,-1.323383563782698502e-04,-4.212460715651700910e-02,-4.897330749466960453e-01,-9.373415427368750885e-01,-1.832558478317233286e+00,-3.622992349477949681e+00,-7.203860091799382026e+00,-1.436559557644224761e+01,-2.868906654572797876e+01
8.178710937500000276e-07,1.337672146817681096e-03,4.257942688047630098e-01,8.937131447645852989e-01,1.361632020724407477e+00,2.297469772644052277e+00,4.169145276483341434e+00,7.912496284161919746e+00,1.539919829951907637e+01,3.037260233023338785e+01
8.219401041666666697e-07,3.629007693124464140e-04,1.155149025758548942e-01,-1.947644636518251759e-01,-5.050438298795052461e-01,-1.125602562334865331e+00,-2.366720027245585722e+00,-4.848954957067026506e+00,-9.813424816709908072e+00,-1.974236453599566943e+01
8.260091145833333117e-07,-6.118706081856828405e-04,-1.947644636507915028e-01,-5.050438298784716284e-01,-8.153231961061516708e-01,-1.435881928561511867e+00,-2.676999393472232036e+00,-5.159234323293672375e+00,-1.012370418293655483e+01,-2.005264390222231796e+01
8.300781249999999538e-07,9.300452444342965919e-04,2.960425959016567687e-01,7.868496554552292244e-01,1.277656715008801624e+00,2.259270834115946869e+00,4.222499072330236913e+00,8.148955548758817002e+00,1.600186850161597718e+01,3.170769440733029398e+01
8.341471354166667017e-07,1.393380855571280108e-03,4.435269015475670762e-01,5.910112071948887547e-01,7.384955128422104886e-01,1.033464124136853846e+00,1.623401346726140559e+00,2.803275791904714431e+00,5.163024682261861287e+00,9.882522462976154998e+00
8.382161458333333437e-07,2.508303293993208172e-04,7.984177360254053613e-02,-2.838433543438885209e-01,-6.475284822903175641e-01,-1.374898738183175650e+00,-2.829639249968892045e+00,-5.739120273540324391e+00,-1.155808232068318908e+01,-2.319600641496892024e+01
8.422851562499999858e-07,9.098624545700317867e-05,2.896182143570912373e-02,-2.191813072947016577e-02,-7.279808289464946569e-02,-1.745579872250080378e-01,-3.780777958857252097e-01,-7.851174132071595535e-01,-1.599196647850028130e+00,-3.227355117135765727e+00
8.463541666666666278e-07,-1.887000875289146506e-04,-6.006510338420016637e-02,-1.490920282056290569e-01,-2.381189530270579335e-01,-4.161728026699157423e-01,-7.722805019556312489e-01,-1.484495900527062373e+00,-2.908926697669924621e+00,-5.757788291955648674e+00
8.504231770833333757e-07,-9.717238665487570870e-04,-3.093093133632078828e-01,-5.585535233408859268e-01,-8.077977333185640818e-01,-1.306286153273920281e+00,-2.303262993184632457e+00,-4.297216673006056809e+00,-8.285124032648905512e+00,-1.626093875193460292e+01
8.544921875000000178e-07,-2.926722071077136889e-04,-9.316045693361516000e-02,1.229883994949549225e-01,3.391372559235250050e-01,7.714349687806651978e-01,1.636030394494945472e+00,3.365221245923506022e+00,6.823602948780627564e+00,1.374036635449487065e+01
8.585611979166666598e-07,7.478960478835006143e-05,2.380627058791039488e-02,1.407729981102333050e-01,2.577397256325562047e-01,4.916731806772020041e-01,9.595400907664936030e-01,1.895273910945076912e+00,3.766741551302243529e+00,7.509676832016576320e+00
8.626302083333333019e-07,-8.999817727097791931e-04,-2.864730956387360195e-01,-5.967524618664160618e-01,-9.070318280940961042e-01,-1.527590560549456411e+00,-2.768708025460176803e+00,-5.250942955281617586e+00,-1.021541281492449826e+01,-2.014435253421025962e+01
8.666992187500000498e-07,-2.448985630785216472e-04,-7.795363374009811608e-02,1.305658281572233959e-01,3.390852900545448523e-01,7.561242138491878206e-01,1.590202061438473757e+00,3.258357756617045631e+00,6.594669146974189822e+00,1.326729192768847732e+01
8.707682291666666919e-07,1.033364341623155269e-03,3.289300859684543554e-01,7.358138056782768111e-01,1.142697525388099322e+00,1.956464964807744344e+00,3.583999843647034389e+00,6.839069601325614478e+00,1.334920911668277377e+01,2.636948814739709235e+01
8.748372395833333339e-07,3.462143618531143829e-04,1.102034541166585641e-01,-1.085231777360207150e-01,-3.272498095886999803e-01,-7.647030732940585107e-01,-1.639609600704775572e+00,-3.389422655526209915e+00,-6.889048765169078159e+00,-1.388830098445481553e+01
8.789062499999999759e-07,-5.566516662192100284e-04,-1.771877285182541784e-01,-4.645789111521840820e-01,-7.519700937861139023e-01,-1.326752459053973654e+00,-2.476317189589693157e+00,-4.775446650661132608e+00,-9.373705572804009734e+00,-1.857022341708976754e+01
8.829752604166666180e-07,1.440664732811569593e-03,4.585778271302519693e-01,1.094343382777571927e+00,1.730108938424891996e+00,3.001640049719532133e+00,5.544702272308812852e+00,1.063082671748737340e+01,2.080307560784449450e+01,4.114757338855873314e+01
8.870442708333333659e-07,2.262088571995946040e-04,7.200451558896832360e-02,-3.145687959512087351e-01,-7.011421074913858353e-01,-1.474288730571739814e+00,-3.020581976732448215e+00,-6.113168469053865017e+00,-1.229834145369669685e+01,-2.466868742298236228e+01
8.911132812500000080e-07,3.779546208040329702e-04,1.203066923307695019e-01,1.686088690718418048e-01,2.169110458129141217e-01,3.135153992950587276e-01,5.067241062593479395e-01,8.931415201879264743e-01,1.665976348045083322e+00,3.211646003759397239e+00
8.951822916666666500e-07,1.941420870537058363e-04,6.179734563354868926e-02,3.287998937120804009e-03,-5.522134775930707951e-02,-1.722400411521628483e-01,-4.062774279378744136e-01,-8.743522015092974886e-01,-1.810501748652143750e+00,-3.682800842937835828e+00
8.992513020833332921e-07,-8.554424593398834986e-05,-2.722957918692603049e-02,-1.162565040083549245e-01,-2.052834288297838150e-01,-3.833372784726415960e-01,-7.394449777583571581e-01,-1.451660376329788171e+00,-2.876091173472650642e+00,-5.724952767758375138e+00
9.033203125000000400e-07,-1.974514302531815702e-04,-6.285074229071690999e-02,-9.847190539339459314e-02,-1.340930684960722763e-01,-2.053353947014276704e-01,-3.478200471121384307e-01,-6.327893519335598960e-01,-1.202727961576402826e+00,-2.342605180862088687e+00
9.073893229166666820e-07,-1.076349008508614702e-03,-3.426125303924131282e-01,-6.223743184950899510e-01,-9.021361065977668847e-01,-1.461659682803120530e+00,-2.580706835213828043e+00,-4.818801140035242625e+00,-9.294989749678073565e+00,-1.824736696896373189e+01
9.114583333333333241e-07,-1.427940690934548229e-03,-4.545276388085794927e-01,-5.664427472237585359e-01,-6.783578556389376901e-01,-9.021880724692958875e-01,-1.349848506130012282e+00,-2.245169373451445072e+00,-4.035811108094310207e+00,-7.617094577380041365e+00
9.155273437499999661e-07,-1.659690124300894354e-03,-5.282957745665791682e-01,-6.020639103255086555e-01,-6.758320460844381428e-01,-8.233683176022971173e-01,-1.118440860638014955e+00,-1.708585946709451076e+00,-2.888876118852322872e+00,-5.249456463138066908e+00
9.195963541666667140e-07,-2.131124055781086213e-03,-6.783578556392159120e-01,-8.284199367106424017e-01,-9.784820177820688913e-01,-1.278606179924921760e+00,-1.878854504210627718e+00,-3.079351152782039414e+00,-5.480344449924863248e+00,-1.028233104421051003e+01
9.236653645833333561e-07,2.736559900249346811e-04,8.710740703834951582e-02,8.525726697169199175e-01,1.618037932395490319e+00,3.148968457752631345e+00,6.210829508466913396e+00,1.233455160989547750e+01,2.458199581275260570e+01,4.907688421846685856e+01
9.277343749999999981e-07,-1.108579034255541274e-03,-3.528716662196179632e-01,-7.928507394785462292e-01,-1.232829812737474384e+00,-2.112787959255331138e+00,-3.872704252291044202e+00,-7.392536838362469886e+00,-1.443220201050532303e+01,-2.851153235479102577e+01
9.318033854166666402e-07,1.320169461360265473e-03,4.202229909889023673e-01,1.193317648198723546e+00,1.966412305408544947e+00,3.512601619828187527e+00,6.604980248667472686e+00,1.278973750634604301e+01,2.515925202170318187e+01,4.989828105241745959e+01
9.358723958333332822e-07,7.528617306444829183e-04,2.396433317935770524e-01,5.906367259714735696e-02,-1.215159865992823246e-01,-4.826753049921416738e-01,-1.204993941777860345e+00,-2.649631215349297797e+00,-5.538905762492173146e+00,-1.131745485677792296e+01
9.399414062500000302e-07,1.615855501118090842e-04,5.143427806503515776e-02,-1.367747756626431221e-01,-3.249838293903213882e-01,-7.014019368456779757e-01,-1.454238151756391151e+00,-2.959910581577817279e+00,-5.971255441220669979e+00,-1.199394516050637449e+01
9.440104166666666722e-07,6.488896110745656642e-04,2.065479782469892001e-01,3.616616784255616834e-01,5.167753786041342501e-01,8.270027789612791613e-01,1.447457579675569317e+00,2.688367181104149406e+00,5.170186383961309140e+00,1.013382478967562861e+01
9.480794270833333142e-07,8.725407240977034462e-04,2.777383385782623004e-01,3.489286989130848116e-01,4.201190592479073227e-01,5.624997799175522895e-01,8.472612212568423340e-01,1.416784103935422312e+00,2.555829869292582490e+00,4.833921400006902402e+00
9.521484374999999563e-07,4.011067926317224419e-04,1.276762575101489106e-01,-2.238582356127756870e-02,-1.724479046327040410e-01,-4.725720667755569648e-01,-1.072820391061262812e+00,-2.273317039632674508e+00,-4.674310336775498342e+00,-9.476296931061146012e+00
9.562174479166665983e-07,-7.174752837446618514e-04,-2.283794759084462611e-01,-5.844352093236244716e-01,-9.404909427388027376e-01,-1.652602409569159381e+00,-3.076825343229872445e+00,-5.925271210551298573e+00,-1.162216294519414994e+01,-2.301594641447985623e+01
9.602864583333332404e-07,8.723774685037710697e-04,2.776863727087388045e-01,7.837522213248107050e-01,1.289818069940882550e+00,2.301949767173026462e+00,4.326213161637313398e+00,8.374739950565889046e+00,1.647179352842303857e+01,3.266590068413734116e+01
9.643554687500000942e-07,-2.941415074797504303e-04,-9.362814976780797771e-02,-4.649426722454856331e-01,-8.362571947231632885e-01,-1.578886239678518599e+00,-3.064144329589229443e+00,-6.034660509410650242e+00,-1.197569286905349273e+01,-2.385775758833917948e+01
9.684244791666667362e-07,-3.820802419873814415e-04,-1.216199183400785977e-01,-1.496116869115076964e-01,-1.776034554829367673e-01,-2.335869926257949647e-01,-3.455540669115113595e-01,-5.694882154829440379e-01,-1.017356512625809506e+00,-1.913093106911540442e+00
9.724934895833333783e-07,1.111898711016579000e-03,3.539283521515908526e-01,8.294766226426617539e-01,1.305024893133732489e+00,2.256121434115874180e+00,4.158314516080158008e+00,7.962700680008724774e+00,1.557147300786585831e+01,3.078901766358012537e+01
9.765625000000000203e-07,-1.265256144051818410e-04,-4.027435392064761949e-02,-4.344770599920776966e-01,-8.286797660635077944e-01,-1.617085178206367990e+00,-3.193896002492088382e+00,-6.347517651063529165e+00,-1.265476094820641073e+01,-2.526924754249217386e+01
9.806315104166666624e-07,1.929992978748629184e-04,6.143358454009913150e-02,1.631415229999204353e-01,2.648494614597417529e-01,4.682653383793843327e-01,8.750970922186694922e-01,1.688760599897239922e+00,3.316087615254380783e+00,6.570741645968662503e+00
9.847005208333333044e-07,1.159672355036889257e-03,3.691351753422807414e-01,6.768367661458516427e-01,9.845383569494224885e-01,1.599941538556564291e+00,2.830747901770847896e+00,5.292360628199414663e+00,1.021558608105654820e+01,2.006203698677081704e+01
9.887695312499999465e-07,4.006170258357144576e-04,1.275203598970550134e-01,-1.140944555493744739e-01,-3.557092709958039611e-01,-8.389389018886629357e-01,-1.805398163674380774e+00,-3.738316687245816894e+00,-7.604153734388688690e+00,-1.533582782867443228e+01
9.928385416666665885e-07,1.209306928426912009e-04,3.849343507488398736e-02,-5.053348974654489623e-02,-1.395604145679738006e-01,-3.176142642108315539e-01,-6.737219634965471160e-01,-1.385937362067978240e+00,-2.810368159210840489e+00,-5.659229753496564541e+00
9.969075520833332306e-07,-2.066925397663510466e-04,-6.579227880806583217e-02,-1.700779926919941121e-01,-2.743637065759224059e-01,-4.829351343437789934e-01,-9.000779898794920575e-01,-1.734363700950918297e+00,-3.402935123093770997e+00,-6.740077967379476398e+00
1.000976562500000084e-06,-5.494677616724175095e-05,-1.749010206796094632e-02,3.081207467311136358e-02,7.911425141418367002e-02,1.757186048963282898e-01,3.689273118606175017e-01,7.553447257891959810e-01,1.528179553646352939e+00,3.073849209360666634e+00
1.005045572916666726e-06,-7.660652057488448463e-04,-2.438461284512770111e-01,-4.702021548352048885e-01,-6.965581812191327105e-01,-1.149270233986988465e+00,-2.054694339522700197e+00,-3.865542550594123217e+00,-7.487238972736968812e+00,-1.473063181702266178e+01
1.009114583333333368e-06,-7.581301410137797347e-04,-2.413203188985974246e-01,-2.387945093450254963e-01,-2.362686997914535958e-01,-2.312170806843097670e-01,-2.211138424700221372e-01,-2.009073660414468776e-01,-1.604944131842963306e-01,-7.966850746999522281e-02
1.013183593750000011e-06,1.287123157638347948e-03,4.097040258123837986e-01,1.060728370522205477e+00,1.711752715232027100e+00,3.013801404651670346e+00,5.617898783490956838e+00,1.082609354116953071e+01,2.124248305652667668e+01,4.207526208724097216e+01
1.017252604166666653e-06,-7.182915617285345888e-04,-2.286393052605871223e-01,-8.669826363320163320e-01,-1.505325967403445597e+00,-2.782012629546303906e+00,-5.335385953832020967e+00,-1.044213260240345598e+01,-2.065562589954632244e+01,-4.108261249383205893e+01
1.021321614583333295e-06,1.638551584463243671e-03,5.215671683567649763e-01,1.271773641972838265e+00,2.021980115588911442e+00,3.522393062821058241e+00,6.523218957285351394e+00,1.252487074621393681e+01,2.452817432407110942e+01,4.853478147978545110e+01
1.025390624999999937e-06,1.646486649198308783e-03,5.240929779094445351e-01,5.266187874630164911e-01,5.291445970165884471e-01,5.341962161237322482e-01,5.442994543380198502e-01,5.645059307665951653e-01,6.049188836237456846e-01,6.857447893380467230e-01
1.029459635416666579e-06,-7.903601667536008790e-04,-2.515794547235405410e-01,-1.027251887357468751e+00,-1.802924319991396906e+00,-3.354269185259253661e+00,-6.456958915794966281e+00,-1.266233837686639241e+01,-2.507309729900924467e+01,-4.989461514329494918e+01
1.033528645833333432e-06,4.639342881453956124e-04,1.476748704563188297e-01,5.469291956348905082e-01,9.461835208134622421e-01,1.744692171170605599e+00,3.341709471884892313e+00,6.535744073313465741e+00,1.292381327617061260e+01,2.569995168188490808e+01
1.037597656250000075e-06,1.262828196631815558e-03,4.019706995395548876e-01,6.562665286243767326e-01,9.105623577091986887e-01,1.419154015878842490e+00,2.436337332218129870e+00,4.470703964896705074e+00,8.539437230253854594e+00,1.667690376096815541e+01
1.041666666666666717e-06,-5.987758238621410101e-04,-1.905962643431635961e-01,-7.831632282270925005e-01,-1.375730192111021211e+00,-2.560864119878878853e+00,-4.931131975414594137e+00,-9.671667686486024706e+00,-1.915273910862888584e+01,-3.811488195291460812e+01
1.045735677083333359e-06,6.794870808395359063e-04,2.162874553653888754e-01,6.231711750752113588e-01,1.030054894785033870e+00,1.843822334204678892e+00,3.471357213043968937e+00,6.726426970722548582e+00,1.323656648607970787e+01,2.625684551679402645e+01
1.049804687500000001e-06,8.312328444386452020e-04,2.645896321054937439e-01,3.128918088465660330e-01,3.611939855876383776e-01,4.577983390697829558e-01,6.510070460340722232e-01,1.037424459962650758e+00,1.810259287819807605e+00,3.355928943534121522e+00
1.053873697916666643e-06,-8.146551277583569117e-04,-2.593127809958040708e-01,-7.832151940984822813e-01,-1.307117607201160547e+00,-2.354922433406517079e+00,-4.450532085817229699e+00,-8.641751390638656716e+00,-1.702419000028150720e+01,-3.378906721956721526e+01
1.057942708333333285e-06,-5.190986652969797888e-04,-1.652342370688393014e-01,-7.115569314026659598e-02,2.292285078830611639e-02,2.110799386454515203e-01,5.873941143597423142e-01,1.340022465788323958e+00,2.845279168645487466e+00,5.855792574359814040e+00
1.062011718749999927e-06,2.078898937671880276e-04,6.617340842379396126e-02,2.975810539148656675e-01,5.289886994059372904e-01,9.918039903880807584e-01,1.917434572352367583e+00,3.768695736280941233e+00,7.471218064138088089e+00,1.487626271985238269e+01
1.066080729166666569e-06,7.201425963643259820e-05,2.292285078848281185e-02,-2.032770684544567621e-02,-6.357826447937416081e-02,-1.500793797472311508e-01,-3.230816102829450753e-01,-6.690860713543730354e-01,-1.361094993497228955e+00,-2.745112837782940574e+00
1.070149739583333423e-06,-1.813558210669086179e-03,-5.772735076257559106e-01,-1.177469866040933288e+00,-1.777666224456110777e+00,-2.978058941286465533e+00,-5.378844374947175488e+00,-1.018041524226859451e+01,-1.978355697691143433e+01,-3.898984044619711398e+01
1.074218750000000065e-06,-9.906958523622222401e-04,-3.153482840081724969e-01,-5.342306039210198421e-02,2.085021632239685008e-01,7.323526104561094430e-01,1.780053504920391383e+00,3.875455293848955485e+00,8.066258871706082800e+00,1.644786602742033921e+01
1.078287760416666707e-06,-2.157703936855881466e-04,-6.868184945589127233e-02,1.779845850976820298e-01,4.246510196512553459e-01,9.179838887584018670e-01,1.904649626972695131e+00,3.877981103401281437e+00,7.824644056258454050e+00,1.571796996197280016e+01
1.082356770833333349e-06,-3.516460278092381486e-04,-1.119324070889406997e-01,-1.551829647228691877e-01,-1.984335223567976758e-01,-2.849346376246546519e-01,-4.579368681603686042e-01,-8.039413292317965087e-01,-1.495950251374652318e+00,-2.879968095660363936e+00
1.086425781249999991e-06,7.828061780283945836e-04,2.491749454321864898e-01,6.102822979545086124e-01,9.713896504768306794e-01,1.693604355521474814e+00,3.138033765610763304e+00,6.026892585789339840e+00,1.180461022614649380e+01,2.336004550686079995e+01
1.090494791666666633e-06,1.437889387659652130e-03,4.576944073308243932e-01,6.662138692281458496e-01,8.747333311254673616e-01,1.291772254920110274e+00,2.125850102509396322e+00,3.794005797687968418e+00,7.130317188045112609e+00,1.380293996875940010e+01
1.094563802083333275e-06,-5.435568818956681980e-04,-1.730195292106262994e-01,-8.037334657508047320e-01,-1.434447402290983220e+00,-2.695875275371339974e+00,-5.218731021532053482e+00,-1.026444251385348139e+01,-2.035586549849633542e+01,-4.053871146778205059e+01
1.098632812499999917e-06,5.908953239490699616e-04,1.880878233127625809e-01,5.491951758350847035e-01,9.103025283574067705e-01,1.632517233402051016e+00,3.076946643491339284e+00,5.965805463669916264e+00,1.174352310402706934e+01,2.329895838474137548e+01
1.102701822916666771e-06,1.869158228650746878e-03,5.949715430213150524e-01,1.001855262731137453e+00,1.408738982440959964e+00,2.222506421860605208e+00,3.850041300699894808e+00,7.105111058378474453e+00,1.361525057373563463e+01,2.663552960444995321e+01
1.106770833333333413e-06,-3.999094386255563904e-04,-1.272951278927244856e-01,-8.495617988079037231e-01,-1.571828469723082877e+00,-3.016361811553441630e+00,-5.905428495214158247e+00,-1.168356186253559237e+01,-2.323982859717845884e+01,-4.635236206646419532e+01
1.110839843750000055e-06,-6.076904221874457335e-04,-1.934338691214655681e-01,-2.595726103491442505e-01,-3.257113515768229606e-01,-4.579888340321803253e-01,-7.225437989428951102e-01,-1.251653728764324569e+00,-2.309873588407183487e+00,-4.426313307692901766e+00
1.114908854166666697e-06,9.342254304396391262e-04,2.973731904332443943e-01,7.881802499868169054e-01,1.278987309540389417e+00,2.260601428647534217e+00,4.223829666861823817e+00,8.150286143290404794e+00,1.600319909614756497e+01,3.170902500186188178e+01
1.118977864583333339e-06,-8.075363410071645376e-04,-2.570468007952653178e-01,-8.114667920229445830e-01,-1.365886783250623848e+00,-2.474726765705982157e+00,-4.692406730616699662e+00,-9.127766660438133783e+00,-1.799848652008100203e+01,-3.573992623936673851e+01
1.123046874999999981e-06,6.385057123754478425e-04,2.032426806339290015e-01,6.635321620625004302e-01,1.123821643491071942e+00,2.044400606348214744e+00,3.885558532062500792e+00,7.567874383491072443e+00,1.493250608634821575e+01,2.966176949206250413e+01
1.127115885416666623e-06,1.916768617078901116e-03,6.101264003430468819e-01,1.017010120052869393e+00,1.423893839762691904e+00,2.237661279182336926e+00,3.865196158021626971e+00,7.120265915700207060e+00,1.363040543105736724e+01,2.665068446177168582e+01
1.131184895833333265e-06,8.940603399594237999e-04,2.845882450539253816e-01,-4.094991023625185744e-02,-3.664880655264291520e-01,-1.017564376106783630e+00,-2.319716997267492697e+00,-4.924022239588911276e+00,-1.013263272423174755e+01,-2.054985369351742008e+01
1.135253906249999907e-06,-7.038907326251120367e-04,-2.240553789877244573e-01,-7.326990030279033617e-01,-1.241342627068082072e+00,-2.258629875148439936e+00,-4.293204371309155221e+00,-8.362353363630585790e+00,-1.650065134827344693e+01,-3.277724731755917276e+01
1.139322916666666761e-06,6.462775215094751502e-04,2.057165243148233735e-01,6.354884276183938585e-01,1.065260330921964371e+00,1.924804137529105175e+00,3.643891750743387004e+00,7.082066977171950661e+00,1.395841743002907798e+01,2.771111833574333261e+01
1.143391927083333403e-06,5.104018873929305755e-04,1.624659666840356786e-01,1.192154090501071906e-01,7.596485141617870251e-02,-1.053626385167827015e-02,-1.835384943873922259e-01,-5.295429554588201304e-01,-1.221551877601676050e+00,-2.605569721887387669e+00
1.147460937500000045e-06,-9.437384863328901474e-04,-3.004012901718851603e-01,-7.632685470245635928e-01,-1.226135803877242081e+00,-2.151870317582599057e+00,-4.003339344993312565e+00,-7.706277399814740470e+00,-1.511215350945759539e+01,-2.992390572874330701e+01
1.151529947916666687e-06,1.580883808539823576e-03,5.032109451661087585e-01,1.306823180500931159e+00,2.110435415835753226e+00,3.717659886505397804e+00,6.932108827844686516e+00,1.336100671052326483e+01,2.621880247588041968e+01,5.193439400659473648e+01
1.155598958333333329e-06,1.684692672510479383e-03,5.362543328414768329e-01,5.692977205200475677e-01,6.023411081986183024e-01,6.684278835557596610e-01,8.006014342700424891e-01,1.064948535698608145e+00,1.593642738555739236e+00,2.651031144270001860e+00
1.159667968749999971e-06,-1.543112987187456042e-03,-4.911881193203683771e-01,-1.518630571485546588e+00,-2.546073023650724743e+00,-4.600957927981081497e+00,-8.710727736641795005e+00,-1.693026735396322024e+01,-3.336934658860607072e+01,-6.624750505789177168e+01
1.163736979166666613e-06,4.542034118291127243e-04,1.445774363236142779e-01,7.803429919709343743e-01,1.416108547618254443e+00,2.687639658912894358e+00,5.230701881502175077e+00,1.031682632668073474e+01,2.048907521703785761e+01,4.083357299775209981e+01
1.167805989583333255e-06,7.737283241091574837e-04,2.462853747843610497e-01,3.479933132441823118e-01,4.497012517040036572e-01,6.531171286236462370e-01,1.059948882462931508e+00,1.873612390141501827e+00,3.500939405498642465e+00,6.755593436212924630e+00
1.171874999999999897e-06,-1.063907246580342303e-03,-3.386521945690988966e-01,-9.235897639217769406e-01,-1.508527333274455096e+00,-2.678402471979810961e+00,-5.018152749390523581e+00,-9.697653304211947045e+00,-1.905665441385479753e+01,-3.777465663314049493e+01
1.175944010416666751e-06,2.383241079382258931e-04,7.586091967267012681e-02,4.903740339137412363e-01,9.048871481548123041e-01,1.733913376636954551e+00,3.391965833601238600e+00,6.708070747529807143e+00,1.334028057538694512e+01,2.660470023110121929e+01
1.180013020833333393e-06,7.735650685170014640e-04,2.462334089154029904e-01,4.166058981564748631e-01,5.869783873975468191e-01,9.277233658796906202e-01,1.609213322843978222e+00,2.972193236772553426e+00,5.698153064629703834e+00,1.115007272034400465e+01
1.184082031250000035e-06,-1.064070502174274679e-03,-3.387041604386223925e-01,-9.236417297913004365e-01,-1.508579299143978592e+00,-2.678454437849334457e+00,-5.018204715260046633e+00,-9.697705270081470985e+00,-1.905670637972432147e+01,-3.777470859901001887e+01
1.188151041666666677e-06,-1.199946136297924681e-03,-3.819547180716718060e-01,-4.252052757056002941e-01,-4.684558333395287821e-01,-5.549569486073857583e-01,-7.279591791430997105e-01,-1.073963640214527615e+00,-1.765972562357383424e+00,-3.149990406643095042e+00
1.192220052083333319e-06,-6.407367259164686857e-04,-2.039528343002458277e-01,-2.595095052792313964e-02,1.520509332443995554e-01,5.080547007890449107e-01,1.220062235878335732e+00,2.644077306056917376e+00,5.492107446414080663e+00,1.118816772712840724e+01
1.196289062499999961e-06,-1.232012906443813449e-03,-3.921618880270914542e-01,-5.803709417547696647e-01,-7.685799954824480418e-01,-1.144998102937804463e+00,-1.897834317848517749e+00,-3.403506747669943877e+00,-6.414851607312796133e+00,-1.243754132659850065e+01
1.200358072916666603e-06,-4.331189979556171465e-04,-1.378660589432899597e-01,1.164297701415319269e-01,3.707255992263538413e-01,8.793172573959976424e-01,1.896500573735285133e+00,3.930867206413860337e+00,7.999600471771010746e+00,1.613706700248530979e+01
1.204427083333333245e-06,6.773647580793351608e-04,2.156118990491441012e-01,5.690898570402176393e-01,9.225678150312910386e-01,1.629523731013438059e+00,3.043435562977732101e+00,5.871259226906319739e+00,1.152690655476349590e+01,2.283820121047784824e+01
1.208496093750000099e-06,-2.974066194258995210e-04,-9.466746717976402825e-02,-4.049468334074440845e-01,-7.152261996351242379e-01,-1.335784932090484434e+00,-2.576902397001204825e+00,-5.059137326822645164e+00,-1.002360718646552584e+01,-1.995254690575129075e+01
1.212565104166666741e-06,-1.559799394652117144e-03,-4.964995677812610309e-01,-8.983316683839397410e-01,-1.300163768986618340e+00,-2.103827970191975538e+00,-3.711156372602690379e+00,-6.925813177424119615e+00,-1.335512678706697898e+01,-2.621375400635269415e+01
1.216634114583333383e-06,1.498956066416923250e-04,4.771325348956734214e-02,5.919260747618888541e-01,1.136138896034210255e+00,2.224564538578853057e+00,4.401415823668139105e+00,8.755118393846711200e+00,1.746252353420385361e+01,3.487733381491813844e+01
1.220703125000000025e-06,4.214836193021653798e-04,1.341624028884044195e-01,2.206115522857241273e-01,3.070607016830438352e-01,4.799590004776831953e-01,8.257555980669619711e-01,1.517348793245519634e+00,2.900535183602634515e+00,5.666907964316864721e+00
1.224772135416666667e-06,-1.703773349117199132e-03,-5.423279008404715551e-01,-1.218818204568148156e+00,-1.895308508295824756e+00,-3.248289115751178180e+00,-5.954250330661884583e+00,-1.136617276048329828e+01,-2.219001762012612389e+01,-4.383770733941177866e+01
1.228841145833333310e-06,-8.995214705898035845e-05,-2.863265769233164226e-02,4.850625854549910354e-01,9.987578286023137686e-01,2.026148314896959235e+00,4.080929287486250168e+00,8.190491232664831145e+00,1.640961512302199310e+01,3.284786290373632056e+01
1.232910156249999952e-06,-9.688497253215189176e-04,-3.083944457962895513e-01,-5.881562338989664296e-01,-8.679180220016432523e-01,-1.427441598206997009e+00,-2.546488750617704522e+00,-4.784583055439119548e+00,-9.260771665081948711e+00,-1.821314888436760882e+01
1.236979166666666594e-06,-1.296472957928784808e-03,-4.126801596786739412e-01,-5.169658735626022628e-01,-6.212515874465305288e-01,-8.298230152143870608e-01,-1.246965870750100125e+00,-2.081251581821526475e+00,-3.749823003964379176e+00,-7.086965848250084576e+00
1.241048177083333236e-06,-4.256737000094545920e-04,-1.354961470014425517e-01,1.416878656771295431e-01,4.188718783557016101e-01,9.732399037128458552e-01,2.081975954427134123e+00,4.299448055855711104e+00,8.734392258712864177e+00,1.760428066442717210e+01
1.245117187500000089e-06,-1.304571278264887724e-03,-4.152579351031387422e-01,-6.950197232058156205e-01,-9.747815113084924432e-01,-1.534305087513846200e+00,-2.653352239924553491e+00,-4.891446544745968517e+00,-9.367635154388798568e+00,-1.832001237367445867e+01
1.249186197916666731e-06,-2.087595057277624733e-03,-6.645021450798846985e-01,-9.137463550575628535e-01,-1.162990565035240786e+00,-1.661478984990597096e+00,-2.658455824901309494e+00,-4.652409504722734290e+00,-8.640316864365583882e+00,-1.661613158365128129e+01
1.253255208333333374e-06,5.089325870137884067e-04,1.619982738475811423e-01,9.884986927761514330e-01,1.814999111704721724e+00,3.467999949561862305e+00,6.774001625276143024e+00,1.338600497670470446e+01,2.661001167956182911e+01,5.305802508527607841e+01
1.257324218750000016e-06,1.094040049736122455e-04,3.482437637120138624e-02,-9.234952110647709489e-02,-2.195234185841555830e-01,-4.738712135395125591e-01,-9.825668034502265114e-01,-1.999957983271654305e+00,-4.034740342914510336e+00,-8.104305062200221954e+00
1.261393229166666658e-06,-9.612411717743185591e-04,-3.059725679826569289e-01,-6.467695123353358611e-01,-9.875664566880146822e-01,-1.669160345393372324e+00,-3.032348122804088053e+00,-5.758723677625519066e+00,-1.121147478726838109e+01,-2.211697700655410515e+01
1.265462239583333300e-06,-1.360769753823376504e-03,-4.331464654618638610e-01,-5.603203629395423491e-01,-6.874942604172208371e-01,-9.418420553725778133e-01,-1.450537645283291655e+00,-2.467928825104719781e+00,-4.502711184747575146e+00,-8.572275904033286764e+00
1.269531249999999942e-06,-9.933079419202073268e-04,-3.161797379380765771e-01,-1.992130104157536774e-01,-8.224628289343076382e-02,1.516871721512150495e-01,6.195540822405066761e-01,1.555287902419089985e+00,3.426755542776256380e+00,7.169690823490589615e+00
1.273600260416666584e-06,-2.135858468101048402e-03,-6.798648658859303140e-01,-1.043549993832359357e+00,-1.407235121778788400e+00,-2.134605377671646487e+00,-3.589345889457362659e+00,-6.498826913028795005e+00,-1.231778896017165970e+01,-2.395571305445739085e+01
1.277669270833333438e-06,-4.501319166081430012e-04,-1.432814391432295498e-01,3.933019875978432944e-01,9.298854143389161386e-01,2.003052267821062049e+00,4.149385974785353426e+00,8.442053388713937068e+00,1.702738821657110080e+01,3.419805787228543181e+01
1.281738281250000080e-06,1.570143933999901265e-04,4.997923369236779295e-02,2.432399065271898808e-01,4.365005793620119756e-01,8.230219250316561652e-01,1.596064616370944655e+00,3.142149999049521192e+00,6.234320764406675153e+00,1.241866229512098130e+01
1.285807291666666722e-06,-1.440936679182769353e-03,-4.586643903487166440e-01,-9.673080143888954652e-01,-1.475951638429074286e+00,-2.493238886509431929e+00,-4.527813382670147213e+00,-8.596962374991578670e+00,-1.673526035963444158e+01,-3.301185632892016031e+01
1.289876302083333364e-06,5.105374199843026872e-06,1.625091080477695420e-03,4.619145725090491594e-01,9.222040539376206159e-01,1.842783016794763640e+00,3.683940942509049687e+00,7.366256793937621339e+00,1.473088849679476553e+01,2.946015190250905391e+01
1.293945312500000006e-06,1.451147427577126336e-03,4.619145725079757403e-01,9.222040539365472522e-01,1.382493535365118653e+00,2.303072498222261455e+00,4.144230423936547503e+00,7.826546275365119598e+00,1.519117797822226379e+01,2.992044138393654862e+01
1.298014322916666648e-06,-2.040311180044440675e-03,-6.494512194994616072e-01,-1.760817011508389873e+00,-2.872182803517318028e+00,-5.094914387535174782e+00,-9.540377555570886514e+00,-1.843130389164231175e+01,-3.621315656378516223e+01,-7.177686190807087030e+01
1.302083333333333290e-06,-1.025701223261066275e-03,-3.264908396348049080e-01,-3.530459768734613840e-03,3.194299200973356734e-01,9.653506798294761992e-01,2.257192199293757362e+00,4.840875238222319688e+00,1.000824131607944345e+01,2.034297347179369453e+01
1.306152343749999932e-06,-7.541132106005932201e-04,-2.400416902359678029e-01,-1.535925408386481228e-01,-6.714339144132841497e-02,1.057549073533109729e-01,4.515515049425897209e-01,1.143144700121147217e+00,2.526331090478262542e+00,5.292703871192492748e+00
1.310221354166666574e-06,-5.783989971916980721e-04,-1.841101189649080871e-01,-1.281785476925871858e-01,-7.224697642026628452e-02,3.961616612437551810e-02,2.633424512136591233e-01,7.107950213922263893e-01,1.605700161749360699e+00,3.395510442463629541e+00
1.314290364583333428e-06,-1.888728672039263756e-03,-6.012010086288801514e-01,-1.018291898294060527e+00,-1.435382787959240680e+00,-2.269564567289601431e+00,-3.937928125950322489e+00,-7.274655243271764604e+00,-1.394810947791464883e+01,-2.729501794720041730e+01
1.318359375000000070e-06,9.235150205473274809e-04,2.939639610794409497e-01,1.189128930789261851e+00,2.084293900499082586e+00,3.874623839918724499e+00,7.455283718758007439e+00,1.461660347643657509e+01,2.893924299179370863e+01,5.758452202250797569e+01
1.322428385416666712e-06,-9.620574497581912965e-04,-3.062323973347977901e-01,-9.064287557499752790e-01,-1.506625114165152768e+00,-2.707017830995507524e+00,-5.107803264656217479e+00,-9.909374131977637390e+00,-1.951251586662047544e+01,-3.871879933590615508e+01
1.326497395833333354e-06,-2.176513325370166285e-03,-6.928057088760813942e-01,-1.079379020416258550e+00,-1.465952331956435595e+00,-2.239098955036789462e+00,-3.785392201197498085e+00,-6.877978693518914000e+00,-1.306315167816174672e+01,-2.543349764744741393e+01
1.330566406249999996e-06,1.563613710118261224e-04,4.977137021031584341e-02,7.923484492951361480e-01,1.534925528379956328e+00,3.020079686549596687e+00,5.990388002888877850e+00,1.193100463556744018e+01,2.381223790092456483e+01,4.757470443163881413e+01
1.334635416666666638e-06,-3.482712930491516090e-06,-1.108581956515570718e-03,-5.198853412169486543e-02,-1.028684862868741584e-01,-2.046283906172327305e-01,-4.081481992779499302e-01,-8.151878165993842185e-01,-1.629267051242252906e+00,-3.257425520527990059e+00
1.338704427083333280e-06,1.961999502952949115e-04,6.245238384776071600e-02,1.260133496513324292e-01,1.895743154549041354e-01,3.166962470620475201e-01,5.709401102763344005e-01,1.079427836704907939e+00,2.096403289562055239e+00,4.130354195276349394e+00
1.342773437499999922e-06,-1.553917321288622588e-04,-4.946272456784023969e-02,-1.613778329830193314e-01,-2.732929413981984301e-01,-4.971231582285565720e-01,-9.447835918892729667e-01,-1.840104459210705645e+00,-3.630746193853571224e+00,-7.212029663139301938e+00
1.346842447916666564e-06,7.154075257957970280e-04,2.277212881110874665e-01,5.049053007896595613e-01,7.820893134682316283e-01,1.336457338825375762e+00,2.445193389539664253e+00,4.662665490968240789e+00,9.097609693825393862e+00,1.796749809953970001e+01
1.350911458333333418e-06,-1.146196494698159540e-03,-3.648456757716310173e-01,-9.574126396555598939e-01,-1.549979603539488826e+00,-2.735113531307346246e+00,-5.105381386843061975e+00,-9.845917097914492544e+00,-1.932698852005735546e+01,-3.828913136434307773e+01
1.354980468750000060e-06,2.039717594293222191e-04,6.492622752865509494e-02,4.946981308322255799e-01,9.244700341357960927e-01,1.784013840742936896e+00,3.503101453957218947e+00,6.941276680385782605e+00,1.381762713324290992e+01,2.757032803895716455e+01
1.359049479166666702e-06,7.871496196365512787e-04,2.505575058361247942e-01,4.361887841396960841e-01,6.218200624432673740e-01,9.930826190504099538e-01,1.735607732264695224e+00,3.220657958693265321e+00,6.190758411550405960e+00,1.213095931726468812e+01
1.363118489583333344e-06,-9.174795863486906455e-05,-2.920428227066030821e-02,-3.089660703733371760e-01,-5.887278584760140543e-01,-1.148251434681367700e+00,-2.267298587092075213e+00,-4.505392891913490239e+00,-8.981581501556320291e+00,-1.793395872084197862e+01
1.367187499999999986e-06,-1.761604380632775246e-03,-5.607360899000858323e-01,-1.092267897534014764e+00,-1.623799705167943808e+00,-2.686863320435802116e+00,-4.812990550971518289e+00,-9.065245012042950634e+00,-1.756975393418581533e+01,-3.457877177847154826e+01
1.371256510416666628e-06,4.274596168656330519e-04,1.360646219926664457e-01,8.328653338899885128e-01,1.529666045787310580e+00,2.923267469581954714e+00,5.710470317171242982e+00,1.128487601234981952e+01,2.243368740270697259e+01,4.473131018342127874e+01
1.375325520833333270e-06,-5.233433108138285661e-04,-1.665853497001979766e-01,-4.692353213966250491e-01,-7.718852930930520939e-01,-1.377185236485906294e+00,-2.587785123271614474e+00,-5.008984896843030832e+00,-9.851384443985864436e+00,-1.953618353827152987e+01
1.379394531249999912e-06,-6.352504951401272137e-04,-2.022065128062505712e-01,-2.378276759089282544e-01,-2.734488390116059375e-01,-3.446911652169613038e-01,-4.871758176276720920e-01,-7.721451224490936127e-01,-1.342083732091936543e+00,-2.481960951377622404e+00
1.383463541666666766e-06,9.173806392226424578e-05,2.920113268581724791e-02,2.606087781768889333e-01,4.920164236679606118e-01,9.548317146501039687e-01,1.880462296614390683e+00,3.731723460542964332e+00,7.434245788400111188e+00,1.483929044411440579e+01
1.387532552083333408e-06,-7.152541648984822586e-04,-2.276724718213181398e-01,-4.845460763302448237e-01,-7.414196808391715354e-01,-1.255166889857024737e+00,-2.282661307892731362e+00,-4.337650143964144611e+00,-8.447627816106971110e+00,-1.666758316039262411e+01
1.391601562500000050e-06,-3.957292526273192834e-04,-1.259645333633985509e-01,-2.425659490357725753e-02,7.745134355624404277e-02,2.808672204758866364e-01,6.876989743151717960e-01,1.501362481993742337e+00,3.128689497350883197e+00,6.383343528065164918e+00
1.395670572916666692e-06,1.242060399242461699e-03,3.953601043162616180e-01,9.166847419948328524e-01,1.438009379673404142e+00,2.480658655030546722e+00,4.565957205744831882e+00,8.736554307173401313e+00,1.707774851003054195e+01,3.376013691574482323e+01
1.399739583333333334e-06,-1.881115246646913874e-04,-5.987775800587725322e-02,-5.151156203273049572e-01,-9.703534826487325571e-01,-1.880829207291587979e+00,-3.701780656577298600e+00,-7.343683555148719400e+00,-1.462748935229156189e+01,-2.919510094657724864e+01
1.403808593749999976e-06,-1.953841745915951833e-03,-6.219271437636455513e-01,-1.183976529522573484e+00,-1.746025915281501195e+00,-2.870124686799357061e+00,-5.118322229835068349e+00,-9.614717315906490924e+00,-1.860750748804933608e+01,-3.659308783233502993e+01
1.407877604166666618e-06,1.872853519699901881e-04,5.961477906945875788e-02,7.411567019042814009e-01,1.422698624739104023e+00,2.785782470408749489e+00,5.511950161748040422e+00,1.096428554442662140e+01,2.186895630978378335e+01,4.367829784049811082e+01
1.411946614583333260e-06,-1.698287118333752233e-03,-5.405815793442145800e-01,-1.140777937759392069e+00,-1.740974296174569558e+00,-2.941367013004924313e+00,-5.342152446665633825e+00,-1.014372331398705285e+01,-1.974686504862989267e+01,-3.895314851791557231e+01
1.416015624999999902e-06,-8.993932098455559299e-04,-2.862857502604130855e-01,-3.198992117559119885e-02,2.223059079092306878e-01,7.308975660788744610e-01,1.748080882418161952e+00,3.782447515096737156e+00,7.851180780453887564e+00,1.598864731116818838e+01
1.420084635416666756e-06,-1.274953342075946239e-03,-4.058302532058379875e-01,-5.253747561522656984e-01,-6.449192590986934093e-01,-8.840082649915487201e-01,-1.362186276777259453e+00,-2.318542300348680918e+00,-4.231254347491523404e+00,-8.056678441777210153e+00
1.424153645833333398e-06,5.306154584623357096e-04,1.689001461905060009e-01,7.436305455878284842e-01,1.318360944985150995e+00,2.467821743779795796e+00,4.766743341369085840e+00,9.364586536547665929e+00,1.856027292690482611e+01,3.695164570761914291e+01
1.428222656250000040e-06,-1.690515309192619497e-03,-5.381077356610584062e-01,-1.245115617513738338e+00,-1.952123499366418047e+00,-3.366139263071777687e+00,-6.194170790482496969e+00,-1.185023384530393642e+01,-2.316235995494681532e+01,-4.578661217423256602e+01
1.432291666666666682e-06,-6.279684527861206789e-04,-1.998885667333612226e-01,1.383306021952106779e-01,4.765497711237825507e-01,1.152988108980926407e+00,2.505864784695214009e+00,5.211618136123789213e+00,1.062312483898093873e+01,2.144613824469523777e+01
1.436360677083333324e-06,1.345379496431320376e-03,4.282475943830592047e-01,1.056383755499130661e+00,1.684519916615202062e+00,2.940792238847345086e+00,5.453336883311631134e+00,1.047842617224020323e+01,2.052860475009734742e+01,4.062896190581163580e+01
1.440429687499999966e-06,-1.163372668958828626e-03,-3.703130218456175404e-01,-1.168873638073296028e+00,-1.967434254300974406e+00,-3.564555486756331160e+00,-6.758797951667045112e+00,-1.314728288148847213e+01,-2.592425274113132616e+01,-5.147819246041703423e+01
1.444498697916666609e-06,5.223538825340767744e-04,1.662704048970831405e-01,7.028538316381560680e-01,1.239437258379228801e+00,2.312604111861374712e+00,4.458937818825666533e+00,8.751605232754249286e+00,1.733694006061141479e+01,3.450760971632574581e+01
1.448567708333333251e-06,5.091995105388491538e-05,1.620832382444629960e-02,-1.338537572469801762e-01,-2.839158383184066659e-01,-5.840400004612595897e-01,-1.184288324746965548e+00,-2.384784973318377244e+00,-4.785778270461200634e+00,-9.587764864746848303e+00
1.452636718750000104e-06,-1.163535924550984646e-03,-3.703649877145755998e-01,-7.569382992547526445e-01,-1.143511610794929689e+00,-1.916658233875283779e+00,-3.462951480035992180e+00,-6.555537972357408982e+00,-1.274071095700024081e+01,-2.511105692628590802e+01
1.456705729166666746e-06,-1.682906755647195496e-03,-5.356858578479912758e-01,-7.010067279819193198e-01,-8.663275981158473638e-01,-1.196969338383703674e+00,-1.858252818919415850e+00,-3.180819779990840424e+00,-5.825953702133690015e+00,-1.111622154641938920e+01
1.460774739583333388e-06,-4.046438509455185795e-04,-1.288021381394387765e-01,2.780815815703837068e-01,6.849653012802061625e-01,1.498732740699851185e+00,3.126267619539141229e+00,6.381337377217721318e+00,1.289147689257488061e+01,2.591175592328919919e+01
1.464843750000000030e-06,-5.405194850673922247e-04,-1.720526957719227812e-01,-2.153032534058512693e-01,-2.585538110397797573e-01,-3.450549263076367335e-01,-5.180571568433507412e-01,-8.640616179147786458e-01,-1.556070540057634455e+00,-2.940088384343346295e+00
1.468912760416666673e-06,-1.059890316167155788e-03,-3.373735659064692749e-01,-5.026944360403973189e-01,-6.680153061743254739e-01,-9.986570464421815618e-01,-1.659940526977893960e+00,-2.982507488049318756e+00,-5.627641410192167903e+00,-1.091790925447786620e+01
1.472981770833333315e-06,6.018677855124110465e-04,1.915804663041457134e-01,7.205344985139677805e-01,1.249488530723789959e+00,2.307396595143433871e+00,4.423212723982722139e+00,8.654844981661298675e+00,1.711810949701845175e+01,3.404463852773275789e+01
1.477050781249999957e-06,-4.927458410470819672e-04,-1.568458725812328924e-01,-5.052722114651603258e-01,-8.536985503490878147e-01,-1.550551228116942681e+00,-2.944256583652652637e+00,-5.731667294724072548e+00,-1.130648871686691237e+01,-2.245613156115259201e+01
1.481119791666666599e-06,2.102742681984182127e-04,6.693237837761838172e-02,2.907106293374414618e-01,5.144888802972645836e-01,9.620453822169108271e-01,1.857158386056203092e+00,3.647384393734788066e+00,7.227836409091957570e+00,1.438874043980629658e+01
1.485188802083333241e-06,-2.611596632746682189e-04,-8.312970269275674062e-02,-2.331917837641832303e-01,-3.832538648356096922e-01,-6.833780269784626160e-01,-1.283626351264168575e+00,-2.484122999835580270e+00,-4.885116296978403660e+00,-9.687102891264050442e+00
1.489257812500000095e-06,1.302705984365104541e-04,4.146641936141994694e-02,1.660625414149914381e-01,2.906586634685629500e-01,5.398509075757059739e-01,1.038235395789991911e+00,2.035004372218563784e+00,4.028542325075707531e+00,8.015618230789995025e+00
1.493326822916666737e-06,1.861425627929236271e-04,5.925101797657462976e-02,7.703561659264593353e-02,9.482021520871723730e-02,1.303894124408598587e-01,2.015278069051450738e-01,3.438045958337155317e-01,6.283581736908564475e-01,1.197465329405138279e+00
1.497395833333333379e-06,2.180460773466563751e-04,6.940622206303621866e-02,7.956142614785892409e-02,8.971663023268164339e-02,1.100270384023270542e-01,1.506478547416179037e-01,2.318894874201996026e-01,3.943727527773630004e-01,7.193392834916897405e-01
1.501464843750000021e-06,-3.252932035664457544e-04,-1.035440426035960093e-01,-2.764943072687726655e-01,-4.494445719339493772e-01,-7.953451012643026896e-01,-1.487146159925009314e+00,-2.870748277246422564e+00,-5.637952511889249507e+00,-1.117236098117490251e+01
1.505533854166666663e-06,-1.515780629361529463e-03,-4.824879596116630753e-01,-8.614318766205915079e-01,-1.240375793629520107e+00,-1.998263627647376861e+00,-3.514039295683090813e+00,-6.545590631754518718e+00,-1.260869330389737364e+01,-2.473489864818308348e+01
1.509602864583333305e-06,2.178828217438422143e-04,6.935425619068556757e-02,6.211964719942578705e-01,1.173038687797830049e+00,2.276723119404974849e+00,4.484091982619263561e+00,8.898829709047841874e+00,1.772830516190499850e+01,3.538725606761931175e+01
1.513671874999999947e-06,1.711861774751355370e-03,5.449025266834858217e-01,1.020450797174556667e+00,1.495999067665627624e+00,2.447095608647769538e+00,4.349288690612052477e+00,8.153674854540620132e+00,1.576244718239775366e+01,3.097999183811202073e+01
1.517740885416666589e-06,8.994225235525732387e-05,2.862950811031574061e-02,-4.876435104611117066e-01,-1.003916529032539140e+00,-2.036462566175393896e+00,-4.101554640461103851e+00,-8.231738789032522874e+00,-1.649210708617536270e+01,-3.301284368046103879e+01
1.521809895833333231e-06,-1.028639824006916115e-03,-3.274262253037559800e-01,-6.834819587189342460e-01,-1.039537692134112401e+00,-1.751649158964468933e+00,-3.175872092625182219e+00,-6.024317959946608347e+00,-1.172120969458945972e+01,-2.311499316387516600e+01
1.525878906250000085e-06,1.256297972744846447e-03,3.998920647173390686e-01,1.127210354739662135e+00,1.854528644761985090e+00,3.309165224806631223e+00,6.218438384895923932e+00,1.203698470507450757e+01,2.367407734543167663e+01,4.694826262614601831e+01
1.529947916666666727e-06,9.286747401375805566e-04,2.956063508349546787e-01,1.913206369510263849e-01,8.703492306709810500e-02,-1.215365047007584687e-01,-5.386793602364715605e-01,-1.372965071307897800e+00,-3.041536493450750278e+00,-6.378679337736455679e+00
1.534016927083333369e-06,-5.734025332024828003e-04,-1.825196950811795726e-01,-6.606457409963574223e-01,-1.138771786911535244e+00,-2.095023878741891110e+00,-4.007528062402602842e+00,-7.832536429724025417e+00,-1.548255316436687146e+01,-3.078258663365256353e+01
1.538085937500000011e-06,-4.935621190291783478e-04,-1.571057019328083171e-01,-1.316917087854861945e-01,-1.062777156381640997e-01,-5.544972934351988236e-02,4.620624324576855235e-02,2.495181884243454218e-01,6.561420787814991051e-01,1.469389859495806583e+00
1.542154947916666653e-06,-6.294377531581574203e-04,-2.003562595675540403e-01,-2.436068172014825284e-01,-2.868573748354110164e-01,-3.733584901032679926e-01,-5.463607206389820004e-01,-8.923651817104099049e-01,-1.584374103853265714e+00,-2.968391948138977554e+00
1.546223958333333295e-06,-5.256288891750671155e-04,-1.673128718882279375e-01,-1.342694842096572305e-01,-1.012260965310865374e-01,-3.513932117394513721e-02,9.703422954033767700e-02,3.613813309689032915e-01,8.900755338260345484e-01,1.947463939540297062e+00
1.550292968749999937e-06,7.526340155266098009e-04,2.395708478203245340e-01,6.464545675301469618e-01,1.053338287239969473e+00,1.867105726659614495e+00,3.494640605498904318e+00,6.749710363177483963e+00,1.325984987853464325e+01,2.628012890924896183e+01
1.554361979166666579e-06,1.263906526293823163e-03,4.023139425315371276e-01,5.650570372413582509e-01,7.278001319511793188e-01,1.053286321370821454e+00,1.704258700210105948e+00,3.006203457888674713e+00,5.610092973245811798e+00,1.081787200396008686e+01
1.558430989583333433e-06,1.213560001183111581e-04,3.862881458537971435e-02,-3.250563133610493427e-01,-6.887414413074783859e-01,-1.416111697200336472e+00,-2.870852208986052645e+00,-5.780333232557484990e+00,-1.159929527970034968e+01,-2.323721937398607906e+01
1.562500000000000075e-06,-8.642498344357818496e-05,-2.750992664336136817e-02,-9.364866787104005053e-02,-1.597874090987187468e-01,-2.920648915540761115e-01,-5.566198564647908409e-01,-1.085729786286220300e+00,-2.143949645929079217e+00,-4.260389365214797053e+00
1.566569010416666717e-06,-4.140482160508440757e-04,-1.317956405257457442e-01,-2.360813544096740380e-01,-3.403670682936023040e-01,-5.489384960614589470e-01,-9.660813515971720111e-01,-1.800367062668598361e+00,-3.468938484811451062e+00,-6.806081329097155574e+00
1.570638020833333359e-06,-6.457976494296246983e-04,-2.055637762877033925e-01,-2.793319120466328798e-01,-3.531000478055623670e-01,-5.006363193234213416e-01,-7.957088623591392906e-01,-1.385853948430575189e+00,-2.566144120573447207e+00,-4.926724464859191244e+00
1.574707031250000001e-06,-9.494524322199993094e-04,-3.022200956368712443e-01,-3.988764149895487332e-01,-4.955327343422261666e-01,-6.888453730475811998e-01,-1.075470650458291155e+00,-1.848721205279710844e+00,-3.395222314922550666e+00,-6.488224534208230310e+00
1.578776041666666643e-06,-4.621483712803353683e-04,-1.471063954622678083e-01,8.007304716304706332e-03,1.631210048948772140e-01,4.733484052520222085e-01,1.093803205966312309e+00,2.334712807394892398e+00,4.816532010252052132e+00,9.780170415966372488e+00
1.582845052083333285e-06,-1.125329901231708618e-03,-3.582036327802816111e-01,-5.693008701017100437e-01,-7.803981074231385318e-01,-1.202592582065995508e+00,-2.046981531351709460e+00,-3.735759429923137365e+00,-7.113315227065992730e+00,-1.386842682135170435e+01
1.586914062499999927e-06,8.102765402995260047e-05,2.579190333201378249e-02,4.097874394480860438e-01,7.937829755641583329e-01,1.561774047796302911e+00,3.097756192260591845e+00,6.169720481189170158e+00,1.231364905904632678e+01,2.460150621476064003e+01
1.590983072916666569e-06,1.431195908178750642e-03,4.555638066390850782e-01,8.853357099426555354e-01,1.315107613246226048e+00,2.174651419853367074e+00,3.893739033067648680e+00,7.331914259496212338e+00,1.420826471235334054e+01,2.796096561806759695e+01
1.595052083333333423e-06,-2.294446554174101038e-05,-7.303450215139488215e-03,-4.701707070678179390e-01,-9.330379639204964271e-01,-1.858772477625853403e+00,-3.710241505036567133e+00,-7.413179559857995038e+00,-1.481905566950084996e+01,-2.963080788878655980e+01
1.599121093750000065e-06,1.255318439163488620e-03,3.995802694945438382e-01,8.064639892043663494e-01,1.213347708914188861e+00,2.027115148333833883e+00,3.654650027173123927e+00,6.909719784851703572e+00,1.341985930020886286e+01,2.644013833092318322e+01
1.603190104166666707e-06,1.622780251064881440e-03,5.165469970177657411e-01,6.335137245400885853e-01,7.504804520624115405e-01,9.844139071070573399e-01,1.452280817196349050e+00,2.388014637374932025e+00,4.259482277732098865e+00,8.002417558446431656e+00
1.607259114583333349e-06,-3.107291188690908257e-04,-9.890815046120987608e-02,-7.143632979388889748e-01,-1.329818445416568018e+00,-2.560728740371926104e+00,-5.022549330282642721e+00,-9.946190510104074178e+00,-1.979347286974693887e+01,-3.948803758903267180e+01
1.611328124999999991e-06,-1.350149054530902504e-04,-4.297657918788842096e-02,1.295499208443248208e-02,6.888656335675338860e-02,1.807497059013951912e-01,4.044759909906787687e-01,8.519285611692459792e-01,1.746833701526380400e+00,3.536643982240649464e+00
1.615397135416666633e-06,-4.866065878808001344e-04,-1.548916876046202429e-01,-2.668067960197993416e-01,-3.787219044349783847e-01,-6.025521212653366376e-01,-1.050212554926053032e+00,-1.945533422247485600e+00,-3.736175156890351179e+00,-7.317458626176081893e+00
1.619466145833333275e-06,-7.183560212453699023e-04,-2.286598233620544263e-01,-3.024279591209839135e-01,-3.761960948799134008e-01,-5.237323663977724308e-01,-8.188049094334903799e-01,-1.408949995504926278e+00,-2.589240167647798074e+00,-4.949820511933541667e+00
1.623535156249999917e-06,3.921277347807006208e-04,1.248181346275524795e-01,4.782960926186259898e-01,8.317740506096994446e-01,1.538729966591846354e+00,2.952641798556140618e+00,5.780465462484728256e+00,1.143611279034190353e+01,2.274740744605625764e+01
1.627604166666666771e-06,1.550548390437000990e-03,4.935548816824616436e-01,8.622916287360322674e-01,1.231028375789603002e+00,1.968501869896744472e+00,3.443448858111027189e+00,6.393342834539592623e+00,1.229313078739672349e+01,2.409270669311098345e+01
1.631673177083333413e-06,5.997454627433285168e-04,1.909049099850737841e-01,-1.117450617113532885e-01,-4.143950334077803332e-01,-1.019694976800634478e+00,-2.230294863586342657e+00,-4.651494637157759016e+00,-9.493894184300591732e+00,-1.917869327858625894e+01
1.635742187500000055e-06,-9.263002604029679787e-04,-2.948505304608844413e-01,-7.806059709073130959e-01,-1.266361411353741806e+00,-2.237872292246599226e+00,-4.180894054032314067e+00,-8.066937577603743748e+00,-1.583902462474660133e+01,-3.138319871903231828e+01
1.639811197916666697e-06,1.214826837486526756e-03,3.866913923733507064e-01,1.068233315208173329e+00,1.749775238042996062e+00,3.112859083712641528e+00,5.839026775051932461e+00,1.129136215773051255e+01,2.219603292308767450e+01,4.400537445380199841e+01
1.643880208333333339e-06,2.133562995037863175e-03,6.791341941164498186e-01,9.715769958575213305e-01,1.264019797598592731e+00,1.848905401080735755e+00,3.018676608045021581e+00,5.358219021973593676e+00,1.003730384983073698e+01,1.939547350554502358e+01
1.647949218749999981e-06,1.521167254807664904e-04,4.842025757443371714e-02,-5.822936789657446877e-01,-1.213007615505923287e+00,-2.474435488586280041e+00,-4.997291234746993993e+00,-1.004300272706842101e+01,-2.013442571171127682e+01,-4.031727168099698844e+01
1.652018229166666623e-06,7.592630354942286885e-04,2.416809304117273627e-01,4.349416032465494575e-01,6.282022760813715800e-01,1.014723621751015825e+00,1.787766313090304093e+00,3.333851695768880852e+00,6.426022461126034813e+00,1.261036399184034096e+01
1.656087239583333265e-06,2.037525940192352891e-03,6.485646501191489888e-01,1.055448369828971389e+00,1.462332089538793900e+00,2.276099528958438700e+00,3.903634407797728745e+00,7.158704165476308390e+00,1.366884368083346857e+01,2.668912271154778892e+01
1.660156249999999908e-06,-1.214248169326026527e-03,-3.865071965770437434e-01,-1.421579043273472731e+00,-2.456650889969901552e+00,-4.526794583362759639e+00,-8.667081970148476699e+00,-1.694765674371990727e+01,-3.350880629086277196e+01,-6.663110538514850134e+01
1.664225260416666761e-06,5.194152817828978641e-04,1.653350192264357865e-01,7.171772350300080756e-01,1.269019450833580365e+00,2.372703882440724943e+00,4.580072745655013655e+00,8.994810472083592856e+00,1.782428592494074948e+01,3.548323683065505918e+01
1.668294270833333403e-06,7.190979450086842917e-04,2.288959850307120680e-01,2.924569508342838020e-01,3.560179166378554805e-01,4.831398482449988929e-01,7.373837114592857178e-01,1.245871437887859257e+00,2.262846890745006778e+00,4.296797796459300933e+00
1.672363281250000045e-06,-2.532676164509695127e-03,-8.061758616654806087e-01,-1.841247708361909652e+00,-2.876319555058338473e+00,-4.946463248451197003e+00,-9.086750635236912288e+00,-1.736732540880834463e+01,-3.392847495595120932e+01,-6.705077405023693871e+01
1.676432291666666687e-06,-3.436121669970759740e-04,-1.093751497682049351e-01,5.874255621291171181e-01,1.284226274026439185e+00,2.677827697821083319e+00,5.465030545410371587e+00,1.103943624058894812e+01,2.218824763094610120e+01,4.448587041166040734e+01
1.680501302083333329e-06,1.509893533164330393e-03,4.806140386911796347e-01,1.070603227151001535e+00,1.660592415610823380e+00,2.840570792530467070e+00,5.200527546369754894e+00,9.920441054048328766e+00,1.936026806940547829e+01,3.823992210011977733e+01
1.684570312499999972e-06,-8.550479333599980691e-04,-2.721702103495064473e-01,-1.024954459389684436e+00,-1.777738708429862591e+00,-3.283307206510218457e+00,-6.294444202670931077e+00,-1.231671819499235454e+01,-2.436126617963520502e+01,-4.845036214892090243e+01
1.688639322916666614e-06,4.232149713452315609e-04,1.347135093601768974e-01,5.415972290699994085e-01,9.484809487798219196e-01,1.762248388199466831e+00,3.389783267038756875e+00,6.644853024717336964e+00,1.315499254007449714e+01,2.617527157078881572e+01
1.692708333333333256e-06,-5.994933057742457549e-04,-1.908246459289446029e-01,-5.163628012191218142e-01,-8.419009565092990810e-01,-1.492977267089653726e+00,-2.795129888250362793e+00,-5.399435130571780483e+00,-1.060804561521461764e+01,-2.102526658450029018e+01
1.696777343749999898e-06,-8.552111889557068025e-04,-2.722221762195953243e-01,-3.536197065097734238e-01,-4.350172367999515233e-01,-5.978122973803077222e-01,-9.234024185410200092e-01,-1.574582660862444694e+00,-2.876943145505294286e+00,-5.481664114790993025e+00
1.700846354166666751e-06,-1.134897521946953702e-03,-3.612491010412009484e-01,-4.502760258626298251e-01,-5.393029506840587572e-01,-7.173568003269165105e-01,-1.073464499612632128e+00,-1.785679898184063141e+00,-3.210110695326925168e+00,-6.058972289612650108e+00
1.704915364583333394e-06,-2.640982640187417019e-04,-8.406508836114237604e-02,1.931189243174297188e-01,4.703029369960017858e-01,1.024670962353146031e+00,2.133407013067434299e+00,4.350879114496010835e+00,8.785823317353164796e+00,1.765571172306747272e+01
1.708984375000000036e-06,-6.636268460660232904e-04,-2.112389858397838716e-01,-3.384128833174623319e-01,-4.655867807951408199e-01,-7.199345757504977961e-01,-1.228630165661211748e+00,-2.246021345482639653e+00,-4.280803705125495462e+00,-8.350368424411206192e+00
1.713053385416666678e-06,-2.482281345450587651e-04,-7.901346925465234372e-02,5.321204733016775268e-02,1.854375639149878352e-01,4.498885970846280280e-01,9.787906634239084136e-01,2.036594796102469296e+00,4.152203061459590394e+00,8.383419592173833479e+00
1.717122395833333320e-06,1.653214465235919306e-03,5.262345082666418650e-01,1.131482485788963155e+00,1.736730463311284334e+00,2.947226418355926914e+00,5.368218328445212073e+00,1.021020214862378239e+01,1.989416978898092125e+01,3.926210506969520253e+01
1.721191406249999962e-06,-5.199794027959114828e-04,-1.655145845218820300e-01,-8.572636773120603237e-01,-1.549012770102238479e+00,-2.932510955682595011e+00,-5.699507326843307631e+00,-1.123350006916473376e+01,-2.230148555380758424e+01,-4.443745652309328875e+01
1.725260416666666604e-06,-2.141898925195562242e-03,-6.817876030961830258e-01,-1.198060621667610404e+00,-1.714333640239037893e+00,-2.746879677381892648e+00,-4.811971751667602604e+00,-8.942155900239022515e+00,-1.720252419738186234e+01,-3.372326079166754198e+01
1.729329427083333246e-06,2.389126708095545837e-04,7.604826505325477937e-02,8.338841332005766382e-01,1.591720001347898483e+00,3.107391737642542395e+00,6.138735210231829775e+00,1.220142215541040365e+01,2.432679604576755494e+01,4.857754382648185043e+01
1.733398437500000100e-06,7.163237441432102059e-06,2.280129294689720639e-03,-7.148800646423976446e-02,-1.452561422231692656e-01,-2.927924137410282679e-01,-5.878649567767462170e-01,-1.178010042848182115e+00,-2.358300214991054133e+00,-4.718880559276797726e+00
1.737467447916666742e-06,-1.590787835137774664e-03,-5.063634947452638757e-01,-1.015007118785442808e+00,-1.523650742825621629e+00,-2.540937990905979493e+00,-4.575512487066694334e+00,-8.644661479388124903e+00,-1.678295946403098782e+01,-3.305955543331671009e+01
1.741536458333333384e-06,-4.887198251424251794e-05,-1.555643519168474487e-02,4.752506243618877524e-01,9.660576839154602080e-01,1.947671803022605230e+00,3.910900041236895053e+00,7.837356517665474698e+00,1.569026947052263488e+01,3.139609537623695346e+01
1.745605468750000026e-06,7.739903757872923507e-04,2.463687884242024284e-01,5.082940120402729134e-01,7.702192356563434261e-01,1.294069682888484341e+00,2.341770577352766391e+00,4.437172366281330049e+00,8.627975944138457365e+00,1.700958309985271200e+01
1.749674479166666668e-06,7.339885409010094008e-04,2.336358089144069117e-01,2.209028294054794228e-01,2.081698498965519339e-01,1.827038908786969562e-01,1.317719728429870008e-01,2.990813677156710718e-02,-1.738195353712727043e-01,-5.812748796569522369e-01
1.753743489583333310e-06,4.543022079097625010e-04,1.446088840928013153e-01,5.558195927137243170e-02,-3.344496555005645883e-02,-2.114988151929142191e-01,-5.676065144786297534e-01,-1.279821913050060989e+00,-2.704252710192923015e+00,-5.553114304478647512e+00
1.757812499999999952e-06,1.612722863562510156e-03,5.133456311465796063e-01,8.820823782001503410e-01,1.250819125253721076e+00,1.988292619360862323e+00,3.463239607575145040e+00,6.413133584003710475e+00,1.231292153686084134e+01,2.411249744257510486e+01
1.761881510416666594e-06,1.836373976594529722e-03,5.845359914806799173e-01,6.557263518155024284e-01,7.269167121503249396e-01,8.692974328199698508e-01,1.154058874159259895e+00,1.723581756837839984e+00,2.862627522194999941e+00,5.140719052909320297e+00
1.765950520833333236e-06,1.221129346255622750e-03,3.886975432223140348e-01,1.928590949633871565e-01,-2.979353295539729531e-03,-3.946562498133934782e-01,-1.178010042849100936e+00,-2.744717628920515740e+00,-5.878132801063346236e+00,-1.214496314534900634e+01
1.770019531250000090e-06,1.444780459287642316e-03,4.598879035564142903e-01,5.310782638912368014e-01,6.022686242260593126e-01,7.446493448957043348e-01,1.029410786234994379e+00,1.598933668913574468e+00,2.737979434270734647e+00,5.016070964985054559e+00
1.774088541666666732e-06,-3.332836423197704789e-05,-1.060874782537253418e-02,-4.811053992093017873e-01,-9.516020505932311080e-01,-1.892595353361089527e+00,-3.774581958896806810e+00,-7.538555169968240932e+00,-1.506650159211110918e+01,-3.012239443639684566e+01
1.778157552083333374e-06,-1.424849688902440903e-06,-4.535437423035455534e-04,9.701660342519166647e-03,1.985686442734187901e-02,4.016727259698730373e-02,8.078808893627814625e-02,1.620297216148598451e-01,3.245129869720232429e-01,6.494795176863500386e-01
1.782226562500000016e-06,1.780175501043146369e-03,5.666474611242164894e-01,1.133748465990288112e+00,1.700849470856359735e+00,2.835051480588503203e+00,5.103455500052789695e+00,9.640263538981363567e+00,1.871387961683851131e+01,3.686111177255280325e+01
1.786295572916666658e-06,1.342875288408151846e-04,4.274504802122239266e-02,-4.811573650814558456e-01,-1.005059778184134167e+00,-2.052864604389490477e+00,-4.148474256800203541e+00,-8.339693561621629669e+00,-1.672213217126448015e+01,-3.348700939055018466e+01
1.790364583333333300e-06,5.496862403617797099e-04,1.749705646063539066e-01,3.071960811911740308e-01,4.394215977759940994e-01,7.038726309456342367e-01,1.232774697284914733e+00,2.290578829963475282e+00,4.406187095320596825e+00,8.637403626034839021e+00
1.794433593749999942e-06,6.534951043413173011e-04,2.080139522845491362e-01,2.410573399631198432e-01,2.741007276416905225e-01,3.401875029988319366e-01,4.723610537131147646e-01,7.367081551416804208e-01,1.265402357998811622e+00,2.322790763713074025e+00
1.798502604166666584e-06,-4.890554218341947035e-04,-1.556711756616082631e-01,-5.193563036080373063e-01,-8.830414315544663495e-01,-1.610411687447324436e+00,-3.065152199233040609e+00,-5.974633222804473398e+00,-1.179359526994733898e+01,-2.343151936423306836e+01
1.802571614583333438e-06,7.015398855259036281e-05,2.233070811151399368e-02,2.003325918838367026e-01,3.783344756561594080e-01,7.343382432008047633e-01,1.446345778290095696e+00,2.870360848468677339e+00,5.718390988825840182e+00,1.141445126954016764e+01
1.806640625000000080e-06,2.218997521552523722e-04,7.063288485274975270e-02,1.189350615938220557e-01,1.672372383348943725e-01,2.638415918170389785e-01,4.570502987813281903e-01,8.434677127099067251e-01,1.616302540567063684e+00,3.161972196281377379e+00
1.810709635416666722e-06,2.777717165116655451e-04,8.841748346790442858e-02,1.062020820839757462e-01,1.239866807000470500e-01,1.595558779321896437e-01,2.306942723964748865e-01,3.729710613250453166e-01,6.575246391821861769e-01,1.226631794896468008e+00
1.814778645833333364e-06,-8.887472594736323117e-04,-2.828970390092078180e-01,-6.542115614868854179e-01,-1.025526083964563018e+00,-1.768155128919918440e+00,-3.253413218830629283e+00,-6.223929398652050082e+00,-1.216496175829489346e+01,-2.404702647758057665e+01
1.818847656250000006e-06,3.655471954218114661e-04,1.163572861695207072e-01,5.156116113480924135e-01,9.148659365266640364e-01,1.713374586883807504e+00,3.310391887598094218e+00,6.504426489026667646e+00,1.289249569188381450e+01,2.566863409759810821e+01
1.822916666666666648e-06,4.453876095915632050e-04,1.417712793167610896e-01,1.671852724640831844e-01,1.925992656114053070e-01,2.434272519060495243e-01,3.450832244953379591e-01,5.483951696739147730e-01,9.550190600310685118e-01,1.768266840745376101e+00
1.826985677083333290e-06,-1.224468812420553832e-03,-3.897605283171878265e-01,-9.212923359511169252e-01,-1.452824143585045968e+00,-2.515887758852904277e+00,-4.642014989388620450e+00,-8.894269450460052795e+00,-1.739877837260291926e+01,-3.440779621688864864e+01
1.831054687499999932e-06,-4.207970695802032424e-05,-1.339438673245471438e-02,3.629717548523667681e-01,7.393378964371882800e-01,1.492070179606831193e+00,2.997534745946117241e+00,6.008463878624689336e+00,1.203032214398183264e+01,2.407403867469611924e+01
1.835123697916666574e-06,-3.697029395723916423e-04,-1.176801006171008385e-01,-2.219658145010291184e-01,-3.262515283849574121e-01,-5.348229561528139442e-01,-9.519658116885271193e-01,-1.786251522759953358e+00,-3.454822944902805837e+00,-6.791965789188511238e+00
1.839192708333333428e-06,-9.370106702917269104e-04,-2.982597598135570127e-01,-4.788394190099867220e-01,-6.594190782064164313e-01,-1.020578396599275850e+00,-1.742897033384994465e+00,-3.187534306956432140e+00,-6.076808854099306600e+00,-1.185535794838505730e+01
1.843261718750000070e-06,8.925265800634463176e-04,2.841000341160035414e-01,8.664598280445746648e-01,1.448819621973145733e+00,2.613539209830287646e+00,4.942978385544572362e+00,9.601856736973140016e+00,1.891961343983027888e+01,3.755512684554454950e+01
1.847330729166666712e-06,8.553435123204167212e-05,2.722642960547556196e-02,-2.296471749034511012e-01,-4.865207794123777574e-01,-1.000267988430231014e+00,-2.027762406465937861e+00,-4.082751242537351111e+00,-8.192728914680177610e+00,-1.641268425896583238e+01
1.851399739583333354e-06,-1.656227420205880208e-03,-5.271935616202070296e-01,-1.081613552847886295e+00,-1.636033544075565560e+00,-2.744873526530923868e+00,-4.962553491441640929e+00,-9.397913421263075051e+00,-1.826863328090594152e+01,-3.601007300019168156e+01
1.855468749999999996e-06,8.204579750277218864e-04,2.611598846496575588e-01,1.049513330921978183e+00,1.837866777194298917e+00,3.414573669738940165e+00,6.567987454828222660e+00,1.287481502500678765e+01,2.548847016536391763e+01,5.071578044607817759e+01
1.859537760416666638e-06,-1.782818522748641499e-04,-5.674887610624739648e-02,-3.746576368651760580e-01,-6.925663976241047681e-01,-1.328383919141962188e+00,-2.600018962177676585e+00,-5.143289048249106266e+00,-1.022982922039196474e+01,-2.040290956467768169e+01
1.863606770833333280e-06,-5.050453849264613382e-05,-1.607609389935906602e-02,2.459668831046243898e-02,6.526947052028393703e-02,1.466150349399269470e-01,3.093061637792129948e-01,6.346884214577850347e-01,1.285452936814929004e+00,2.586981967529217386e+00
1.867675781249999922e-06,-3.301908714767876063e-04,-1.051030187187029230e-01,-1.941299435401317997e-01,-2.831568683615606763e-01,-4.612107180044184851e-01,-8.173184172901339917e-01,-1.529533815861565227e+00,-2.953964613004427253e+00,-5.802826207290151750e+00
1.871744791666666564e-06,1.331567230195673801e-03,4.238510134896503745e-01,9.528050456994724415e-01,1.481759077909294398e+00,2.539667142328938532e+00,4.655483271168226800e+00,8.887115528846804224e+00,1.735038004420395552e+01,3.427690907491826522e+01
1.875813802083333418e-06,-2.903522921933188172e-04,-9.242200508125805736e-02,-6.086950236526854630e-01,-1.124968042224113063e+00,-2.157514079366968041e+00,-4.222606153652677996e+00,-8.352790302224097019e+00,-1.661315859936693684e+01,-3.313389519365261293e+01
1.879882812500000060e-06,-2.824172274564773488e-04,-8.989619552801303426e-02,-8.737038597444111987e-02,-8.484457642086921936e-02,-7.979295731372539058e-02,-6.968971909943776077e-02,-4.948324267086248729e-02,-9.070289813711938584e-03,7.175561590058915362e-02
1.883951822916666702e-06,-3.479766461111921672e-05,-1.107644066182707915e-02,6.774331420424402339e-02,1.465630690703151329e-01,3.042025788024573241e-01,6.194815982667417620e-01,1.250039637195310638e+00,2.511155715052447945e+00,5.033387870766723005e+00
1.888020833333333344e-06,5.244117457756658496e-04,1.669254431112951742e-01,3.449273268836178796e-01,5.229292106559405573e-01,8.789329782005860237e-01,1.590940513289876845e+00,3.014955583468458489e+00,5.862985723825621776e+00,1.155904600453994746e+01
1.892089843749999986e-06,5.297781429902670425e-05,1.686336203978918910e-02,-1.331987190316372971e-01,-2.832608001030637590e-01,-5.833849622459167383e-01,-1.183633286531622586e+00,-2.384129935103034281e+00,-4.785123232245857672e+00,-9.587109826531504453e+00
1.896158854166666628e-06,1.067587771085953818e-03,3.398237419055767372e-01,6.627841217716470279e-01,9.857445016377173186e-01,1.631665261369857900e+00,2.923506780834138841e+00,5.507189819762701610e+00,1.067455589761982537e+01,2.100928805333407468e+01
1.900227864583333271e-06,1.315207333931311950e-03,4.186434967717627131e-01,4.974632516378338365e-01,5.762830065039049598e-01,7.339225162360470955e-01,1.049201535700331478e+00,1.679759574628900243e+00,2.940875652486037772e+00,5.463107808200312832e+00
1.904296874999999913e-06,-4.505228873235012088e-04,-1.434058889871364373e-01,-7.054552747460642870e-01,-1.267504660504992220e+00,-2.391603432022847642e+00,-4.639800975058559374e+00,-9.136196061129982837e+00,-1.812898623327282621e+01,-3.611456657755852007e+01
1.908365885416666555e-06,-4.425878225866597404e-04,-1.408800794338914142e-01,-1.383542698803195137e-01,-1.358284603267475854e-01,-1.307768412196037844e-01,-1.206736030053161407e-01,-1.004671265767408672e-01,-6.005417371959031331e-02,2.077173199471078063e-02
1.912434895833333197e-06,6.439274836331776442e-04,2.049684840258915175e-01,5.508170474857120302e-01,8.966656109455324319e-01,1.588362737865173457e+00,2.971756991704455508e+00,5.738545499383019610e+00,1.127212251474014693e+01,2.233927654545440333e+01
1.916503906249999839e-06,-1.630647451946742876e-04,-5.190512048350560265e-02,-3.087787249924322519e-01,-5.656523295013589081e-01,-1.079399538519212332e+00,-2.106893956554918734e+00,-4.161882792626331984e+00,-8.271860464769158483e+00,-1.649181580905481326e+01
1.920572916666666481e-06,1.091229709700769490e-03,3.473492046952229018e-01,7.466035298737945247e-01,1.145857855052366370e+00,1.944366505409509616e+00,3.541383806123796330e+00,6.735418407552369757e+00,1.312348761040951750e+01,2.589962601612381121e+01
1.924641927083333123e-06,1.099164774437610959e-03,3.498750142484678971e-01,3.524008238020398531e-01,3.549266333556117536e-01,3.599782524627555547e-01,3.700814906770432122e-01,3.902879671056184718e-01,4.307009199627689910e-01,5.115268256770700850e-01
1.928710937500000188e-06,-7.384707962430070438e-04,-2.350625551021648663e-01,-8.200001244548429380e-01,-1.404937693807520871e+00,-2.574812832512876959e+00,-4.914563109923589579e+00,-9.594063664745013043e+00,-1.895306477438786175e+01,-3.767106699367356271e+01
1.932779947916666830e-06,6.116974578915801430e-04,1.947093482003829645e-01,6.244812515039535050e-01,1.054253154807524018e+00,1.913796961414664821e+00,3.632884574628946872e+00,7.071059801057510974e+00,1.394741025391463829e+01,2.770011115962889292e+01
1.936848958333333472e-06,6.835817698558344091e-05,2.175908353601248638e-02,-1.511911811291641872e-01,-3.241414457943408434e-01,-6.700419751246942113e-01,-1.361843033785400836e+00,-2.745445151106814308e+00,-5.512649385749640807e+00,-1.104705785503529469e+01
1.940917968750000115e-06,-2.832335054385737294e-04,-9.015602487958847278e-02,-2.020711332947675576e-01,-3.139862417099466563e-01,-5.378164585403047981e-01,-9.854768922010211929e-01,-1.880797759522453871e+00,-3.671439494165319228e+00,-7.252722963451049942e+00
1.944986979166666757e-06,-1.075192920261258678e-04,-3.422445360739787695e-02,2.170711766492302089e-02,7.763868893724391873e-02,1.895018314818857352e-01,4.132281165711693127e-01,8.606806867497365232e-01,1.755585827106870944e+00,3.545396107821139786e+00
1.949055989583333399e-06,1.482333460220530696e-03,4.718413950092217313e-01,9.779072436252936873e-01,1.483973092241365421e+00,2.496104789473509111e+00,4.520368183937796935e+00,8.568894972866372584e+00,1.666594855072352033e+01,3.286005570643781937e+01
1.953125000000000041e-06,-2.033093597216151238e-03,-6.471537915308667177e-01,-1.766148978071045761e+00,-2.885144164611224582e+00,-5.123134537691583112e+00,-9.599115283852299285e+00,-1.855107677617372985e+01,-3.645499976081659810e+01,-7.226284573010232748e+01
1.957194010416666683e-06,-3.713354955401371171e-04,-1.181997593213825609e-01,4.107542728884395200e-01,9.397083050982615315e-01,1.997616369517905666e+00,4.113432498357194156e+00,8.345064756035769804e+00,1.680832927139292465e+01,3.373485830210722725e+01
1.961263020833333325e-06,6.672429110565758492e-04,2.123900150753598448e-01,5.429797894726831053e-01,8.735695638700063936e-01,1.534749112664653081e+00,2.857108210253946012e+00,5.501826405432532319e+00,1.079126279578970582e+01,2.137013557650405104e+01
1.965332031249999967e-06,2.916827788190801130e-04,9.284551212767318262e-02,-2.669899081875449359e-02,-1.462434937651821698e-01,-3.853324996580375639e-01,-8.635105114437482410e-01,-1.819866535015169706e+00,-3.732578582158012637e+00,-7.558002676443698498e+00
1.969401041666666609e-06,-7.549939481137357689e-04,-2.403220376935339964e-01,-5.734895875149620403e-01,-9.066571373363901953e-01,-1.572992236979246172e+00,-2.905662436264958348e+00,-5.571002834836383144e+00,-1.090168363197923185e+01,-2.156304522626492925e+01
1.973470052083333251e-06,1.386133149779311680e-03,4.412198851418320245e-01,1.122761807976654591e+00,1.804303730811477324e+00,3.167387576481122569e+00,5.893555267820413057e+00,1.134589065049899403e+01,2.225056141585615777e+01,4.405990294657048167e+01
1.977539062499999893e-06,4.113617722758533546e-04,1.309405189134893177e-01,-1.793388473141907802e-01,-4.896182135418708503e-01,-1.110176945997231046e+00,-2.351294410907951438e+00,-4.833529340729391777e+00,-9.797999200372272455e+00,-1.972693891965803559e+01
1.981608072916666535e-06,-2.217232642163224909e-03,-7.057670699699616357e-01,-1.542474658853889569e+00,-2.379182247737817502e+00,-4.052597425505673812e+00,-7.399427781041385543e+00,-1.409308849211281078e+01,-2.748040991425565949e+01,-5.425505275854135334e+01
1.985677083333333177e-06,9.305693477763554711e-04,2.962094231768160335e-01,1.298185916324137157e+00,2.300162409471458336e+00,4.304115395766100249e+00,8.312021368355384965e+00,1.632783331353395440e+01,3.235945720389108970e+01,6.442270498460536032e+01
1.989746093749999819e-06,-2.119811783991565335e-04,-6.747570476934135197e-02,-4.311608327157704368e-01,-7.948459606621994800e-01,-1.522216216555057677e+00,-2.976956728340773850e+00,-5.886437751912206195e+00,-1.170539979905507089e+01,-2.334332389334080204e+01
1.993815104166666461e-06,8.265972282011091465e-04,2.631140696285318992e-01,5.937038440258551875e-01,9.242936184231784758e-01,1.585473167217825052e+00,2.907832264807118428e+00,5.552550459985704734e+00,1.084198685034287735e+01,2.142085963105722257e+01
1.997884114583333527e-06,-7.473853945647590535e-04,-2.379001598793359651e-01,-7.389143893882640368e-01,-1.239928618897192081e+00,-2.241957077915048391e+00,-4.246013995950760567e+00,-8.254127832022184919e+00,-1.627035550416503540e+01,-3.230281084845073281e+01
2.001953125000000169e-06,2.672245622221680605e-04,8.506021998645160731e-02,4.080205998525218702e-01,7.309809797185922164e-01,1.376901739450732798e+00,2.668743258915013961e+00,5.252426297843576286e+00,1.041979237570070005e+01,2.075452453141495113e+01
2.006022135416666811e-06,-1.019136662819164485e-03,-3.244012751476965106e-01,-7.338627702816238330e-01,-1.143324265415551100e+00,-1.962247255683405633e+00,-3.600093236219114701e+00,-6.875785197290532835e+00,-1.342716911943336910e+01,-2.652993696371904164e+01
2.010091145833333453e-06,9.302428365849380043e-04,2.961054914366382240e-01,9.166122580214610682e-01,1.537119024606284023e+00,2.778132557775929712e+00,5.260159624115221533e+00,1.022421375679380340e+01,2.015232202215096891e+01,4.000853855286530347e+01
2.014160156250000095e-06,-3.561183884528418275e-04,-1.133560036963790485e-01,-5.228174988303062598e-01,-9.322789939642335266e-01,-1.751201984232088060e+00,-3.389047964767796906e+00,-6.664739925839215040e+00,-1.321612384798205220e+01,-2.631889169226772296e+01
2.018229166666666737e-06,-1.019299918418425932e-03,-3.244532410189163163e-01,-5.355504783403447489e-01,-7.466477156617732369e-01,-1.168842190304630213e+00,-2.013231139590343943e+00,-3.702009038161771848e+00,-7.079564835304627657e+00,-1.383467642959033839e+01
2.022298177083333379e-06,-1.724691103035524975e-04,-5.489862287094343651e-02,2.146559952763778534e-01,4.842106134236991433e-01,1.023319849718341779e+00,2.101538322307626938e+00,4.257975267486196813e+00,8.570849157843337451e+00,1.719659693855761873e+01
2.026367187500000021e-06,9.911890235159148688e-05,3.155052652619735193e-02,1.179996759235170389e-01,2.044488253208367468e-01,3.773471241154761069e-01,7.231437217047549382e-01,1.414736916883312379e+00,2.797923307240427704e+00,5.564296087954657466e+00
2.030436197916666663e-06,1.549908667115573735e-04,4.933512514248290098e-02,6.711972375855421169e-02,8.490432237462551546e-02,1.204735196067681230e-01,1.916119140710533519e-01,3.338887029996238098e-01,6.184422808567646701e-01,1.187549436571046391e+00
2.034505208333333305e-06,5.464211284191833329e-04,1.739312471955287154e-01,2.985273692491002273e-01,4.231234913026717392e-01,6.723157354098147076e-01,1.170700223624100644e+00,2.167469200052672740e+00,4.161007152909816931e+00,8.148083058624104424e+00
2.038574218749999947e-06,-5.721609479465428194e-04,-1.821244862196738368e-01,-5.381802196348520750e-01,-8.942359530500303411e-01,-1.606347419880386873e+00,-3.030570353541099937e+00,-5.879016220862526509e+00,-1.157590795550537877e+01,-2.296969142479108328e+01
2.042643229166666589e-06,-9.477210801804858420e-04,-3.016689891662296397e-01,-4.212134921126572951e-01,-5.407579950590849505e-01,-7.798470009519403723e-01,-1.258025012737651105e+00,-2.214381036309072570e+00,-4.127093083451915057e+00,-7.952517177737600917e+00
2.046712239583333231e-06,-1.706776409385213356e-03,-5.432838046125861853e-01,-7.848986200590156725e-01,-1.026513435505445271e+00,-1.509743066398304245e+00,-2.476202328184021972e+00,-4.409120851755457871e+00,-8.274957898898328779e+00,-1.600663199318407237e+01
2.050781249999999873e-06,6.021298371834404861e-04,1.916638799417253736e-01,9.266115644952970243e-01,1.661559249048868647e+00,3.131454618156011893e+00,6.071245356370298829e+00,1.195082683279887270e+01,2.370998978565601689e+01,4.722831569137031238e+01
2.054850260416666515e-06,-6.123260384249817889e-04,-1.949094315984274128e-01,-5.814827431386044854e-01,-9.680560546787815301e-01,-1.741202677759135620e+00,-3.287495923919844021e+00,-6.380082416241259935e+00,-1.256525540088409265e+01,-2.493560137016975986e+01
2.058919270833333157e-06,-5.324856242587827637e-04,-1.694954384523178759e-01,-1.440814453049957811e-01,-1.186674521576736585e-01,-6.783946586302944115e-02,3.381650672625898663e-02,2.371284519048358630e-01,6.437523422619896296e-01,1.457000122976296996e+00
2.062988281249999799e-06,-2.121311349867482932e-05,-6.752343743367019042e-03,1.559907509664540670e-01,3.187338456762751626e-01,6.442200350959174093e-01,1.295192413935201792e+00,2.597137171613770334e+00,5.201026686970908308e+00,1.040880571768518337e+01
2.067057291666666865e-06,-9.001106917487788905e-04,-2.865141318433669371e-01,-5.662759199460437598e-01,-8.460377080487206936e-01,-1.405561284254074339e+00,-2.524608436664781852e+00,-4.762702741486196878e+00,-9.238891351129026930e+00,-1.819126857041468526e+01
2.071126302083333507e-06,-2.186471916790111436e-03,-6.959756269775150272e-01,-1.105437122111442294e+00,-1.514898617245369561e+00,-2.333821607513224095e+00,-3.971667588048933162e+00,-7.247359549120351296e+00,-1.379874347126318668e+01,-2.690151131554885922e+01
2.075195312500000149e-06,-1.459483357731272690e-03,-4.645679814865780743e-01,-2.331603359955063959e-01,-1.752690504434703533e-03,4.610626004777086950e-01,1.386693182441995464e+00,3.237954346370568892e+00,6.940476674227715748e+00,1.434552132994200946e+01
2.079264322916666791e-06,-3.740975416022251920e-05,-1.190789458890401976e-02,4.407521923084166682e-01,8.934122792057372919e-01,1.798732453000378761e+00,3.609372800589661257e+00,7.230653495768226691e+00,1.447321488612535667e+01,2.895833766683961841e+01
2.083333333333333433e-06,-1.563455477310071728e-03,-4.976633350359930819e-01,-9.834187754824217365e-01,-1.469174215928850336e+00,-2.440685096821707756e+00,-4.383706858607422596e+00,-8.269750382178852277e+00,-1.604183742932170986e+01,-3.158601152360742859e+01
2.087402343750000075e-06,-1.174134239327884188e-04,-3.737385360849505150e-02,4.229156278200764119e-01,8.832051092486479238e-01,1.803784072105790948e+00,3.644941997820076551e+00,7.327257849248648647e+00,1.469188955210579195e+01,2.942115295782008033e+01
2.091471354166666717e-06,-5.888473554094275642e-04,-1.874359346800010262e-01,-3.374980157514275159e-01,-4.875600968228540055e-01,-7.876842589657069293e-01,-1.387932583251412888e+00,-2.588429231822824583e+00,-4.989422528965648418e+00,-9.791409123251295199e+00
2.095540364583333359e-06,-1.899177030260545962e-03,-6.045268243451039636e-01,-1.021617714010284228e+00,-1.438708603675464603e+00,-2.272890383005825132e+00,-3.941253941666546190e+00,-7.277981058987988305e+00,-1.395143529363087254e+01,-2.729834376291664100e+01
2.099609375000000001e-06,-1.795368166277455657e-03,-5.714834366657779441e-01,-5.384400489872072093e-01,-5.053966613086364745e-01,-4.393098859514951160e-01,-3.071363352372122879e-01,-4.278923380864668030e-02,4.859049690484845696e-01,1.543293374762747083e+00
2.103678385416666643e-06,-4.931368117624401748e-04,-1.569703224251397522e-01,2.575427918159313156e-01,6.720559060570023835e-01,1.501082134539144519e+00,3.159134591503428791e+00,6.475239505431997777e+00,1.310744933328913397e+01,2.637186898900340992e+01
2.107747395833333285e-06,-6.290124458878665337e-04,-2.002208800587546023e-01,-2.434714376926830903e-01,-2.867219953266115784e-01,-3.732231105944685545e-01,-5.462253411301825068e-01,-8.922298022016104113e-01,-1.584238724344466220e+00,-2.968256568630177838e+00
2.111816406249999927e-06,-2.322837317713322136e-03,-7.393820822247891833e-01,-1.278543284389966894e+00,-1.817704486555144605e+00,-2.896026890885500027e+00,-5.052671699546210426e+00,-9.365961316867631226e+00,-1.799254055151047282e+01,-3.524569902079615957e+01
2.115885416666666570e-06,-1.452038059788662849e-03,-4.621980695458615673e-01,-1.850140568672894448e-01,9.216995581128263615e-02,6.465379811684268674e-01,1.755274031882715136e+00,3.972746133311292116e+00,8.407690336168444745e+00,1.727757874188275267e+01
2.119954427083333212e-06,-8.448917497823060785e-04,-2.689373967108296126e-01,-7.567672387600751782e-02,1.175839489588145770e-01,5.041052946284587666e-01,1.277147985967747257e+00,2.823233368646323793e+00,5.915404134003477310e+00,1.209974566471778523e+01
2.124023437499999854e-06,-1.148546532583338831e-03,-3.655937160633900285e-01,-4.622500354160675173e-01,-5.589063547687449507e-01,-7.522189934740999284e-01,-1.138844270884809884e+00,-1.912094825706229795e+00,-3.458595935349069617e+00,-6.551598154634748816e+00
2.128092447916666496e-06,-7.091793712525884530e-04,-2.257388049473036673e-01,-8.588389383123057330e-02,5.397101728484253458e-02,3.336808395169887365e-01,8.931004839812811680e-01,2.011939772909865809e+00,4.249618350767035757e+00,8.724975506481374765e+00
2.132161458333333138e-06,-3.656860091645341981e-04,-1.164014719561675265e-01,-7.064138965097627870e-03,1.022731940259722638e-01,3.209478600081120403e-01,7.582971919723916487e-01,1.632995855900950755e+00,3.382393183758069188e+00,6.881187839472305612e+00
2.136230468750000203e-06,-9.090252900705309003e-04,-2.893517366205380359e-01,-4.623020012857146921e-01,-6.352522659508913483e-01,-9.811527952812446607e-01,-1.672953853941951508e+00,-3.056555971263364757e+00,-5.823760205906191700e+00,-1.135816867519184470e+01
2.140299479166666845e-06,-1.044900924195957259e-03,-3.326022942541528860e-01,-3.758528518880813740e-01,-4.191034095220098621e-01,-5.056045247898668382e-01,-6.786067553255807905e-01,-1.024611216397008695e+00,-1.716620138539864504e+00,-3.100637982825576344e+00
2.144368489583333487e-06,-1.261647666517262678e-04,-4.015949251331549924e-02,2.522833092277559919e-01,5.447261109688275038e-01,1.129611714450970528e+00,2.299382921415256575e+00,4.638925335343828671e+00,9.318010163200971974e+00,1.867617981891525858e+01
2.148437500000000129e-06,-1.891894987906539427e-03,-6.022088782722145872e-01,-1.164258264031142520e+00,-1.726307649790070453e+00,-2.850406421307925875e+00,-5.098603964343637607e+00,-9.594999050415060182e+00,-1.858778922255790533e+01,-3.657336956684359563e+01
2.152506510416666771e-06,5.748451149756306222e-05,1.829788831212010580e-02,6.388046548969429361e-01,1.259311421481765780e+00,2.500324954651411691e+00,4.982352020990703068e+00,9.946406153669286709e+00,1.987451441902645044e+01,3.973073094974078145e+01
2.156575520833333414e-06,7.125677211270442513e-04,2.268173502101925587e-01,4.353368121075140706e-01,6.438562740048355826e-01,1.060895197799478495e+00,1.894973045388764543e+00,3.563128740567336639e+00,6.899440130924480385e+00,1.357206291163876877e+01
2.160644531250000056e-06,-2.754922436690065979e-03,-8.769190472679861958e-01,-1.980655444745665905e+00,-3.084391842223345392e+00,-5.291864637178704811e+00,-9.706810227089423648e+00,-1.853670140691086132e+01,-3.619648376655373312e+01,-7.151604848583947671e+01
2.164713541666666698e-06,-8.648944296396621212e-05,-2.753044474595954180e-02,8.218581577763609536e-01,1.671246760298681355e+00,3.370023965343322381e+00,6.767578375432604432e+00,1.356268719561116676e+01,2.715290483596829318e+01,5.433334011668254959e+01
2.168782552083333340e-06,9.760574134460853202e-04,3.106887241828685808e-01,6.489078931114404813e-01,9.871270620400123263e-01,1.663565399897156016e+00,3.016442075611443840e+00,5.722195427040018600e+00,1.113370212989716812e+01,2.195671553561146894e+01
2.172851562499999982e-06,-1.484757852320939264e-03,-4.726131029827677077e-01,-1.255914930147944419e+00,-2.039216757313121242e+00,-3.605820411643474888e+00,-6.739027720304182623e+00,-1.300544233762559720e+01,-2.553827157226842459e+01,-5.060393004155408647e+01
2.176920572916666624e-06,-5.660216947767082729e-04,-1.801703012419303140e-01,1.122725004991411563e-01,4.047153022402126266e-01,9.896009057223555949e-01,2.159372112686641643e+00,4.498914526615213738e+00,9.177999354472357041e+00,1.853616901018664365e+01
2.180989583333333266e-06,1.609668642821304729e-04,5.123734424900663192e-02,2.826449897400783451e-01,5.140526352311499680e-01,9.768679262132934360e-01,1.902498508177580261e+00,3.753759672106153911e+00,7.456281999963301210e+00,1.486132665567759581e+01
2.185058593749999908e-06,-1.604763356976235400e-03,-5.108120415110233292e-01,-1.072861427269951262e+00,-1.634910813028878973e+00,-2.759009584546734839e+00,-5.007207127582446127e+00,-9.503602213653868702e+00,-1.849639238579671385e+01,-3.648197273008240415e+01
2.189127604166666550e-06,5.843006405399364667e-04,1.859886703873831759e-01,8.827893822847052707e-01,1.579590094182027338e+00,2.973191517976671250e+00,5.760394365565959518e+00,1.133480006074453605e+01,2.248361145110169090e+01,4.478123423181599350e+01
2.193196614583333192e-06,-8.219028335574307675e-04,-2.616197974038008689e-01,-7.092282651939799676e-01,-1.156836732984158900e+00,-2.052053668564516986e+00,-3.842487539725233159e+00,-7.423355282046665948e+00,-1.458509076668953064e+01,-2.890856173597526180e+01
2.197265624999999834e-06,-1.341273664653641617e-03,-4.269406675372164894e-01,-5.922615376711446444e-01,-7.575824078050726884e-01,-1.088224148072928887e+00,-1.749507628608641063e+00,-3.072074589680065859e+00,-5.717208511822915007e+00,-1.100747635610861330e+01
2.201334635416666476e-06,-1.740802246697370492e-03,-5.541145650147271118e-01,-6.812884624924055998e-01,-8.084623599700840879e-01,-1.062810154925441175e+00,-1.571505744836154905e+00,-2.588896924657583032e+00,-4.623679284300438397e+00,-8.693244003586150015e+00
2.205403645833333542e-06,9.755676466554064064e-04,3.105328265714709657e-01,1.175180218156292922e+00,2.039827609741115211e+00,3.769122392910759345e+00,7.227711959250047613e+00,1.414489109192862415e+01,2.797924935728577722e+01,5.564796588800007981e+01
2.209472656250000184e-06,8.876289121495517520e-04,2.825410579997657545e-01,2.545492894283366558e-01,2.265575208569075849e-01,1.705739837140493875e-01,5.860690942833302747e-02,-1.653272391430997135e-01,-6.131955362859652370e-01,-1.508932130571696062e+00
2.213541666666666826e-06,-2.268271398126131544e-03,-7.220132105714767157e-01,-1.726567479142904649e+00,-2.731121747714332582e+00,-4.740230284857188892e+00,-8.758447359142900623e+00,-1.679488150771432586e+01,-3.286774980485717634e+01,-6.501348639914286309e+01
2.217610677083333468e-06,-2.469865492891187841e-04,-7.861826039314660786e-02,5.647766897854265000e-01,1.208171639963999455e+00,2.494961540321145588e+00,5.068541341035437853e+00,1.021570094246402327e+01,2.051002014532119233e+01,4.109865855103552690e+01
2.221679687500000110e-06,-1.192092354997953407e-04,-3.794547818399655881e-02,2.727304025824948790e-03,4.340008623564645118e-02,1.247456506552894612e-01,2.874367794945754673e-01,6.128190371731475627e-01,1.263583552530291643e+00,2.565112583244579803e+00
2.225748697916666752e-06,-1.813034107321698229e-03,-5.771066803489003361e-01,-1.116267882514077936e+00,-1.655429084679255647e+00,-2.733751489009610847e+00,-4.890396297670321246e+00,-9.203685914991742933e+00,-1.783026514963458453e+01,-3.508342361892027128e+01
2.229817708333333394e-06,4.239667898140453417e-04,1.349528206114158912e-01,8.470123215712372922e-01,1.559071822531058915e+00,2.983190824450701939e+00,5.831428828289987543e+00,1.152790483596855964e+01,2.292085685132570205e+01,4.570676088203998688e+01
2.233886718750000036e-06,3.120596054984048351e-04,9.933165750875587452e-02,6.371049440607817749e-02,2.808933130340049433e-02,-4.315299490195487891e-02,-1.856376473126656323e-01,-4.706069521340870976e-01,-1.040545561776930139e+00,-2.180422781062616000e+00
2.237955729166666678e-06,-7.825540210575354649e-04,-2.490946813754918721e-01,-5.975210202594193332e-01,-9.459473591433468220e-01,-1.642800036911201689e+00,-3.036505392446911422e+00,-5.823916103518331333e+00,-1.139873752566117027e+01,-2.254838036994684813e+01
2.242024739583333320e-06,2.080874859196057969e-04,6.623630395934086701e-02,3.815672892941625594e-01,6.968982746289842378e-01,1.327560245298627706e+00,2.588884186637914198e+00,5.111532069316488069e+00,1.015682783467363492e+01,2.024741936538793041e+01
2.246093749999999962e-06,4.077701491418395108e-04,1.297972697624862892e-01,1.933582355660579954e-01,2.569192013696297017e-01,3.840411329767731141e-01,6.382849961910599390e-01,1.146772722619633589e+00,2.163748175476780666e+00,4.197699081191075265e+00
2.250162760416666604e-06,-5.190643287384943960e-04,-1.652233074028158777e-01,-4.602438845679943658e-01,-7.552644617331728538e-01,-1.345305616063529719e+00,-2.525387924724243671e+00,-4.885552542045671132e+00,-9.605881776688526941e+00,-1.904654024597423856e+01
2.254231770833333246e-06,7.831670257800738000e-04,2.492898068389531596e-01,6.638029210800242552e-01,1.078316035321095212e+00,1.907342263803237570e+00,3.565394720767521619e+00,6.881499634696090162e+00,1.351370946255322814e+01,2.677812911826750053e+01
2.258300781249999888e-06,7.911020905169152684e-04,2.518156163921981827e-01,2.543414259457700832e-01,2.568672354993419837e-01,2.619188546064858403e-01,2.720220928207734423e-01,2.922285692493487574e-01,3.326415221064992767e-01,4.134674278208003706e-01
2.262369791666666530e-06,-1.310186428089110677e-03,-4.170452928045920715e-01,-1.085906202001020171e+00,-1.754767111197448104e+00,-3.092488929590304192e+00,-5.767932566376016368e+00,-1.111881983994744161e+01,-2.182059438709028854e+01,-4.322414348137598950e+01
2.266438802083333172e-06,-1.997026720594874405e-04,-6.356733481385432039e-02,2.899106231772191622e-01,6.433885811682926725e-01,1.350344497150439693e+00,2.764256329114733735e+00,5.592079993043321373e+00,1.124772732090049665e+01,2.255902197661485076e+01
2.270507812499999814e-06,1.486023879426312533e-03,4.730160919265846697e-01,1.009599518667657625e+00,1.546182945408730358e+00,2.619349798890876269e+00,4.765683505855167645e+00,9.058350919783750399e+00,1.764368574764091591e+01,3.481435540335525047e+01
2.274576822916666456e-06,-2.078009923955903560e-04,-6.614511023831912140e-02,-6.053063124034967490e-01,-1.144467514568674460e+00,-2.222789918899029882e+00,-4.379434727559740281e+00,-8.692724344881161969e+00,-1.731930357952400357e+01,-3.457246204880969032e+01
2.278645833333333522e-06,-1.519290280285190420e-04,-4.836051161977183988e-02,-3.057591300370053611e-02,-1.279131438762923061e-02,2.277788284451338213e-02,9.391627730879860414e-02,2.361930662373690482e-01,5.207466440945099917e-01,1.089853799808791823e+00
2.282714843750000164e-06,-1.439939632916775736e-04,-4.583470206652682372e-02,-4.330889251295491627e-02,-4.078308295938300881e-02,-3.573146385223918697e-02,-2.562822563795155023e-02,-5.421749209376276746e-03,3.499120364777427022e-02,1.158171093620753711e-01
2.286783854166666806e-06,5.110892463342509018e-04,1.626847598304147768e-01,3.712042217277362610e-01,5.797236836250577730e-01,9.967626074197007968e-01,1.830840455008986734e+00,3.498996150187558829e+00,6.835307540544702576e+00,1.350793032125899096e+01
2.290852864583333448e-06,-3.438398821131727345e-04,-1.094476337408920169e-01,-3.815800273123202691e-01,-6.537124208837485906e-01,-1.197977208026605123e+00,-2.286506782312318187e+00,-4.463565930883744315e+00,-8.817684228026596571e+00,-1.752592082231230108e+01
2.294921875000000090e-06,1.078233721457877436e-03,3.432124531567820602e-01,7.958725400541026840e-01,1.248532626951423419e+00,2.153852800746064666e+00,3.964493148335347605e+00,7.585773843513912595e+00,1.482833523387104435e+01,2.931345801458530431e+01
2.298990885416666732e-06,2.952099424398113570e-04,9.396824317833975260e-02,-1.552759667993383053e-01,-4.045201767770164047e-01,-9.030085967323725482e-01,-1.899985436643084835e+00,-3.893939116464509631e+00,-7.881846476107358335e+00,-1.585766119539305663e+01
2.303059895833333374e-06,-3.919400373355585998e-04,-1.247583886751523347e-01,-3.434850205278316415e-01,-5.622116523805108512e-01,-9.996649160858694927e-01,-1.874571443496586554e+00,-3.624384498318020675e+00,-7.124010607960888919e+00,-1.412326282724662541e+01
2.307128906250000016e-06,2.345867418540592553e-05,7.467127909979188842e-03,1.396926444947992896e-01,2.719181610796193582e-01,5.363691942492595510e-01,1.065271260588539937e+00,2.123075393267100708e+00,4.238683658624221806e+00,8.469900189338465779e+00
2.311197916666666658e-06,3.909204860832460326e-04,1.244338554320701812e-01,2.414005829543930948e-01,3.583673104767159945e-01,5.923007655213617939e-01,1.060167675610653504e+00,1.995901495789236701e+00,3.867369136146403097e+00,7.610304416860736332e+00
2.315266927083333300e-06,-1.284503450165175309e-04,-4.088701470247634029e-02,-2.062078848364044259e-01,-3.715287549703324976e-01,-7.021704952381886411e-01,-1.363453975773901039e+00,-2.686020936845325835e+00,-5.331154858988174539e+00,-1.062142270327387372e+01
2.319335937499999942e-06,1.605213106092406861e-03,5.109552011010031203e-01,1.062797416904575520e+00,1.614639632708147809e+00,2.718324064315292166e+00,4.925692927529581766e+00,9.340430653958160079e+00,1.816990610681531493e+01,3.582885701252963173e+01
2.323404947916666584e-06,1.109810724805981863e-03,3.532637254985423469e-01,1.955722498958628597e-01,3.788077429318337241e-02,-2.775021769121756021e-01,-9.082680793228935512e-01,-2.169799884144329560e+00,-4.692863493787201357e+00,-9.738990713072944061e+00
2.327473958333333226e-06,-5.670825117931599380e-05,-1.805079697856988921e-02,-3.893653194562475273e-01,-7.606798419339252382e-01,-1.503308886889280549e+00,-2.988566976799991171e+00,-5.959083156621412414e+00,-1.190011551626425579e+01,-2.378218023554994076e+01
2.331542968749999869e-06,-9.671008606204622993e-05,-3.078377648723453971e-02,-4.351675599616202511e-02,-5.624973550508951398e-02,-8.171569452294448477e-02,-1.326476125586544264e-01,-2.345114486300743373e-01,-4.382391207729141591e-01,-8.456944650585936918e-01
2.335611979166666511e-06,1.037742119777362859e-03,3.303235760344580552e-01,6.914309285567801222e-01,1.052538281079102189e+00,1.774752986123746323e+00,3.219182396213034814e+00,6.108041216391611350e+00,1.188575885674876531e+01,2.344119413746307146e+01
2.339680989583333153e-06,-3.444929045066658091e-04,-1.096554972246402693e-01,-5.496345704835685630e-01,-9.896136437424968291e-01,-1.869571790260353250e+00,-3.629488083296066314e+00,-7.149320669367492442e+00,-1.418898584151034470e+01,-2.826831618579604921e+01
2.343749999999999795e-06,7.420224017131715755e-04,2.361930662351426624e-01,5.820416296949630919e-01,9.278901931547836046e-01,1.619587320074424630e+00,3.002981573913706459e+00,5.769770081592270117e+00,1.130334709694939832e+01,2.237050112766365473e+01
2.347819010416666860e-06,1.109484213614564396e-03,3.531597937583645375e-01,4.701265212806874372e-01,5.870932488030102814e-01,8.210267038476561918e-01,1.288893613936947791e+00,2.224627434115530988e+00,4.096095074472697384e+00,7.839030355187030175e+00
2.351888020833333502e-06,3.743973342196227350e-04,1.191743728429627558e-01,-1.148110480722159127e-01,-3.487964689873945812e-01,-8.167673108177520014e-01,-1.752708994478466620e+00,-3.624592361799896079e+00,-7.368359096442754996e+00,-1.485589256572847283e+01
2.355957031250000144e-06,-2.168788463094983854e-04,-6.903468088444826567e-02,-2.572437346121265178e-01,-4.454527883398048393e-01,-8.218708957951613714e-01,-1.574707110705874546e+00,-3.080379540527300897e+00,-6.091724400170153153e+00,-1.211441411945585855e+01
2.360026041666666786e-06,7.977311104809814424e-04,2.539256989824701383e-01,5.768860788485404845e-01,8.998464587146107752e-01,1.545767218446751246e+00,2.837608737911032630e+00,5.421291776839594512e+00,1.058865785469672005e+01,2.092339001041096935e+01
2.364095052083333428e-06,-9.679991107773844305e-04,-3.081236867775598576e-01,-8.701730725364876795e-01,-1.432222458295415501e+00,-2.556321229813271145e+00,-4.804518772848982877e+00,-9.300913858920406341e+00,-1.829370403106324972e+01,-3.627928437534894357e+01
2.368164062500000070e-06,-9.121271464174185439e-04,-2.903390881612742946e-01,-2.725544895452030048e-01,-2.547698909291316594e-01,-2.192006936969890518e-01,-1.480622992327038367e-01,-5.785510304133394469e-03,2.787680675530074814e-01,8.478752232672892575e-01
2.372233072916666713e-06,7.496309552585955771e-04,2.386149440482098483e-01,7.675689762580318876e-01,1.296523008467854066e+00,2.354431072887498200e+00,4.470247201726786024e+00,8.701879459405363448e+00,1.716514397476251474e+01,3.409167300547682089e+01
2.376302083333333355e-06,1.452651064507648471e-03,4.623931950081919817e-01,6.861714459680150480e-01,9.099496969278382252e-01,1.357506198847484358e+00,2.252619202686776845e+00,4.042845210365361375e+00,7.623297225722531323e+00,1.478420125643686944e+01
2.380371093749999997e-06,-1.932369076911299999e-04,-6.150921809367125570e-02,-5.854116311963495356e-01,-1.109314044299027691e+00,-2.157118870504384223e+00,-4.252728522915097287e+00,-8.443947827736522527e+00,-1.682638643737937656e+01,-3.359126365666507752e+01
2.384440104166666639e-06,3.659725026921023527e-04,1.164926656783201314e-01,2.944945494506428507e-01,4.724964332229655284e-01,8.285002007676108837e-01,1.540507735856901705e+00,2.964522806035483349e+00,5.812552946392646191e+00,1.150861322710697365e+01
2.388509114583333281e-06,1.835983005882724228e-03,5.844115416379038752e-01,1.052330417597726164e+00,1.520249293557548453e+00,2.456087045477192810e+00,4.327762549316481966e+00,8.071113556995060279e+00,1.555781557235221690e+01,3.053121960306652838e+01
2.392578124999999923e-06,7.653378291365697805e-04,2.436145972846109897e-01,-9.718234706806788692e-02,-4.379792914207467636e-01,-1.119573180126104406e+00,-2.482760957536819912e+00,-5.209136512358250926e+00,-1.066188762200111206e+01,-2.156738984128683612e+01
2.396647135416666565e-06,2.043600733841799411e-03,6.504983169942942789e-01,1.057382036704116901e+00,1.464265756413939190e+00,2.278033195833584212e+00,3.905568074672874257e+00,7.160637832351453902e+00,1.367077734770861319e+01,2.669105637842293177e+01
2.400716145833333207e-06,4.216812114492540786e-04,1.342252984222550571e-01,-3.820477201491724317e-01,-8.983207387205998096e-01,-1.930866775863454787e+00,-3.995958850149164743e+00,-8.126142998720585098e+00,-1.638651129586342492e+01,-3.290724789014910101e+01
2.404785156249999849e-06,-1.344049009805559081e-03,-4.278240873366441210e-01,-9.898734730955719430e-01,-1.551922858854499765e+00,-2.676021630372355631e+00,-4.924219173408066474e+00,-9.420614259479489050e+00,-1.841340443162233598e+01,-3.639898477590802628e+01
2.408854166666666491e-06,-3.294390530186319666e-04,-1.048637074708565348e-01,2.180966723952137420e-01,5.410570522612840882e-01,1.186977811993424670e+00,2.478819331457705832e+00,5.062502370386267714e+00,1.022986844824339236e+01,2.056460060395763989e+01
2.412923177083333133e-06,-4.653146871440583254e-04,-1.481142651044713709e-01,-1.913648227383998590e-01,-2.346153803723283471e-01,-3.211164956401853510e-01,-4.941187261758993032e-01,-8.401231872473272633e-01,-1.532132109390182961e+00,-2.916149953675894579e+00
2.416992187500000199e-06,-1.871518161230767419e-03,-5.957227328922628518e-01,-1.043331200682441784e+00,-1.490939668472621049e+00,-2.386156604052978913e+00,-4.176590475213695086e+00,-7.757458217535127432e+00,-1.491919370217799212e+01,-2.924266467146372150e+01
2.421061197916666841e-06,-1.216434951604838943e-03,-3.872032709953212026e-01,-1.786838090979997462e-01,2.983565279932176226e-02,4.468745765939647341e-01,1.280952424183250615e+00,2.949108119361822489e+00,6.285419509718966680e+00,1.295804229043325506e+01
2.425130208333333483e-06,3.973862504480507596e-04,1.264919721511223727e-01,6.401872152984450226e-01,1.153882458445767645e+00,2.181272944740412889e+00,4.236053917329703822e+00,8.345615862508285687e+00,1.656473975286544942e+01,3.300298753357977688e+01
2.429199218750000125e-06,-1.699214802712845085e-04,-5.408768704533380850e-02,-2.346673462417634970e-01,-4.152470054381931508e-01,-7.764063238310525694e-01,-1.498724960616771185e+00,-2.943362234188208859e+00,-5.832636781331083320e+00,-1.161118587561683313e+01
2.433268229166666767e-06,-9.769137090991364403e-04,-3.109612915547309564e-01,-5.678348960636575571e-01,-8.247085005725842688e-01,-1.338455709590437692e+00,-2.365950127626144095e+00,-4.420938963697557789e+00,-8.530916635840384288e+00,-1.675087198012603906e+01
2.437337239583333409e-06,4.211914446621278785e-04,1.340694008119883152e-01,5.791000931780603267e-01,1.024130785544132394e+00,1.914192170276276528e+00,3.694314939740564796e+00,7.254560478669141332e+00,1.437505155652629441e+01,2.861603371224060055e+01
2.441406250000000051e-06,-1.440412575835381404e-03,-4.584975630718610140e-01,-1.051064526955789891e+00,-1.643631490839718712e+00,-2.828765418607576354e+00,-5.199033274143292083e+00,-9.939568985214723540e+00,-1.942064040735758468e+01,-3.838278325164331051e+01
2.445475260416666693e-06,-1.815972708069324426e-03,-5.780420660184167891e-01,-6.975865689648445001e-01,-8.171310719112722110e-01,-1.056220077804127522e+00,-1.534398089589838365e+00,-2.490754113161259831e+00,-4.403466160304102317e+00,-8.228890254589789066e+00
2.449544270833333335e-06,1.475639980736076495e-03,4.697107943163515986e-01,1.517463654651173055e+00,2.565216514985994678e+00,4.660722235655637036e+00,8.851733676994923528e+00,1.723375655967349473e+01,3.399780232503064070e+01,6.752589385574492553e+01
2.453613281249999977e-06,4.049948039899220475e-04,1.289138499630587131e-01,-2.118830943896201635e-01,-5.526800387422989846e-01,-1.234273927447656849e+00,-2.597461704858372133e+00,-5.323837259679803147e+00,-1.077658836932266517e+01,-2.168209058860838923e+01
2.457682291666666619e-06,-1.145019368966160300e-03,-3.644709850138543317e-01,-8.578558199915315985e-01,-1.351240654969208865e+00,-2.338010324924563399e+00,-4.311549664835272466e+00,-8.258628344656690601e+00,-1.615278570429952509e+01,-3.194110042358519763e+01
2.461751302083333261e-06,-1.544547951009889175e-03,-4.916448824913649540e-01,-6.188187799690434421e-01,-7.459926774467219301e-01,-1.000340472402078795e+00,-1.509036062312792748e+00,-2.526427242134220652e+00,-4.561209601777076017e+00,-8.630774321062787635e+00
2.465820312499999903e-06,-6.737486930887826020e-04,-2.144608698135681280e-01,6.272314286500396685e-02,3.399071555435760894e-01,8.942751809007202235e-01,2.003011231615008825e+00,4.220483333043585361e+00,8.655427535900738434e+00,1.752531594161504458e+01
2.469889322916666545e-06,-4.500975800532103221e-04,-1.432705094783369992e-01,-7.208014914351448810e-02,-8.897888086919847686e-04,1.414909318609530176e-01,4.262523732002430621e-01,9.957752558788230957e-01,2.134821021235983274e+00,4.412912551950303630e+00
2.473958333333333187e-06,7.322915254093231852e-04,2.330956321063961389e-01,6.094617736912175676e-01,9.858279152760390796e-01,1.738560198445681992e+00,3.244024764784967818e+00,6.254953897463539469e+00,1.227681216282068277e+01,2.432052869353497115e+01
2.478027343749999829e-06,-5.301012498222235081e-04,-1.687364684967971595e-01,-5.705685690994758419e-01,-9.724006697021544410e-01,-1.776064870907511750e+00,-3.383393273318226591e+00,-6.598050078139655383e+00,-1.302736368778251475e+01,-2.588599090706823347e+01
2.482096354166666471e-06,-1.648683326187949660e-03,-5.247922019119997117e-01,-8.808479353271779777e-01,-1.236903668742356244e+00,-1.949015135572712776e+00,-3.373238069233425840e+00,-6.221683936554851968e+00,-1.191857567119770422e+01,-2.331235914048340874e+01
2.486165364583333537e-06,1.568854743574377153e-04,4.993819748660601604e-02,6.246685968839285064e-01,1.199398996281251017e+00,2.348859795075895818e+00,4.647781392665185862e+00,9.245624587843765951e+00,1.844131097820092435e+01,3.683268375891524471e+01
2.490234375000000179e-06,6.681579851210983634e-04,2.126812921966877434e-01,3.754243869065088113e-01,5.381674816163298791e-01,8.636536710359721258e-01,1.514626049875256397e+00,2.816570807553825162e+00,5.420460322910963136e+00,1.062823935362523819e+01
2.494303385416666821e-06,-1.720751931213015951e-03,-5.477323513749531303e-01,-1.308145994946382062e+00,-2.068559638517810662e+00,-3.589386925660668304e+00,-6.631041499946383588e+00,-1.271435064851781505e+01,-2.488096894566067618e+01,-4.921420553994639846e+01
2.498372395833333463e-06,-1.592974617420139793e-03,-5.070595691646722081e-01,-4.663867869548506961e-01,-4.257140047450292397e-01,-3.443684403253862159e-01,-1.816773114861001959e-01,1.437049461924718441e-01,7.944694615496159518e-01,2.095998492263904112e+00
2.502441406250000105e-06,-1.229641142295179179e-04,-3.914069320508848510e-02,4.287781827547337832e-01,8.966970587145560723e-01,1.832534810634200539e+00,3.704210314473489696e+00,7.447561322152068009e+00,1.493426333750922375e+01,2.990766736822353877e+01
2.506510416666666747e-06,-1.193609290975672366e-03,-3.799376375583813914e-01,-7.207345819110602125e-01,-1.061531526263739034e+00,-1.743125414969096898e+00,-3.106313192379812183e+00,-5.832688747201243196e+00,-1.128543985684410522e+01,-2.219094207612982927e+01
2.510579427083333389e-06,-1.760917021695007634e-03,-5.605172967548375240e-01,-7.410969559512672333e-01,-9.216766151476969426e-01,-1.282835933540556361e+00,-2.005154570326275199e+00,-3.449791843897712429e+00,-6.339066391040587334e+00,-1.211761548532633803e+01
2.514648437500000031e-06,4.041785260078256670e-04,1.286540206114832885e-01,8.178253379775545229e-01,1.506996655343625813e+00,2.885339290075768393e+00,5.642024559540053552e+00,1.115539509846862387e+01,2.218213617632576273e+01,4.423561833204004046e+01
2.518717447916666673e-06,-1.984731390329841361e-03,-6.317596229612885139e-01,-1.392173266532717335e+00,-2.152586910104146156e+00,-3.673414197247003798e+00,-6.715068771532719083e+00,-1.279837792010414965e+01,-2.496499621724701257e+01,-4.929823281153273484e+01
2.522786458333333315e-06,-9.940898833527000988e-04,-3.164286376264557332e-01,-1.097652291634049768e-03,3.142333330431876237e-01,9.448953037128310362e-01,2.206219245052117639e+00,4.728867127730691067e+00,9.774162893087838810e+00,1.986475442380213252e+01
2.526855468749999957e-06,6.845697305735143345e-05,2.179053130237236166e-02,3.600097002309442518e-01,6.982288691595160968e-01,1.374667207016659898e+00,2.727543882730947278e+00,5.433297234159522482e+00,1.084480393701667289e+01,2.166781734273097371e+01
2.530924479166666599e-06,7.639203779419290186e-05,2.431634085561738129e-02,2.684215040918928874e-02,2.936795996276119966e-02,3.441957906990501803e-02,4.452281728419265477e-02,6.472929371276792132e-02,1.051422465699184683e-01,1.859681522842195622e-01
2.534993489583333241e-06,-7.545686408434448822e-04,-2.401866581847345861e-01,-5.046896572249142121e-01,-7.691926562650939214e-01,-1.298198654345453340e+00,-2.356210650506171955e+00,-4.472234642827609186e+00,-8.704282627470483646e+00,-1.716837859675623434e+01
2.539062499999999883e-06,-1.953592304566598159e-04,-6.218477441161232577e-02,1.158171093607103797e-01,2.938189931330330573e-01,6.498227606776785237e-01,1.361830295766969234e+00,2.785845365945550878e+00,5.633875506302714165e+00,1.132993578701704074e+01
2.543131510416666525e-06,-5.709193626906028385e-04,-1.817292773581681009e-01,-3.012737803045957841e-01,-4.208182832510234950e-01,-6.599072891438788613e-01,-1.138085300929589483e+00,-2.094441324501011170e+00,-4.007153371643854101e+00,-7.832577465929539962e+00
2.547200520833333168e-06,-1.545690740194061163e-03,-4.920086435865108077e-01,-8.022880098141909055e-01,-1.112567376041871059e+00,-1.733126108497231144e+00,-2.974243573407951313e+00,-5.456478503229392096e+00,-1.042094836287227366e+01,-2.034988808215803502e+01
2.551269531249999810e-06,7.392470565612541122e-04,2.353096464357150863e-01,9.626279364580381248e-01,1.689946226480361302e+00,3.144582806525007435e+00,6.053855966614299255e+00,1.187240228679288379e+01,2.350949492715005462e+01,4.678368020786439274e+01
2.555338541666666875e-06,-4.512403692302768832e-04,-1.436342705712211343e-01,-5.225781875801496223e-01,-9.015221045890781104e-01,-1.659409938606934976e+00,-3.175185606642648928e+00,-6.206736942714076832e+00,-1.226983961485693264e+01,-2.439604495914264248e+01
2.559407552083333517e-06,-9.226743007069160285e-04,-2.936963516427271159e-01,-4.437584327141536056e-01,-5.938205137855800952e-01,-8.939446759284329636e-01,-1.494193000214138811e+00,-2.694689648785550506e+00,-5.095682945928373897e+00,-9.897669540214021566e+00
2.563476562500000159e-06,-9.387076857798604124e-04,-2.987999366204369123e-01,-3.039035215981158444e-01,-3.090071065757947211e-01,-3.192142765311524744e-01,-3.396286164418680920e-01,-3.804572962632992161e-01,-4.621146559061615200e-01,-6.254293751918861277e-01
2.567545572916666801e-06,5.313028174107614632e-04,1.691189393391468176e-01,6.370378152989690790e-01,1.104956691258791368e+00,2.040794443178435724e+00,3.912469947017724881e+00,7.655820954696303637e+00,1.514252297005345937e+01,3.011592700076777263e+01
2.571614583333333443e-06,1.193198631099789964e-05,3.798069204600290107e-03,-1.615228009293278033e-01,-3.268436710632558473e-01,-6.574854113311120463e-01,-1.318768891866824333e+00,-2.641335852938249129e+00,-5.286469775081098277e+00,-1.057673761936679746e+01
2.575683593750000085e-06,5.471729468844444000e-04,1.741705584456368361e-01,3.445430476867087366e-01,5.149155369277806926e-01,8.556605154099244936e-01,1.537150472374211985e+00,2.900130386302787411e+00,5.626090214159937375e+00,1.107800986987423819e+01
2.579752604166666727e-06,1.178287706700587023e-03,3.750606258116235825e-01,5.759506931776965377e-01,7.768407605437693819e-01,1.178620895275915181e+00,1.982181164740206780e+00,3.589301703668790200e+00,6.803542781525956151e+00,1.323202493724028983e+01
2.583821614583333369e-06,-3.237895666359236202e-04,-1.030654201033797540e-01,-5.811914660185576453e-01,-1.059317511933735467e+00,-2.015569603764091333e+00,-3.928073787424802621e+00,-7.753082154746225640e+00,-1.540309888938907079e+01,-3.070313235867476109e+01
2.587890625000000012e-06,-1.202687144893133109e-03,-3.828272082056413672e-01,-6.625889963083182455e-01,-9.423507844109950682e-01,-1.501874360616348936e+00,-2.620921513027056449e+00,-4.859015817848471031e+00,-9.335204427491301971e+00,-1.828758164677696030e+01
2.591959635416666654e-06,4.590709567828810123e-04,1.461268240038427479e-01,6.750808562136648705e-01,1.204034888423486827e+00,2.261942952843130961e+00,4.377759081682419229e+00,8.609391339360996653e+00,1.707265585471814973e+01,3.399918488543245587e+01
2.596028645833333296e-06,-4.677635210974528945e-04,-1.488937531614594190e-01,-4.439143303266379070e-01,-7.389349074918163396e-01,-1.328976061822173316e+00,-2.509058370482887046e+00,-4.869222987804315395e+00,-9.589552222447171204e+00,-1.903021069173288282e+01
2.600097656249999938e-06,-1.466503348410697072e-03,-4.668025139207569452e-01,-7.847112746796855998e-01,-1.102620035438614199e+00,-1.738437556956471619e+00,-3.010072599992186237e+00,-5.553342686063615474e+00,-1.063988285820647484e+01,-2.081296320249219178e+01
2.604166666666666580e-06,1.681298641528883309e-03,5.351739792260207240e-01,1.537150472373341792e+00,2.539126965520662971e+00,4.543079951815305328e+00,8.550985924404589156e+00,1.656679786958315859e+01,3.259842175994029390e+01,6.466166954065457162e+01
2.608235677083333222e-06,-1.019201122339552512e-03,-3.244217932502946877e-01,-1.184017565727973009e+00,-2.043613338205651164e+00,-3.762804883161007474e+00,-7.201187973071720982e+00,-1.407795415289314711e+01,-2.783148651253599937e+01,-5.533855123182170388e+01
2.612304687499999864e-06,-1.538571953439316076e-03,-4.897426633848412370e-01,-6.550635335187693364e-01,-8.203844036526973804e-01,-1.151026143920553579e+00,-1.812309624456265755e+00,-3.134876585527690551e+00,-5.780010507670540143e+00,-1.107027835195623844e+01
2.616373697916666506e-06,-2.842774985509777252e-04,-9.048833820837444419e-02,3.087659869701972482e-01,7.080203121487689266e-01,1.506528962505912173e+00,3.103546263220199108e+00,6.297580864648772092e+00,1.268565006750591984e+01,2.546178847322021355e+01
2.620442708333333148e-06,-1.019364377938813959e-03,-3.244737591215144934e-01,-5.584591800366931480e-01,-7.924446009518718581e-01,-1.260415442782229167e+00,-2.196357126442944008e+00,-4.068240493764373689e+00,-7.812007228407232162e+00,-1.529954069769294911e+01
2.624511718749999790e-06,-2.257788703360574800e-03,-7.186764651937529447e-01,-1.112879171265183098e+00,-1.507081877336613029e+00,-2.295487289479473336e+00,-3.872298113765193506e+00,-7.025919762336633845e+00,-1.333316305947951541e+01,-2.594764965376527854e+01
2.628580729166666855e-06,3.387389409397201234e-04,1.078239537365401068e-01,9.343243726651103698e-01,1.760824791593680549e+00,3.413825629450820909e+00,6.719827305165102516e+00,1.333183065659366484e+01,2.655583735945078772e+01,5.300385076516503347e+01
2.632649739583333498e-06,-1.139369882579899240e-03,-3.626726976452466777e-01,-8.331693490291759430e-01,-1.303666000413105319e+00,-2.244659303180963850e+00,-4.126645908716680466e+00,-7.890619119788114588e+00,-1.541856554193098283e+01,-3.047445838621672110e+01
2.636718750000000140e-06,-1.299213966525769592e-03,-4.135526498132089945e-01,-4.644326019783882598e-01,-5.153125541435675805e-01,-6.170724584739261109e-01,-8.205922671346432828e-01,-1.227631884456077627e+00,-2.041711119098946536e+00,-3.669869588384683468e+00
2.640787760416666782e-06,-6.441307568962884034e-04,-2.050331879151365277e-01,3.486273982184978550e-03,2.120057358795064684e-01,6.290446596741494645e-01,1.463122507263435512e+00,3.131278202442007164e+00,6.467589592799151355e+00,1.314021237351343885e+01
2.644856770833333424e-06,8.019112964845476199e-04,2.552562935134923827e-01,7.155457749420638391e-01,1.175835256370635351e+00,2.096414219227778375e+00,3.937572144942064423e+00,7.619887996370636074e+00,1.498451969922778027e+01,2.971378310494206687e+01
2.648925781250000066e-06,-4.604814787469990733e-04,-1.465758070897009158e-01,-5.484079076923795704e-01,-9.502400082950582805e-01,-1.753904209500415590e+00,-3.361232611911130430e+00,-6.575889416732559667e+00,-1.300520302637541903e+01,-2.586383024566113420e+01
2.652994791666666708e-06,5.079103200955614739e-05,1.616728761811908610e-02,1.789103823279401817e-01,3.416534770377612773e-01,6.671396664574034130e-01,1.318112045296687906e+00,2.620056802975256449e+00,5.223946318332393979e+00,1.043172534904666904e+01
2.657063802083333350e-06,-9.000118956734581843e-04,-2.864826840758761817e-01,-5.891326557723032264e-01,-8.917826274687302712e-01,-1.497082570861584472e+00,-2.707682457647292651e+00,-5.128882231218709009e+00,-9.971281778361541726e+00,-1.965608087264720893e+01
2.661132812499999992e-06,-1.083824429422008961e-03,-3.449920307725315438e-01,-4.035013774689594768e-01,-4.620107241653873542e-01,-5.790294175582431091e-01,-8.130668043439546189e-01,-1.281141577915377638e+00,-2.217291125058224122e+00,-4.089590219343916644e+00
2.665201822916666634e-06,7.217443711198257006e-04,2.297383686249433177e-01,8.044687680222657455e-01,1.379199167419588257e+00,2.528659966214233279e+00,4.827581563803523323e+00,9.425424758982103413e+00,1.862111114933926359e+01,3.701248393005358395e+01
2.669270833333333276e-06,7.776163354691334462e-04,2.475229672378362611e-01,2.653075658539075787e-01,2.830921644699788686e-01,3.186613617021215039e-01,3.897997561664067190e-01,5.320765450949771491e-01,8.166301229521180094e-01,1.385737278666399952e+00
2.673339843749999918e-06,-1.755104279723695981e-03,-5.586670435195336681e-01,-1.364857054278460602e+00,-2.171047065037387647e+00,-3.783427086555241736e+00,-7.008187129590949915e+00,-1.345770721566236539e+01,-2.635674738780519988e+01,-5.215482773209086531e+01
2.677408854166666560e-06,-9.082734716088225468e-04,-2.891124253715607328e-01,-1.955780722423946377e-02,2.499968109230818192e-01,7.891060472177243712e-01,1.867324519807009642e+00,4.023761464985580183e+00,8.336635355342719933e+00,1.696238313605700299e+01
2.681477864583333202e-06,1.303049349914431332e-04,4.147734902631251136e-02,3.720671234236357927e-01,7.026568978209590810e-01,1.363836446615605658e+00,2.686195544204899033e+00,5.330913739383484895e+00,1.062035012974065751e+01,2.119922291045500273e+01
2.685546874999999844e-06,-1.180024739866780692e-03,-3.756135406410521793e-01,-7.927044303062324992e-01,-1.209795319971412653e+00,-2.043977099301773404e+00,-3.712340657962494461e+00,-7.049067775283936577e+00,-1.372252200992682170e+01,-2.706943047921258838e+01
2.689615885416666486e-06,-2.058922318120437467e-03,-6.553753287421829610e-01,-9.351371168448597837e-01,-1.214898904947536717e+00,-1.774422481152890363e+00,-2.893469633563598098e+00,-5.131563938385013124e+00,-9.607752548027843176e+00,-1.856012976731350150e+01
2.693684895833333128e-06,-1.571618257166562671e-03,-5.002616285630560045e-01,-3.451479283844835488e-01,-1.900342282059110655e-01,1.201931721512339429e-01,7.406479728655239736e-01,1.981557574294104063e+00,4.463376777151263575e+00,9.427015182865584819e+00
2.697753906250000194e-06,-2.933553524542276136e-04,-9.337790885111099670e-02,3.135058108587114867e-01,7.203895305685339423e-01,1.534156969988178965e+00,3.161691848827469009e+00,6.416761606506049098e+00,1.292690112186320839e+01,2.594718015257752697e+01
2.701822916666666836e-06,-1.435905878636845046e-03,-4.570630367995301424e-01,-8.207481647459592411e-01,-1.184433292692388173e+00,-1.911803548585246482e+00,-3.366544060370962654e+00,-6.276025083942395000e+00,-1.209498713108525969e+01,-2.373291122537099085e+01
2.705891927083333478e-06,1.208558665275916155e-03,3.846961711904108849e-01,1.226455379181482730e+00,2.068214587172554353e+00,3.751733003154698487e+00,7.118769835118985867e+00,1.385284349904756063e+01,2.732099082690471192e+01,5.425728548261901096e+01
2.709960937500000120e-06,1.618819383466529871e-04,5.152862137033453749e-02,-2.816389284510935065e-01,-6.148064782725215505e-01,-1.281141577915377638e+00,-2.613811777201089814e+00,-5.279152175772514610e+00,-1.060983297291536331e+01,-2.127119456720106072e+01
2.714029947916666762e-06,-1.388132234609429361e-03,-4.418562136065785073e-01,-9.352410485842557186e-01,-1.428625883561932985e+00,-2.415395553517287741e+00,-4.388934893427996364e+00,-8.336013573249415387e+00,-1.623017093289224988e+01,-3.201848565217792242e+01
2.718098958333333404e-06,1.537836180105500716e-04,4.895084594586973648e-02,5.397579054994422476e-01,1.030564965053014648e+00,2.012179084160159448e+00,3.975407322374449492e+00,7.901863798803029582e+00,1.575477675166018976e+01,3.146060265737450834e+01
2.722167968750000046e-06,1.790798388157099907e-05,5.700288311124022782e-03,-3.755026932280446789e-02,-8.080082695673294901e-02,-1.673019422245899390e-01,-3.403041727603038913e-01,-6.863086338317317958e-01,-1.378317555974587716e+00,-2.762335400260299334e+00
2.726236979166666688e-06,-2.538781081121044281e-03,-8.081191169772007354e-01,-1.621938522267380778e+00,-2.435757927557560709e+00,-4.063396738137920572e+00,-7.318674359298641185e+00,-1.382922960162008152e+01,-2.685034008626296043e+01,-5.289256105554872534e+01
2.730305989583333330e-06,-1.787824072259525110e-03,-5.690820769575706262e-01,-3.300450369352503355e-01,-9.100799691293005866e-02,3.870660831317105366e-01,1.343214243220991699e+00,3.255510563399553803e+00,7.080103203756678454e+00,1.472928848447092776e+01
2.734374999999999972e-06,1.240135668624020582e-03,3.947474435321711717e-01,1.358576964023242573e+00,2.322406484514313973e+00,4.250065525496457219e+00,8.105383607460742823e+00,1.581601977138931403e+01,3.123729209924645644e+01,6.207983675496074483e+01
2.738444010416666614e-06,-1.747985492968950894e-03,-5.564010633178639864e-01,-1.507549570170543030e+00,-2.458698077023222073e+00,-4.360995090728580159e+00,-8.165589118139296332e+00,-1.577477717296072868e+01,-3.099315328260359337e+01,-6.142990550188932275e+01
2.742513020833333256e-06,-1.821011905320801816e-04,-5.796460923219922540e-02,4.404718448526218633e-01,9.389082989374428756e-01,1.935781207107085011e+00,3.929527023446369505e+00,7.917018656124938047e+00,1.589200192148207513e+01,3.184196845219635108e+01
2.746582031249999898e-06,4.250451194707238756e-04,1.352960636017018214e-01,3.285567364365239440e-01,5.218174092713460110e-01,9.083387549409902562e-01,1.681381446280278524e+00,3.227466828958855505e+00,6.319637594316009022e+00,1.250397912503031606e+01
2.750651041666666540e-06,-2.323391544031494504e-03,-7.395584979410467774e-01,-1.614413059481224266e+00,-2.489267621021402199e+00,-4.238976744101757177e+00,-7.738394990262468021e+00,-1.473723148258388882e+01,-2.873490446722673042e+01,-5.673025043651241361e+01
2.754720052083333182e-06,-4.938542936727685628e-04,-1.571987040103552946e-01,4.251610899182157732e-01,1.007520883846786841e+00,2.172240471703928755e+00,4.501679647418213470e+00,9.160557998846782013e+00,1.847831470170391910e+01,3.711382810741819327e+01
2.758789062499999824e-06,-5.817930281750705035e-04,-1.851904725809296326e-01,-2.131822411523587313e-01,-2.411740097237878022e-01,-2.971575468666459718e-01,-4.091246211523623666e-01,-6.330587697237951561e-01,-1.080927066866660624e+00,-1.976663661152391560e+00
2.762858072916666467e-06,-5.498895136284431828e-04,-1.750352684967297623e-01,-1.648800644119070569e-01,-1.547248603270843514e-01,-1.344144521574389128e-01,-9.379363581814807727e-02,-1.255200313956638183e-02,1.499312622175970056e-01,4.748977929319238012e-01
2.766927083333333532e-06,-9.254496458623862054e-04,-2.945797714432855652e-01,-4.141242743897132206e-01,-5.336687773361409315e-01,-7.727577832289962423e-01,-1.250935795014707086e+00,-2.207291818586128329e+00,-4.120003865728971704e+00,-7.945427960014657565e+00
2.770996093750000174e-06,5.685293071380215224e-04,1.809684990472530119e-01,6.565167695383239410e-01,1.132065040029394787e+00,2.083161581011536700e+00,3.985354662975820084e+00,7.789740826904386850e+00,1.539851315476152038e+01,3.061605781047578745e+01
2.775065104166666816e-06,1.175675617147931007e-03,3.742291718834158121e-01,5.674898447182379346e-01,7.607505175530600017e-01,1.147271863222704136e+00,1.920314554561992626e+00,3.466399937240569162e+00,6.558570702597722679e+00,1.274291223331202971e+01
2.779134114583333458e-06,5.709354078931028198e-05,1.817343847047496810e-02,-3.378822949447032875e-01,-6.939380283598816090e-01,-1.406049495190238030e+00,-2.830272428850951094e+00,-5.678718296172377222e+00,-1.137561003081522948e+01,-2.276939350010093577e+01
2.783203125000000100e-06,1.191545746621613944e-03,3.792807909899058583e-01,7.403881435122279253e-01,1.101495496034549992e+00,1.823710201079194126e+00,3.268139611168482617e+00,6.156998431347059153e+00,1.193471607170421223e+01,2.349015135241851837e+01
2.787272135416666742e-06,3.366166181706375937e-04,1.071483974174681775e-01,-1.649839961539600885e-01,-4.371163897253883546e-01,-9.813811768682448866e-01,-2.069910751153957840e+00,-4.246969899725383968e+00,-8.601088196868236224e+00,-1.730932479115394074e+01
2.791341145833333384e-06,-3.745018114074127880e-04,-1.192076289647170106e-01,-3.455636553486448603e-01,-5.719196817325727933e-01,-1.024631734500428548e+00,-1.930055840036140058e+00,-3.740904051107563077e+00,-7.362600473250409117e+00,-1.460599331753610031e+01
2.795410156250000026e-06,4.004236472781030898e-04,1.274588055903913553e-01,3.741252401439646436e-01,6.207916746975379318e-01,1.114124543804684508e+00,2.100790282018977884e+00,4.074121758447564190e+00,8.020784711304736803e+00,1.591411061701908203e+01
2.799479166666666668e-06,-1.429156336385517534e-04,-4.549145907737173894e-02,-2.184417237425484160e-01,-3.913919884077250999e-01,-7.372925177380784678e-01,-1.429093576398785093e+00,-2.812695693720198342e+00,-5.579899928363025730e+00,-1.111430839764867962e+01
2.803548177083333311e-06,-1.021813211899313956e-03,-3.252532471807642045e-01,-6.050150352834411382e-01,-8.847768233861179610e-01,-1.444300399591471606e+00,-2.563347552002179341e+00,-4.801441856823593923e+00,-9.277630466466423087e+00,-1.823000768575208497e+01
2.807617187499999953e-06,1.191219235430196477e-03,3.791768592497279933e-01,1.083606965678300948e+00,1.788037072106873682e+00,3.196897284964019370e+00,6.014617710678311191e+00,1.165005856210689394e+01,2.292094026496405945e+01,4.546270367067839402e+01
2.811686197916666595e-06,4.081954564156831111e-04,1.299326492724165727e-01,-1.193115607052614852e-01,-3.685557706829395430e-01,-8.670441906382957420e-01,-1.864021030549007918e+00,-3.857974710370432714e+00,-7.845882070013281862e+00,-1.582169678929897927e+01
2.815755208333333237e-06,-5.186390214646507957e-04,-1.650879278928855665e-01,-4.601085050580640545e-01,-7.551290822232424871e-01,-1.345170236553599574e+00,-2.525252545214313304e+00,-4.885417162535740765e+00,-9.605746397178597462e+00,-1.904640486646430730e+01
2.819824218749999879e-06,-1.205789001240020752e-03,-3.838145597463776815e-01,-6.025411915990569467e-01,-8.212678234517362119e-01,-1.258721087157094853e+00,-2.133627614567811914e+00,-3.883440669389246036e+00,-7.383066779032114724e+00,-1.438231899831785121e+01
2.823893229166666521e-06,-1.653254482903321332e-03,-5.262472462857979982e-01,-6.686799328259758202e-01,-8.111126193661537531e-01,-1.095977992446509397e+00,-1.665708738607220907e+00,-2.805170230928644148e+00,-5.084093215571489743e+00,-9.641939184857182710e+00
2.827962239583333163e-06,-1.357698020441944209e-03,-4.321687023588332011e-01,-3.380901584302604679e-01,-2.440116145016877902e-01,-5.585452664454237243e-02,3.204596490697484423e-01,1.073088000498330086e+00,2.578344703355493372e+00,5.588858109069819946e+00
2.832031249999999805e-06,-9.902362085512095291e-04,-3.152019748390039178e-01,-1.982352473166810181e-01,-8.126851979435811835e-02,1.526649352502876811e-01,6.205318453395792799e-01,1.556265665518162589e+00,3.427733305875328984e+00,7.170668586589662219e+00
2.836100260416666870e-06,-6.227743966391585673e-04,-1.982352473123894787e-01,-8.126851979006657900e-02,3.569820773225632765e-02,2.696316627769021479e-01,7.374985728661938023e-01,1.673232393044777000e+00,3.544700033401943617e+00,7.287635314116276852e+00
2.840169270833333512e-06,-2.891842063924343620e-03,-9.205019182292561997e-01,-1.642768589144435465e+00,-2.365035260059614508e+00,-3.809568601889973039e+00,-6.698635285550690099e+00,-1.247676865287212422e+01,-2.403303538751499246e+01,-4.714556885680072895e+01
2.844238281250000154e-06,-1.901200556943649644e-03,-6.051709328932926013e-01,-2.898399475584709228e-01,2.549103777635077644e-02,6.561530084459941126e-01,1.917476949785280826e+00,4.440124832463854254e+00,9.485420597821001110e+00,1.957601212853529660e+01
2.848307291666666797e-06,-8.865906001531698166e-04,-2.822105530263741557e-01,4.074982683969611413e-02,3.637102067057663701e-01,1.009630966437907063e+00,2.301472485902188225e+00,4.885155524830750551e+00,1.005252160268787520e+01,2.038725375840212450e+01
2.852376302083333439e-06,2.957985052987055496e-04,9.415558855496637680e-02,4.705217301397878749e-01,8.468878717246093313e-01,1.599620154894252355e+00,3.105084721233538403e+00,6.116013853912110498e+00,1.213787211926925380e+01,2.418158864998354218e+01
2.856445312500000081e-06,-1.589773965001484157e-03,-5.060407698575760671e-01,-1.106237128272753445e+00,-1.706433486687930934e+00,-2.906826203518285912e+00,-5.307611637178995423e+00,-1.010918250450041533e+01,-1.971232423914325338e+01,-3.891860770842892947e+01
2.860514322916666723e-06,3.596055344061710457e-04,1.144659967278895407e-01,7.349727633127124404e-01,1.355479529897535285e+00,2.596493063067180973e+00,5.078520129406472350e+00,1.004257426208505599e+01,1.997068252744222150e+01,3.982689905815655607e+01
2.864583333333333365e-06,-6.151658431008399930e-04,-1.958133695015840114e-01,-5.060927357292640538e-01,-8.163721019569442072e-01,-1.436930834412304403e+00,-2.678048299323024573e+00,-5.160283229144464912e+00,-1.012475308878734737e+01,-2.005369280807310872e+01
2.868652343750000007e-06,-2.141211566247136489e-03,-6.815688099475422090e-01,-1.167324250393970919e+00,-1.653079690840399518e+00,-2.624590571733256716e+00,-4.567612333518971113e+00,-8.453655857090399905e+00,-1.622574290423326104e+01,-3.176991699851897621e+01
2.872721354166666649e-06,7.429374757776940896e-04,2.364843433564705610e-01,1.154537496660041684e+00,2.072590649963612641e+00,3.908696956570754555e+00,7.580909569785038826e+00,1.492533479621360648e+01,2.961418524907074357e+01,5.899188615478501418e+01
2.876790364583333291e-06,9.186516891901419513e-04,2.924159146286611222e-01,3.483474859009820235e-01,4.042790571733029803e-01,5.161421997179447274e-01,7.398684848072283327e-01,1.187321054985795543e+00,2.082226195342930186e+00,3.872036476057199028e+00
2.880859374999999933e-06,-1.278510628658580117e-03,-4.069625726930793386e-01,-1.106341060014506272e+00,-1.805719547335933095e+00,-3.204476521978786518e+00,-6.001990471264494253e+00,-1.159701836983590795e+01,-2.278707416697873711e+01,-4.516718576126439899e+01
2.884928385416666575e-06,6.948373205517555107e-04,2.211735884210793979e-01,8.493097495371508820e-01,1.477445910653222283e+00,2.733718232885365307e+00,5.246262877349651355e+00,1.027135216627822345e+01,2.032153074413536586e+01,4.042188789984965069e+01
2.888997395833333217e-06,2.953087385151320632e-04,9.399969094583049412e-02,-3.317420653184798701e-02,-1.603481040095264820e-01,-4.146958989648834581e-01,-9.233914888755974104e-01,-1.940782668697025315e+00,-3.975565028339881124e+00,-8.045129747625592742e+00
2.893066406249999859e-06,-1.782011330277555317e-03,-5.672318237188740397e-01,-1.228463338384053527e+00,-1.889694853049233014e+00,-3.212157882379591989e+00,-5.857083941040309938e+00,-1.114693605836174584e+01,-2.172664029300461763e+01,-4.288604876229035767e+01
2.897135416666666501e-06,1.194312695034227545e-04,3.801615380242012732e-02,6.432641313247413617e-01,1.248512108847062763e+00,2.459008063891705120e+00,4.879999973980989836e+00,9.721983794159561043e+00,1.940595143451670168e+01,3.877388671523097941e+01
2.901204427083333143e-06,1.753032338598359274e-04,5.580075241757481708e-02,7.358535103364612084e-02,9.136994964971742461e-02,1.269391468818600321e-01,1.980775413461452750e-01,3.403543302747157329e-01,6.249079081318565931e-01,1.194015063846138425e+00
2.905273437500000209e-06,-8.234365934498555362e-04,-2.621080083405918359e-01,-5.800167690995204905e-01,-8.979255298584492007e-01,-1.533743051376306621e+00,-2.805378094412021017e+00,-5.348648180483450254e+00,-1.043518835262630873e+01,-2.060826869691202745e+01
2.909342447916666851e-06,-1.198996725676693131e-03,-3.816525112848859203e-01,-5.011970142313135756e-01,-6.207415171777412866e-01,-8.598305230705965974e-01,-1.338008534856307330e+00,-2.294364558427728795e+00,-4.207076605570571282e+00,-8.032500699856257143e+00
2.913411458333333493e-06,-9.753456126446735652e-04,-3.104621509507856647e-01,-2.392717906159631536e-01,-1.680814302811406424e-01,-2.570070961149562017e-02,2.590607317277944244e-01,8.285836144063745135e-01,1.967629379763534470e+00,4.245720910477854382e+00
2.917480468750000135e-06,-1.470747993934651277e-03,-4.681536265543773112e-01,-6.258451021570567985e-01,-7.835365777597362857e-01,-1.098919528965095260e+00,-1.729685431375813209e+00,-2.991217236197249107e+00,-5.514280845840120904e+00,-1.056040806512586450e+01
2.921549479166666777e-06,-1.966150375224628988e-03,-6.258451021579690687e-01,-7.835365777606485560e-01,-9.412280533633280433e-01,-1.256611004568686907e+00,-1.887376906979404856e+00,-3.148908711800840976e+00,-5.671972321443712772e+00,-1.071809954072945636e+01
2.925618489583333419e-06,3.116602380970334707e-05,9.920453491667983320e-03,6.456860091389879930e-01,1.281451564786308062e+00,2.552982676080948199e+00,5.096044898670228029e+00,1.018216934384878947e+01,2.035441823420590879e+01,4.069891601492015099e+01
2.929687500000000061e-06,-8.835811080132316420e-06,-2.812526019258394447e-03,-1.554550552818588158e-02,-2.827848503711337044e-02,-5.374444405496834470e-02,-1.046763620906782932e-01,-2.065401981620982041e-01,-4.102678703049379982e-01,-8.177232145906175864e-01
2.933756510416666703e-06,-1.846471381760750319e-03,-5.877500953698912012e-01,-1.172687664722569245e+00,-1.757625234075247178e+00,-2.927500372780603488e+00,-5.267250650191315664e+00,-9.946751205012740016e+00,-1.930575231465558872e+01,-3.802375453394128613e+01
2.937825520833333345e-06,3.665610655545492591e-04,1.166800110560776149e-01,8.211101174846504591e-01,1.525540223913223414e+00,2.934400436770368881e+00,5.752120862484660258e+00,1.138756171391324301e+01,2.265844341677041029e+01,4.520020682248473776e+01
2.941894531249999987e-06,-1.159484657591747236e-03,-3.690754293898805827e-01,-8.548308698363092928e-01,-1.340586310282738003e+00,-2.312097191175595423e+00,-4.255118952961310264e+00,-8.141162476532739944e+00,-1.591324952367559753e+01,-3.145742361796131448e+01
2.945963541666666629e-06,-1.439170990579441423e-03,-4.581023542103553337e-01,-5.471292790317842103e-01,-6.361562038532130314e-01,-8.142100534960708957e-01,-1.170317752781786513e+00,-1.882533151353217526e+00,-3.306963948496079553e+00,-6.155825542781804494e+00
2.950032552083333271e-06,-9.039300300059949222e-04,-2.877298649693187382e-01,-1.173573757282468516e-01,5.301511351282504197e-02,3.937600919949688638e-01,1.075250048959256466e+00,2.438229962887831448e+00,5.164189790744981856e+00,1.061610944645928356e+01
2.954101562499999913e-06,-8.001211660300100448e-04,-2.546864772922544096e-01,-2.216430896136837025e-01,-1.885997019351129955e-01,-1.225129265779715815e-01,9.660624136311224061e-03,2.740077255648768473e-01,8.027019284220080486e-01,1.860090334136270451e+00
2.958170572916666555e-06,-2.158387740500700147e-03,-6.870361560192670414e-01,-1.119385834746944530e+00,-1.551735513474622019e+00,-2.416434870929976775e+00,-4.145833585840686730e+00,-7.604631015662106641e+00,-1.452222587530494557e+01,-2.835741559459062344e+01
2.962239583333333197e-06,-1.610713414734732396e-04,-5.127060037189175301e-02,5.844949552754282740e-01,1.220260510922748454e+00,2.491791622217388369e+00,5.034853844806669088e+00,1.012097828998522964e+01,2.029322718034234896e+01,4.063772496105659116e+01
2.966308593749999839e-06,-7.283790721999139350e-04,-2.318502595706096736e-01,-4.124299187670393274e-01,-5.930095779634690922e-01,-9.541688963563283998e-01,-1.676487533142047237e+00,-3.121124806713484467e+00,-6.010399353856359816e+00,-1.178894844814210963e+01
2.970377604166666481e-06,-1.056002304807179826e-03,-3.361359734529940635e-01,-4.404216873369223295e-01,-5.447074012208505955e-01,-7.532788289887072386e-01,-1.170421684524420414e+00,-2.004707395595846542e+00,-3.673278817738699242e+00,-7.010421662024404199e+00
2.974446614583333123e-06,1.743237002784780998e-04,5.548895719477960758e-02,4.471138878421004881e-01,8.387388184894213339e-01,1.621988679784063025e+00,3.188488402373346631e+00,6.321487847551913397e+00,1.258748673790904782e+01,2.511948451862331666e+01
2.978515625000000189e-06,-9.442583760801426251e-04,-3.005667762181612468e-01,-6.566225096333394573e-01,-1.012678243048517723e+00,-1.724789709878874255e+00,-3.149012643539587319e+00,-5.997458510861013892e+00,-1.169435024550386615e+01,-2.308813371478957066e+01
2.982584635416666831e-06,-7.206072630481230590e-04,-2.293764158840609635e-01,-1.581860555492384801e-01,-8.699569521441595510e-02,5.538502545522905329e-02,3.401464667945190978e-01,9.096693494730991869e-01,2.048715114830259143e+00,4.326806645544579055e+00
2.986653645833333473e-06,-9.283882466064596883e-04,-2.955151571116712006e-01,-3.616538983393498552e-01,-4.277926395670285653e-01,-5.600701220223859300e-01,-8.246250869331006594e-01,-1.353735016754530118e+00,-2.411954876397389036e+00,-4.528394595683106871e+00
2.990722656250000115e-06,-1.534627879280492380e-04,-4.884872255882456021e-02,1.978177119947487350e-01,4.444841465483220233e-01,9.378170156554685999e-01,1.924482753869761753e+00,3.897814230298348281e+00,7.844477183155521338e+00,1.573780308886986568e+01
2.994791666666666757e-06,-2.829994101986699206e-03,-9.008151005041852288e-01,-1.752781478450612607e+00,-2.604747856397040096e+00,-4.308680612289895073e+00,-7.716546124075605029e+00,-1.453227714764702405e+01,-2.816373919478986210e+01,-5.542666328907554174e+01
2.998860677083333399e-06,-1.615611082641521534e-04,-5.142649798328936123e-02,7.979621045390310474e-01,1.647350707061351560e+00,3.346127912105992586e+00,6.743682322195274637e+00,1.353879114237383696e+01,2.712900878273096339e+01,5.430944406344521980e+01
3.002929687500000041e-06,4.216167519288660515e-04,1.342047803196568800e-01,3.198360586232281699e-01,5.054673369267994598e-01,8.767298935339420396e-01,1.619255006748227199e+00,3.104305233176797518e+00,6.074405686033938601e+00,1.201460659174821899e+01
3.006998697916666683e-06,-1.224271220266359705e-03,-3.896976327810754981e-01,-9.136000458837537641e-01,-1.437502458986432030e+00,-2.485307285191788562e+00,-4.580916937602501626e+00,-8.772136242423927754e+00,-1.715457485206678001e+01,-3.391945207135248097e+01
3.011067708333333325e-06,-5.691880106368785164e-04,-1.811781708830030591e-01,2.734129101431844594e-02,2.358607529116399371e-01,6.528996767062829054e-01,1.486977524295568953e+00,3.155133219474140827e+00,6.491444609831284573e+00,1.316406739054557207e+01
3.015136718749999967e-06,2.536743476611036385e-04,8.074705273175325493e-02,3.426722763478237122e-01,6.045974999638942249e-01,1.128447947196035139e+00,2.176148841660316968e+00,4.271550630588881070e+00,8.462354208446008386e+00,1.684396136416026479e+01
3.019205729166666610e-06,-9.368130781410854979e-04,-2.981968642785755574e-01,-6.771407812875039900e-01,-1.056084698296432478e+00,-1.813972532314289454e+00,-3.329748200350003184e+00,-6.361299536421430645e+00,-1.242440220856428645e+01,-2.455060755284999630e+01
3.023274739583333252e-06,-2.079363604316597502e-03,-6.618819922247329846e-01,-1.025567120171162028e+00,-1.389252248117591071e+00,-2.116622504010449379e+00,-3.571363015796165552e+00,-6.480844039367598342e+00,-1.229980608651046303e+01,-2.393773018079619419e+01
3.027343749999999894e-06,-1.951586290523721345e-03,-6.212092100144520623e-01,-5.805364278046305504e-01,-5.398636455948090385e-01,-4.585180811751660146e-01,-2.958269523358799669e-01,2.955530534269205922e-02,6.803198206998360975e-01,1.981848851414124368e+00
3.031412760416666536e-06,4.292253054742900531e-04,1.366266581327240659e-01,8.944625262800459664e-01,1.652298394427367700e+00,3.167970130722011390e+00,6.199313603311298770e+00,1.226200054848987442e+01,2.438737443884702216e+01,4.863812221956132475e+01
3.035481770833333178e-06,5.366517324034703051e-05,1.708215518616827341e-02,-1.024623477602594063e-01,-2.220068507066870755e-01,-4.610958565995424419e-01,-9.392738683852531745e-01,-1.895629891956674529e+00,-3.808341939099517681e+00,-7.633766033385203542e+00
3.039550781249999820e-06,7.087483828698282196e-04,2.256016170842407298e-01,4.341210789815622140e-01,6.426405408788836704e-01,1.059679464673526805e+00,1.893757312262812631e+00,3.561913007441384504e+00,6.898224397798528251e+00,1.357084717851281574e+01
3.043619791666666462e-06,-7.427539615179057364e-05,-2.364259289533242325e-02,-2.728868028730104811e-01,-5.221310128506885251e-01,-1.020619432806044724e+00,-2.017596272716756900e+00,-4.011549952538181252e+00,-7.999457312181030844e+00,-1.597527203146673003e+01
3.047688802083333527e-06,1.733441667042256995e-04,5.517716197424612362e-02,1.339969168403172262e-01,2.128166717063883218e-01,3.704561814385305407e-01,6.857352009028149231e-01,1.316293239831383799e+00,2.577409317688521551e+00,5.099641473402796166e+00
3.051757812500000169e-06,1.547480870648598739e-03,4.925784598077487808e-01,9.299797576425701262e-01,1.367381055477391305e+00,2.242183651147033885e+00,3.991788842486319044e+00,7.490999225164888919e+00,1.448941999052203045e+01,2.848626152123631172e+01
3.055826822916666811e-06,4.540359731208809535e-05,1.445241389274542695e-02,-4.636736320224324470e-01,-9.417996779376103245e-01,-1.898051769767965968e+00,-3.810555953428677256e+00,-7.635564320750100720e+00,-1.528558105539294587e+01,-3.058561452467863617e+01
3.059895833333333453e-06,-4.253513719021384532e-05,-1.353935467782889195e-02,-4.153112324925798543e-02,-6.952289182068707718e-02,-1.255064289635452746e-01,-2.374735032492616416e-01,-4.614076518206943756e-01,-9.092759489635598991e-01,-1.805012543249290724e+00
3.063964843750000096e-06,-7.536535667824750817e-04,-2.398953810645375329e-01,-4.662514074484654381e-01,-6.926074338323933155e-01,-1.145319486600248959e+00,-2.050743592135960469e+00,-3.861591803207383489e+00,-7.483288225350229972e+00,-1.472668106963592116e+01
3.068033854166666738e-06,-3.622233050677436950e-04,-1.152992590092299929e-01,9.296863044341508592e-03,1.338929850979130032e-01,3.830852292050559993e-01,8.814697174193419915e-01,1.878238693847914087e+00,3.871776646705058056e+00,7.858852552419345550e+00
3.072102864583333380e-06,-1.121278634272471209e-03,-3.569140744555865941e-01,-5.985288899020160258e-01,-8.401437053484455131e-01,-1.323373336241304488e+00,-2.289832598027022215e+00,-4.222751121598458113e+00,-8.088588168741329909e+00,-1.582026226302707350e+01
3.076171875000000022e-06,-1.376996517450379542e-03,-4.383116047451064423e-01,-5.197091350352845973e-01,-6.011066653254626413e-01,-7.639017259058188403e-01,-1.089491847066531127e+00,-1.740672089387955923e+00,-3.043032574030805293e+00,-5.647753543316503588e+00
3.080240885416666664e-06,1.339373375891739215e-03,4.263357868376990156e-01,1.290983178422520972e+00,2.155630570007343039e+00,3.884925353176987173e+00,7.343514919516275441e+00,1.426069405219485198e+01,2.809505231755200327e+01,5.576376884826630942e+01
3.084309895833333306e-06,1.009490504699783742e-04,3.213308076546055742e-02,-3.620696253059695335e-01,-7.562723313773995759e-01,-1.544677743520259661e+00,-3.121488567805979830e+00,-6.275110216377420613e+00,-1.258235351352030129e+01,-2.519684010780606442e+01
3.088378906249999948e-06,-2.120181717181424119e-03,-6.748748010849729972e-01,-1.381882682937652929e+00,-2.088890564790332860e+00,-3.502906328495692279e+00,-6.330937855906412004e+00,-1.198700091072785057e+01,-2.329912702037072947e+01,-4.592337923965648372e+01
3.092447916666666590e-06,3.804721278726219680e-04,1.211080397192389607e-01,9.170908805228104033e-01,1.713073721326381804e+00,3.305039402933524606e+00,6.488970766147810210e+00,1.285683349257638142e+01,2.559255894543352383e+01,5.106400985114780866e+01
3.096516927083333232e-06,-2.679554383163917919e-03,-8.529286507281842455e-01,-1.826965341174613400e+00,-2.801002031621042665e+00,-4.749075412513900751e+00,-8.645222174299618700e+00,-1.643751569787105282e+01,-3.202210274501391751e+01,-6.319127683929965400e+01
3.100585937499999874e-06,-1.041764731304795077e-03,-3.316040130519166129e-01,1.897206246266546492e-01,7.110452623052259113e-01,1.753694537662368491e+00,3.838993088376653429e+00,8.009590189805223304e+00,1.635078439266236572e+01,3.303317279837664699e+01
3.104654947916666516e-06,-5.112322432410110196e-05,-1.627302771595302150e-02,2.990579576188686639e-01,6.143889429536903979e-01,1.245050913623333644e+00,2.506374854962620358e+00,5.029022737641193785e+00,1.007431850299834153e+01,2.016491003371263346e+01
3.108723958333333158e-06,7.477706841712006280e-04,2.380228013701101708e-01,4.923186304549320713e-01,7.466144595397539163e-01,1.255206117709397828e+00,2.272389434048685430e+00,4.306756066727260190e+00,8.375489332084411487e+00,1.651295586279871230e+01
3.112792968749999800e-06,-1.353517834438378031e-03,-4.308381078278109566e-01,-1.099699017024239112e+00,-1.768559926220667045e+00,-3.106281744613523355e+00,-5.781725381399235530e+00,-1.113261265497065899e+01,-2.183438720211350770e+01,-4.323793629639920510e+01
3.116861979166666866e-06,7.636408136448835648e-04,2.430744204766002170e-01,9.169869487801720620e-01,1.590899477083743907e+00,2.938724533690887597e+00,5.634374646905174977e+00,1.102567487333375063e+01,2.180827532619089837e+01,4.337347623190520096e+01
3.120930989583333508e-06,4.585484440156051278e-06,1.459605030243615875e-03,-2.401552104161858714e-01,-4.817700258626153587e-01,-9.649996567554742777e-01,-1.931458918541192116e+00,-3.864377442112628014e+00,-7.730214489255499366e+00,-1.546188858354124385e+01
3.125000000000000150e-06,-6.585960455183226259e-04,-2.096376322900319056e-01,-4.207348696114603936e-01,-6.318321069328888262e-01,-1.054026581575745913e+00,-1.898415530861459644e+00,-3.587193429432887548e+00,-6.964749226575743357e+00,-1.371986082086145409e+01
3.129069010416666792e-06,1.642663127867649564e-04,5.228759132698611312e-02,3.142128149430565842e-01,5.761380385591270414e-01,1.099988485791268067e+00,2.147689380255549896e+00,4.243091169184113554e+00,8.433894747041241757e+00,1.681550190275549639e+01
3.133138020833333434e-06,-1.385747860176422819e-03,-4.410972436521886642e-01,-9.344820786298658755e-01,-1.427866913607543253e+00,-2.414636583562897787e+00,-4.388175923473606410e+00,-8.335254603295025433e+00,-1.622941196293785993e+01,-3.201772668222353246e+01
3.137207031250000076e-06,-1.665434193171222432e-03,-5.301241684749250505e-01,-6.191510932963539826e-01,-7.081780181177829148e-01,-8.862318677606406681e-01,-1.242339567046356175e+00,-1.954554965617787410e+00,-3.378985762760649436e+00,-6.227847357046373489e+00
3.141276041666666718e-06,1.050935700178001753e-03,3.345232231101420983e-01,1.199170614694964110e+00,2.063818006279786399e+00,3.793112789449430533e+00,7.251702355788718357e+00,1.416888148846729578e+01,2.800323975382444885e+01,5.567195628453875145e+01
3.145345052083333360e-06,8.431547166196651233e-04,2.683844818825318890e-01,2.022457406548532066e-01,1.361069994271745243e-01,3.829516971817148278e-03,-2.607254479388976254e-01,-7.898353777603270842e-01,-1.848055237403186224e+00,-3.964494956688904281e+00
3.149414062500000002e-06,-9.705124042511670268e-04,-3.089236929371460549e-01,-8.862318677585755422e-01,-1.463540042580004918e+00,-2.618156392222863893e+00,-4.927389091508581842e+00,-9.545854490080017740e+00,-1.878278528722288954e+01,-3.725664688150862958e+01
3.153483072916666644e-06,1.399713517713507827e-04,4.455426505132999843e-02,3.980322230424034879e-01,7.515101810334769983e-01,1.458466097015624019e+00,2.872377928979918060e+00,5.700201592908506143e+00,1.135584892076568231e+01,2.266714357648003286e+01
3.157552083333333286e-06,-6.670208770458430081e-04,-2.123193394546745438e-01,-4.691929439636012278e-01,-7.260665484725278285e-01,-1.239813757490381141e+00,-2.267308175526087766e+00,-4.322297011597501459e+00,-8.432274683740327959e+00,-1.665223002802598273e+01
3.161621093749999928e-06,-1.737666053799102883e-03,-5.531162838102291479e-01,-8.939132281629080801e-01,-1.234710172515586901e+00,-1.916304061220944543e+00,-3.279491838631660272e+00,-6.005867393453090841e+00,-1.145861850309595376e+01,-2.236412072238167781e+01
3.165690104166666570e-06,-6.990876471988372032e-04,-2.225265094123558829e-01,1.080632649849674054e-01,4.386530393822906659e-01,1.099832588176937298e+00,2.422191685766230229e+00,5.066909880944816535e+00,1.035634627130198915e+01,2.093521905201633615e+01
3.169759114583333212e-06,5.552068076966065746e-04,1.767278157663726146e-01,5.759821409449442653e-01,9.752364661235159993e-01,1.773745116480659245e+00,3.370762417194946181e+00,6.564797018623519165e+00,1.295286622148066691e+01,2.572900462719496062e+01
3.173828124999999854e-06,-2.528788153142613737e-03,-8.049382692097436509e-01,-1.786604354187421473e+00,-2.768270439165099184e+00,-4.731602609120455050e+00,-8.658266949031165893e+00,-1.651159562885258936e+01,-3.221825298849543628e+01,-6.363156770778112303e+01
3.177897135416666496e-06,-5.075033043127064047e-04,-1.615433190336752756e-01,4.818516311448978184e-01,1.125246581323470885e+00,2.412036481680616795e+00,4.985616282394909504e+00,1.013277588382349315e+01,2.042709508668066221e+01,4.101573349239500033e+01
3.181966145833333138e-06,5.550435520973451275e-04,1.766758498951528367e-01,5.148950188237246817e-01,8.531141877522966377e-01,1.529552525609440439e+00,2.882429201323728041e+00,5.588182552752303245e+00,1.099968925560945365e+01,2.182270266132375269e+01
3.186035156250000204e-06,-1.186718219337024038e-03,-3.777441413293988748e-01,-9.321641325570781955e-01,-1.486584123784757461e+00,-2.595424106240115769e+00,-4.813104071150832830e+00,-9.248464000972267840e+00,-1.811918386061513431e+01,-3.586062357990087435e+01
3.190104166666666846e-06,-1.322593853466003111e-03,-4.209946989641445980e-01,-4.642452565980730861e-01,-5.074958142320016297e-01,-5.939969294998586058e-01,-7.669991600355725581e-01,-1.113003621107000463e+00,-1.805012543249856272e+00,-3.189030387535567890e+00
3.194173177083333488e-06,-2.036249895098762863e-05,-6.481584723506429550e-03,4.080315295175646617e-01,8.225446437586356740e-01,1.651570872240777810e+00,3.309623329205062081e+00,6.625728243133631068e+00,1.325793807099076815e+01,2.652235772670504232e+01
3.198242187500000130e-06,-2.041750326995384057e-04,-6.499093142016180991e-02,-1.235002781165897012e-01,-1.820096248130175787e-01,-2.990283182058733336e-01,-5.330657049915848988e-01,-1.001140478563008029e+00,-1.937290025705854069e+00,-3.809589119991546369e+00
3.202311197916666772e-06,-5.557667151165901487e-04,-1.769060398335010331e-01,-2.888211482486801041e-01,-4.007362566638592027e-01,-6.245664734942173446e-01,-1.072226907154933739e+00,-1.967547774476366529e+00,-3.758189509119231886e+00,-7.339472978404963044e+00
3.206380208333333414e-06,-1.314822044328423090e-03,-4.185208552821193528e-01,-6.601356707285488401e-01,-9.017504861749783274e-01,-1.384980117067837302e+00,-2.351439378853555251e+00,-4.284357902424990705e+00,-8.150194949567863389e+00,-1.588186904385360521e+01
3.210449218750000056e-06,-3.481489871575149664e-04,-1.108192644771106017e-01,1.968823263264602996e-01,5.045839171300311454e-01,1.119987098737172948e+00,2.350793461951456553e+00,4.812406188380023764e+00,9.735631641237157297e+00,1.958208254695142614e+01
3.214518229166666698e-06,-3.048648751033056215e-03,-9.704150369556877598e-01,-1.830010809433366026e+00,-2.689606581911044181e+00,-4.408798126866400935e+00,-7.847181216777113555e+00,-1.472394739659853968e+01,-2.847747975624139016e+01,-5.598454447552709468e+01
3.218587239583333340e-06,-1.794354296144717864e-03,-5.711607117792210087e-01,-1.719063866006493302e-01,2.273479385779223483e-01,1.025856588935065705e+00,2.622873889649352641e+00,5.816908491077925625e+00,1.220497769393507248e+01,2.498111609964936619e+01
3.222656249999999982e-06,1.121450440422222528e-05,3.569687620515596144e-03,5.783000870178380826e-01,1.153030486415160594e+00,2.302491285209805394e+00,4.601412882799094994e+00,9.199256077977675972e+00,1.839494246833483615e+01,3.678631524904915295e+01
3.226725260416666624e-06,-5.800616761248988951e-04,-1.846393661068954362e-01,-3.728484198345737299e-01,-5.610574735622519960e-01,-9.374755810176085280e-01,-1.690311795928321592e+00,-3.195984225749747942e+00,-6.207329085392600199e+00,-1.223001880467830560e+01
3.230794270833333266e-06,1.177570224790258635e-03,3.748322442264080401e-01,9.343038545612288859e-01,1.493775464896049732e+00,2.612718685565691423e+00,4.850605126904975251e+00,9.326378009583541129e+00,1.827792377494067466e+01,3.618101530565494528e+01
3.234863281249999909e-06,7.061362933100667760e-04,2.247701631537711853e-01,7.470808208234472336e-02,-7.535399898908175242e-02,-3.754781611319347179e-01,-9.757264854176406210e-01,-2.176223133989052538e+00,-4.577216431131875929e+00,-9.379203025417522710e+00
3.238932291666666551e-06,-1.802615872072976799e-03,-5.737904530726438690e-01,-1.372351069300322246e+00,-2.170911685528000845e+00,-3.768032917983357599e+00,-6.962275382894071107e+00,-1.335076031271549901e+01,-2.612773017235835482e+01,-5.168166989164406289e+01
3.243001302083333193e-06,-3.086369190725690714e-04,-9.824218258210527799e-02,3.773060879089655817e-01,8.528543584000364275e-01,1.803950899382178230e+00,3.706143981346461835e+00,7.510530145275028602e+00,1.511930247313216213e+01,3.033684712884642920e+01
3.247070312499999835e-06,3.485644301548518342e-05,1.109515040903087495e-02,1.204324834001007649e-01,2.297698163911706670e-01,4.484444823733104712e-01,8.857938143375900797e-01,1.760492478266149075e+00,3.509889806123267508e+00,7.008684461837503932e+00
3.251139322916666477e-06,5.461289537791458315e-04,1.738382451191126110e-01,3.365813398289336789e-01,4.993244345387548022e-01,8.248106239583969934e-01,1.475783002797681265e+00,2.777727760476250030e+00,5.381617275833387559e+00,1.058939630654766262e+01
3.255208333333333542e-06,-1.315475066718363450e-03,-4.187287187647367181e-01,-1.011295682648665650e+00,-1.603862646532594471e+00,-2.788996574300452114e+00,-5.159264429836167842e+00,-9.899800140907597523e+00,-1.938087156305045866e+01,-3.834301440733618449e+01
3.259277343750000184e-06,-6.603918570888822615e-04,-2.102092568666642791e-01,-1.689794969342789301e-03,2.068296669279787170e-01,6.238685907226216854e-01,1.457946438311907622e+00,3.126102133490479495e+00,6.462413523847623686e+00,1.313503630456191118e+01
3.263346354166666826e-06,-2.927709726918692468e-05,-9.319189499546659539e-03,1.915708778665262402e-01,3.924609452325991676e-01,7.942410799647449116e-01,1.597801349429036621e+00,3.204921888357619597e+00,6.419162966214786437e+00,1.284764512192911923e+01
3.267415364583333468e-06,-9.321431253397349792e-04,-2.967103721338940070e-01,-5.841015547678238828e-01,-8.714927374017537032e-01,-1.446275102669613455e+00,-2.595839833205332958e+00,-4.894969294276772409e+00,-9.493228216419650423e+00,-1.868974606070540645e+01
3.271484375000000110e-06,1.161047072926635337e-03,3.695727616373006286e-01,1.035855895409621752e+00,1.702139029181942709e+00,3.034705296726584844e+00,5.699837831815869116e+00,1.103010290199443766e+01,2.169063304235157474e+01,4.301169332306584892e+01
3.275553385416666752e-06,3.540548441023361192e-04,1.126991571290343747e-01,-1.441744473798922954e-01,-4.010480518888189794e-01,-9.147952609066722918e-01,-1.942289678942378917e+00,-3.997278515013792166e+00,-8.107256187156618665e+00,-1.632721153144227344e+01
3.279622395833333395e-06,2.463161678178948932e-06,7.840487134334161567e-04,-1.111310597017456658e-01,-2.230461681169247645e-01,-4.468763849472829341e-01,-8.945368186079992734e-01,-1.789857685929431952e+00,-3.580499420572297531e+00,-7.161782889858027801e+00
3.283691406250000037e-06,5.856410218783025812e-04,1.864153270186413580e-01,3.720466053222126757e-01,5.576778836257839655e-01,9.289404402329265453e-01,1.671465553447211816e+00,3.156515779875781913e+00,6.126616232732922995e+00,1.206681713844720427e+01
3.287760416666666679e-06,2.100808896372541312e-04,6.687082406982385041e-02,-5.267367887660382580e-02,-1.722181818230315020e-01,-4.113071877158868683e-01,-8.894851995015975454e-01,-1.845841223073019011e+00,-3.758553270215861719e+00,-7.583977364501548024e+00
3.291829427083333321e-06,-3.811952908847615618e-04,-1.213382296553254386e-01,-3.095472833830036907e-01,-4.977563371106820123e-01,-8.741744445660385443e-01,-1.627010659476751719e+00,-3.132683089298177848e+00,-6.144027948941030104e+00,-1.216671766822673462e+01
3.295898437499999963e-06,-9.485030216112022572e-04,-3.019178888540433592e-01,-4.824975480504730685e-01,-6.630772072469027778e-01,-1.024236525639762085e+00,-1.746555162425480923e+00,-3.191192435996918153e+00,-6.080466983139793058e+00,-1.185901607742554376e+01
3.299967447916666605e-06,-5.798414257185413589e-06,-1.845692582251158217e-03,2.982265036900711430e-01,5.982986999623933766e-01,1.198443092507037955e+00,2.398731877596327333e+00,4.799309447774905202e+00,9.600464588132062715e+00,1.920277486884637597e+01
3.304036458333333247e-06,-5.731061449765206817e-04,-1.824253517787073342e-01,-3.630050109751370435e-01,-5.435846701715667528e-01,-9.047439885644260604e-01,-1.627062625350144787e+00,-3.071699898921582239e+00,-5.960974446064457588e+00,-1.173952354035020740e+01
3.308105468749999889e-06,1.208494205762633555e-03,3.846756530900743987e-01,9.517766579561460771e-01,1.518877662822217811e+00,2.653079672554361057e+00,4.921483692018647993e+00,9.458291730947221865e+00,1.853190780880436961e+01,3.667913996451866154e+01
3.312174479166666531e-06,7.130918244655504168e-04,2.269841774842210058e-01,6.929270188154151855e-02,-8.839877372113796872e-02,-4.037817249264969433e-01,-1.034547627337214948e+00,-2.296079432158650846e+00,-4.819143041801522642e+00,-9.865270261087266235e+00
3.316243489583333173e-06,-1.178688541756400809e-04,-3.751882155726181389e-02,-3.020218205974414816e-01,-5.665248196376211354e-01,-1.095530817717980554e+00,-2.153542813878699391e+00,-4.269566806200137066e+00,-8.501614790843012415e+00,-1.696571076012876134e+01
3.320312499999999815e-06,-3.975551871562288397e-04,-1.265457463754748046e-01,-2.155726711969037090e-01,-3.045995960183325857e-01,-4.826534456611903390e-01,-8.387611449469059011e-01,-1.550976543518336914e+00,-2.975407340661199385e+00,-5.824268934946923437e+00
3.324381510416666457e-06,1.479918962814963379e-03,4.710728366148645430e-01,1.068691419605937165e+00,1.666310002597009898e+00,2.861547168579155365e+00,5.252021500543445853e+00,1.003297016447202772e+01,1.959486749232918967e+01,3.871866214804351358e+01
3.328450520833333523e-06,-5.734326561608327211e-04,-1.825292835166234529e-01,-8.361314036505499425e-01,-1.489733523784476432e+00,-2.796937764052329189e+00,-5.411346244588035148e+00,-1.064016320565944618e+01,-2.109779712780227001e+01,-4.201306497208791768e+01
3.332519531250000165e-06,-3.737499929385990072e-04,-1.189683177134780306e-01,-5.540735190990632442e-02,8.153613893665381807e-03,1.352755455008087804e-01,3.895194087150956053e-01,8.980071351436692551e-01,1.914982588000816444e+00,3.948933493715111265e+00
3.336588541666666807e-06,6.408599638447753932e-04,2.039920621511786825e-01,5.269524420172490009e-01,8.499128218833192916e-01,1.495833581615459762e+00,2.787675101079741147e+00,5.371358140008303472e+00,1.053872421786542724e+01,2.087345637357967831e+01
3.340657552083333449e-06,-1.005028008357555791e-03,-3.199103509518154143e-01,-8.438127640544936803e-01,-1.367715177157171835e+00,-2.415520003362528367e+00,-4.511129655773241431e+00,-8.702348960594667560e+00,-1.708478757023751982e+01,-3.384966478952322433e+01
3.344726562500000091e-06,-2.171546984342853648e-03,-6.912248734289276886e-01,-1.062539395906605399e+00,-1.433853918384282888e+00,-2.176482963339638310e+00,-3.661741053250349154e+00,-6.632257233071769953e+00,-1.257328959271461244e+01,-2.445535431200029919e+01
3.348795572916666733e-06,-6.296311317228742155e-04,-2.004178138764794170e-01,2.903892456770930663e-01,7.811963052306655220e-01,1.762810424337810433e+00,3.726038662552100256e+00,7.652495138980680345e+00,1.550540809183783963e+01,3.121123399755215999e+01
3.352864583333333375e-06,-8.853490149007825494e-04,-2.818153441659992930e-01,-3.632128744561773925e-01,-4.446104047463554920e-01,-6.074054653267116910e-01,-9.329955864874239779e-01,-1.584175828808848774e+00,-2.886536313451697922e+00,-5.491257282737397105e+00
3.356933593750000017e-06,-2.195678689751900947e-03,-6.989062338311022859e-01,-1.115997123496282439e+00,-1.533088013161462815e+00,-2.367269792491823566e+00,-4.035633351152544179e+00,-7.372360468473986295e+00,-1.404581470311687141e+01,-2.739272317240263988e+01
3.361002604166666659e-06,-8.934473352368854648e-04,-2.843931195904640941e-01,1.301199946506069738e-01,5.446331088916780416e-01,1.373659337373820177e+00,3.031711794338104671e+00,6.347816708266672769e+00,1.298002653612381074e+01,2.624444619183808314e+01
3.365071614583333301e-06,8.402161158755916404e-04,2.674490962141462536e-01,8.192913120177185426e-01,1.371133527821290832e+00,2.474817959428435188e+00,4.682186822642724344e+00,9.096924549071301769e+00,1.792640000192846017e+01,3.558535090764276987e+01
3.369140624999999943e-06,-1.404883101599807560e-03,-4.471881801717655924e-01,-1.161825456555694025e+00,-1.876462732939622402e+00,-3.305737285707479600e+00,-6.164286391243193108e+00,-1.188138460231462012e+01,-2.331558102445747593e+01,-4.618397386874318755e+01
3.373209635416666585e-06,-1.026517470776866503e-04,-3.267506592886570971e-02,3.818380483122053581e-01,7.963511625532764260e-01,1.625377391035418562e+00,3.283429847999702833e+00,6.599534761928271820e+00,1.323174458978540891e+01,2.649616424549968485e+01
3.377278645833333227e-06,5.284630127349032591e-04,1.682150014359901913e-01,3.691050688020630632e-01,5.699951361681360185e-01,9.717752709002818179e-01,1.775335540364573417e+00,3.382456079293156392e+00,6.596697157150322788e+00,1.302517931286465647e+01
3.381347656249999869e-06,-1.644730855296927530e-03,-5.235340913525337037e-01,-1.215283184142712081e+00,-1.907032276932890236e+00,-3.290530462513246768e+00,-6.057526833673959388e+00,-1.159151957599538640e+01,-2.265950506063823866e+01,-4.479547602992393962e+01
3.385416666666666511e-06,-4.863101996477325883e-04,-1.547973442998862859e-01,2.139394027536843934e-01,5.826761498072550172e-01,1.320149643914396487e+00,2.795096632128679204e+00,5.744990608557244194e+00,1.164477856141437506e+01,2.344435446712863680e+01
3.389485677083333153e-06,5.762366567623189439e-04,1.834218246289417986e-01,5.216409935575136991e-01,8.598601624860855441e-01,1.536298500343229456e+00,2.889175176057516836e+00,5.594928527486091596e+00,1.100643523034324289e+01,2.182944863605754193e+01
3.393554687499999795e-06,-1.165525114686261077e-03,-3.709981666001333500e-01,-9.254181578278126707e-01,-1.479838149055491936e+00,-2.588678131510850466e+00,-4.806358096421567083e+00,-9.241718026243001205e+00,-1.811243788588587122e+01,-3.585387760517160416e+01
3.397623697916666861e-06,-7.980633027813155422e-04,-2.540314390757806295e-01,-1.370647115534577298e-01,-2.009798403113483012e-02,2.138354710135109693e-01,6.817023811028025682e-01,1.617436201281385877e+00,3.488903841638552272e+00,7.231839122352885063e+00
3.401692708333333503e-06,-4.710629391269094413e-05,-1.499439905388884678e-02,2.240426409684314335e-01,4.630796809907517519e-01,9.411537610353922778e-01,1.897301921124673552e+00,3.809598241303235877e+00,7.634190881660360084e+00,1.528337616237461027e+01
3.405761718750000145e-06,-2.795542957407803897e-03,-8.898489605943756819e-01,-1.764703522134553282e+00,-2.639558083674730771e+00,-4.389267206755086193e+00,-7.888685452915797036e+00,-1.488752194523721784e+01,-2.888519492988006121e+01,-5.688054089916574441e+01
3.409830729166666787e-06,-1.709027651187966512e-03,-5.440003971345928058e-01,-1.981518336747722930e-01,1.476967297850481919e-01,8.393938567046891341e-01,2.222788110543971296e+00,4.989576618222534954e+00,1.052315363357966227e+01,2.159030766429391690e+01
3.413899739583333429e-06,-5.266385457289857186e-04,-1.676342555509904853e-01,2.087318860338309989e-01,5.850980276186524831e-01,1.337830310788295396e+00,2.843294877127581444e+00,5.854224009806153539e+00,1.187608227516329684e+01,2.391979880587758345e+01
3.417968750000000071e-06,-8.782302281460374616e-04,-2.795493639643297223e-01,-3.914644723795088210e-01,-5.033795807946879197e-01,-7.272097976250461171e-01,-1.174870231285762401e+00,-2.070191098607195190e+00,-3.860832833250060325e+00,-7.442116302535791483e+00
3.422037760416666713e-06,-1.589348657731193271e-03,-5.059053903487766846e-01,-7.322614167327045065e-01,-9.586174431166324394e-01,-1.411329495884488194e+00,-2.316753601420199704e+00,-4.127601812491622724e+00,-7.749298234634468763e+00,-1.499269107892015995e+01
3.426106770833333355e-06,7.674944884570322756e-04,2.443010832674445965e-01,9.945075568835178847e-01,1.744714030499591173e+00,3.245126977731737750e+00,6.245952872196030903e+00,1.224760466112461721e+01,2.425090823898178982e+01,4.825751539469613505e+01
3.430175781249999997e-06,-1.285857130525869252e-03,-4.093010368663051457e-01,-1.062903157000231635e+00,-1.716505277134158014e+00,-3.023709517402010771e+00,-5.638117997937716730e+00,-1.086693495900912865e+01,-2.132456888115195071e+01,-4.223983672543759837e+01
3.434244791666666639e-06,-3.075555801594020977e-03,-9.789798171572899887e-01,-1.548658597447468699e+00,-2.118337377737647298e+00,-3.257694938318004496e+00,-5.536410059478718892e+00,-1.009384030180014769e+01,-1.920870078644300705e+01,-3.743842175572872577e+01
3.438313802083333281e-06,7.224618834555940339e-05,2.299667598948771860e-02,1.024973169136808693e+00,2.026949662284129872e+00,4.030902648578772229e+00,8.038808621168055168e+00,1.605462056634662460e+01,3.208624445670375991e+01,6.414949223741803053e+01
3.442382812499999923e-06,-2.793454940714923396e-04,-8.891843242385150115e-02,-2.008335408390305998e-01,-3.127486492542096985e-01,-5.365788660845678404e-01,-9.842392997452842351e-01,-1.879560167066716803e+00,-3.670201901709582160e+00,-7.251485370995313318e+00
3.446451822916666565e-06,-1.062369273093111133e-03,-3.381626424034246403e-01,-5.874068523811026843e-01,-8.366510623587808393e-01,-1.335139482314136927e+00,-2.332116322224849103e+00,-4.326070002046273899e+00,-8.313977361689122603e+00,-1.628979208097482001e+01
3.450520833333333208e-06,3.357358806610477586e-04,1.068680499610328433e-01,5.518987423271048964e-01,9.969294346931769635e-01,1.886990819425321098e+00,3.667113588889609588e+00,7.227359127818186124e+00,1.434785020567533920e+01,2.858883236138964534e+01
3.454589843749999850e-06,-3.753825489170026231e-04,-1.194879764211523449e-01,-3.458440028050802084e-01,-5.722000291890081414e-01,-1.024912081956863785e+00,-1.930336187492575295e+00,-3.741184398563998315e+00,-7.362880820706844354e+00,-1.460627366499253554e+01
3.458658854166666492e-06,-2.021270521119333807e-03,-6.433903895241463999e-01,-1.167292802626824777e+00,-1.691195215729502932e+00,-2.739000041934859464e+00,-4.834609694345572528e+00,-9.025828999166998656e+00,-1.740826760880985091e+01,-3.417314482809555187e+01
3.462727864583333134e-06,-1.198279213312503089e-04,-3.814241200059051429e-02,5.671055655217307478e-01,1.172353543044051927e+00,2.382849498088694506e+00,4.803841408177979666e+00,9.645825228356549985e+00,1.932979286871368885e+01,3.869772814942797368e+01
3.466796875000000199e-06,7.989082362129806825e-04,2.543003897402468794e-01,5.467431914813183358e-01,8.391859932223898477e-01,1.424071596704532761e+00,2.593842803668818586e+00,4.933385217597390238e+00,9.612470045454534429e+00,1.897063970116882103e+01
3.470865885416666841e-06,-7.750743865599929450e-04,-2.467138397698827590e-01,-7.477280692788108585e-01,-1.248742298787738791e+00,-2.250770757805594879e+00,-4.254827675841307055e+00,-8.262941511912732295e+00,-1.627916918405557922e+01,-3.231162452834127663e+01
3.474934895833333483e-06,-2.037467161784434211e-03,-6.485459403708143666e-01,-1.050378040973493077e+00,-1.452210141576171676e+00,-2.255874342781528874e+00,-3.863202745192243714e+00,-7.077859550013672951e+00,-1.350717315965653142e+01,-2.636580037894225015e+01
3.479003906250000125e-06,2.954075345940054831e-04,9.403113871445209493e-02,8.366082177992723024e-01,1.579185296884092704e+00,3.064339455053733285e+00,6.034647771393014004e+00,1.197526440407157544e+01,2.385649766942870187e+01,4.761896420014294762e+01
3.483072916666666767e-06,-5.115846942302937350e-04,-1.628424657938141729e-01,-4.197160703027408291e-01,-6.765896748116675408e-01,-1.190336883829520742e+00,-2.217831301865227367e+00,-4.272820137936641061e+00,-8.382797810079466672e+00,-1.660275315436512145e+01
3.487141927083333409e-06,-2.399966815787024643e-04,-7.639331639780423677e-02,1.005583299951545717e-02,9.650498239683515111e-02,2.694032811914745529e-01,6.151998787807533287e-01,1.306793073959310769e+00,2.689979464316425872e+00,5.456352245030656078e+00
3.491210937500000051e-06,1.421761420097311657e-03,4.525607158116798923e-01,9.815147480215019593e-01,1.510468780231324137e+00,2.568376844650968049e+00,4.684192973490256762e+00,8.915825231168833298e+00,1.737908974652598459e+01,3.430561877724029074e+01
3.495279947916666694e-06,-6.555586486953757230e-04,-2.086707988530246694e-01,-8.699023135182041289e-01,-1.531133828183383505e+00,-2.853596857513742702e+00,-5.498522916174460207e+00,-1.078837503349589610e+01,-2.136807926813876790e+01,-4.252748773742450794e+01
3.499348958333333336e-06,-1.222866379414710991e-03,-3.892504580494808852e-01,-5.698301172459105945e-01,-7.504097764423401928e-01,-1.111569094835199500e+00,-1.833887731620918338e+00,-3.278525005192356012e+00,-6.167799552335230473e+00,-1.194634864662098117e+01
3.503417968749999978e-06,1.086039867146837423e-03,3.456972265025690105e-01,1.080644911056140689e+00,1.815592595609712312e+00,3.285487964716855558e+00,6.225278702931142050e+00,1.210486017935971503e+01,2.386402313221686100e+01,4.738234903793115649e+01
3.507486979166666620e-06,1.831738390833947960e-04,5.830604387048338860e-02,-2.290851387634464942e-01,-5.164763213973763145e-01,-1.091258686665236066e+00,-2.240823417200955792e+00,-4.539952878272394798e+00,-9.138211800415271924e+00,-1.833472964470102795e+01
3.511555989583333262e-06,-1.151124285584614881e-03,-3.664142403278361493e-01,-7.911345245242650259e-01,-1.215854808720693958e+00,-2.065295377113551378e+00,-3.764176513899267107e+00,-7.161938787470697676e+00,-1.395746333461356059e+01,-2.754851242889928287e+01
3.515624999999999904e-06,1.469371808518360467e-03,4.677155731311500309e-01,1.301845386590973375e+00,2.135975200050796552e+00,3.804234826970442906e+00,7.140754080809736060e+00,1.381379258848832237e+01,2.715986960384549320e+01,5.385202363455984198e+01
3.519694010416666546e-06,1.350736838574562171e-04,4.299528893509221156e-02,-3.817249952613366304e-01,-8.064452794577655625e-01,-1.655885847850623316e+00,-3.354766984636338822e+00,-6.752529258207769836e+00,-1.354805380535063186e+01,-2.713910289963635591e+01
3.523763020833333188e-06,1.077778291218578488e-03,3.430674852091461502e-01,6.431396814814683838e-01,9.432118777537906729e-01,1.543356270298435362e+00,2.743645055387724518e+00,5.144222625566302831e+00,9.945377765923458568e+00,1.954768804663777360e+01
3.527832031249999830e-06,9.419026570895994155e-04,2.998169275744004270e-01,2.565663699404719389e-01,2.133158123065434508e-01,1.268146970386864747e-01,-4.618753349702749145e-02,-3.921919945684553821e-01,-1.084200916711311136e+00,-2.468218760997022976e+00
3.531901041666666472e-06,-2.485847687125897210e-04,-7.912698943592837153e-02,-4.580709064448568180e-01,-8.370148234537853060e-01,-1.594902657471642282e+00,-3.110678325507356234e+00,-6.142229661578784139e+00,-1.220533233372163906e+01,-2.433153767800735068e+01
3.535970052083333538e-06,-9.357347484737488230e-04,-2.978536212848970077e-01,-5.165802531375762729e-01,-7.353068849902555382e-01,-1.172760148695614069e+00,-2.047666676106331352e+00,-3.797479730927765473e+00,-7.297105840570633717e+00,-1.429635805985637020e+01
3.540039062500000180e-06,1.157455449792621494e-03,3.684295124862976278e-01,1.034712646258618696e+00,1.700995780030939653e+00,3.033562047575582010e+00,5.698694582664866282e+00,1.102895965284343482e+01,2.168948979320057191e+01,4.301055007391484253e+01
3.544108072916666822e-06,1.860475559041674387e-03,5.922077634462797890e-01,8.159860144061028553e-01,1.039764265365926033e+00,1.487320767285572165e+00,2.382433771124864652e+00,4.172659778803449626e+00,7.753111794160618686e+00,1.491401582487495858e+01
3.548177083333333464e-06,1.868410623778515856e-03,5.947335729995247844e-01,5.972593825530966294e-01,5.997851921066685854e-01,6.048368112138123864e-01,6.149400494280999885e-01,6.351465258566753036e-01,6.755594787138258228e-01,7.563853844281269723e-01
3.552246093750000106e-06,1.492850491544572833e-03,4.751890700529689537e-01,3.556445671065412983e-01,2.361000641601136152e-01,-2.988941732741751990e-03,-4.811669535184524560e-01,-1.437522977089873866e+00,-3.350235024232716796e+00,-7.175659118518402657e+00
3.556315104166666748e-06,2.843018745679160020e-03,9.049609733555168400e-01,1.334732876659087353e+00,1.764504779962657866e+00,2.624048586569798669e+00,4.343136199784080276e+00,7.781311426212644378e+00,1.465766187906977258e+01,2.841036278478402721e+01
3.560384114583333390e-06,-9.360612596722717171e-04,-2.979575530273365636e-01,-1.500876079411263442e+00,-2.703794605795190265e+00,-5.109631658563043466e+00,-9.921305764098750757e+00,-1.954465397517016712e+01,-3.879135039731299628e+01,-7.728474324159864750e+01
3.564453125000000032e-06,1.852213983106310025e-03,5.895780221505951824e-01,1.477113597329167360e+00,2.364649172507739650e+00,4.139720322864883784e+00,7.689862623579172940e+00,1.479014722500775036e+01,2.899071642786490699e+01,5.739185483357921669e+01
3.568522135416666674e-06,2.075865096138329591e-03,6.607683824846953824e-01,7.319587428195178935e-01,8.031491031543404047e-01,9.455298238239854269e-01,1.230291265163275582e+00,1.799814147841855450e+00,2.938859913199015850e+00,5.216951443913336206e+00
3.572591145833333316e-06,3.580717745066408497e-04,1.139777857888368134e-01,-4.328128109075894403e-01,-9.796034076040156524e-01,-2.073184600996868188e+00,-4.260346987782573258e+00,-8.634671761353983399e+00,-1.738332130849680368e+01,-3.488062040278244069e+01
3.576660156249999958e-06,5.098175381093028591e-04,1.622799625300725690e-01,2.105821392711448858e-01,2.588843160122171749e-01,3.554886694943618086e-01,5.486973764586510205e-01,9.351147903872294442e-01,1.707949618244386514e+00,3.253619273958700209e+00
3.580729166666666600e-06,1.764111993004746637e-03,5.615342877088010942e-01,9.607886128873727172e-01,1.360042938065944451e+00,2.158551588423087697e+00,3.755568889137374633e+00,6.949603490565947617e+00,1.333767269342309447e+01,2.611381109913738996e+01
3.584798177083333242e-06,-1.511630566326971348e-03,-4.811669535194773029e-01,-1.523868194747154847e+00,-2.566569435974832558e+00,-4.651971918430187536e+00,-8.822776883340898380e+00,-1.716438681316232007e+01,-3.384760667280516344e+01,-6.721404639209085019e+01
3.588867187499999884e-06,3.658435836513262984e-04,1.164516294731237911e-01,7.140702124641964410e-01,1.311688795455269174e+00,2.506925961437414418e+00,4.897400293401704907e+00,9.678348957330285884e+00,1.924024628518744962e+01,3.836404094090177352e+01
3.592936197916666526e-06,1.044895243083487912e-03,3.326004858998893310e-01,5.487493423284593996e-01,7.648981987570295793e-01,1.197195911614169717e+00,2.061791337328449991e+00,3.790982188757010540e+00,7.249363891614132527e+00,1.416612729732837472e+01
3.597005208333333168e-06,9.409231539336815331e-05,2.995051420363235503e-02,-2.726994574927947279e-01,-5.753494291892218282e-01,-1.180649372582075918e+00,-2.391249259367784319e+00,-4.812449032939200677e+00,-9.654848580082033394e+00,-1.933964767436770060e+01
3.601074218749999810e-06,3.177434284253877195e-04,1.011408745377326140e-01,1.723312348725551113e-01,2.435215952073776224e-01,3.859023158770226170e-01,6.706637572163126615e-01,1.240186639894892640e+00,2.379232405252052818e+00,4.657323935966372730e+00
3.605143229166666876e-06,9.728266380548689085e-04,3.096603364358050947e-01,5.181797983331265511e-01,7.266992602304480631e-01,1.143738184025091087e+00,1.977816031614376913e+00,3.645971726792948786e+00,6.982283117150092977e+00,1.365490589786438136e+01
3.609212239583333518e-06,1.100603951854850493e-03,3.503331186483477078e-01,3.910059008581692197e-01,4.316786830679907316e-01,5.130242474876337555e-01,6.757153763269198032e-01,1.001097634005491788e+00,1.651862149362635979e+00,2.953391180076923916e+00
3.613281250000000160e-06,-5.452840203545861186e-04,-1.735692944569081075e-01,-6.974717075595863180e-01,-1.221374120662264584e+00,-2.269178946867621338e+00,-4.364788599278334402e+00,-8.556007904099759642e+00,-1.693844651374261190e+01,-3.370332373302831996e+01
3.617350260416666802e-06,1.308221679813925675e-03,4.164198940047381670e-01,1.006409082464559956e+00,1.596398270924381801e+00,2.776376647844025491e+00,5.136333401683312871e+00,9.856246909361887631e+00,1.929607392471903893e+01,3.817572795543333797e+01
3.621419270833333444e-06,4.772610011727351775e-04,1.519168949632553334e-01,-1.125861040769243482e-01,-3.770891031171040297e-01,-9.060951011974633929e-01,-1.964107097358182008e+00,-4.080131089679619905e+00,-8.312179074322495254e+00,-1.677627504360824418e+01
3.625488281250000086e-06,-8.091002238614919406e-04,-2.575446001686310660e-01,-6.670060953025582773e-01,-1.076467590436485544e+00,-1.895390580704340078e+00,-3.533236561240049145e+00,-6.808928522311466836e+00,-1.336031244445430310e+01,-2.646308028873997742e+01
3.629557291666666728e-06,-4.176699621609714086e-04,-1.329484781178469632e-01,-8.352356064275475583e-03,1.162437659892960190e-01,3.654360100964390012e-01,8.638204983107250490e-01,1.860589474739297033e+00,3.854127427596441002e+00,7.841203333310729384e+00
3.633626302083333370e-06,2.613816972854010601e-04,8.320037831344204160e-02,2.993492347420121380e-01,5.154980911705822066e-01,9.477958040277223439e-01,1.812391229742002841e+00,3.541582081170563612e+00,6.999963784027684710e+00,1.391672718974192691e+01
3.637695312500000012e-06,-5.935474311655752899e-04,-1.889320152589956114e-01,-4.610644088304238775e-01,-7.331968024018521435e-01,-1.277461589544708787e+00,-2.365991163830421851e+00,-4.543050312401848423e+00,-8.897168609544699791e+00,-1.760540520383040430e+01
3.641764322916666654e-06,2.053464773297264401e-04,6.536381382706757392e-02,3.196596429118894744e-01,5.739554719967113749e-01,1.082547130166355176e+00,2.099730446505642778e+00,4.134097079184217982e+00,8.202830344541368390e+00,1.634029687525566743e+01
3.645833333333333296e-06,4.050291405448547266e-04,1.289247796279512637e-01,1.924857454315229699e-01,2.560467112350947039e-01,3.831686428422381163e-01,6.374125060565248857e-01,1.145900232485098647e+00,2.162875685342245724e+00,4.196826591056540323e+00
3.649902343749999938e-06,-1.456574879952654555e-03,-4.636421842558980932e-01,-1.056209148139827025e+00,-1.648776112023755847e+00,-2.833910039791613489e+00,-5.204177895327329217e+00,-9.944713606398758898e+00,-1.942578502854162181e+01,-3.838792787282734764e+01
3.653971354166666580e-06,6.137252286464445206e-05,1.953548076785706702e-02,5.027131457901765632e-01,9.858908108124959657e-01,1.952246140857134993e+00,3.884956800946412603e+00,7.750378121124968267e+00,1.548122076148207960e+01,3.094290604219630225e+01
3.658040364583333222e-06,-7.450311127144004786e-05,-2.371507686915037480e-02,-6.696563450307886634e-02,-1.102161921370073544e-01,-1.967173074048643444e-01,-3.697195379405782689e-01,-7.157239990120062290e-01,-1.407732921154861927e+00,-2.791750765440573545e+00
3.662109374999999864e-06,-1.121179838200703216e-03,-3.568826266892267118e-01,-6.900501765106548113e-01,-1.023217726332082744e+00,-1.689552825974939054e+00,-3.022223025260651230e+00,-5.687563423832076026e+00,-1.101824422097492473e+01,-2.167960581526062214e+01
3.666178385416666507e-06,-1.089276323654075895e-03,-3.467274226050268693e-01,-3.365722185202041361e-01,-3.264170144353814584e-01,-3.061066062657359921e-01,-2.654857899264451704e-01,-1.842441572478634715e-01,-2.176089189070007368e-02,3.032056388236267219e-01
3.670247395833333149e-06,-8.176883109953791973e-04,-2.602782732067552285e-01,-1.738291238094355207e-01,-8.737997441211581284e-02,8.551832438252357504e-02,4.313149219718023786e-01,1.122908117150359875e+00,2.506094507507475200e+00,5.272467288221704962e+00
3.674316406249999791e-06,-1.408964491531605745e-03,-4.484873269364279547e-01,-6.366963806641062762e-01,-8.249054343917845422e-01,-1.201323541847141074e+00,-1.954159756757854138e+00,-3.459832186579280489e+00,-6.471177046222132745e+00,-1.249386676550783726e+01
3.678385416666666856e-06,-2.120082921102550699e-03,-6.748433533163513687e-01,-9.011993797002793016e-01,-1.127555406084207235e+00,-1.580267458852062878e+00,-2.485691564387774388e+00,-4.296539775459197408e+00,-7.918236197602043447e+00,-1.516162904188773553e+01
3.682454427083333498e-06,2.367602250856748469e-04,7.536312029986982908e-02,8.255695939159430896e-01,1.575776067532016267e+00,3.076189014764163066e+00,6.077014909228456219e+00,1.207866669815704164e+01,2.408197027601421425e+01,4.808857743172855947e+01
3.686523437500000140e-06,-7.859480520409078963e-04,-2.501750349915133897e-01,-5.757131902816906566e-01,-9.012513455718679234e-01,-1.552327656152222568e+00,-2.854480277312931413e+00,-5.458785519634349548e+00,-1.066739600427718671e+01,-2.108461697356285924e+01
3.690592447916666782e-06,-2.024372377462668737e-03,-6.443777410637518965e-01,-1.038580447135181828e+00,-1.432783153206611981e+00,-2.221188565349472288e+00,-3.797999389635192458e+00,-6.951621038206632797e+00,-1.325886433534951436e+01,-2.587335092963527572e+01
3.694661458333333424e-06,1.646916200499504157e-04,5.242297083352381870e-02,7.492236827308458302e-01,1.446024394628167897e+00,2.839625818422812031e+00,5.626828666012100300e+00,1.120123436119067684e+01,2.235004575154782813e+01,4.464766853226213783e+01
3.698730468750000066e-06,1.007213353574343273e-04,3.206059679390433487e-02,1.169822275372604456e-02,-8.664151286452245748e-03,-4.938889936680882636e-02,-1.308383955275219945e-01,-2.937373878489483170e-01,-6.195353724918009064e-01,-1.271131341777506307e+00
3.702799479166666708e-06,-6.343655440375073340e-04,-2.019248241214974260e-01,-4.359102450366760806e-01,-6.698956659518547907e-01,-1.137866507782212100e+00,-2.073808191442926940e+00,-3.945691558764356177e+00,-7.689458293407215095e+00,-1.517699176269293204e+01
3.706868489583333350e-06,-3.867459811885964882e-04,-1.231050692541806046e-01,-4.428531438810950210e-02,3.453444047796159350e-02,1.921739502101038055e-01,5.074529696743882434e-01,1.138011008602957119e+00,2.399127086460094649e+00,4.921359242174370152e+00
3.710937499999999993e-06,9.394538231362048464e-04,2.990374395174124067e-01,7.211799482897343072e-01,1.143322457062056152e+00,1.987607474606699842e+00,3.676177509695987666e+00,7.053317579874562426e+00,1.380759772023171195e+01,2.731615800094601454e+01
3.715006510416666635e-06,-1.497392992817481172e-03,-4.766349931161381615e-01,-1.252307425750066372e+00,-2.027979858383994749e+00,-3.579324723651851059e+00,-6.682014454187563679e+00,-1.288739391525898981e+01,-2.529815283740184029e+01,-5.011967068168754480e+01
3.719075520833333277e-06,-9.381835824342488195e-04,-2.986331093441467743e-01,-1.206312255718240550e-01,5.737065820049864345e-02,4.133744257451440474e-01,1.125381960834434869e+00,2.549397031013016512e+00,5.397427171370179799e+00,1.109348745208450637e+01
3.723144531249999919e-06,-7.864378188315868101e-04,-2.503309326029110049e-01,-2.020287558618386881e-01,-1.537265791207663990e-01,-5.712222563862177221e-02,1.360864813256674466e-01,5.225038952542458981e-01,1.295338723111402857e+00,2.841008378825716552e+00
3.727213541666666561e-06,-2.120735943499596488e-03,-6.750512168012304803e-01,-1.099771500997659412e+00,-1.524491785194088234e+00,-2.373932353586945876e+00,-4.072813490372661605e+00,-7.470575763944092174e+00,-1.426610031108695509e+01,-2.785714940537267736e+01
3.731282552083333203e-06,-1.393747384433652314e-03,-4.436435713080318366e-01,-2.122359258169601581e-01,1.917171967411154115e-02,4.819870106562549328e-01,1.407617592620541647e+00,3.258878756549115074e+00,6.961401084406261930e+00,1.436644574012055564e+01
3.735351562499999845e-06,-4.357913029906512747e-05,-1.387166800548400580e-02,4.159002352980864514e-01,8.456721386016569086e-01,1.705215945208797823e+00,3.424303558423079874e+00,6.862478784851643532e+00,1.373882923770877085e+01,2.749153014342302725e+01
3.739420572916666487e-06,-2.001056950035717819e-03,-6.369562100131527238e-01,-1.260040752022080435e+00,-1.883125294031007924e+00,-3.129294378048863123e+00,-5.621632546084573967e+00,-1.060630888215599477e+01,-2.057566155429883636e+01,-4.051436689858451956e+01
3.743489583333333129e-06,-1.681532037764554843e-03,-5.352482715552331349e-01,-4.335403330954117895e-01,-3.318323946355904996e-01,-1.284165177159478921e-01,2.784152361233372952e-01,1.092078743801907725e+00,2.719405759159048586e+00,5.974059789873329862e+00
3.747558593750000194e-06,1.719736624039569506e-04,5.474091690641318120e-02,6.447301053662350956e-01,1.234719293826056941e+00,2.414697670745700631e+00,4.774654424584988455e+00,9.494567932263562327e+00,1.893439494762071362e+01,3.781404897833501622e+01
3.751627604166666837e-06,-2.360746952795977904e-03,-7.514490938532184527e-01,-1.557639104612145386e+00,-2.363829115371072653e+00,-3.976209136888926743e+00,-7.200969179924634922e+00,-1.365048926599605039e+01,-2.654952943813888311e+01,-5.234760978242454854e+01
3.755696614583333479e-06,-2.952023133325099025e-03,-9.396581475806294881e-01,-1.127867201308307754e+00,-1.316076255035985909e+00,-1.692494362491342663e+00,-2.445330577402055727e+00,-3.951003007223481855e+00,-6.962347866866334556e+00,-1.298503758615203907e+01
3.759765625000000121e-06,3.875264551069790286e-04,1.233535018183103682e-01,1.186365151215631242e+00,2.249376800612952199e+00,4.375400099407594112e+00,8.627446696996877051e+00,1.713153989217544293e+01,3.413972628253257824e+01,6.815609906324684175e+01
3.763834635416666763e-06,-9.947085691806023533e-04,-3.166255714419188294e-01,-7.566046447008470954e-01,-1.196583717959775361e+00,-2.076541864477631893e+00,-3.836458157513344958e+00,-7.356290743584771086e+00,-1.439595591572762245e+01,-2.847528626001332697e+01
3.767903645833333405e-06,-1.178521102936258558e-03,-3.751349181408359379e-01,-4.336442648372638153e-01,-4.921536115336916928e-01,-6.091723049265475032e-01,-8.432096917122590130e-01,-1.311284465283682144e+00,-2.247434012426528405e+00,-4.119733106712220483e+00
3.771972656250000047e-06,-9.069330902775618597e-04,-2.886857687425642971e-01,-2.022366193452445893e-01,-1.157874699479248953e-01,5.711082884671449256e-02,4.029074264359932545e-01,1.094500621614550750e+00,2.477687011971665854e+00,5.244059792685896504e+00
3.776041666666666689e-06,-1.953609817206825028e-03,-6.218533185626405890e-01,-9.550208683840686330e-01,-1.288188418205496788e+00,-1.954523517848352876e+00,-3.287193717134065274e+00,-5.952534115705489626e+00,-1.128321491284833833e+01,-2.194457650713403751e+01
3.780110677083333331e-06,-2.472980648306588591e-03,-7.871741886971871383e-01,-9.524950588311151822e-01,-1.117815928965043337e+00,-1.448457669232899425e+00,-2.109741149768611823e+00,-3.432308110840036619e+00,-6.077442032982885323e+00,-1.136770987726858451e+01
3.784179687499999973e-06,-8.351909964403603226e-04,-2.658495510186578148e-01,2.554750866599134196e-01,7.767997243384847650e-01,1.819448999695627345e+00,3.904747550409912282e+00,8.075344651838483045e+00,1.641653885469562368e+01,3.309892726040990141e+01
3.788248697916666615e-06,-1.090908879618268656e-03,-3.472470813081777186e-01,-4.286446115983558180e-01,-5.100421418885339175e-01,-6.728372024688901165e-01,-9.984273236296024034e-01,-1.649607565951026977e+00,-2.951968050593876569e+00,-5.556689019879574865e+00
3.792317708333333257e-06,-1.466469011859317106e-03,-4.667915842569952400e-01,-5.863360872034228954e-01,-7.058805901498506064e-01,-9.449695960427059171e-01,-1.423147607828416650e+00,-2.379503631399838337e+00,-4.292215678542681268e+00,-8.117639772828367128e+00
3.796386718749999899e-06,-1.290754798439763817e-03,-4.108600129825429326e-01,-3.549284417102220313e-01,-2.989968704379011299e-01,-1.871337278932593273e-01,3.659255719602429180e-02,4.840451273745914884e-01,1.378950267731726020e+00,3.168760548445994640e+00
3.800455729166666541e-06,-1.522504231814991726e-03,-4.846281487433696800e-01,-5.583962845022991672e-01,-6.321644202612286545e-01,-7.797006917790876290e-01,-1.074773234814805578e+00,-1.664918320886241476e+00,-2.845208493029113495e+00,-5.205788837314857531e+00
3.804524739583333183e-06,-2.449338709688220206e-03,-7.796487259064101005e-01,-1.074669303071588589e+00,-1.369689880236767188e+00,-1.959731034567123942e+00,-3.139813343227837894e+00,-5.499977960549265354e+00,-1.022030719519212205e+01,-1.966096566447783189e+01
3.808593749999999825e-06,-2.321561395902449476e-03,-7.389759436983909247e-01,-6.983031614885694127e-01,-6.576303792787479008e-01,-5.762848148591048769e-01,-4.135936860198188847e-01,-8.821142834124685861e-02,5.625530870158972352e-01,1.864082117730185395e+00
3.812662760416666467e-06,9.221143932833797408e-04,2.935181275744678242e-01,1.326012198846789891e+00,2.358506270119111736e+00,4.423494412663756314e+00,8.553470697753043694e+00,1.681342326793162201e+01,3.333332840828877153e+01,6.637313868900308478e+01
3.816731770833333109e-06,-9.874265268408066731e-04,-3.143076253735529457e-01,-9.221333783199812117e-01,-1.529959131266409367e+00,-2.745610637159265899e+00,-5.176913648944978519e+00,-1.003951967251640554e+01,-1.976473171965925602e+01,-3.921515581394496053e+01
3.820800781250000175e-06,-4.282171164504688932e-04,-1.363057415992998123e-01,4.169614217302290010e-02,2.196980259453455986e-01,5.757017934899909539e-01,1.287709328579281776e+00,2.711724398757863419e+00,5.559754539115026262e+00,1.125581481982935372e+01
3.824869791666666393e-06,8.979826878743324414e-04,2.858367671722932268e-01,7.079792759446150718e-01,1.130121784716936917e+00,1.974406802261580829e+00,3.662976837350868209e+00,7.040116907529442969e+00,1.379439704788659427e+01,2.730295732860089331e+01
3.828938802083333459e-06,-1.007571394353590222e-04,-3.207199358587346089e-02,-3.499807543448021363e-01,-6.678895151037308464e-01,-1.303707036621588156e+00,-2.575342079657302996e+00,-5.118612165728731789e+00,-1.020515233787159026e+01,-2.037823268215730721e+01
3.833007812499999677e-06,-7.879071192107289789e-04,-2.507986254393655412e-01,-4.695252572920448064e-01,-6.882518891447241272e-01,-1.125705152850082769e+00,-2.000611680260799830e+00,-3.750424735082233951e+00,-7.250050844725102195e+00,-1.424930306401083868e+01
3.837076822916666743e-06,7.540087334163558808e-04,2.400084341153444212e-01,7.308154936689168490e-01,1.221622553222489360e+00,2.203236672329634160e+00,4.166464910543924205e+00,8.092921386972504294e+00,1.594583433982966447e+01,3.165166024554398305e+01
3.841145833333332962e-06,1.097502095497304708e-03,3.493457671042188295e-01,4.586831000952887316e-01,5.680204330863586337e-01,7.866950990684984379e-01,1.224044431032778046e+00,2.098743094961337263e+00,3.848140422818455253e+00,7.346935078532691676e+00
3.845214843750000027e-06,-2.128275793467082622e-04,-6.774512255862238930e-02,-4.848360122238026815e-01,-9.019269018889829459e-01,-1.736108681219343586e+00,-3.404472239880064421e+00,-6.741199357201506537e+00,-1.341465359184439166e+01,-2.676156206113016012e+01
3.849283854166666246e-06,1.353056723083057022e-03,4.306913315247806739e-01,9.291277856096017418e-01,1.427564239694422810e+00,2.424437147864065167e+00,4.418182964203348995e+00,8.405674596881917537e+00,1.638065786223905462e+01,3.233062439295333235e+01
3.853352864583333311e-06,8.816227916099705908e-04,2.806292504544055655e-01,1.305671693829790758e-01,-1.949491168844738609e-02,-3.196190738313003377e-01,-9.198673981170062408e-01,-2.120364046688417936e+00,-4.521357343831241771e+00,-9.323343938116888552e+00
3.857421875000000377e-06,-1.411413325477894887e-03,-4.492668149911542286e-01,-1.179162880437581995e+00,-1.909058945884009928e+00,-3.368851076776865572e+00,-6.288435338562576860e+00,-1.212760386213400032e+01,-2.380594090927684547e+01,-4.716261500356253578e+01
3.861490885416666595e-06,1.305025271420845456e-04,4.154024456129398746e-02,5.323473041148664153e-01,1.023154363668439037e+00,2.004768482775583838e+00,3.967996720989873882e+00,7.894453197418453527e+00,1.574736615027561371e+01,3.145319205598993406e+01
3.865559895833333661e-06,5.459012386666017846e-04,1.737657611475563746e-01,3.059912777323764432e-01,4.382167943171965674e-01,7.026678274868367602e-01,1.231569893826117035e+00,2.289374026504678028e+00,4.404982291861799126e+00,8.636198822576043099e+00
3.869628906249999879e-06,-7.644284361916220405e-04,-2.433251285198083091e-01,-6.604160181849886291e-01,-1.077506907850168894e+00,-1.911688687180529422e+00,-3.580052245841250702e+00,-6.916779363162692817e+00,-1.359023359780557705e+01,-2.693714206709134729e+01
3.873697916666666945e-06,1.160982613406247310e-03,3.695522435347024515e-01,9.824296155882723536e-01,1.595306987641842200e+00,2.821061731748982115e+00,5.272571219963261058e+00,1.017559019639181983e+01,1.998162814924893738e+01,3.959370405496317602e+01
3.877766927083333163e-06,8.812962804114476967e-04,2.805253187119660097e-01,1.914983938905371053e-01,1.024714690691082286e-01,-7.558238057374955243e-02,-4.316900798594651145e-01,-1.143905478430896183e+00,-2.568336275573758432e+00,-5.417197869859482928e+00
3.881835937500000229e-06,-3.810964948129935692e-04,-1.213067818889655702e-01,-5.231388824916441971e-01,-9.249709830943229072e-01,-1.728635184299680327e+00,-3.335963586710394946e+00,-6.550620391531824183e+00,-1.297993400117468354e+01,-2.583856122046039872e+01
3.885904947916666448e-06,-1.334769319711881508e-04,-4.248702702391047442e-02,3.633272784216062812e-02,1.151524827082317237e-01,2.727919924403739427e-01,5.880710119046583806e-01,1.218629050833227145e+00,2.479745128690364897e+00,5.001977284404640400e+00
3.889973958333333513e-06,1.600186519141288954e-03,5.093551887806998524e-01,1.061197404584272252e+00,1.613039620387844542e+00,2.716724051994988898e+00,4.924092915209278054e+00,9.338830641637855479e+00,1.816830609449501210e+01,3.582725700020932891e+01
3.894042968749999732e-06,-6.209442485172189663e-04,-1.976526930719954001e-01,-9.046605749246752204e-01,-1.611668456777355152e+00,-3.025684220482714792e+00,-5.853715747893434518e+00,-1.150977880271487308e+01,-2.282190491235775198e+01,-4.544615713164350268e+01
3.898111979166666797e-06,-1.547778726397552873e-03,-4.926732702372975670e-01,-7.876938474024760550e-01,-1.082714424567654543e+00,-1.672755578898011519e+00,-2.852837887558725249e+00,-5.213002504880153154e+00,-9.933331739523008963e+00,-1.937399020880872058e+01
3.902180989583333016e-06,4.495376726296740344e-04,1.430922854100777075e-01,7.788578410573977484e-01,1.414623396704717928e+00,2.686154507999357843e+00,5.229216730588638562e+00,1.031534117576719822e+01,2.048759006612431932e+01,4.083208784683856152e+01
3.906250000000000081e-06,-9.566658014605877725e-04,-3.045161823788445909e-01,-7.521246501690236341e-01,-1.199733117959202788e+00,-2.094950053539560653e+00,-3.885383924700277269e+00,-7.466251667021709615e+00,-1.462798715166457519e+01,-2.895145812095030635e+01
3.910319010416666300e-06,-6.131724393796389450e-04,-1.951788493899701826e-01,-8.584151639890028052e-02,2.349581659216961466e-02,2.421704825743093981e-01,6.795198145385890065e-01,1.554218478467148223e+00,3.303615806324266657e+00,6.802410462038502637e+00
3.914388020833333365e-06,2.774314048672010813e-03,8.830915890708793681e-01,1.961362027530701768e+00,3.039632465990524057e+00,5.196173342910168635e+00,9.509255096749459568e+00,1.813541860442803966e+01,3.538774561978519984e+01,6.989239965049951309e+01
3.918457031249999584e-06,1.217511844160412693e-04,3.875460565421180725e-02,-8.055823777609670833e-01,-1.649919361176145793e+00,-3.338593328006503658e+00,-6.715941261667218498e+00,-1.347063712898864907e+01,-2.698002886363151021e+01,-5.399881233291723248e+01
3.922526041666666650e-06,-1.380326088913363947e-03,-4.393714402585298107e-01,-9.174974861737077436e-01,-1.395623532088885455e+00,-2.351875623919241320e+00,-4.264379807579953052e+00,-8.089388174901374740e+00,-1.573940490954422167e+01,-3.103943837882991374e+01
3.926595052083333715e-06,1.288106904816288534e-03,4.100171622646276992e-01,1.259405764786948101e+00,2.108794367309268392e+00,3.807571572353909417e+00,7.205125982443191468e+00,1.400023480262175468e+01,2.759045244297888289e+01,5.477088772369313574e+01
3.930664062499999934e-06,-9.090554130395389620e-04,-2.893613250593745079e-01,-9.887398123808013306e-01,-1.688118299702228153e+00,-3.086875274345081799e+00,-5.884389223630789090e+00,-1.147941712220220367e+01,-2.266947291934503284e+01,-4.504958451363069116e+01
3.934733072916666999e-06,-6.134989505639509844e-04,-1.952827811278862735e-01,-1.012042371993135681e-01,-7.125693270740860071e-03,1.810313945864045482e-01,5.573455703006954254e-01,1.309973921729276958e+00,2.815230624586440467e+00,5.825744030300766596e+00
3.938802083333333218e-06,4.969848054585668251e-04,1.581951768605897590e-01,5.116731348516632139e-01,8.651510928427367242e-01,1.572107008824883634e+00,2.986018840789177897e+00,5.813842504717765536e+00,1.146948983257494170e+01,2.278078448828929226e+01
3.942871093750000283e-06,-3.579443229853040975e-04,-1.139372167095861615e-01,-3.860696102810144414e-01,-6.582020038524427630e-01,-1.202466790995299295e+00,-2.290996365281012359e+00,-4.468055513852438487e+00,-8.822173810995291632e+00,-1.753041040528099614e+01
3.946940104166666502e-06,-1.860021596321814741e-03,-5.920632626245895258e-01,-1.070189308539767348e+00,-1.548315354454945281e+00,-2.504567446285300925e+00,-4.417071629946012656e+00,-8.242079997267435232e+00,-1.589209673191028038e+01,-3.119213020119597246e+01
3.951009114583333567e-06,-8.933485391580120449e-04,-2.843616718218425210e-01,2.333991898172838725e-02,3.310415097852992816e-01,9.464446913924410287e-01,2.177251054606724523e+00,4.638863781035291289e+00,9.562089233892425710e+00,1.940854013960669278e+01
3.955078124999999786e-06,-7.655712253651358878e-04,-2.436888896115615710e-01,-2.030161074017400868e-01,-1.623433251919185749e-01,-8.099776077227556492e-02,8.169336806701045506e-02,4.070756257455824811e-01,1.057840141102726506e+00,2.359369171817014887e+00
3.959147135416666851e-06,-1.476689654950291697e-03,-4.700449159960085055e-01,-6.964009423799363274e-01,-9.227569687638642604e-01,-1.375469021531720015e+00,-2.280893127067431525e+00,-4.091741338138854545e+00,-7.713437760281700584e+00,-1.495683060456739177e+01
3.963216145833333070e-06,-8.935117947643789194e-04,-2.844136376953240175e-01,-9.878235939175271374e-02,8.684891891181859003e-02,4.581114755189611976e-01,1.200636588733246413e+00,2.685686815161816732e+00,5.655787268018957370e+00,1.159598817373323953e+01
3.967285156250000136e-06,-5.500184326621138098e-04,-1.750763046996643979e-01,-6.573897170859449579e-02,4.359836128247539244e-02,2.622730272646152105e-01,6.996223592288947080e-01,1.574321023157453814e+00,3.323718351014572026e+00,6.822513006728808449e+00
3.971354166666666354e-06,-5.900202675590549006e-04,-1.878092842128525064e-01,-2.005422637217799953e-01,-2.132752432307074841e-01,-2.387412022485624619e-01,-2.896731202842723896e-01,-3.915369563556923005e-01,-5.952646284985321223e-01,-1.002719972784211766e+00
3.975423177083333420e-06,1.503169930721526271e-03,4.784738495628655941e-01,1.144756983335186717e+00,1.811040117107507674e+00,3.143606384652149810e+00,5.808738919741434081e+00,1.113900398992000262e+01,2.179953413027713793e+01,4.312059441099141566e+01
3.979492187499999638e-06,7.299800680726775681e-05,2.323598723846497655e-02,-4.320018750829626719e-01,-8.872397374043903273e-01,-1.797715462047245749e+00,-3.618666911332956371e+00,-7.260569809904377614e+00,-1.454437560704722010e+01,-2.911198720133290507e+01
3.983561197916666704e-06,-6.287762731460588839e-05,-2.001457039401901075e-02,-6.326512802794749535e-02,-1.065156856618759834e-01,-1.930168009297329734e-01,-3.660190314654468979e-01,-7.120234925368748025e-01,-1.404032414679730723e+00,-2.788050258965442119e+00
3.987630208333332922e-06,-1.421144201792401418e-03,-4.523642491232933716e-01,-8.847139278509708049e-01,-1.317063606578648294e+00,-2.181762964034003272e+00,-3.911161678944713227e+00,-7.369959108766132694e+00,-1.428755396840897163e+01,-2.812274368769465127e+01
3.991699218749999988e-06,6.960144462908601781e-04,2.215482791811178021e-01,8.954608074846897026e-01,1.569373335788261548e+00,2.917198392395405460e+00,5.612848505609692396e+00,1.100414873203826716e+01,2.178674918489541668e+01,4.335195009060971927e+01
3.995768229166667053e-06,4.642650129298431239e-04,1.477801434248144918e-01,7.401200766588499069e-02,2.438719069554978692e-04,-1.472923996109034850e-01,-4.423649426466214618e-01,-1.032510028718057304e+00,-2.212800200860929323e+00,-4.573380545146672915e+00
3.999837239583333272e-06,6.399792263351855581e-04,2.037117146947433344e-01,2.596432859670642634e-01,3.155748572393851648e-01,4.274379997840269674e-01,6.511642848733105726e-01,1.098616855051877783e+00,1.993521995409012204e+00,3.783332276123280824e+00
4.003906250000000337e-06,1.414904685027806863e-03,4.503781492521134466e-01,6.970445838056866794e-01,9.437110183592599677e-01,1.437043887466406655e+00,2.423709625680699808e+00,4.397041102109286115e+00,8.343704054966458727e+00,1.623702996068080395e+01
4.007975260416666556e-06,-7.822576328351260599e-04,-2.490003380741505068e-01,-9.483788253955773850e-01,-1.647757312717004208e+00,-3.046514287359857853e+00,-5.844028236645565144e+00,-1.143905613521697973e+01,-2.262911193235980889e+01,-4.500922352664547077e+01
4.012044270833333622e-06,-6.305118692182531959e-04,-2.006981613283913002e-01,-1.523959845873189833e-01,-1.040938078462466804e-01,-7.489454364102067496e-03,1.857192526001871513e-01,5.721366665287656028e-01,1.344971494385922561e+00,2.890641150100236256e+00
4.016113281249999840e-06,7.915617343385861204e-04,2.519619255647593259e-01,7.046220124620800052e-01,1.157282099359400629e+00,2.062602273154042098e+00,3.873242620743324593e+00,7.494523315921890472e+00,1.473708470627902045e+01,2.922220748699328396e+01
4.020182291666666906e-06,-1.352727435346423590e-04,-4.305865159828111549e-02,-3.380792287634595827e-01,-6.330998059286380153e-01,-1.223140960258995102e+00,-2.403223268919708833e+00,-4.763387886241136293e+00,-9.483717120883992990e+00,-1.892437559016970283e+01
4.024251302083333124e-06,-5.108328757756908090e-04,-1.626031545470986439e-01,-2.821476574935263271e-01,-4.016921604399539825e-01,-6.407811663328093488e-01,-1.118959178118519970e+00,-2.075315201689941436e+00,-3.988027248832784366e+00,-7.813451343118470227e+00
4.028320312500000190e-06,9.631343423421867556e-05,3.065751828906415621e-02,2.239181911238862510e-01,4.171788639587083458e-01,8.037002096283525354e-01,1.576742900967641026e+00,3.122828283646217784e+00,6.214999049003370857e+00,1.239934057971767878e+01
4.032389322916666408e-06,-1.594044489507950857e-04,-5.074001200271745921e-02,-1.321375422928955379e-01,-2.135350725830736374e-01,-3.763301331634297808e-01,-7.019202543241421788e-01,-1.353100496645566864e+00,-2.655460981288416011e+00,-5.260181950574114751e+00
4.036458333333333474e-06,-1.325923424936092943e-03,-4.220545344798297127e-01,-7.933690569575073681e-01,-1.164683579435185079e+00,-1.907312624390540279e+00,-3.392570714301251122e+00,-6.363086894122671922e+00,-1.230411925376551530e+01,-2.418618397305120027e+01
4.040527343749999692e-06,-5.270295164478966399e-04,-1.677587053960282182e-01,8.653712368879366845e-02,3.408329527736155828e-01,8.494246109432593839e-01,1.866607927282546875e+00,3.900974559961122079e+00,7.969707825318272043e+00,1.610717435603257286e+01
4.044596354166666758e-06,1.014886336179188220e-03,3.230483541586817164e-01,8.138554137122542276e-01,1.304662473265826739e+00,2.286276592372971539e+00,4.249504830587261139e+00,8.175961307015841228e+00,1.602887425987299963e+01,3.173470016558731999e+01
4.048665364583332976e-06,1.478221947316171736e-03,4.705326598045920794e-01,6.180169654519137579e-01,7.655012710992354918e-01,1.060469882393878960e+00,1.650407104983165674e+00,2.830281550161739101e+00,5.190030440518886401e+00,9.909528221233181000e+00
4.052734375000000042e-06,1.078693365279548289e-03,3.433587623293432034e-01,2.161848648516646876e-01,8.901096737398621339e-02,-1.653368275813707489e-01,-6.740324174920846456e-01,-1.691423597313512550e+00,-3.726205956956368137e+00,-7.795770676242080199e+00
4.056803385416666261e-06,1.038691530389712625e-03,3.306257828184168135e-01,3.178928033094893246e-01,3.051598238005618358e-01,2.796938647827068580e-01,2.287619467469969026e-01,1.268981106755769916e-01,-7.682956146726280244e-02,-4.842849057529424184e-01
4.060872395833333326e-06,8.788860270669829333e-05,2.797581112442153184e-02,-2.746741605720055546e-01,-5.773241322684325993e-01,-1.182624075661286689e+00,-2.393223962446994868e+00,-4.814423736018411226e+00,-9.656823283161244831e+00,-1.934162237744691026e+01
4.064941406250000392e-06,1.773615154192498267e-03,5.645592378648605081e-01,1.101142664605933463e+00,1.637726091347006196e+00,2.710892944829152107e+00,4.857226651793443928e+00,9.149894065722026681e+00,1.773522889357919397e+01,3.490589854929352498e+01
4.069010416666666610e-06,1.757581769119553883e-03,5.594556528871507117e-01,5.543520679094717796e-01,5.492484829317929584e-01,5.390413129764350941e-01,5.186269730657195876e-01,4.777982932442884079e-01,3.961409336014261040e-01,2.328262143157015240e-01
4.073079427083333676e-06,6.150312429440418782e-04,1.957705249409932846e-01,-1.679146030054357863e-01,-5.315997309518648573e-01,-1.258969986844723055e+00,-2.713710498630439449e+00,-5.623191522201872239e+00,-1.144215356934473782e+01,-2.308007766363046542e+01
4.077148437499999894e-06,-1.390383476419287945e-03,-4.425728061308467631e-01,-1.080916137202275973e+00,-1.719259468273705238e+00,-2.995946130416563769e+00,-5.549319454702280829e+00,-1.065606610327371406e+01,-2.086955940041658408e+01,-4.129654599470232057e+01
4.081217447916666960e-06,1.373923316556613372e-03,4.373333745183918264e-01,1.317239555165715448e+00,2.197145735813039291e+00,3.956958097107686534e+00,7.476582819696981019e+00,1.451583226487556999e+01,2.859433115523274793e+01,5.675132893594710737e+01
4.085286458333333178e-06,-4.157753545186437805e-04,-1.323454057748547352e-01,-7.020241860650333621e-01,-1.271702966355211961e+00,-2.411060526935569381e+00,-4.689775648096284222e+00,-9.247205890417713903e+00,-1.836206637506057149e+01,-3.659178734434628666e+01
4.089355468750000244e-06,-4.557771893942685892e-04,-1.450783852812576602e-01,-1.578113647901851491e-01,-1.705443442991126379e-01,-1.960103033169675879e-01,-2.469422213526775434e-01,-3.488060574240974265e-01,-5.525337295669372484e-01,-9.599890738526168921e-01
4.093424479166666462e-06,1.349791611140460645e-03,4.296520141139554827e-01,1.004382413511277994e+00,1.579112812908600505e+00,2.728573611703245305e+00,5.027495209292535350e+00,9.625338404471115439e+00,1.882102479482827562e+01,3.721239757554259597e+01
4.097493489583333528e-06,8.304207800478025092e-04,2.643311439816706798e-01,9.901027384774262197e-02,-6.631059628618544977e-02,-3.969523365540416071e-01,-1.058235817089753894e+00,-2.380802778161178690e+00,-5.025936700304027838e+00,-1.031620454458972702e+01
4.101562499999999747e-06,-5.518142442397788727e-04,-1.756479292785584900e-01,-6.156270025374867005e-01,-1.055606075796414967e+00,-1.935564222314271499e+00,-3.695480515349984785e+00,-7.215313101421410913e+00,-1.425497827356426228e+01,-2.833430861784996679e+01
4.105631510416666812e-06,1.205817656682484085e-03,3.838236810570067048e-01,9.432952913918275506e-01,1.502766901726648507e+00,2.621710122396290199e+00,4.859596563735573582e+00,9.335369446414141237e+00,1.828691521177127299e+01,3.619000674248554361e+01
4.109700520833333031e-06,5.426361267168999802e-04,1.727264437344694648e-01,-3.837079358695902331e-02,-2.494680309083875114e-01,-6.716625055512444042e-01,-1.516051454836958357e+00,-3.204829353408386261e+00,-6.582385150551242070e+00,-1.333749674483695280e+01
4.113769531250000096e-06,-7.437250983173271379e-04,-2.367350513974169346e-01,-6.461965465313441737e-01,-1.055658041665271440e+00,-1.874581031933125974e+00,-3.512427012468835041e+00,-6.788118973540252732e+00,-1.333950289568308989e+01,-2.644227073996876243e+01
4.117838541666666315e-06,-2.324525875607719172e-04,-7.399195668959694661e-02,8.875113802022414899e-02,2.514942327300452307e-01,5.769804221496874774e-01,1.227952800988971749e+00,2.529897558667540736e+00,5.133787074024677821e+00,1.034156610473895377e+01
4.121907552083333380e-06,5.185044213149581083e-04,1.650450833345565860e-01,4.040821233568768767e-01,6.431191633791971674e-01,1.121193243423837638e+00,2.077341403513119023e+00,3.989637723691681348e+00,7.814230364048805555e+00,1.546341564476305486e+01
4.125976562499999599e-06,-1.678657896540869388e-03,-5.343334039894456211e-01,-1.233711891310872444e+00,-1.933090378632299267e+00,-3.331847353275152912e+00,-6.129361302560860203e+00,-1.172438920113227567e+01,-2.291444499827510484e+01,-4.529455659256076672e+01
4.130045572916666664e-06,-2.805527427724996414e-04,-8.930271162046467259e-02,3.557279807456074083e-01,8.007586731116794754e-01,1.690820057843823720e+00,3.470942827308111767e+00,7.031188366236688303e+00,1.415167944409384226e+01,2.839266159980815019e+01
4.134114583333333730e-06,1.045647061559407121e-03,3.328397971533900712e-01,7.549823059257119162e-01,1.177124814698033761e+00,2.021409832242677673e+00,3.709979867331965053e+00,7.087119937510539813e+00,1.384140007786769111e+01,2.734996035858199193e+01
4.138183593749999949e-06,-1.798663401181954669e-03,-5.725323425131778610e-01,-1.477904482178356460e+00,-2.383276621843535281e+00,-4.194020901173892035e+00,-7.815509459834607320e+00,-1.505848657715603522e+01,-2.954444081179889281e+01,-5.851634928108460798e+01
4.142252604166667014e-06,-8.319903440181519727e-04,-2.648307517104308006e-01,4.287083909314006597e-02,3.505724298967109465e-01,9.659756115038526936e-01,2.196781974718136077e+00,4.658394701146703731e+00,9.581620154003838152e+00,1.942807105971810699e+01
4.146321614583333233e-06,2.784934120114712641e-04,8.864720628030695049e-02,4.421251642713804331e-01,7.956031222624538879e-01,1.502559038244601020e+00,2.916470870208895061e+00,5.744294534137482700e+00,1.139994186199465886e+01,2.271123651770901120e+01
4.150390625000000298e-06,-5.045303670030421017e-04,-1.605970036970044701e-01,-4.098412136746825696e-01,-6.590854236523606691e-01,-1.157573843607716757e+00,-2.154550683518428933e+00,-4.148504363339853285e+00,-8.136411722982701988e+00,-1.611222644226840117e+01
4.154459635416666517e-06,-1.263585696207769615e-03,-4.022118191433610712e-01,-6.438266345897905030e-01,-8.854414500362199902e-01,-1.368671080929078965e+00,-2.335130342714796914e+00,-4.268048866286232368e+00,-8.133885913429104164e+00,-1.586556000771484776e+01
4.158528645833333582e-06,9.973836507413125219e-04,3.174770763490408210e-01,1.037165971840110945e+00,1.756854867331181014e+00,3.196232658313320929e+00,6.074988240277601648e+00,1.183249940420616220e+01,2.334752173206328152e+01,4.637756638777752727e+01
4.162597656249999801e-06,-8.881888195730880398e-04,-2.827192820680250462e-01,-8.829156404832024796e-01,-1.483111998898379857e+00,-2.683504715728735057e+00,-5.084290149389445013e+00,-9.885861016710864035e+00,-1.948900275135370208e+01,-3.869528622063938172e+01
4.166666666666666866e-06,1.503895870271776403e-04,4.787049232984819797e-02,3.784602667271714793e-01,7.090500411244947676e-01,1.370229589919141455e+00,2.692588687508434386e+00,5.337306882687021137e+00,1.062674327304419286e+01,2.120561605375853986e+01
4.170735677083333085e-06,1.236904893239909597e-03,3.937190557873694319e-01,7.395676192471898336e-01,1.085416182707010346e+00,1.777113309626651372e+00,3.160507563465933423e+00,5.927296071144497525e+00,1.146087308650162484e+01,2.252802711721588125e+01
4.174804687500000150e-06,-1.453301310334609298e-04,-4.626001746833633549e-02,-4.862390907272646223e-01,-9.262181639861928328e-01,-1.806176310504049365e+00,-3.566092603539762429e+00,-7.085925189611188557e+00,-1.412559036175404081e+01,-2.820492070603974355e+01
4.178873697916666369e-06,-1.120101508547577396e-03,-3.565393837000715993e-01,-6.668187499277516972e-01,-9.770981161554317396e-01,-1.597656848610791824e+00,-2.838774313521512216e+00,-5.321009243342952999e+00,-1.028547910298583368e+01,-2.021441882227159681e+01
4.182942708333333435e-06,6.614988421986822686e-04,2.105616211709718799e-01,7.776626260370435029e-01,1.344763630903115237e+00,2.478965640635258705e+00,4.747369660099545641e+00,9.284177699028118624e+00,1.835779377688526637e+01,3.650502593259955830e+01
4.187011718749999653e-06,8.372130555969192756e-04,2.664931924386390039e-01,3.224247637109599052e-01,3.783563349832808065e-01,4.902194775279226091e-01,7.139457626172062144e-01,1.161398332795773536e+00,2.056303473152907735e+00,3.846113753867176577e+00
4.191080729166666719e-06,-1.144233213942413840e-03,-3.642207440977227595e-01,-9.949346806379012476e-01,-1.625648617178079736e+00,-2.887076490258436490e+00,-5.409932236419150442e+00,-1.045564372874057746e+01,-2.054706671338343327e+01,-4.072991268266914489e+01
4.195149739583332937e-06,6.212434131924737812e-05,1.977479201457259944e-02,4.037703281306448955e-01,7.877658642467171290e-01,1.555756936478861707e+00,3.091739080943150864e+00,6.163703369871728732e+00,1.230763194772888625e+01,2.459548910344319950e+01
4.199218750000000003e-06,3.816492536046212081e-04,1.214827304770156463e-01,2.231906689368369501e-01,3.248986073966582677e-01,5.283144843163009030e-01,9.351462381555860626e-01,1.748809745834156493e+00,3.376136761191297353e+00,6.630790791905578629e+00
4.203287760416667068e-06,-8.567750718100342056e-04,-2.727199755929610725e-01,-6.669226816643911704e-01,-1.061125387735821324e+00,-1.849530799878681409e+00,-3.426341624164401800e+00,-6.579963272735842139e+00,-1.288720656987872282e+01,-2.550169316416448595e+01
4.207356770833333287e-06,-2.256603120045497235e-04,-7.182990823036691785e-02,1.290601591357059819e-01,3.299502265017788538e-01,7.317303612339246532e-01,1.535290630698216363e+00,3.142411169626799339e+00,6.356652247483966178e+00,1.278513440319829897e+01
4.211425781250000352e-06,1.460066239495461105e-03,4.647535185145955094e-01,1.001336945255668409e+00,1.537920371996741364e+00,2.611087225478887053e+00,4.757420932443178430e+00,9.050088346371762071e+00,1.763542317422892935e+01,3.480609282994326037e+01
4.215494791666666571e-06,-8.994793347483209800e-05,-2.863131646684098294e-02,-5.220161514445181838e-01,-1.015400986422195562e+00,-2.002170656377550095e+00,-3.975709996288259163e+00,-7.922788676109677297e+00,-1.581694603575251357e+01,-3.160526075503818433e+01
4.219563802083333636e-06,-2.497920173993861681e-04,-7.951126862801807804e-02,-1.303912207931973710e-01,-1.812711729583766640e-01,-2.830310772887352222e-01,-4.865508859494523941e-01,-8.935905032708867379e-01,-1.707669737913755315e+00,-3.335828207199492912e+00
4.223632812499999855e-06,5.970387907012764117e-04,1.900433495154313368e-01,4.595979676627526267e-01,7.291525858100739166e-01,1.268261822104716385e+00,2.346480294694001767e+00,4.502917239872571642e+00,8.815791130229712280e+00,1.744153891094399356e+01
4.227701822916666921e-06,8.686268033670785371e-04,2.764924989159647239e-01,3.629416483132844040e-01,4.493907977106040841e-01,6.222890965052434442e-01,9.680856940945222755e-01,1.659678889273079827e+00,3.042865279630194930e+00,5.809238060344425136e+00
4.231770833333333139e-06,1.335399239650314485e-04,4.250707799830122369e-02,-1.914783429168774587e-01,-4.254637638320561410e-01,-8.934346056624135057e-01,-1.829376289323128235e+00,-3.701259656644557694e+00,-7.445026391287416168e+00,-1.493255986057313400e+01
4.235839843750000205e-06,5.489386354895486875e-04,1.747325945845636108e-01,3.069581111693837072e-01,4.391836277542037759e-01,7.036346609238439687e-01,1.232536727263124465e+00,2.290340859941685014e+00,4.405949125298806557e+00,8.637165656013049642e+00
4.239908854166666423e-06,-1.360602284634637726e-03,-4.330931583634571314e-01,-1.040918911309885342e+00,-1.648744664256313719e+00,-2.864396170149170029e+00,-5.295699181934883093e+00,-1.015830520550630922e+01,-1.988351725264915970e+01,-3.933394134693486421e+01
4.243977864583333489e-06,-6.336137255757989806e-04,-2.016855128725201785e-01,2.972213261855152777e-02,2.611297781096232340e-01,7.239450690917665909e-01,1.649575651056053305e+00,3.500836814984626955e+00,7.203359142841773810e+00,1.460840379855606841e+01
4.248046874999999707e-06,1.173432832928256175e-04,3.735152714937162860e-02,2.763885671716919123e-01,5.154256071940122030e-01,9.934996872386527844e-01,1.949647847327933947e+00,3.861944167506496051e+00,7.686536807863620702e+00,1.533572208857786912e+01
4.252115885416666773e-06,1.252783480367725133e-04,3.987733670487837723e-02,4.240314625845028468e-02,4.492895581202219907e-02,4.998057491916601397e-02,6.008381313345365071e-02,8.029028956202892420e-02,1.207032424191794712e-01,2.015291481334805790e-01
4.256184895833332991e-06,-2.982186838238476412e-04,-9.492595530584881092e-02,-2.297292473147780900e-01,-3.645325393237073830e-01,-6.341391233415659689e-01,-1.173352291377283141e+00,-2.251778627448717263e+00,-4.408631299591585950e+00,-8.722336643877323326e+00
4.260253906250000057e-06,-1.704413700309714841e-04,-5.425317309556788870e-02,-1.358039088574638197e-02,2.709239132407512129e-02,1.084379557437181313e-01,2.711290845830041651e-01,5.965113422615762051e-01,1.247275857618720174e+00,2.548804888333008556e+00
4.264322916666666275e-06,-1.385378554843441634e-04,-4.409796901136803227e-02,-3.394276492654531990e-02,-2.378756084172261101e-02,-3.477152672077186719e-03,3.714366366721365970e-02,1.183852963457953517e-01,2.808685617029587633e-01,6.058350924172855034e-01
4.268391927083333341e-06,-9.694985341184292338e-04,-3.086009680505891195e-01,-5.731039670907688288e-01,-8.376069661309485381e-01,-1.366612964211307846e+00,-2.424624960372026461e+00,-4.540648952693463691e+00,-8.772696937336338152e+00,-1.723679290662208885e+01
4.272460937500000407e-06,5.724173185086556259e-04,1.822060915041208429e-01,6.730131510576933263e-01,1.163820210611265837e+00,2.145434329718410638e+00,4.108662567932700682e+00,8.035119044361280771e+00,1.588803199721844095e+01,3.159385790293275775e+01
4.276529947916666625e-06,-2.106064605129631673e-04,-6.703811847545231017e-02,-3.162823284531303680e-01,-5.655265384308084675e-01,-1.064014958386164666e+00,-2.060991798296877064e+00,-4.054945478118301416e+00,-8.042852837761151008e+00,-1.601866755704685019e+01
4.280598958333333691e-06,-1.353156986681369744e-03,-4.307232464193480048e-01,-7.944083743657770480e-01,-1.158093502312206091e+00,-1.885463758205064178e+00,-3.340204269990780350e+00,-6.249685293562213140e+00,-1.206864734070507872e+01,-2.370657143499080988e+01
4.284667968749999909e-06,-1.228309816028172463e-04,-3.909831577383604539e-02,3.525266148734848559e-01,7.441515455208057572e-01,1.527401406815447560e+00,3.093901129404731165e+00,6.226900574583297931e+00,1.249289946494043235e+01,2.502489724565469942e+01
4.288736979166666975e-06,-2.587066157246908915e-04,-8.234887340632003616e-02,-1.255994310402485103e-01,-1.688499886741770262e-01,-2.553511039420339745e-01,-4.283533344777479268e-01,-7.743577955491758313e-01,-1.466366717692031640e+00,-2.850384561977743481e+00
4.292805989583333193e-06,-1.305383342661059487e-03,-4.155164232286581161e-01,-7.486839730500861601e-01,-1.081851522871514204e+00,-1.748186622514370292e+00,-3.080856821800082468e+00,-5.746197220371507264e+00,-1.107687801751435686e+01,-2.173823961180005426e+01
4.296875000000000259e-06,7.638384058026304047e-04,2.431373160138434186e-01,9.017910552549158743e-01,1.560444794495988274e+00,2.877752272978133075e+00,5.512367229942423563e+00,1.078159714387100365e+01,2.132005697172816383e+01,4.239697662744248419e+01
4.300944010416666477e-06,2.137975109747003444e-03,6.805386138473460411e-01,1.117939911682167331e+00,1.555341209516988732e+00,2.430143805186631312e+00,4.179748996525916027e+00,7.678959379204486346e+00,1.467738014456162610e+01,2.867422167527590915e+01
4.305013020833333543e-06,7.078031858469557847e-04,2.253007515274689510e-01,-2.299371107939587044e-01,-6.851749731153863321e-01,-1.595650697758241643e+00,-3.416602147043952264e+00,-7.058505045615373952e+00,-1.434231084275821644e+01,-2.890992243704389963e+01
4.309082031249999761e-06,-6.025264890112680405e-04,-1.917901381398957328e-01,-6.088810278050760250e-01,-1.025971917470256178e+00,-1.860153696800616929e+00,-3.528517255461337765e+00,-6.865244372782780324e+00,-1.353869860742566367e+01,-2.688560707671143390e+01
4.313151041666666827e-06,7.236733153206387215e-04,2.303523706339589971e-01,6.524948794062808144e-01,1.074637388178602659e+00,1.918922405723246571e+00,3.607492440812534173e+00,6.984632510991109378e+00,1.373891265134825979e+01,2.724747293206256060e+01
4.317220052083333046e-06,2.762078336502327147e-04,8.791968409227697567e-02,-5.451300244790090871e-02,-1.969456889880787931e-01,-4.818110620684345480e-01,-1.051541808229146113e+00,-2.191003300550569133e+00,-4.469926285193415616e+00,-9.027772254479106806e+00
4.321289062500000111e-06,-9.382480419546368466e-04,-2.986536274467449514e-01,-6.852269389869219962e-01,-1.071800250527099152e+00,-1.844946873607453242e+00,-3.391240119768161421e+00,-6.483826612089577779e+00,-1.266899959673241050e+01,-2.503934556601807770e+01
4.325358072916666330e-06,2.161617048358266402e-03,6.880640766358613325e-01,1.674781780720683066e+00,2.661499484805504689e+00,4.634934892975147491e+00,8.581805709314433983e+00,1.647554734199300697e+01,3.226303060735015293e+01,6.383799713806444487e+01
4.329427083333333395e-06,-7.066618641857758121e-04,-2.249374575593996450e-01,-1.137938991755826912e+00,-2.050940525952253957e+00,-3.876943594345108490e+00,-7.528949731130817113e+00,-1.483296200470223525e+01,-2.944098655184507152e+01,-5.865703564613074406e+01
4.333496093749999614e-06,-1.474524538025434595e-04,-4.693557378740826486e-02,1.310663099849144475e-01,3.090681937572371529e-01,6.650719613018825083e-01,1.377079496391173441e+00,2.801094566569755084e+00,5.649124706926918371e+00,1.134518498764124494e+01
4.337565104166666679e-06,6.754099045025441228e-04,2.149896498296097747e-01,4.769148734456802319e-01,7.388400970617506891e-01,1.262690544293891604e+00,2.310391438758173432e+00,4.405793227686737978e+00,8.596596805543866182e+00,1.697820396125812081e+01
4.341634114583333745e-06,6.593765194367051663e-04,2.098860648541616691e-01,2.047824798764827925e-01,1.996788948988038881e-01,1.894717249434461070e-01,1.690573850327305172e-01,1.282287052112993930e-01,4.657134556843708223e-02,-1.167433737172875047e-01
4.345703124999999963e-06,-3.393633078800917247e-04,-1.080226959062667164e-01,-4.259314566651953848e-01,-7.438402174241240949e-01,-1.379657738941981293e+00,-2.651292781977696134e+00,-5.194562868049125370e+00,-1.028110304019198473e+01,-2.045418338447770168e+01
4.349772135416667029e-06,1.490173942471528790e-03,4.743370980221630062e-01,1.056696891950734019e+00,1.639056685879305197e+00,2.803776273736447333e+00,5.133215449450731604e+00,9.792093800879300147e+00,1.910985050373643546e+01,3.774536390945070963e+01
4.353841145833333248e-06,2.313036300769510945e-03,7.362623216369192924e-01,9.981875452529898052e-01,1.260112768869060318e+00,1.783963216101201343e+00,2.831664110565483394e+00,4.927065899494047052e+00,9.117869477351174368e+00,1.749947663306543078e+01
4.357910156250000313e-06,-8.428640094990669240e-04,-2.682919469320614869e-01,-1.272846215503489420e+00,-2.277400484074917575e+00,-4.286509021217773885e+00,-8.304726095503486505e+00,-1.634116024407490997e+01,-3.241402854121776045e+01,-6.455976513550345430e+01
4.361979166666666532e-06,4.353988951990572787e-04,1.385917727753601392e-01,5.454754924851825670e-01,9.523592121950050782e-01,1.766126651614650100e+00,3.393661530453940145e+00,6.648731288132520234e+00,1.315887080348968041e+01,2.617914983420400077e+01
4.366048177083333597e-06,1.641756450474929352e-03,5.225873088921789700e-01,9.065828450082512591e-01,1.290578381124323437e+00,2.058569453356468237e+00,3.594551597820757394e+00,6.666515886749335706e+00,1.281044446460649233e+01,2.509830162032080381e+01
4.370117187499999816e-06,-1.226522462076218289e-03,-3.904142253053438094e-01,-1.303415759501771021e+00,-2.216417293698198065e+00,-4.042420362091053043e+00,-7.694426498876761222e+00,-1.499843877244818025e+01,-2.960646331959101474e+01,-5.882251241387668728e+01
4.374186197916666881e-06,1.178257583738684389e-03,3.750510373750488569e-01,1.140516300053619370e+00,1.905981562732189660e+00,3.436912088089330464e+00,6.498773138803612071e+00,1.262249524023217617e+01,2.486993944308930438e+01,4.936482784880355723e+01
4.378255208333333100e-06,1.186192648475525857e-03,3.775768469282939077e-01,3.801026564818658082e-01,3.826284660354377087e-01,3.876800851425815098e-01,3.977833233568691673e-01,4.179897997854444269e-01,4.584027526425950017e-01,5.392286583568960401e-01
4.382324218750000165e-06,-1.720739259951642453e-04,-5.477283179871875185e-02,-4.871225105263962130e-01,-9.194721892540737018e-01,-1.784171546709428569e+00,-3.513570261620138524e+00,-6.972367691441558435e+00,-1.388996255108439826e+01,-2.772515227037007790e+01
4.386393229166666384e-06,5.157718703685532091e-05,1.641752853538150370e-02,8.760788887020401483e-02,1.587982492050265260e-01,3.011789698746715205e-01,5.859404112139615650e-01,1.155463293892541543e+00,2.294509059249701721e+00,4.572600589964022078e+00
4.390462239583333449e-06,3.231651996955520190e-04,1.028666779336531584e-01,1.893158273309728523e-01,2.757649767282925324e-01,4.486632755229319480e-01,7.944598731122106683e-01,1.486053068290768220e+00,2.869239458647883545e+00,5.635612239362113307e+00
4.394531249999999668e-06,2.591949149888250759e-04,8.250430388951021654e-02,6.214192984933192276e-02,4.177955580915363593e-02,1.054807728797054660e-03,-8.039468843191610592e-02,-2.432936807533424284e-01,-5.690916653961950455e-01,-1.220687634681900446e+00
4.398600260416666734e-06,1.585394719327837265e-03,5.046468126656267206e-01,9.267893214379485656e-01,1.348931830210270411e+00,2.193216847754914323e+00,3.881786882844201703e+00,7.258926953022776907e+00,1.401320709337992731e+01,2.752176737409422813e+01
4.402669270833332952e-06,9.701500889747194378e-04,3.088083644027373453e-01,1.129699161438104810e-01,-8.286853211511638340e-02,-4.745454286329701121e-01,-1.257899221668677514e+00,-2.824606807740092762e+00,-5.958021979882922814e+00,-1.222485232416858203e+01
4.406738281250000018e-06,6.425268563745589745e-04,2.045226505226147018e-01,1.002369366386864080e-01,-4.048777245241871013e-03,-2.126202050130984456e-01,-6.297630605488115929e-01,-1.464048771620237943e+00,-3.132620193763090199e+00,-6.469763038048795600e+00
4.410807291666667083e-06,8.422095196038981157e-04,2.680836163280218565e-01,3.316445821315935349e-01,3.952055479351652689e-01,5.223274795423086259e-01,7.765713427565954508e-01,1.285059069185169101e+00,2.302034522042316400e+00,4.335985427756610555e+00
4.414876302083333302e-06,4.426809375459583862e-04,1.409097188459877692e-01,1.373582136830928807e-02,-1.134380761093691931e-01,-3.677858710647261553e-01,-8.764814609754401076e-01,-1.893872640796868012e+00,-3.928655000439723821e+00,-7.998219719725435439e+00
4.418945312500000367e-06,5.225213517263682661e-04,1.663237119966207433e-01,1.917377051439428659e-01,2.171516982912649607e-01,2.679796845859092058e-01,3.696356571751976405e-01,5.729476023537745100e-01,9.795714927109282488e-01,1.792819273425235727e+00
4.423014322916666586e-06,1.273478360587887437e-03,4.053607520162508249e-01,6.443977920385710600e-01,8.834348320608913507e-01,1.361508912105531932e+00,2.317657072194813317e+00,4.229953392373375642e+00,8.054546032730499405e+00,1.570373131344474871e+01
4.427083333333333651e-06,8.260128789316922848e-04,2.629280654790922545e-01,1.204953789389143770e-01,-2.193730760126350737e-02,-3.068026806816192553e-01,-8.765334268423308206e-01,-2.015994919163753618e+00,-4.294917903806600101e+00,-8.852763873092291291e+00
4.431152343749999870e-06,4.504527466835384075e-04,1.433835625280130144e-01,2.383905958158533123e-02,-9.570544336484235193e-02,-3.347944492576976905e-01,-8.129724610434084786e-01,-1.769328484614829833e+00,-3.682040531757672763e+00,-7.507464626043358180e+00
4.435221354166666935e-06,-1.411151273799760020e-03,-4.491834013513128498e-01,-1.041750365235241782e+00,-1.634317329119170603e+00,-2.819451256887028467e+00,-5.189719112422743308e+00,-9.930254823494173877e+00,-1.941132624563703502e+01,-3.837346908992275729e+01
4.439290364583333154e-06,1.113471021049861065e-03,3.544288339793305043e-01,1.158041069314152738e+00,1.961653304648975027e+00,3.568877775318619605e+00,6.783326716657908761e+00,1.321222459933648707e+01,2.607002036469364370e+01,5.178561189540795340e+01
4.443359375000000220e-06,4.502894910984878152e-04,1.433315966613167014e-01,-6.776564066011178666e-02,-2.788628779815402470e-01,-7.010573526243971676e-01,-1.545446301910111231e+00,-3.234224200481539135e+00,-6.611779997624394944e+00,-1.336689159191010567e+01
4.447428385416666438e-06,-1.627030577708410419e-03,-5.178999180079113529e-01,-1.179131432673090840e+00,-1.840362947338270327e+00,-3.162825976668629302e+00,-5.807752035329347251e+00,-1.109760415265078315e+01,-2.167730838729365317e+01,-4.283671685657939321e+01
4.451497395833333504e-06,9.215601669723127998e-04,2.933417118604720319e-01,1.104583341726542933e+00,1.915824971592613668e+00,3.538308231324755582e+00,6.783274750789038521e+00,1.327320778971760618e+01,2.625307386757473793e+01,5.221280602328900500e+01
4.455566406249999722e-06,7.617160830335478749e-04,2.424617596947714893e-01,1.915818075295921963e-01,1.407018553644129033e-01,3.894195103405431735e-02,-1.645778576266628546e-01,-5.716174749480972261e-01,-1.385696709590965803e+00,-3.013855178876703178e+00
4.459635416666666788e-06,8.894933968264240320e-04,2.831345419050523837e-01,3.238073241148738957e-01,3.644801063246954076e-01,4.458256707443384315e-01,6.085167995836244792e-01,9.338990572621964636e-01,1.584663572619340544e+00,2.886192603333628703e+00
4.463704427083333006e-06,3.701225657266604685e-04,1.178136717705058900e-01,-4.750719836342219560e-02,-2.128280684973502812e-01,-5.434698087652064524e-01,-1.204753289300918739e+00,-2.527320250372343313e+00,-5.172454172515192461e+00,-1.046272201680089076e+01
4.467773437500000072e-06,1.672353920241675951e-03,5.323267860111440264e-01,9.468399002522150942e-01,1.361353014493286162e+00,2.190379242975428298e+00,3.848431699939712569e+00,7.164536613868281556e+00,1.379674644172541775e+01,2.706116609743969192e+01
4.471842447916666290e-06,-6.206821968532949541e-04,-1.975692794366774863e-01,-9.274653448831052804e-01,-1.657361410329533102e+00,-3.117153541222388746e+00,-6.036737803008100478e+00,-1.187590632657952305e+01,-2.355424337372236820e+01,-4.691091746800805851e+01
4.475911458333333356e-06,-6.606840317289197628e-04,-2.103022589430804112e-01,-2.230352384520079001e-01,-2.357682179609353890e-01,-2.612341769787903667e-01,-3.121660950145003222e-01,-4.140299310859202331e-01,-6.177576032287600549e-01,-1.025212947514439588e+00
4.479980468750000421e-06,-3.890960190702230648e-04,-1.238531095448087566e-01,-3.740396014748906262e-02,4.904518924983063133e-02,2.219434880444700331e-01,5.677400856337487811e-01,1.259333280812306333e+00,2.642519671169421436e+00,5.408892451883652086e+00
4.484049479166666640e-06,-1.699425693928446890e-03,-5.409439992121733987e-01,-9.580348888773537741e-01,-1.375125778542533928e+00,-2.209307557872894456e+00,-3.877671116533615514e+00,-7.214398233855058074e+00,-1.388785246849794142e+01,-2.723476093778371165e+01
4.488118489583333706e-06,8.012281511327046246e-04,2.550388415943002363e-01,1.051021682397871748e+00,1.847004523201443149e+00,3.438970204808585951e+00,6.622901568022871999e+00,1.299076429445144321e+01,2.572648974730858740e+01,5.119794065302287578e+01
4.492187499999999924e-06,2.031554156211257123e-03,6.466637722398121957e-01,1.038288702887133041e+00,1.429913633534453998e+00,2.213163494829095690e+00,3.779663217418379073e+00,6.912662662596946284e+00,1.317866155295408070e+01,2.571065933366834955e+01
4.496256510416666990e-06,2.170987038141447556e-06,6.910466370172890262e-04,-6.452816789656605767e-01,-1.291254404568338510e+00,-2.583199855773694154e+00,-5.167090758184405885e+00,-1.033487256300582757e+01,-2.067043617264867450e+01,-4.134156339193436480e+01
4.500325520833333208e-06,-2.147054431191008916e-03,-6.834286516228135211e-01,-1.367548349881743119e+00,-2.051668048140672607e+00,-3.419907444658532025e+00,-6.156386237694250418e+00,-1.162934382376568720e+01,-2.257525899590856255e+01,-4.446708934019431325e+01
4.504394531250000274e-06,1.120589807811711580e-03,3.566948141832618213e-01,1.396818279986834721e+00,2.436941745790407676e+00,4.517188677397553143e+00,8.677682540611844075e+00,1.699867026704042772e+01,3.364064571989759145e+01,6.692459662561192602e+01
4.508463541666666492e-06,1.056619523112090064e-03,3.363324401413805842e-01,3.159700661012023182e-01,2.956076920610239966e-01,2.548829439806674091e-01,1.734334478199542617e-01,1.053445549852794969e-02,-3.152635291443247056e-01,-9.668594984300299400e-01
4.512532552083333558e-06,1.088523037665822812e-03,3.464876442278421731e-01,3.566428483126649063e-01,3.667980523974875839e-01,3.871084605671329948e-01,4.277292769064238720e-01,5.089709095850055709e-01,6.714541749421689687e-01,9.964207056564957643e-01
4.516601562499999776e-06,6.170891061856309534e-04,1.964255631552053183e-01,4.636348208377884250e-02,-1.036985989876476333e-01,-4.038227611305005849e-01,-1.004071085416206488e+00,-2.204567733987618183e+00,-4.605561031130442018e+00,-9.407547625416089687e+00
4.520670572916666842e-06,1.895352010890860583e-03,6.033092828648886075e-01,1.010193002574711230e+00,1.417076722284533519e+00,2.230844161704178763e+00,3.858379040543468363e+00,7.113448798222048453e+00,1.362358831357920863e+01,2.664386734429352899e+01
4.524739583333333060e-06,1.296217896324947105e-04,4.125989710485865325e-02,-5.207894886540691548e-01,-1.082838874412997088e+00,-2.206937645930852732e+00,-4.455135188966564463e+00,-8.951530275037987039e+00,-1.794432044718083219e+01,-3.592990079146652249e+01
4.528808593750000126e-06,2.726149433932789634e-03,8.677603160351516909e-01,1.694260734963721982e+00,2.520761153892292050e+00,4.173761991749432632e+00,7.479763667463713794e+00,1.409176701889227523e+01,2.731577372174939811e+01,5.376378712746365096e+01
4.532877604166666345e-06,1.248040610398959416e-03,3.972636646488414414e-01,-7.323298673508782386e-02,-5.437296381190170891e-01,-1.484722940886875620e+00,-3.366709546422592680e+00,-7.130682757494026802e+00,-1.465862917963689505e+01,-2.971452202392262976e+01
4.536946614583333410e-06,7.766066789329784115e-04,2.472015835807280515e-01,9.713950250930156183e-02,-5.292257856212490702e-02,-3.530467407049778794e-01,-9.532950649906837270e-01,-2.153791713562095644e+00,-4.554785010704919479e+00,-9.356771604990566260e+00
4.541015624999999629e-06,5.927941451773222070e-04,1.886922368818109430e-01,1.301828901853830378e-01,7.167354348895516036e-02,-4.534514990390061534e-02,-2.793825366896121598e-01,-7.474573102610352349e-01,-1.683606857403881385e+00,-3.555905951689573907e+00
4.545084635416666694e-06,2.651709125700563163e-04,8.440652299942653924e-02,-1.987919088450174412e-02,-1.241649047684300344e-01,-3.327363325362865942e-01,-7.498791880719997138e-01,-1.584164899143426064e+00,-3.252736321286278542e+00,-6.589879165571983499e+00
4.549153645833332913e-06,-1.284843260393131459e-03,-4.089783119797482103e-01,-9.023631469574254771e-01,-1.395747981935102633e+00,-2.382517651890457167e+00,-4.356056991801166234e+00,-8.303135671622584368e+00,-1.619729303126542064e+01,-3.198560775055109318e+01
4.553222656249999978e-06,4.967570903389173509e-04,1.581226928867718040e-01,7.252236977528434547e-01,1.292324702618915078e+00,2.426526712351058546e+00,4.694930731815345482e+00,9.231738770743918465e+00,1.830535484860106621e+01,3.645258700431536170e+01
4.557291666666667044e-06,9.121558018634345899e-04,2.903482094730341911e-01,4.225737260578543153e-01,5.547992426426744395e-01,8.192502758123145767e-01,1.348152342151594851e+00,2.405956474830155845e+00,4.521564740187277387e+00,8.752781270901520472e+00
4.561360677083333262e-06,-1.069290467690109381e-03,-3.403657270678510649e-01,-9.710796636080294419e-01,-1.601793600148208041e+00,-2.863221473228565017e+00,-5.386077219389278525e+00,-1.043178871171070554e+01,-2.052321169635356313e+01,-4.070605766563927119e+01
4.565429687500000328e-06,1.130986377759768402e-04,3.600041451801296033e-02,4.123665561028344584e-01,7.887326976876559703e-01,1.541464980857298883e+00,3.046929547196584931e+00,6.057858679875156582e+00,1.207971694523230077e+01,2.412343347594658738e+01
4.569498697916666547e-06,5.284973492933886519e-04,1.682259311020136150e-01,3.004514476868336836e-01,4.326769642716538078e-01,6.971279974412939451e-01,1.226030063780574331e+00,2.283834196459135324e+00,4.399442461816256866e+00,8.630658992530499063e+00
4.573567708333333612e-06,1.529372170594456293e-04,4.868142815545783292e-02,-7.086307479096984330e-02,-1.904075777373975265e-01,-4.294965836302528928e-01,-9.076745954159636254e-01,-1.864030618987384980e+00,-3.776742666130227910e+00,-7.602166760415913771e+00
4.577636718749999831e-06,-1.708666803438063653e-03,-5.438855357283914893e-01,-1.136452499612320421e+00,-1.729019463496249243e+00,-2.914153391264107107e+00,-5.284421246799822391e+00,-1.002495695787125385e+01,-1.950602838001411499e+01,-3.846817122429983726e+01
4.581705729166666896e-06,5.762709933208043367e-04,1.834327542949652501e-01,9.107510443172882608e-01,1.638069334339611327e+00,3.092705914384257682e+00,6.001979074473549502e+00,1.182052539465213492e+01,2.345761803500930398e+01,4.673180331572363855e+01
4.585774739583333115e-06,-1.093585428698418127e-03,-3.480990533412454124e-01,-8.796308609751745111e-01,-1.411162668609103443e+00,-2.474226283876961752e+00,-4.600353514412677924e+00,-8.852607975484110270e+00,-1.735711689762697674e+01,-3.436613474191270257e+01
4.589843750000000180e-06,-1.397240211495898166e-03,-4.447553726926750106e-01,-5.414116920453524440e-01,-6.380680113980299328e-01,-8.313806501033849106e-01,-1.218005927514094866e+00,-1.991256482335514777e+00,-3.537757591978354377e+00,-6.630759811264034020e+00
4.593912760416666399e-06,7.277029168761828259e-05,2.316350326464702500e-02,4.910823792244692898e-01,9.590012551842915789e-01,1.894839007103936046e+00,3.766514510943225424e+00,7.509865518621803737e+00,1.499656753397895947e+01,2.996997156469327450e+01
4.597981770833333464e-06,3.922952039729921125e-04,1.248714417270900684e-01,2.265793801869113722e-01,3.282873186467326621e-01,5.317031955663752418e-01,9.385349494056605124e-01,1.752198457084230832e+00,3.379525472441371470e+00,6.634179503155653634e+00
4.602050781249999683e-06,-1.349466567475587908e-03,-4.295485495019850664e-01,-9.839685407296643316e-01,-1.538388531957343597e+00,-2.647228514412701905e+00,-4.864908479323418966e+00,-9.300268409144853976e+00,-1.817098826878772044e+01,-3.591242798807346048e+01
4.606119791666666748e-06,-4.067619601144656372e-04,-1.294763532279311624e-01,1.705958430443911267e-01,4.706680393167134158e-01,1.070812431861358105e+00,2.271101216950647039e+00,4.671678787129225796e+00,9.472833927486382422e+00,1.907514420820069390e+01
4.610188802083332967e-06,3.260520120562659940e-05,1.037855788476259832e-02,1.502334690008357010e-01,2.900883801169087950e-01,5.697982023490549830e-01,1.129217846813347359e+00,2.248057135741932111e+00,4.485735713599101615e+00,8.961092869313441511e+00
4.614257812500000033e-06,-1.541377421553136173e-03,-4.906356716208435387e-01,-9.916499011297715827e-01,-1.492664130638699627e+00,-2.494692589656555715e+00,-4.498749507692267890e+00,-8.506863343763692242e+00,-1.652309101590654095e+01,-3.255554636019223835e+01
4.618326822916666251e-06,-2.132653602096468148e-03,-6.788447253527780667e-01,-8.670537790804563327e-01,-1.055262832808134599e+00,-1.431680940263491131e+00,-2.184517155174204195e+00,-3.690189584995630323e+00,-6.701534444638483023e+00,-1.272422416392418754e+01
4.622395833333333317e-06,-5.907377494622778613e-04,-1.880376657958063302e-01,3.027693937577661254e-01,7.935764533113386365e-01,1.775190572418483548e+00,3.738418810632773592e+00,7.664875287061353681e+00,1.551778823991851297e+01,3.122361414563283333e+01
4.626464843750000382e-06,-1.949004323925862536e-03,-6.203873445205572157e-01,-1.052737023248234705e+00,-1.485086701975912193e+00,-2.349786059431266949e+00,-4.079184774341976905e+00,-7.537982204163396815e+00,-1.445557706380623664e+01,-2.829076678309191450e+01
4.630533854166666601e-06,-9.104259173398077110e-04,-2.897975701272074156e-01,4.079220427011586575e-02,3.713819786674391610e-01,1.032561527462085849e+00,2.354920625051379002e+00,4.999638820229964864e+00,1.028907521058713748e+01,2.086794799130148448e+01
4.634602864583333666e-06,4.637107866187761829e-04,1.476037277108186996e-01,5.850050255456399340e-01,1.022406323380461224e+00,1.897208919050103804e+00,3.646814110389388741e+00,7.146024493067959504e+00,1.414444525842509925e+01,2.814128678913937875e+01
4.638671874999999885e-06,-5.350290407051261354e-04,-1.703050330518714184e-01,-4.882137938108001007e-01,-8.061225545697288108e-01,-1.441940076087586009e+00,-2.713575119123300627e+00,-5.256845205194729864e+00,-1.034338537733758834e+01,-2.051646572162330528e+01
4.642740885416666950e-06,8.870445628730294629e-04,2.823550538480643635e-01,7.350151407453850982e-01,1.187675227642705833e+00,2.092995401437347081e+00,3.903635749026629576e+00,7.524916444205195454e+00,1.476747783456232632e+01,2.925260061527658806e+01
4.646809895833333169e-06,7.032320291173732585e-04,2.238457071491472550e-01,1.653363604527193775e-01,1.068270137562915001e-01,-1.019167963656427735e-02,-2.442290664222758201e-01,-7.123038399936989507e-01,-1.648453387136544990e+00,-3.520752481422237512e+00
4.650878906250000234e-06,-3.194762479949986300e-04,-1.016924481377124989e-01,-4.272306034278897657e-01,-7.527687587180670326e-01,-1.403845069298421677e+00,-2.705997690459130745e+00,-5.310302932780548879e+00,-1.051891341742338426e+01,-2.093613438670905680e+01
4.654947916666666453e-06,-2.156673840261191799e-04,-6.864906046290987496e-02,-3.560567278433917487e-02,-2.562285105768470888e-03,6.352449025137293925e-02,1.956980409656557396e-01,4.600451423942213403e-01,9.887393452513526526e-01,2.046127750965615277e+00
4.659016927083333519e-06,1.565932966720140485e-03,4.984519444081336181e-01,1.065552949274205297e+00,1.632653954140276920e+00,2.766855963872420165e+00,5.035259983336707101e+00,9.572068022265280973e+00,1.864568410012242694e+01,3.679291625583672243e+01
4.663085937499999737e-06,-1.589967343569753666e-03,-5.061023241676323448e-01,-1.510656592739060278e+00,-2.515210861310488433e+00,-4.524319398453344299e+00,-8.542536472739056919e+00,-1.657897062131048216e+01,-3.265183891845332909e+01,-6.479757551273903005e+01
4.667154947916666803e-06,-1.222505531664808132e-03,-3.891355966432796243e-01,-2.721688691209567246e-01,-1.552021415986337971e-01,7.873131344601201620e-02,5.465982235353036289e-01,1.482332043713886938e+00,3.353799684071053555e+00,7.096734964785386346e+00
4.671223958333333021e-06,9.186215662211338895e-04,2.924063261898246502e-01,9.739482490246473834e-01,1.655490171859470117e+00,3.018574017529115139e+00,5.744741708868406072e+00,1.119707709154698705e+01,2.210174785690415078e+01,4.391108938761847469e+01
4.675292968750000087e-06,1.789420824145793176e-03,5.695903388687523217e-01,8.467743515473244997e-01,1.123958364225896567e+00,1.678326389583040701e+00,2.787062440297328969e+00,5.004534541725905505e+00,9.439478744583059466e+00,1.830936715029736561e+01
4.679361979166666305e-06,8.625863462654592695e-04,2.745697617034502103e-01,-2.045081546172826392e-02,-3.154713926269067104e-01,-9.055125469572636865e-01,-2.085594855617977750e+00,-4.445759472939405654e+00,-9.166088707582261463e+00,-1.860674717686797308e+01
4.683430989583333371e-06,1.274994668705176082e-04,4.058434078804844941e-02,-1.934010801271302260e-01,-4.273865010423089084e-01,-8.953573428726662176e-01,-1.831299026533381058e+00,-3.703182393854810517e+00,-7.446949128497669435e+00,-1.493448259778338638e+01
4.687499999999999589e-06,8.305195761195705018e-04,2.643625917480305620e-01,4.881408427078536838e-01,7.119190936676768056e-01,1.159475595587323049e+00,2.054588599426615314e+00,3.844814607105200288e+00,7.425266622462369348e+00,1.458617065317670836e+01
4.691569010416666655e-06,1.673380461610918246e-04,5.326535442775505447e-02,-1.578318828936734197e-01,-3.689291202151018800e-01,-7.911235948579589117e-01,-1.635512544143672864e+00,-3.324290442715100546e+00,-6.701846239857956355e+00,-1.345695783414366709e+01
4.695638020833333720e-06,1.273362112854670158e-04,4.053237492135212949e-02,2.779939541242464410e-02,1.506641590349715523e-02,-1.039954311435781903e-02,-6.133146115006776755e-02,-1.631952972214876785e-01,-3.669229693643274448e-01,-7.743783136500070885e-01
4.699707031249999939e-06,2.244494859354517757e-03,7.144449032212398798e-01,1.388357431524811725e+00,2.062269959828383570e+00,3.410095016435527260e+00,6.105745129649815084e+00,1.149704535607838984e+01,2.227964580893554114e+01,4.384484671464984018e+01
4.703776041666667005e-06,8.382913852642559505e-04,2.668364354323175536e-01,-1.807720323578615174e-01,-6.283805001480405883e-01,-1.523597435728398786e+00,-3.314031306889114958e+00,-6.894899049210547304e+00,-1.405663453385341199e+01,-2.838010550313914138e+01
4.707845052083333223e-06,5.106681526498846324e-04,1.625507215476714173e-01,5.826500766374314438e-02,-4.602070622018513552e-02,-2.545921339880417023e-01,-6.717349895237548774e-01,-1.506020700595181117e+00,-3.174592122738033595e+00,-6.511734967023738996e+00
4.711914062500000289e-06,1.597183458869722017e-03,5.083992850074543490e-01,8.542478484672748618e-01,1.200096411927095374e+00,1.891793538846736178e+00,3.275187792686018007e+00,6.041976300364582109e+00,1.157555331572170942e+01,2.264270734643596583e+01
4.715983072916666507e-06,5.025698323137817169e-04,1.599729461232066441e-01,-1.884533927607208448e-01,-5.368797316446483059e-01,-1.233732409412503284e+00,-2.627437764948213239e+00,-5.414848476019632706e+00,-1.098966989816247164e+01,-2.213931274244815128e+01
4.720052083333333573e-06,2.228834993260875308e-04,7.094602130273190699e-02,-1.808090351869697660e-02,-1.071078283401258602e-01,-2.851616779829836412e-01,-6.412693772686991478e-01,-1.353484775840130272e+00,-2.777915572982992298e+00,-5.626777167268716795e+00
4.724121093749999791e-06,2.843379593429062879e-03,9.050758347617180455e-01,1.739205648221541223e+00,2.573335461681364400e+00,4.241595088601011199e+00,7.578114342440303908e+00,1.425115285011889021e+01,2.759722986547606283e+01,5.428938389619040805e+01
4.728190104166666857e-06,2.866905284264475995e-04,9.125642947339335231e-02,-7.225629758167867456e-01,-1.536382381106966788e+00,-3.164021191687326873e+00,-6.419298812848047042e+00,-1.292985405516948738e+01,-2.595096453981236806e+01,-5.199318550909813297e+01
4.732259114583333075e-06,8.458999388025745247e-04,2.692583132431229931e-01,4.472601970154457263e-01,6.252620807877684594e-01,9.812658483324138148e-01,1.693273383421704636e+00,3.117288453600286058e+00,5.965318593957449345e+00,1.166137887467177592e+01
4.736328125000000141e-06,1.956383694839303189e-03,6.227362712361225183e-01,9.762142292271960287e-01,1.329692187218269428e+00,2.036648103200416671e+00,3.450559935164710268e+00,6.278383599093298351e+00,1.193403092695047363e+01,2.324532558266482596e+01
4.740397135416666359e-06,2.012255659195716362e-03,6.405208698512772081e-01,6.583054684673484980e-01,6.760900670834197879e-01,7.116592643155623676e-01,7.827976587798476382e-01,9.250744477084180684e-01,1.209628025565558929e+00,1.778735181279840871e+00
4.744466145833333425e-06,7.498628839712750960e-04,2.386887692503456282e-01,-1.631433313523330542e-01,-5.649754319550116533e-01,-1.368639633160368962e+00,-2.975968035571083803e+00,-6.190624840392512596e+00,-1.261993845003537196e+01,-2.547856566932108890e+01
4.748535156249999644e-06,1.596693692079043103e-03,5.082433873960567894e-01,7.777980055433780793e-01,1.047352623690699369e+00,1.586461859985341949e+00,2.664680332574627108e+00,4.821117277753197428e+00,9.133991168110338066e+00,1.775973894882461934e+01
4.752604166666666709e-06,1.532723407386527015e-03,4.878810133564372986e-01,4.675186393162589771e-01,4.471562652760807111e-01,4.064315171957241235e-01,3.249820210350109484e-01,1.620830287135846259e-01,-1.637149559292680190e-01,-8.153109252149732811e-01
4.756673177083332928e-06,3.901728812039095828e-04,1.241958854080181529e-01,-2.394892425384109180e-01,-6.031743704848400167e-01,-1.330544626377698103e+00,-2.785285138163414498e+00,-5.694766161734847287e+00,-1.151372820887771198e+01,-2.315165230316344136e+01
4.760742187499999993e-06,2.291615480991993081e-03,7.294438629315740386e-01,1.334691840453895439e+00,1.939939817976216618e+00,3.150435773020859198e+00,5.571427683110144358e+00,1.041341150328871379e+01,2.009737914364585620e+01,3.946531442436013748e+01
4.764811197916667059e-06,1.508591701984585143e-03,4.801996529565243921e-01,2.309554429788463203e-01,-1.828876699883175833e-02,-5.167771869541879504e-01,-1.513754026864900126e+00,-3.507707706686324922e+00,-7.495615066329174070e+00,-1.547142978561487148e+01
4.768880208333333277e-06,8.454101720190010383e-04,2.691024156339871243e-01,5.800517831255865703e-02,-1.530920590088698241e-01,-5.752865336517267725e-01,-1.419675482937440725e+00,-3.108453381508868407e+00,-6.486009178651723772e+00,-1.324112077293743539e+01
4.772949218750000343e-06,1.342917424338452292e-04,4.274638924954021063e-02,-1.836096371343876599e-01,-4.099656635183155373e-01,-8.626777162861712922e-01,-1.768101821821882691e+00,-3.578950032893305711e+00,-7.200646455036151750e+00,-1.444403929932184383e+01
4.777018229166666561e-06,1.843986743729431055e-03,5.869592105209340271e-01,1.131172031793255428e+00,1.675384853065577051e+00,2.763810495610219853e+00,4.940661780699505456e+00,9.294364350878078440e+00,1.800176949123522263e+01,3.541657977194950746e+01
4.781087239583333627e-06,6.295308681245614935e-04,2.003858989819121139e-01,-1.861874125582649309e-01,-5.727607240984420311e-01,-1.345907347178796121e+00,-2.892200593339504522e+00,-5.984787085660920880e+00,-1.216996007030375360e+01,-2.454030603958942081e+01
4.785156249999999846e-06,1.811919973583542287e-03,5.767520405655144344e-01,9.531181821503358353e-01,1.329484323735157458e+00,2.082216606904800482e+00,3.587681173244086086e+00,6.598610305922657737e+00,1.262046857127980104e+01,2.466418510199408942e+01
4.789225260416666911e-06,1.676044339461668642e-03,5.335014829330303465e-01,4.902509252991019140e-01,4.470003676651734259e-01,3.604992523973164498e-01,1.874970218616024975e-01,-1.585074392098254348e-01,-8.505163613526812716e-01,-2.234534205638393001e+00
4.793294270833333130e-06,6.533360623350858987e-04,2.079633276416471832e-01,-1.175748276485300836e-01,-4.431129829387073782e-01,-1.094189293519061801e+00,-2.396341914679771090e+00,-5.000647157001188781e+00,-1.020925764164402594e+01,-2.062647861092969848e+01
4.797363281250000195e-06,6.205988180596477832e-05,1.975427391423615134e-02,-1.684547798134421182e-01,-3.566638335411204119e-01,-7.330819409964769440e-01,-1.485918155907190119e+00,-2.991590585728616247e+00,-6.002935445371468504e+00,-1.202562516465717302e+01
4.801432291666666414e-06,8.130168906745893764e-04,2.587913139361279202e-01,4.978283539584482109e-01,7.368653939807685571e-01,1.214939474025409138e+00,2.171087634114690079e+00,4.083383954293252849e+00,7.907976594650377500e+00,1.555716187536462591e+01
4.805501302083333479e-06,1.132541802952857779e-03,3.604992523963092554e-01,4.622071908561305453e-01,5.639151293159518907e-01,7.673310062355944705e-01,1.174162760074879630e+00,1.987826267753450171e+00,3.615153283110590809e+00,6.869807313824872530e+00
4.809570312499999698e-06,6.371394216557746404e-04,2.028077767904558626e-01,4.511630118777636839e-02,-1.125751744149031119e-01,-4.279581256202620865e-01,-1.058724028030979980e+00,-2.320255832852415878e+00,-4.843319442495287674e+00,-9.889446661781031267e+00
4.813639322916666763e-06,6.450744864068269635e-04,2.053335863482243229e-01,2.078593959017962511e-01,2.103852054553681517e-01,2.154368245625119527e-01,2.255400627767996102e-01,2.457465392053748698e-01,2.861594920625254446e-01,3.669853977768265385e-01
4.817708333333332982e-06,7.728518001925976932e-04,2.460063685562435265e-01,2.866791507660650384e-01,3.273519329758865504e-01,4.086974973955295187e-01,5.713886262348155665e-01,8.967708839133875509e-01,1.547535399270531631e+00,2.849064429984820013e+00
4.821777343750000047e-06,1.096702702341190161e-04,3.490913123596799117e-02,-1.761881060854604830e-01,-3.872853434068889711e-01,-8.094798180497458917e-01,-1.653868767335459733e+00,-3.342646665906887637e+00,-6.720202463049743002e+00,-1.347531405733545462e+01
4.825846354166666266e-06,2.614160338296755981e-04,8.321130797494201425e-02,1.315134847160143172e-01,1.798156614570866341e-01,2.764200149392312400e-01,4.696287219035204519e-01,8.560461358320989866e-01,1.628880963689255834e+00,3.174550619403569751e+00
4.829915364583333332e-06,1.015719498909106733e-04,3.233135580924147157e-02,-1.854859635593782488e-02,-6.942854852111711439e-02,-1.711884528514756865e-01,-3.747082615121928861e-01,-7.817478788336271744e-01,-1.595827113476495862e+00,-3.223985582762233015e+00
4.833984375000000397e-06,-5.855780298702484288e-04,-1.863952760397271646e-01,-4.051219078924064299e-01,-6.238485397450856951e-01,-1.061301803450444226e+00,-1.936208330861161508e+00,-3.686021385682595852e+00,-7.185647495325464540e+00,-1.418489971461120192e+01
4.838053385416666616e-06,9.084009231301592990e-04,2.891529944508113847e-01,7.647012649418822861e-01,1.240249535432953243e+00,2.191346076415094934e+00,4.093539158379378762e+00,7.897925322307945528e+00,1.550669765016507995e+01,3.072424230587934701e+01
4.842122395833333681e-06,2.212509433618947696e-04,7.042636259958104383e-02,-1.483002692530982214e-01,-3.670269011057775144e-01,-8.044801648111360448e-01,-1.679386692221853217e+00,-3.429199747043287338e+00,-6.928825856686155582e+00,-1.392807807597189296e+01
4.846191406249999900e-06,1.333122088453819742e-04,4.243459402448326867e-02,1.444282545305417866e-02,-1.354894311837491483e-02,-6.953248026123309833e-02,-1.814995545469494653e-01,-4.054337031183822271e-01,-8.533020002612476951e-01,-1.749038594546978631e+00
4.850260416666666965e-06,2.610895226453635587e-04,8.310737623702592336e-02,1.237801584468474214e-01,1.644529406566689334e-01,2.457985050763119295e-01,4.084896339155979494e-01,7.338718915941699894e-01,1.384636406951314180e+00,2.686165437665602340e+00
4.854329427083333184e-06,1.731507881359561907e-04,5.511560766418987373e-02,2.712383909276077851e-02,-8.679294786683141097e-04,-5.685146662152650021e-02,-1.688185409072428811e-01,-3.927526894786755873e-01,-8.406209866215410553e-01,-1.736357580907271991e+00
4.858398437500000249e-06,4.926757004213300206e-04,1.568235461266329067e-01,2.585314845864541966e-01,3.602394230462755420e-01,5.636552999659181218e-01,9.704870538052032813e-01,1.784150561483773823e+00,3.411477576840914683e+00,6.666131607555196403e+00
4.862467447916666468e-06,7.882321628756017162e-04,2.509020900513359575e-01,3.449806339799086352e-01,4.390591779084813684e-01,6.272162657656267237e-01,1.003530441479917545e+00,1.756158792908499189e+00,3.261415495765662698e+00,6.271928901479989271e+00
4.866536458333333533e-06,1.371410023075725348e-03,4.365333683565438827e-01,6.221646466601151726e-01,8.077959249636864625e-01,1.179058481570829153e+00,1.921583594785114313e+00,3.406633821213684410e+00,6.376734274070825492e+00,1.231693517978510677e+01
4.870605468749999752e-06,-8.497207445898879996e-04,-2.704745134984131161e-01,-9.774823953510929364e-01,-1.684490277203772868e+00,-3.098506040909132508e+00,-5.926537568319852234e+00,-1.158260062314129080e+01,-2.289472673278416792e+01,-4.551897895206992217e+01
4.874674479166666818e-06,7.880689072905511239e-04,2.508501241846396446e-01,7.721747618632108789e-01,1.293499399541782280e+00,2.336148674898924860e+00,4.421447225613209575e+00,8.592044327041779894e+00,1.693323852989891876e+01,3.361562693561320003e+01
4.878743489583333036e-06,-7.140083660601703741e-04,-2.272759217348871985e-01,-7.054019676500650204e-01,-1.183528013565242842e+00,-2.139780105395598486e+00,-4.052284289056309774e+00,-7.877292656377733238e+00,-1.552730939102057839e+01,-3.082734286030627047e+01
4.882812500000000102e-06,-1.377189896018649051e-03,-4.383731590551627200e-01,-6.494703963765912080e-01,-8.605676336980196961e-01,-1.282762108340876672e+00,-2.127151057626590624e+00,-3.815928956198018529e+00,-7.193484753340873894e+00,-1.394859634762658551e+01
4.886881510416666320e-06,-1.968466076554875599e-03,-6.265822127848355017e-01,-8.147912665125137677e-01,-1.003000320240192034e+00,-1.379418427695548566e+00,-2.132254642606261630e+00,-3.637927072427687758e+00,-6.649271932070540458e+00,-1.267196165135624497e+01
4.890950520833333386e-06,-3.306764246815419028e-04,-1.052575751040444457e-01,4.160670625745268580e-01,9.373917002530981479e-01,1.980040975610240617e+00,4.065339526324525998e+00,8.235936627753096317e+00,1.657713083061023696e+01,3.325951923632451468e+01
4.895019531249999604e-06,-7.302050067323762050e-04,-2.324314725838168005e-01,-3.596053700614952886e-01,-4.867792675391737767e-01,-7.411270624945307528e-01,-1.249822652405244705e+00,-2.267213832226672388e+00,-4.301996191869528197e+00,-8.371560911155238927e+00
4.899088541666666670e-06,-9.619544400933932593e-04,-3.061996083401201107e-01,-3.799677440990495980e-01,-4.537358798579790853e-01,-6.012721513758381153e-01,-8.963446944115560644e-01,-1.486489780482991963e+00,-2.666779952625863981e+00,-5.027360296911607129e+00
4.903157552083333735e-06,-1.265609222890873298e-03,-4.028559276915496534e-01,-4.995122470442271423e-01,-5.961685663969046312e-01,-7.894812051022596089e-01,-1.176106482512969453e+00,-1.949357037334389364e+00,-3.495858146977229186e+00,-6.588860366262908386e+00
4.907226562499999954e-06,-8.502105113805669134e-04,-2.706304111098107312e-01,-1.384048945249906348e-01,-6.179377940170551441e-03,2.582716552294696544e-01,7.871737215687499845e-01,1.844977854247310756e+00,3.960586119604432298e+00,8.191802650318674495e+00
4.911295572916667019e-06,-1.321644442846547918e-03,-4.206924921779241489e-01,-5.707545732493506385e-01,-7.208166543207771282e-01,-1.020940816463629996e+00,-1.621189140749335955e+00,-2.821685789320747872e+00,-5.222679086463571707e+00,-1.002466568074921760e+01
4.915364583333333238e-06,-2.351291366338159605e-04,-7.484392872040293576e-02,2.710046347394175492e-01,6.168531981992380064e-01,1.308550325118879032e+00,2.691944578958160861e+00,5.458733086636724963e+00,1.099231010199385317e+01,2.205946413270810780e+01
4.919433593750000304e-06,-4.429101201921525899e-04,-1.409826699480131451e-01,-2.071214111756918275e-01,-2.732601524033705376e-01,-4.055376348587279023e-01,-6.700925997694426872e-01,-1.199202529590872146e+00,-2.257422389233731064e+00,-4.373862108519449343e+00
4.923502604166666522e-06,4.439394076172220593e-05,1.413103023111374201e-02,1.692447304096862393e-01,3.243584305882587504e-01,6.345858309454037727e-01,1.255040631659693817e+00,2.495950233088273684e+00,4.977769435945433862e+00,9.941407841659753331e+00
4.927571614583333588e-06,-5.708506895771847667e-04,-1.817074180272521267e-01,-3.775458662861789771e-01,-5.733843145451058554e-01,-9.650612110629596119e-01,-1.748415004098667014e+00,-3.315122590170082262e+00,-6.448537762312912314e+00,-1.271536810659857153e+01
4.931640624999999806e-06,2.040747691012256837e-04,6.495901652559450679e-02,3.116254510791678367e-01,5.582918856327411250e-01,1.051624754739887813e+00,2.038290492954180966e+00,4.011621969382767716e+00,7.958284922239940329e+00,1.585161082795428555e+01
4.935709635416666872e-06,-1.441813203101105501e-03,-4.589433965773995761e-01,-9.828458096800778421e-01,-1.506748222782755997e+00,-2.554553048988112529e+00,-4.650162701398826037e+00,-8.841382006220252165e+00,-1.722382061586310442e+01,-3.398869783514880538e+01
4.939778645833333090e-06,-5.949823949933374934e-04,-1.893887784316884426e-01,8.016583971563283340e-02,3.497204578629541372e-01,8.888296941575967169e-01,1.967048166746881765e+00,4.123485111925452529e+00,8.436359002282593167e+00,1.706210678299687444e+01
4.943847656250000156e-06,3.716906621775706299e-04,1.183128123733203085e-01,4.260144031768912098e-01,7.337159939804620556e-01,1.349119175587603747e+00,2.579925538801887352e+00,5.041538265230454563e+00,9.964763718087588984e+00,1.981121462380185605e+01
4.947916666666666374e-06,-3.633962172173710314e-04,-1.156726085420814593e-01,-3.496580294572601555e-01,-5.836434503724388101e-01,-1.051614292202796230e+00,-1.987555975863510849e+00,-3.859439343184940086e+00,-7.603206077827799447e+00,-1.509073954711351639e+01
4.951985677083333440e-06,-3.794296022903154153e-04,-1.207761935197912695e-01,-1.258797784974701739e-01,-1.309833634751490505e-01,-1.411905334305068316e-01,-1.616048733412224214e-01,-2.024335531626535734e-01,-2.840909128055158495e-01,-4.474056320912404572e-01
4.956054687499999658e-06,1.929476644278338426e-03,6.141714910345202894e-01,1.349119175588092023e+00,2.084066860141663646e+00,3.553962229248806892e+00,6.493752967463093384e+00,1.237333444389166637e+01,2.413249739674881411e+01,4.765082330246310960e+01
4.960123697916666724e-06,-1.250392115807130722e-03,-3.980121720676770281e-01,-1.410195835170355849e+00,-2.422379498273034670e+00,-4.446746824478392313e+00,-8.495481476889107597e+00,-1.659295078171053817e+01,-3.278788939135340286e+01,-6.517776661063912513e+01
4.964192708333332943e-06,-8.110249544799330579e-04,-2.581572609527215123e-01,-1.183023498366484183e-01,2.155256127942468958e-02,3.012623835115709192e-01,8.606820279758633507e-01,1.979521316904448103e+00,4.217199894761617607e+00,8.692557050475956615e+00
4.968261718750000008e-06,4.432695004155107199e-04,1.410970642260069852e-01,5.403513894045786081e-01,9.396057145831503421e-01,1.738114364940293699e+00,3.335131665654580413e+00,6.529166267083153841e+00,1.291723546994030158e+01,2.569337387565459352e+01
4.972330729166667074e-06,9.167781799845897694e-05,2.918195581266775501e-02,-8.273315260251133674e-02,-1.946482610176904215e-01,-4.184784778480485912e-01,-8.661389115087649859e-01,-1.761459778830197553e+00,-3.552101513473063132e+00,-7.133384982758793846e+00
4.976399739583333292e-06,-1.698020853069692748e-03,-5.404968244783170395e-01,-1.110175604768495639e+00,-1.679854385058674460e+00,-2.819211945639031658e+00,-5.097927066799746498e+00,-9.655357309121175291e+00,-1.877021779376403288e+01,-3.699993876304974805e+01
4.980468750000000358e-06,-6.834108962792129205e-04,-2.175364446113986494e-01,1.054239352546716274e-01,4.283843151207419320e-01,1.074305074852882402e+00,2.366146594317163565e+00,4.949829633245725446e+00,1.011719571110285010e+01,2.045192786681709762e+01
4.984537760416666576e-06,3.791359601237331844e-04,1.206827243151677165e-01,4.589018932437395892e-01,7.971210621723114897e-01,1.473559400029455180e+00,2.826436075743743004e+00,5.532189427172317764e+00,1.094369613002946728e+01,2.176670953574376810e+01
4.988606770833333642e-06,5.308817237335006212e-04,1.689849010586652045e-01,2.172870777997374936e-01,2.655892545408098382e-01,3.621936080229544164e-01,5.554023149872436838e-01,9.418197289158221075e-01,1.714654556772978955e+00,3.260324212487292872e+00
4.992675781249999860e-06,-1.562682560418693356e-04,-4.974173079482688969e-02,-2.684683626475061757e-01,-4.871949945001854410e-01,-9.246482582055439714e-01,-1.799554785616261032e+00,-3.549367840437695598e+00,-7.048993950080563842e+00,-1.404824616936630122e+01
4.996744791666666926e-06,8.104048011219333603e-04,2.579598600079201498e-01,5.656614508114909956e-01,8.733630416150619524e-01,1.488766223222203644e+00,2.719572586436487249e+00,5.181185312865054016e+00,1.010441076572218932e+01,1.995086167143645639e+01
5.000813802083333145e-06,-1.866126512943822036e-03,-5.940065179397021611e-01,-1.445972895886129539e+00,-2.297939273832557028e+00,-4.001872029725412006e+00,-7.409737541511121961e+00,-1.422546856508254187e+01,-2.785693061222537992e+01,-5.511985470651105601e+01
5.004882812500000210e-06,-8.452616220466779851e-05,-2.690551307092043862e-02,5.401954917951512503e-01,1.107296496661222873e+00,2.241498506393366341e+00,4.509902525857652833e+00,9.046710564786225817e+00,1.812032664264337356e+01,3.626755879835766905e+01
5.008951822916666429e-06,-4.600862944457162484e-04,-1.464500160197379497e-01,-2.659945189661656606e-01,-3.855390219125933160e-01,-6.246280278054486823e-01,-1.102806039591159415e+00,-2.059162063162580658e+00,-3.971874110305423589e+00,-7.797298204591109894e+00
5.013020833333333494e-06,-1.962163567775121464e-03,-6.245760619324796092e-01,-1.102702107847657542e+00,-1.580828153762835253e+00,-2.537080245593191119e+00,-4.449584429253902407e+00,-8.274592796575324982e+00,-1.592460953121817191e+01,-3.122464300050386399e+01
5.017089843749999713e-06,5.384902772718191954e-04,1.714067788694706718e-01,9.673896196730421559e-01,1.763372460476613668e+00,3.355338142083756470e+00,6.539269505298042517e+00,1.290713223172661372e+01,2.564285768458375614e+01,5.111430859029804452e+01
5.021158854166666778e-06,2.588039442841250093e-04,8.237985404899593467e-02,-6.647070772432948048e-03,-9.567399559386183250e-02,-2.737278452367196135e-01,-6.298355445224351756e-01,-1.342050943093866300e+00,-2.766481740236728548e+00,-5.615343334522452601e+00
5.025227864583332997e-06,-8.597781320958119977e-04,-2.736758793707300685e-01,-6.297316127859083901e-01,-9.857873462010866561e-01,-1.697898813031443188e+00,-3.122121746692156030e+00,-5.970567614013582158e+00,-1.166745934865643441e+01,-2.306124281794214070e+01
5.029296875000000062e-06,-2.046949224521199540e-04,-6.515641746813416457e-02,1.433630444291873196e-01,3.518825063265088038e-01,7.689214301211517721e-01,1.602999277710437820e+00,3.271154972889009915e+00,6.607466363246153662e+00,1.328008914396044204e+01
5.033365885416666281e-06,2.463738071270427099e-03,7.842321850527617100e-01,1.633620787575082112e+00,2.483009390097402402e+00,4.181786595142043872e+00,7.579341005231325035e+00,1.437444982540988825e+01,2.796466746576701468e+01,5.514510274648127108e+01
5.037434895833333346e-06,8.657869986947730467e-04,2.755885610139389708e-01,-2.330550630262399059e-01,-7.416986870664187270e-01,-1.758985935146776480e+00,-3.793560431307491765e+00,-7.862709423628922778e+00,-1.600100740827178569e+01,-3.227760337755751152e+01
5.041503906250000412e-06,-8.999432225564873988e-04,-2.864608247438293342e-01,-8.485102105027572117e-01,-1.410559596261685034e+00,-2.534658367779540900e+00,-4.782855910815252187e+00,-9.279250996886675651e+00,-1.827204116902952080e+01,-3.625762151331521466e+01
5.045572916666666631e-06,-1.395345603860675965e-03,-4.441523003519444734e-01,-6.018437759546239052e-01,-7.595352515573033925e-01,-1.074918202762662478e+00,-1.705684105173380427e+00,-2.967215909994816325e+00,-5.490279519637687677e+00,-1.053640673892343216e+01
5.049641927083333696e-06,-2.849485977563404049e-03,-9.070195572005147477e-01,-1.369886814053193236e+00,-1.832754070905871613e+00,-2.758488584611228589e+00,-4.609957612021942097e+00,-8.312895666843370890e+00,-1.571877177648622492e+01,-3.053052399577193654e+01
5.053710937499999915e-06,-1.115822526458032371e-03,-3.551773413981660910e-01,1.966648744054061981e-01,7.485070902089784317e-01,1.852191521816123121e+00,4.059560385030412277e+00,8.474298111458990590e+00,1.730377356431614544e+01,3.496272447003045869e+01
5.057779947916666980e-06,5.459355752250871774e-04,1.737766908135797983e-01,7.027307230234018931e-01,1.231684755233223960e+00,2.289592819652868094e+00,4.405408948492156362e+00,8.637041206170733787e+00,1.710030572152788508e+01,3.402683475224219478e+01
5.061848958333333199e-06,-3.808989026694575841e-04,-1.212438863562458197e-01,-4.162644635214242661e-01,-7.112850406866028097e-01,-1.301326195016959675e+00,-2.481408503677673405e+00,-4.841573120999101754e+00,-9.561902355641956675e+00,-1.900256082492766652e+01
5.065917968750000264e-06,2.741843069742344596e-04,8.727557554635009818e-02,2.957950374436715824e-01,5.043144993409930388e-01,9.213534231356360626e-01,1.755431270724921999e+00,3.423586965903493873e+00,6.759898356260637620e+00,1.343252113697492511e+01
5.069986979166666483e-06,8.813306169699330894e-04,2.805362483779894611e-01,4.737969212128115282e-01,6.670575940476336507e-01,1.053578939717277896e+00,1.826621631056566164e+00,3.372707013735142922e+00,6.464877779092296883e+00,1.264921930980660392e+01
5.074055989583333548e-06,1.464508477170056722e-03,4.661675266831973863e-01,6.517988049867686762e-01,8.374300832903399661e-01,1.208692639897482657e+00,1.951217753111767816e+00,3.436267979540338136e+00,6.406368432397479218e+00,1.234656933811175961e+01
5.078124999999999767e-06,-1.643454933493160297e-03,-5.231279528283971914e-01,-1.512423432337325790e+00,-2.501718911846254390e+00,-4.480309870864111588e+00,-8.437491788899826872e+00,-1.635185562497125389e+01,-3.218058329711411147e+01,-6.383803864139982664e+01
5.082194010416666832e-06,2.579876662949232013e-04,8.212002469515877756e-02,6.873680022174800675e-01,1.292615979739801357e+00,2.503111934784443715e+00,4.924103844873728875e+00,9.766087665052298306e+00,1.945005530540943894e+01,3.881799058612372022e+01
5.086263020833333051e-06,6.254494781856578811e-04,1.990867522149880331e-01,3.160534797373109606e-01,4.330202072596338603e-01,6.669536623042796597e-01,1.134820572393571370e+00,2.070554392572154345e+00,3.942022032929321185e+00,7.684957313643653976e+00
5.090332031250000117e-06,-6.129748472218921052e-04,-1.951159538527269532e-01,-5.893186599241569956e-01,-9.835213659955871490e-01,-1.771926778138447345e+00,-3.348737602424167736e+00,-6.502359250995608519e+00,-1.280960254813848920e+01,-2.542408914242425055e+01
5.094401041666666335e-06,1.887678997817943127e-03,6.008668869469615537e-01,1.396849727750532955e+00,2.192832568554104355e+00,3.784798250161247157e+00,6.968729613375533205e+00,1.333659233980410441e+01,2.607231779266124860e+01,5.154376869837553699e+01
5.098470052083333401e-06,1.895614062561890023e-03,6.033926965024682953e-01,6.059185060560402514e-01,6.084443156096120964e-01,6.134959347167558974e-01,6.235991729310436105e-01,6.438056493596188146e-01,6.842186022167694448e-01,7.650445079310704832e-01
5.102539062499999619e-06,-1.577375564281169318e-04,-5.020942363354316540e-02,-7.038115437674695718e-01,-1.357413663901396061e+00,-2.664617904169249041e+00,-5.279026384704954999e+00,-1.050784334577636692e+01,-2.096547726791919075e+01,-4.188074511220483487e+01
5.106608072916666685e-06,1.072588448664646421e-03,3.414155070164922035e-01,7.330404376638131048e-01,1.124665368311134062e+00,1.907915229605775753e+00,3.474414952195059136e+00,6.607414397373625903e+00,1.287341328773076121e+01,2.540541106844503005e+01
5.110677083333333750e-06,7.449652160644859578e-04,2.371297931363695599e-01,1.328440792524412939e-01,2.855836536851300012e-02,-1.800130623993435597e-01,-5.971559179350567348e-01,-1.431441629006483085e+00,-3.100013051149335563e+00,-6.437155895435040520e+00
5.114746093749999969e-06,-8.529858565324843767e-04,-2.715138309092383073e-01,-7.801574549494171285e-01,-1.288801078989596061e+00,-2.306088327069953703e+00,-4.340662823230669431e+00,-8.409811815552100001e+00,-1.654810980019496114e+01,-3.282470576948068697e+01
5.118815104166667034e-06,-2.698079963323607444e-04,-8.588255260403036828e-02,9.974872569954093549e-02,2.853800040031121976e-01,6.566425606102548329e-01,1.399167673824539992e+00,2.884217900253110312e+00,5.854318353110251394e+00,1.179451925882453267e+01
5.122884114583333253e-06,1.695591649948369195e-04,5.397235851092512665e-02,1.938272696269982276e-01,3.336821807430713216e-01,6.133920029752175651e-01,1.172811647439510052e+00,2.291650936368094804e+00,4.529329514225264752e+00,9.004686669939603760e+00
5.126953125000000318e-06,-2.578877498486065178e-03,-8.208822030250382262e-01,-1.695736764565215937e+00,-2.570591326105393648e+00,-4.320300449185748626e+00,-7.819718695346459469e+00,-1.481855518766788116e+01,-2.881622817231072275e+01,-5.681157414159640950e+01
5.131022135416666537e-06,5.928929412561956269e-04,1.887236846504325438e-01,1.198329572329004389e+00,2.207935460007576012e+00,4.227147235364720146e+00,8.265570786079006638e+00,1.634241788750758317e+01,3.249611209036473269e+01,6.480350049607902463e+01
5.135091145833333603e-06,5.528911063734653908e-04,1.759907051417678725e-01,1.632577256328403836e-01,1.505247461239128948e-01,1.250587871060579448e-01,7.412686907034798933e-02,-2.773696700107191465e-02,-2.314646391439117157e-01,-6.389199834295913316e-01
5.139160156249999821e-06,-1.441662434586987729e-05,-4.588954054688306958e-03,-1.851686132511179972e-01,-3.657482724475476510e-01,-7.269075908404070141e-01,-1.449226227626125851e+00,-2.893863501197563082e+00,-5.783138048340438431e+00,-1.156168714262618735e+01
5.143229166666666887e-06,-5.817243550580997180e-04,-1.851686132488827574e-01,-3.657482724453124390e-01,-5.463279316417420928e-01,-9.074872500346015114e-01,-1.629805886820320238e+00,-3.074443160391757690e+00,-5.963717707534632595e+00,-1.174226680182038329e+01
5.147298177083333105e-06,4.568540515350605347e-04,1.454211611467287613e-01,4.760109355440520496e-01,8.066007099413753378e-01,1.467780258736022025e+00,2.790139356325314957e+00,5.434857551503901263e+00,1.072429394186107388e+01,2.130316672257541910e+01
5.151367187500000171e-06,4.647891162647965757e-04,1.479469706977120658e-01,1.504727802512839663e-01,1.529985898048558668e-01,1.580502089119996956e-01,1.681534471262873254e-01,1.883599235548626127e-01,2.287728764120131597e-01,3.095987821263142536e-01
5.155436197916666389e-06,-5.339507110306840332e-04,-1.699617900559311501e-01,-4.878705508148598047e-01,-8.057793115737884593e-01,-1.441596833091645768e+00,-2.713231876127360387e+00,-5.256501962198790068e+00,-1.034304213434164943e+01,-2.051612247862736638e+01
5.159505208333333455e-06,-2.383942485693069102e-04,-7.588324612896639454e-02,1.819529779960631435e-02,1.122738417281790163e-01,3.004309295853244133e-01,6.767451052996152905e-01,1.429373456728196823e+00,2.934630159585360332e+00,5.945143565299686905e+00
5.163574218749999673e-06,-7.577650796690704738e-04,-2.412041162635129021e-01,-4.065249863974410016e-01,-5.718458565313691011e-01,-9.024875967992251891e-01,-1.563771077334937587e+00,-2.886338038406362383e+00,-5.531471960549211531e+00,-1.082173980483491071e+01
5.167643229166666739e-06,-8.457038141784778418e-04,-2.691958848363489309e-01,-2.971876534077780296e-01,-3.251794219792071283e-01,-3.811629591220653257e-01,-4.931300334077817205e-01,-7.170641819792143989e-01,-1.164932479122079867e+00,-2.060669073407810803e+00
5.171712239583332957e-06,1.127644135024752359e-03,3.589402762755480314e-01,9.870764373916195433e-01,1.615212598507691055e+00,2.871484920739833857e+00,5.384029565204119905e+00,1.040911885413269111e+01,2.045929743198983530e+01,4.055965458770412368e+01
5.175781250000000023e-06,-4.463384877197995593e-04,-1.420739532255346493e-01,-6.430881827344626656e-01,-1.144102412243390710e+00,-2.146130871261247020e+00,-4.150187789296959195e+00,-8.158301625368384435e+00,-1.617452929751123136e+01,-3.220698464179692877e+01
5.179850260416667089e-06,-2.945927241171375499e-04,-9.377177648429890766e-02,-4.546959974322659775e-02,2.832576997845709550e-03,9.943693047999033197e-02,2.926456374442795716e-01,6.790630513728580508e-01,1.451897879230015009e+00,2.997567534944328926e+00
5.183919270833333307e-06,6.481118832226684390e-04,2.063004197829698405e-01,5.063726160552921574e-01,8.064448123276144464e-01,1.406589204872259025e+00,2.606877989961548181e+00,5.007455560140126494e+00,9.808610700497283119e+00,1.941092098121159637e+01
5.187988281250000373e-06,1.047726023273298779e-04,3.335015512199193677e-02,-1.396001095431847472e-01,-3.125503742083614034e-01,-6.584509035387147158e-01,-1.350251962199421341e+00,-2.733854079520834812e+00,-5.501058314163661755e+00,-1.103546678344931564e+01
5.192057291666666591e-06,-2.947559797377152790e-04,-9.382374236230386910e-02,-2.209976398399823572e-01,-3.481715373176608175e-01,-6.025193322730177936e-01,-1.111214922183731746e+00,-2.128606102005159428e+00,-4.163388461648015237e+00,-8.232953180933726856e+00
5.196126302083333657e-06,-8.620637104286288377e-04,-2.744034015497131551e-01,-4.549830607461428089e-01,-6.355627199425725182e-01,-9.967220383354319369e-01,-1.719040675121150663e+00,-3.163677948692587893e+00,-6.052952495835462798e+00,-1.183150159012121350e+01
5.200195312499999875e-06,5.839783429308909035e-04,1.858860798721305718e-01,6.461755613007020838e-01,1.106465042729273485e+00,2.027044005586416286e+00,3.868201931300702334e+00,7.550517782729274430e+00,1.491514948558641862e+01,2.964441289130070345e+01
5.204264322916666941e-06,-3.907930345548038531e-04,-1.243932863505577968e-01,-4.346726525782378947e-01,-7.449520188059179926e-01,-1.365510751261278077e+00,-2.606628216171998247e+00,-5.088863145993439474e+00,-1.005333300563632015e+01,-1.998227272492208328e+01
5.208333333333333159e-06,-8.622269660492065668e-04,-2.744553674277180888e-01,-4.245174484991445785e-01,-5.745795295705710126e-01,-8.747036917134239919e-01,-1.474952015999129840e+00,-2.675448664570541535e+00,-5.076441961713364925e+00,-9.878428555999011706e+00
5.212402343750000225e-06,-3.749229050953317710e-04,-1.193416672485912156e-01,3.577203292998128170e-02,1.908857331085537790e-01,5.011131334656987457e-01,1.121567934179988901e+00,2.362477535608568768e+00,4.844296738465728502e+00,9.807935144180049747e+00
5.216471354166666444e-06,6.157186018924676318e-04,1.959893180896341014e-01,5.113203034244557799e-01,8.266512887592775138e-01,1.457313259428920871e+00,2.718637200768207585e+00,5.241285083446781456e+00,1.028658084880392742e+01,2.037717237951822113e+01
5.220540364583333509e-06,-5.747688239097215046e-04,-1.829545989206946832e-01,-5.618985159296231435e-01,-9.408424329385516316e-01,-1.698730266956408608e+00,-3.214505934992122338e+00,-6.246057271063549798e+00,-1.230915994320640650e+01,-2.443536528749211811e+01
5.224609374999999728e-06,8.031438571265425708e-05,2.556486297511604069e-02,2.340843248724375492e-01,4.426037867697590333e-01,8.596427105644020017e-01,1.693720558153688049e+00,3.361876253332260145e+00,6.698187643689403892e+00,1.337081042440369139e+01
5.228678385416666793e-06,6.155553462861007574e-04,1.959373522161526049e-01,3.663098414572245054e-01,5.366823306982964059e-01,8.774273091804402069e-01,1.558917266144727698e+00,2.921897180073302902e+00,5.647857007930453754e+00,1.109977666364475368e+01
5.232747395833333012e-06,-2.180818216828583900e-03,-6.941759983862438865e-01,-1.584289348988920931e+00,-2.474402699591597976e+00,-4.254629400796951622e+00,-7.815082803207659801e+00,-1.493598960802907705e+01,-2.917780321767190799e+01,-5.766143043695757342e+01
5.236816406250000077e-06,-4.471547657090013672e-04,-1.423337825793718203e-01,4.095084332242004410e-01,9.613506490277726746e-01,2.065035080634917364e+00,4.272403943849206520e+00,8.687141670277783945e+00,1.751661712313494235e+01,3.517556802884925560e+01
5.240885416666666296e-06,1.142697986523444342e-03,3.637320660327243438e-01,8.697979146487961888e-01,1.375863763264868034e+00,2.387995460497011724e+00,4.412258854961299548e+00,8.460785643889874308e+00,1.655783922174702383e+01,3.275194637746132287e+01
5.244954427083333361e-06,-1.102401230951954858e-03,-3.509052103531875022e-01,-1.065542486737115935e+00,-1.780179763121044312e+00,-3.209454315888901288e+00,-6.068003421424615240e+00,-1.178510163249604226e+01,-2.321929805463889807e+01,-4.608769089892460613e+01
5.249023437499999580e-06,9.668205175188404610e-04,3.077485288915757233e-01,9.664022681326481790e-01,1.625056007373720579e+00,2.942363485855865601e+00,5.576978442820155202e+00,1.084620835674873440e+01,2.138466818460589636e+01,4.246158784032021316e+01
5.253092447916666645e-06,-5.112883060007789027e-04,-1.627481224902110890e-01,-6.332447738741403542e-01,-1.103741425258069508e+00,-2.044734728025928039e+00,-3.926721333561645100e+00,-7.690694544633079666e+00,-1.521864096677594702e+01,-3.027453381106168351e+01
5.257161458333333711e-06,-8.389115386080447934e-04,-2.670338363725954789e-01,-3.713195502565237449e-01,-4.756052641404520664e-01,-6.841766919083086540e-01,-1.101319547444021829e+00,-1.935605258515447957e+00,-3.604176680658300658e+00,-6.941319524944005614e+00
5.261230468749999930e-06,-1.957493614995087228e-03,-6.230895697945831868e-01,-9.791453032097614528e-01,-1.335201036624939830e+00,-2.047312503455296362e+00,-3.471535437116009426e+00,-6.319981304437435554e+00,-1.201687303908028781e+01,-2.341065650836599232e+01
5.265299479166666995e-06,1.142371475339132303e-03,3.636281342948082806e-01,1.350345838379629848e+00,2.337063542464451693e+00,4.310498950634094939e+00,8.257369766973381431e+00,1.615111139965195619e+01,3.193859466500910216e+01,6.351356119572339054e+01
5.269368489583333214e-06,-3.597057980044837677e-04,-1.144979116224568300e-01,-5.926239575376346380e-01,-1.070750003452812571e+00,-2.027002095283168437e+00,-3.939506278943879725e+00,-7.764514646265302744e+00,-1.541453138090814790e+01,-3.071456485019383820e+01
5.273437500000000279e-06,-9.749504283433907403e-04,-3.103363598808226986e-01,-5.061748081397495769e-01,-7.020132563986763996e-01,-1.093690152916530156e+00,-1.877043945952237669e+00,-3.443751532023652473e+00,-6.577166704166482525e+00,-1.284399704845214174e+01
5.277506510416666498e-06,1.381892717844834806e-03,4.398701137353985824e-01,1.190076587351471815e+00,1.940283060967544992e+00,3.440696008199691569e+00,6.441521902663984278e+00,1.244317369159257147e+01,2.444647726944974409e+01,4.845308442516408576e+01
5.281575520833333563e-06,-2.639952543574963784e-04,-8.403229936759554208e-02,-6.079347124702737526e-01,-1.131837125572952019e+00,-2.179641951778308773e+00,-4.275251604189021393e+00,-8.466470909010448409e+00,-1.684890951865330067e+01,-3.361378673793900163e+01
5.285644531249999782e-06,-1.601863903744060735e-04,-5.098891168826946013e-02,-1.794552400969876005e-02,1.509786366887194177e-02,8.118463902601334714e-02,2.133581897402961614e-01,4.777052911688617898e-01,1.006399494025993047e+00,2.063787899740255671e+00
5.289713541666666847e-06,6.866444177404673610e-04,2.185657064597033850e-01,4.881203246070247026e-01,7.576749427543459925e-01,1.296784179048988461e+00,2.375002651638273843e+00,4.531439596816843718e+00,8.844313487173984356e+00,1.747006126788826563e+01
5.293782552083333066e-06,-7.241091147136557993e-05,-2.304910898891492088e-02,-2.646639244353444220e-01,-5.062787398817738538e-01,-9.895083707746328283e-01,-1.955967632560350777e+00,-3.888886156131786453e+00,-7.754723203274658694e+00,-1.548639729756040140e+01
5.297851562500000131e-06,-1.023213839161485339e-03,-3.256990806851718934e-01,-6.283490523815989937e-01,-9.309990240780260384e-01,-1.536298967470880239e+00,-2.746898854256588418e+00,-5.168098627828005220e+00,-1.001049817497083794e+01,-1.969529726925650337e+01
5.301920572916666350e-06,1.501408455709452028e-03,4.779131546522566443e-01,1.281525389987078878e+00,2.085137625321900945e+00,3.692362095991545523e+00,6.906811037330834679e+00,1.333570892000941299e+01,2.619350468536656962e+01,5.190909621608088287e+01
5.305989583333333416e-06,-4.081324644005235314e-04,-1.299125982912406607e-01,-7.377383512376689545e-01,-1.345564104184097109e+00,-2.561215610076953642e+00,-4.992518621862666706e+00,-9.855124645434091946e+00,-1.958033669257694598e+01,-3.903076078686265049e+01
5.310058593749999634e-06,-1.598619890216923523e-03,-5.088565153060928825e-01,-8.878004323150213706e-01,-1.266744349323949859e+00,-2.024632183341806613e+00,-3.540407851377520565e+00,-6.571959187448948470e+00,-1.263506185959180428e+01,-2.476126720387751590e+01
5.314127604166666700e-06,2.309173601418024191e-04,7.350327862459853090e-02,6.558630725531695571e-01,1.238222866481740736e+00,2.402942454338882872e+00,4.732381630053167143e+00,9.391259981481734798e+00,1.870901668433887366e+01,3.734453009005314783e+01
5.318196614583332918e-06,8.620321199686031832e-04,2.743933459939779107e-01,4.752834133600508104e-01,6.761734807261237101e-01,1.077953615458269399e+00,1.881513884922560997e+00,3.488634423851144195e+00,6.702875501708311035e+00,1.313135765742264383e+01
5.322265624999999984e-06,3.107144132741268550e-05,9.890346952495063237e-03,-2.546126520876846322e-01,-5.191156511278642860e-01,-1.048121649208223705e+00,-2.106133645368942542e+00,-4.222157637690379772e+00,-8.454205622333255121e+00,-1.691830159161900582e+01
5.326334635416667049e-06,1.333302795856639023e-03,4.244034611976567062e-01,8.389165754387277740e-01,1.253429689679798953e+00,2.082455918161941089e+00,3.740508375126225360e+00,7.056613289054793903e+00,1.368882311691193188e+01,2.695324277262620427e+01
5.330403645833333268e-06,-4.893222843804778677e-05,-1.557561206483423777e-02,-4.555546853237624760e-01,-8.955337585826907976e-01,-1.775491905100547330e+00,-3.535408198136260172e+00,-7.055240784207686744e+00,-1.409490595635053900e+01,-2.817423630063624174e+01
5.334472656250000333e-06,-9.997351561281675458e-04,-3.182255837610912241e-01,-6.208755554575182689e-01,-9.235255271539453137e-01,-1.528825470546799403e+00,-2.739425357332507804e+00,-5.160625130903924607e+00,-1.000302467804675821e+01,-1.968782377233242187e+01
5.338541666666666552e-06,1.452981789299201409e-03,4.624984679789493347e-01,1.243222519720021513e+00,2.023946571461093580e+00,3.585394674943237714e+00,6.708290881907525538e+00,1.295408329583610296e+01,2.544566812369325604e+01,5.042883777940755863e+01
5.342610677083333617e-06,4.782104117992957981e-04,1.522191017517375289e-01,-1.580602644759425413e-01,-4.683396307036226114e-01,-1.088898363158982807e+00,-2.330015828069702977e+00,-4.812250757891143316e+00,-9.776720617534024882e+00,-1.970566033681978624e+01
5.346679687499999836e-06,-4.965609657006098132e-04,-1.580602644754743047e-01,-4.683396307031543748e-01,-7.786189969308344727e-01,-1.399177729386194668e+00,-2.640295194296915060e+00,-5.122530124118355843e+00,-1.008699998376123652e+01,-2.001593970304699965e+01
5.350748697916666902e-06,1.093291786546046751e-03,3.480055841411453521e-01,8.540714327572171971e-01,1.360137281373289042e+00,2.372268978605432732e+00,4.396532373069720556e+00,8.445059161998296204e+00,1.654211273985544395e+01,3.273621989556974654e+01
5.354817708333333120e-06,2.395523141046851379e-03,7.625186983772600513e-01,1.177031812618331230e+00,1.591544926859402187e+00,2.420571155341544323e+00,4.078623612305828594e+00,7.394728526234397137e+00,1.402693835409153422e+01,2.729135800980580839e+01
5.358886718750000186e-06,-6.645033699754776535e-04,-2.115179920656396484e-01,-1.185554682512068858e+00,-2.159591372958498123e+00,-4.107664753851356210e+00,-8.003811515637073271e+00,-1.579610503920850739e+01,-3.138069208635137386e+01,-6.254986618063711035e+01
5.362955729166666404e-06,1.104220886958273695e-04,3.514844248494525258e-02,2.818148770385185409e-01,5.284813115920918847e-01,1.021814180699238461e+00,2.008479918913531836e+00,3.981811395342118143e+00,7.928474348199291200e+00,1.582180025391363642e+01
5.367024739583333470e-06,-1.485095609154996055e-06,-4.727206143221741180e-04,-3.609388371699986248e-02,-7.171504681967755257e-02,-1.429573730250329189e-01,-2.854420254357436515e-01,-5.704113302571651722e-01,-1.140349939900008103e+00,-2.280227159185693964e+00
5.371093749999999688e-06,1.180904009856931225e-03,3.758934209715418251e-01,7.522595625563632815e-01,1.128625704141184682e+00,1.881357987310827706e+00,3.386822553650113754e+00,6.397751686328685850e+00,1.241960995168583004e+01,2.446332648240011665e+01
5.375162760416666754e-06,-4.410155125356141070e-04,-1.403795976004974522e-01,-6.566526161719249410e-01,-1.172925634743352319e+00,-2.205471671886207297e+00,-4.270563746171917252e+00,-8.400747894743336275e+00,-1.666111619188617610e+01,-3.318185278617185219e+01
5.379231770833332972e-06,1.987732983081968996e-03,6.327150596085883150e-01,1.405809716818409605e+00,2.178904374028230784e+00,3.725093688447873141e+00,6.817472317287158745e+00,1.300222957496572818e+01,2.537174409032286704e+01,5.011077312103714831e+01
5.383300781250000038e-06,-2.094293347738584998e-04,-6.666342771541389212e-02,-7.660419150368407148e-01,-1.465420402358267538e+00,-2.864177377001121183e+00,-5.661691326286828918e+00,-1.125671922485824261e+01,-2.244677502200107355e+01,-4.482688661628672833e+01
5.387369791666666256e-06,-1.056204707907681950e-04,-3.362004003608781710e-02,-5.766523575171113823e-04,3.246673532105359000e-02,9.855351067819499711e-02,2.307270613924778113e-01,4.950741628210434397e-01,1.023768365678174641e+00,2.081156771392437044e+00
5.391438802083333322e-06,-3.853068037642515264e-04,-1.226469648520390754e-01,-2.116738896734679798e-01,-3.007008144948968287e-01,-4.787546641377546375e-01,-8.348623634234701996e-01,-1.547077761994901213e+00,-2.971508559137763683e+00,-5.820370153423487736e+00
5.395507812500000388e-06,-5.930877873225881558e-04,-1.887857060796492847e-01,-2.549244473073279948e-01,-3.210631885350066494e-01,-4.533406709903640697e-01,-7.178956359010788546e-01,-1.247005565722508313e+00,-2.305225425365367453e+00,-4.421665144651085733e+00
5.399576822916666606e-06,-1.519922265217132917e-03,-4.838062832494748888e-01,-7.788268604146534324e-01,-1.073847437579831920e+00,-1.663888591910188897e+00,-2.843970900570902849e+00,-5.204135517892330753e+00,-9.924464752535186562e+00,-1.936512322182089818e+01
5.403645833333333672e-06,1.244384527751662972e-03,3.960998973975019544e-01,1.276006078044825687e+00,2.155912258692149308e+00,3.915724619986796551e+00,7.435349342576091480e+00,1.447459878775468134e+01,2.855309767811185750e+01,5.671009545882621694e+01
5.407714843749999890e-06,8.688243955106145222e-04,2.765553944486844329e-01,1.570108915022567775e-01,3.746638855582910127e-02,-2.016226173370262720e-01,-6.798006291227369768e-01,-1.636156652694158442e+00,-3.548868699837001373e+00,-7.374292794122687233e+00
5.411783854166666956e-06,-1.040716524585150182e-03,-3.312703584902893517e-01,-9.390961114367175622e-01,-1.546921864383145939e+00,-2.762573370276002471e+00,-5.193876382061715091e+00,-1.005648240563314211e+01,-1.978169445277599436e+01,-3.923211854706169532e+01
5.415852864583333174e-06,8.846945249985083137e-04,2.816070135596979718e-01,8.944843856132678184e-01,1.507361757666837665e+00,2.733116501773977358e+00,5.184625989988257189e+00,1.008764496641681596e+01,1.989368291927393173e+01,3.950575882498817037e+01
5.419921875000000240e-06,5.091343927716707185e-04,1.620625106154038875e-01,4.251800766897621126e-02,-7.702649527745146496e-02,-3.161155011703068451e-01,-7.942935129560175778e-01,-1.750649536527439043e+00,-3.663361583670281973e+00,-7.488785677955967834e+00
5.423990885416666458e-06,-5.375423341718033043e-04,-1.711050392091958972e-01,-5.042725890306239966e-01,-8.374401388520520406e-01,-1.503775238494908129e+00,-2.836445437780620527e+00,-5.501785836352045322e+00,-1.083246663349489403e+01,-2.149382822778059321e+01
5.428059895833333524e-06,1.894462248799300141e-04,6.030260627947933716e-02,2.917102517705510434e-01,5.231178972616227218e-01,9.859331882437660788e-01,1.911563770208052793e+00,3.762824934136626442e+00,7.465347261993773742e+00,1.487039191770806745e+01
5.432128906249999743e-06,-2.100823571566934334e-04,-6.687129119576955272e-02,-1.940451886734480269e-01,-3.212190861511265427e-01,-5.755668811064834633e-01,-1.084262471017197527e+00,-2.101653650838625431e+00,-4.136436010481481240e+00,-8.206000729767191970e+00
5.436197916666666808e-06,-2.814708321778880418e-03,-8.959494855460039542e-01,-1.725027679898681221e+00,-2.554105874251358266e+00,-4.212262262956713244e+00,-7.528575040367421423e+00,-1.416120059518883956e+01,-2.742645170483167405e+01,-5.395695392411735014e+01
5.440266927083333027e-06,-2.464629204723678413e-06,-7.845158416408406317e-04,8.943804538681799920e-01,1.789545423578000838e+00,3.579875362997642529e+00,7.160535241836925913e+00,1.432185499951549268e+01,2.864449451487262621e+01,5.728977354558688972e+01
5.444335937500000092e-06,-9.040336369992019172e-05,-2.877628440995343151e-02,-5.676805298138252326e-02,-8.475982155281161501e-02,-1.407433586956698124e-01,-2.527104329813861794e-01,-4.766445815528189134e-01,-9.245128786956844369e-01,-1.820249472981415373e+00
5.448404947916666311e-06,1.811846489516710790e-04,5.767286498605649070e-02,1.441220143833761846e-01,2.305711637806958925e-01,4.034694625753352804e-01,7.492660601646140561e-01,1.440859255343171608e+00,2.824045645700286933e+00,5.590418426414516695e+00
5.452473958333333376e-06,-4.819968810068075982e-04,-1.534243723342190446e-01,-3.645216096556475049e-01,-5.756188469770759930e-01,-9.978133216199329691e-01,-1.842202270905646921e+00,-3.530980169477074604e+00,-6.908535966619930413e+00,-1.366364756090564114e+01
5.456542968749999595e-06,1.730863286155681635e-04,5.509508956159169663e-02,2.636145514589132155e-01,4.721340133562346719e-01,8.891729371508776403e-01,1.723250784740163688e+00,3.391406479918735783e+00,6.727717870275879086e+00,1.340034065099016658e+01
5.460611979166666660e-06,-7.777165990745515955e-04,-2.475548821346653106e-01,-5.502048538310924108e-01,-8.528548255275194556e-01,-1.458154768920373545e+00,-2.668754655706081724e+00,-5.089954429277498527e+00,-9.932353976420332131e+00,-1.961715307070599579e+01
5.464680989583333726e-06,-7.697815343163938451e-04,-2.450290725746351039e-01,-2.425032630210631757e-01,-2.399774534674912752e-01,-2.349258343603474464e-01,-2.248225961460598166e-01,-2.046161197174845570e-01,-1.642031668603340100e-01,-8.337726114603290217e-02
5.468749999999999944e-06,8.680081175356235690e-04,2.762955650993707546e-01,7.976202027779419890e-01,1.318944840456513390e+00,2.361594115813655748e+00,4.446892666527941351e+00,8.617489767956511670e+00,1.695868397081365231e+01,3.364107237652793003e+01
5.472819010416667010e-06,-2.505739588229971559e-04,-7.976016831357007897e-02,-4.358159017287483450e-01,-7.918716351439266665e-01,-1.503983101974283088e+00,-2.928206035634996152e+00,-5.776651902956422724e+00,-1.147354363759927409e+01,-2.286732710688497860e+01
5.476888020833333229e-06,-1.680745882737255670e-03,-5.349980306379706896e-01,-9.902358929593982895e-01,-1.445473755280825889e+00,-2.355949479923681089e+00,-4.176900929209391933e+00,-7.818803827780813620e+00,-1.510260962492365522e+01,-2.967022121920934197e+01
5.480957031250000294e-06,5.562550144020406151e-04,1.770614703234764109e-01,8.891209712832978118e-01,1.601180472243119324e+00,3.025299474162762348e+00,5.873537478002048395e+00,1.157001348568062049e+01,2.296296550103776468e+01,4.574886953175204951e+01
5.485026041666666513e-06,-6.582008612099343736e-04,-2.095118412178072209e-01,-5.960851527579842379e-01,-9.826584642981613937e-01,-1.755805087378515372e+00,-3.302098333539223773e+00,-6.394684825860640132e+00,-1.257985781050347285e+01,-2.495020377978913828e+01
5.489095052083333578e-06,-8.899502945780568552e-04,-2.832799769763723052e-01,-3.570481127353017925e-01,-4.308162484942312798e-01,-5.783525200120902543e-01,-8.734250630478082034e-01,-1.463570149119244101e+00,-2.643860321262116120e+00,-5.004440665547860156e+00
5.493164062499999797e-06,-1.150248359067518322e-04,-3.661354242578737650e-02,2.100528921277859118e-01,4.567193266813592278e-01,9.500521957885058599e-01,1.936717934002798902e+00,3.910049410431385208e+00,7.856712363288558265e+00,1.575003826900290349e+01
5.497233072916666862e-06,3.672092769591017714e-05,1.168863431544837558e-02,5.999081105652068202e-02,1.082929877975929850e-01,2.048973412797376048e-01,3.981060482440268444e-01,7.845234621726052682e-01,1.557358290029762227e+00,3.103027945744075922e+00
5.501302083333333081e-06,-1.872819992414065382e-03,-5.961371186280488566e-01,-1.203962871574477234e+00,-1.811788624520905389e+00,-3.027440130413761921e+00,-5.458743142199474541e+00,-1.032134916577090067e+01,-2.004656121291375115e+01,-3.949698530719945921e+01
5.505371093750000146e-06,-1.481389730699333995e-03,-4.715409965727413444e-01,-3.469448745191698324e-01,-2.223487524655983483e-01,2.684349164154464437e-02,5.252279798558306956e-01,1.521996956284402680e+00,3.515534909141546649e+00,7.502610814855835031e+00
5.509440104166666365e-06,1.324314713428975665e-04,4.215424657030966693e-02,5.558494897176323724e-01,1.069544732864954995e+00,2.096935219159600461e+00,4.151716191748890949e+00,8.261278136927472815e+00,1.648040202728463655e+01,3.291864980799896045e+01
5.513509114583333430e-06,-1.753140998957292140e-03,-5.580421118422327353e-01,-1.158238470257410224e+00,-1.758434828672587713e+00,-2.958827545502942691e+00,-5.359612979163652646e+00,-1.016118384648507167e+01,-1.976432558112790971e+01,-3.897060905041359291e+01
5.517578124999999649e-06,-1.098057789334916379e-03,-3.495226499464220704e-01,-1.410031880491005585e-01,6.751627384822093958e-02,4.845551976428639218e-01,1.318633045232149970e+00,2.986788740410721843e+00,6.323100130767866034e+00,1.299572291148215442e+01
5.521647135416666715e-06,-6.586906280006132874e-04,-2.096677388292048361e-01,-6.981282771313172819e-02,7.004208340294137969e-02,3.497519056350875677e-01,9.091715500993799992e-01,2.028010839027964973e+00,4.265689416885134477e+00,8.741046572599474374e+00
5.525716145833332933e-06,-1.873146503612588276e-03,-5.962410503704884679e-01,-9.828143619106655127e-01,-1.369387673450842557e+00,-2.142534296531196869e+00,-3.688827542691905048e+00,-6.781414035013321850e+00,-1.296658701965615457e+01,-2.533693298894182178e+01
5.529785156249999999e-06,-6.907573981465020552e-04,-2.198749087846244565e-01,1.564912328001970276e-01,5.328573743850184563e-01,1.285589657554661480e+00,2.791054223893947306e+00,5.801983356572518957e+00,1.182384162192966315e+01,2.386755815264395153e+01
5.533854166666667064e-06,1.618148848422151787e-03,5.150727757696871301e-01,1.250020460323258753e+00,1.984968144876830376e+00,3.454863513983973622e+00,6.394654252198260558e+00,1.227423572862683443e+01,2.403339868148398040e+01,4.755172458719827233e+01
5.537923177083333283e-06,-1.955182724486803636e-04,-6.223539904999082772e-02,-6.395435738714202456e-01,-1.216851748692849844e+00,-2.371468098335708596e+00,-4.680700797621426545e+00,-9.299166196192862444e+00,-1.853609699333573246e+01,-3.700995858762147606e+01
5.541992187500000348e-06,-1.170289649948585975e-03,-3.725147652772026752e-01,-6.827941315048827731e-01,-9.930734977325628154e-01,-1.613632230187922900e+00,-2.854749695098643070e+00,-5.336984624920083853e+00,-1.030145448456296542e+01,-2.023039420384872855e+01
5.546061197916666567e-06,8.270267490644300779e-04,2.632507903656491899e-01,8.990163460129692030e-01,1.534781901660289272e+00,2.806313012954929409e+00,5.349375235544209239e+00,1.043549968072277068e+01,2.060774857107989178e+01,4.095224635179413042e+01
5.550130208333333632e-06,2.357505685353089575e-04,7.504173663823814067e-02,-1.131673170894401392e-01,-3.013763708171184330e-01,-6.777944782724749651e-01,-1.430630693183188029e+00,-2.936303123004614157e+00,-5.947647982647466414e+00,-1.197033770193317181e+01
5.554199218749999851e-06,-1.697758801384452454e-03,-5.404134108362139699e-01,-1.155868558313893013e+00,-1.771323705791572056e+00,-3.002234000746930143e+00,-5.464054590657646315e+00,-1.038769577047907866e+01,-2.023497813012194513e+01,-3.992954284940767451e+01
5.558268229166666916e-06,2.312907381750051172e-03,7.362212854385081773e-01,2.012855981710831355e+00,3.289490677983155198e+00,5.842760070527801552e+00,1.094929885561709604e+01,2.116237642579568146e+01,4.158853156615285940e+01,8.244084184686720107e+01
5.562337239583333135e-06,1.505915152904435672e-03,4.793476809234566982e-01,2.224740764145300143e-01,-3.439952809439665582e-02,-5.481467371122500376e-01,-1.575641155147956551e+00,-3.630629991219370023e+00,-7.740607663362196966e+00,-1.596056300764785085e+01
5.566406250000000201e-06,-3.077519679663964780e-04,-9.796049389622125958e-02,-6.752686687176506775e-01,-1.252576843539080276e+00,-2.407193193181939250e+00,-4.716425892467657199e+00,-9.334891291039092209e+00,-1.857182208818196401e+01,-3.704568368246770405e+01
5.570475260416666419e-06,1.521785282378118609e-03,4.843993000299467444e-01,1.066759093958517868e+00,1.649118887887088825e+00,2.813838475744231182e+00,5.143277651458515010e+00,9.802156002887084441e+00,1.911991270574421975e+01,3.775542611145849747e+01
5.574544270833333485e-06,8.346353026240649342e-04,2.656726681832398129e-01,4.694603633056053382e-02,-1.717805955221187453e-01,-6.092338592274773035e-01,-1.484140386638194364e+00,-3.233953441459628486e+00,-6.733579551102496730e+00,-1.373283177038823410e+01
5.578613281249999703e-06,-8.831580190218346615e-04,-2.811179285171422348e-01,-8.279085252135685025e-01,-1.374699121909994659e+00,-2.468280315302847416e+00,-4.655442702088552487e+00,-9.029767475659962628e+00,-1.777841702280278113e+01,-3.527571611708842170e+01
5.582682291666666769e-06,3.557813852239632979e-05,1.132487322369511544e-02,3.037676749647665875e-01,5.962104767058380439e-01,1.181096080187981068e+00,2.350867287152266893e+00,4.690409701080838545e+00,9.369494528937982736e+00,1.872766418465226934e+01
5.586751302083332987e-06,1.505588641720123633e-03,4.792437491855405796e-01,9.471626251453628687e-01,1.415081501105185158e+00,2.350919253024829736e+00,4.222594756864118892e+00,7.965945764542697205e+00,1.545264777989985383e+01,3.042605181061416530e+01
5.590820312500000053e-06,-8.833212746282015360e-04,-2.811698943906237314e-01,-1.041583537962052608e+00,-1.801997181533481429e+00,-3.322824468676339293e+00,-6.364479042962054578e+00,-1.244778819153348515e+01,-2.461440648867634806e+01,-4.894764308296206679e+01
5.594889322916666271e-06,5.866892285695257669e-04,1.867489815712217172e-01,6.546678575310439507e-01,1.122586733490866351e+00,2.058424485410510929e+00,3.930099989249800085e+00,7.673450996928377954e+00,1.516015301228553547e+01,3.013355704299984694e+01
5.598958333333333337e-06,3.309713453916174331e-04,1.053514512817018273e-01,2.395392099152373819e-02,-5.744360929865434395e-02,-2.202386698790105291e-01,-5.458287910397228160e-01,-1.197009033361147612e+00,-2.499369518003996760e+00,-5.104090487289695943e+00
5.603027343750000403e-06,-1.644310358841494235e-04,-5.234002431736640981e-02,-2.100314999200458832e-01,-3.677229755227253705e-01,-6.831059267280843450e-01,-1.313871829138802294e+00,-2.575403633960238192e+00,-5.098467243603109544e+00,-1.014459446288885403e+01
5.607096354166666621e-06,2.030307760065852563e-04,6.462670320246285960e-02,1.815934307247857593e-01,2.985601582471086868e-01,5.324936132917544862e-01,1.000360523381046196e+00,1.936094343559629394e+00,3.807561983916795789e+00,7.550497264631128580e+00
5.611165364583333687e-06,-4.601507539661042756e-04,-1.464705341223361268e-01,-3.575677714437646149e-01,-5.686650087651931029e-01,-9.908594834080500791e-01,-1.835248432693763920e+00,-3.524026331265191825e+00,-6.901582128408047190e+00,-1.365669372269375792e+01
5.615234374999999905e-06,-9.315846854320852799e-04,-2.965326151904495444e-01,-4.465946962618759786e-01,-5.966567773333024682e-01,-8.967809394761554476e-01,-1.497029263761861406e+00,-2.697525912333273101e+00,-5.098519209476096492e+00,-9.900505803761744161e+00
5.619303385416666971e-06,-6.599966727804940092e-04,-2.100834657944395945e-01,-1.236343163971199005e-01,-3.718516699980020657e-02,1.357131317948391813e-01,4.815097293841179571e-01,1.173102924562675620e+00,2.556289314919790723e+00,5.322662095634020929e+00
5.623372395833333189e-06,5.703293323051639163e-04,1.815414648533340558e-01,5.731663955006549571e-01,9.647913261479758029e-01,1.748041187442617606e+00,3.314540910031900989e+00,6.447540355210468199e+00,1.271353924556760262e+01,2.524553702628186969e+01
5.627441406250000255e-06,-1.291274688185239938e-03,-4.110254990282535270e-01,-1.003592462912182404e+00,-1.596159426796111225e+00,-2.781293354563969089e+00,-5.151561210099684374e+00,-9.892096921171114943e+00,-1.937316834331397786e+01,-3.833531118759970013e+01
5.631510416666666473e-06,-1.379213422694647306e-03,-4.390172676010896113e-01,-4.670090361725187100e-01,-4.950008047439477532e-01,-5.509843418868060061e-01,-6.629514161725222898e-01,-8.868855647439550793e-01,-1.334753861886820658e+00,-2.230490456172551372e+00
5.635579427083333539e-06,2.825446789813668147e-04,8.993676460839454545e-02,6.188907968182165709e-01,1.147844829028038749e+00,2.205752893447682883e+00,4.321569022286970707e+00,8.553201279965547243e+00,1.701646579532270209e+01,3.394299482603700824e+01
5.639648437499999757e-06,-2.368261521041858941e-04,-7.538410552162851108e-02,-2.407049756555565967e-01,-4.060258457894846962e-01,-7.366675860573408396e-01,-1.397951066593053238e+00,-2.720518027664477589e+00,-5.365651949807326737e+00,-1.065591979409302503e+01
5.643717447916666823e-06,-7.801654330279461647e-04,-2.483343701916533308e-01,-4.212846348568299870e-01,-5.942348995220066987e-01,-9.401354288523600111e-01,-1.631936487513066636e+00,-3.015538604834480108e+00,-5.782742839477307051e+00,-1.131715130876296094e+01
5.647786458333333042e-06,1.121277166760137334e-03,3.569136073319026381e-01,9.621615848542238725e-01,1.567409562376545162e+00,2.777905517421187742e+00,5.198897427510472902e+00,1.004088124768904322e+01,1.972484888804618208e+01,3.909278416876046691e+01
5.651855468750000107e-06,1.465057892602317224e-04,4.663424110469078371e-02,-2.636451251229892656e-01,-5.739244913506693635e-01,-1.194483223806029448e+00,-2.435600688716749840e+00,-4.917835618538190623e+00,-9.882305478181072189e+00,-1.981124519746683532e+01
5.655924479166666326e-06,-1.882877379927094807e-03,-5.993384845026276109e-01,-1.245311210105305433e+00,-1.891283935707983366e+00,-3.183229386913339010e+00,-5.767120289324050297e+00,-1.093490209414547287e+01,-2.127046570378831802e+01,-4.194159292307401188e+01
5.659993489583333391e-06,1.863443685579113662e-04,5.931525474665911429e-02,7.179689939877316185e-01,1.376622733228804130e+00,2.693930211710949152e+00,5.328545168675239196e+00,1.059777508260381929e+01,2.113623491046097769e+01,4.221315456617529804e+01
5.664062499999999610e-06,6.496799796877894551e-04,2.067995603903077240e-01,3.542838660376294024e-01,5.017681716849511364e-01,7.967367829795944933e-01,1.386674005568881318e+00,2.566548450747454968e+00,4.926297341104602268e+00,9.645795121818895979e+00
5.668131510416666675e-06,-2.098756683807323498e-03,-6.680550011501791285e-01,-1.542909562690356839e+00,-2.417764124230534328e+00,-4.167473247310889306e+00,-7.666891493471600150e+00,-1.466572798579302095e+01,-2.866340097043586255e+01,-5.665874693972154574e+01
5.672200520833333741e-06,-4.369985821313093766e-04,-1.391009689406949856e-01,3.898530632691270537e-01,9.188070954789491207e-01,1.976715159898593255e+00,4.092531288737881745e+00,8.324163546416457393e+00,1.678742806177361047e+01,3.371395709248791661e+01
5.676269531249999959e-06,3.379268765399956465e-04,1.075654656098899015e-01,3.542319001634631759e-01,6.008983347170364642e-01,1.094231203824183041e+00,2.080896942038476194e+00,4.054228418467062944e+00,8.000891371324234669e+00,1.589421727703858167e+01
5.680338541666667025e-06,-9.484343484729151896e-04,-3.018960295152113282e-01,-7.113575246491385951e-01,-1.120819019783065862e+00,-1.939742010050920396e+00,-3.577587990586629463e+00,-6.853279951658047153e+00,-1.340466387380088342e+01,-2.650743171808655418e+01
5.684407552083333243e-06,-1.255719901820384621e-04,-3.997080590271674672e-02,2.219544177133537521e-01,4.838796413294242371e-01,1.007730088561565207e+00,2.055430983025847258e+00,4.150832771954410916e+00,8.341636349811539120e+00,1.672324350552579375e+01
5.688476562500000309e-06,1.176659364332977020e-03,3.745423083379214035e-01,7.890554225789925269e-01,1.203568536820063484e+00,2.032594765302205619e+00,3.690647222266489891e+00,7.006752136195058434e+00,1.363896196405219641e+01,2.690338161976647058e+01
5.692545572916666528e-06,-3.493863588204249027e-04,-1.112131321102985126e-01,-5.969685725567271950e-01,-1.082724013003155905e+00,-2.054234893896013325e+00,-3.997256655681727722e+00,-7.883300179253157403e+00,-1.565538722639601588e+01,-3.119956132068173105e+01
5.696614583333333593e-06,-2.695459446471204501e-04,-8.579913896192725709e-02,-6.038514581460514841e-02,-3.497115266728303973e-02,1.585683362736117763e-02,1.175128062166496123e-01,3.208247513952264818e-01,7.274486417523802206e-01,1.540696422466687698e+00
5.700683593749999812e-06,9.607800604385374754e-04,3.058257916858463932e-01,6.974507223331672945e-01,1.089075652980488140e+00,1.872325514275129832e+00,3.438825236864413437e+00,6.571824682042980648e+00,1.283782357240011507e+01,2.536982135311438213e+01
5.704752604166666877e-06,1.472052571202198124e-03,4.685688863959281414e-01,6.313119811057492647e-01,7.940550758155703326e-01,1.119541265235212579e+00,1.770513644074496851e+00,3.072458401753065615e+00,5.676347917110203589e+00,1.088412694782447865e+01
5.708821614583333096e-06,-9.647942447656987497e-04,-3.071035462421458639e-01,-1.082775978876074019e+00,-1.858448411510002396e+00,-3.409793276777858928e+00,-6.512483007313571548e+00,-1.271786246838499856e+01,-2.512862139052785082e+01,-4.995013923481355533e+01
5.712890625000000161e-06,7.449007565440979306e-04,2.371092750337713828e-01,7.813220963060928392e-01,1.325534917578414351e+00,2.413960560123057153e+00,4.590811845212343201e+00,8.944514415390914408e+00,1.765191955574805860e+01,3.506672983646234343e+01
5.716959635416666380e-06,5.850566726053330058e-04,1.862293228680708401e-01,1.353493707028915471e-01,8.446941853771225417e-02,-1.729048579264632138e-02,-2.208102944533635037e-01,-6.278499117747978753e-01,-1.441929146417666452e+00,-3.070087615703403827e+00
5.721028645833333445e-06,-8.451152512947146533e-04,-2.690085394518063056e-01,-7.242464017732339610e-01,-1.179484264094661672e+00,-2.089959988737517094e+00,-3.910911438023227493e+00,-7.552814336594648736e+00,-1.483662013373749211e+01,-2.940423172802317708e+01
5.725097656249999664e-06,5.529899024452333833e-04,1.760221529081277547e-01,6.210528452741997940e-01,1.066083537640271972e+00,1.956144922372416106e+00,3.736267691836704596e+00,7.296513230765280689e+00,1.441700430862243465e+01,2.865798646433674080e+01
5.729166666666666729e-06,-7.094028727721024552e-04,-2.258099476905420788e-01,-6.276420482932207889e-01,-1.029474148895899388e+00,-1.833138350101256808e+00,-3.440466752511971205e+00,-6.655123557333400441e+00,-1.308443716697625980e+01,-2.594306438626197675e+01
5.733235677083332948e-06,-1.396552852554577839e-03,-4.445365795462958847e-01,-6.632632113989751499e-01,-8.819898432516544151e-01,-1.319443106957012946e+00,-2.194349634367730228e+00,-3.944162689189164350e+00,-7.443788798832033038e+00,-1.444304101811776953e+01
5.737304687500000014e-06,3.850474981845763978e-04,1.225644253224858621e-01,6.896654301885575267e-01,1.256766435054629261e+00,2.390968444786772729e+00,4.659372464251059220e+00,9.196180503179633092e+00,1.826979658103677906e+01,3.641702873675107099e+01
5.741373697916667079e-06,9.921938082015913096e-04,3.158250981609103669e-01,5.090857709957324895e-01,7.023464438305545565e-01,1.088867789500198802e+00,1.861910480839487070e+00,3.407995863518063828e+00,6.500166628875217789e+00,1.268450815958952482e+01
5.745442708333333298e-06,-9.652840115563776635e-04,-3.072594438535434791e-01,-9.303439858624711345e-01,-1.553428527871398845e+00,-2.799597611889254267e+00,-5.291935779924964223e+00,-1.027661211599638591e+01,-2.024596478813922928e+01,-4.018467013242491248e+01
5.749511718750000363e-06,1.223779985963346917e-03,3.895412680459939270e-01,1.086341979943316050e+00,1.783142691840638117e+00,3.176744115635282029e+00,5.963946963224570297e+00,1.153835265840314683e+01,2.268716404876030168e+01,4.498478682947460783e+01
5.753580729166666582e-06,1.291663594145120442e-04,4.111492916400793368e-02,-3.073114097199195482e-01,-6.557377486038470371e-01,-1.352590426371701904e+00,-2.746295781907411637e+00,-5.533706492978831548e+00,-1.110852791512167137e+01,-2.225817075940734924e+01
5.757649739583333647e-06,-6.298889697973208968e-04,-2.004998862846103791e-01,-4.421147017310398941e-01,-6.837295171774693259e-01,-1.166959148070328300e+00,-2.133418409856046249e+00,-4.066336933427481704e+00,-7.932173980570353500e+00,-1.566384807485609798e+01
5.761718749999999866e-06,-7.178277043067282648e-04,-2.284916548574464357e-01,-2.564834234288755344e-01,-2.844751920003046330e-01,-3.404587291431628304e-01,-4.524258034288791697e-01,-6.763599520003119592e-01,-1.124228249143177427e+00,-2.019964843428908363e+00
5.765787760416666931e-06,7.282143490812131859e-04,2.317978265734441934e-01,6.920873080020156776e-01,1.152376789430587189e+00,2.072955752287730213e+00,3.914113678002015817e+00,7.596429529430587912e+00,1.496106123228773122e+01,2.969032463800201782e+01
5.769856770833333150e-06,-1.253231920472330785e-03,-3.989161099674410349e-01,-1.029630046507619578e+00,-1.660343983047797956e+00,-2.921771856128154710e+00,-5.444627602288868218e+00,-1.049033909461029701e+01,-2.058176207925315282e+01,-4.076460804853886088e+01
5.773925781250000215e-06,2.407470325351823703e-04,7.663216052535926082e-02,5.521804310164301066e-01,1.027728701507500952e+00,1.978825242489642644e+00,3.881018324453926027e+00,7.685404488382492794e+00,1.529417681623962721e+01,3.051172147195389428e+01
5.777994791666666434e-06,1.351230788557700180e-03,4.301101185138352934e-01,7.835880765049088037e-01,1.137066034495982203e+00,1.844021950478129224e+00,3.257933782442423265e+00,6.085757446371011348e+00,1.174140477422818662e+01,2.305269942994253896e+01
5.782063802083333500e-06,-1.708795722478839707e-03,-5.439265719335878435e-01,-1.517963262380016998e+00,-2.491999952826446485e+00,-4.440073333719304571e+00,-8.336220095505021632e+00,-1.612851361907645398e+01,-3.171310066621932222e+01,-6.288227476050505516e+01
5.786132812499999718e-06,-2.036418955100316452e-03,-6.482122858204957261e-01,-7.524979997044239921e-01,-8.567837135883522581e-01,-1.065355141356208790e+00,-1.482497996891922076e+00,-2.316783707963348427e+00,-3.985355130106200683e+00,-7.322497974391906084e+00
5.790201822916666784e-06,-5.903769016981641471e-04,-1.879228043850816043e-01,2.723666770434898798e-01,7.326561584720613363e-01,1.653235121329204249e+00,3.494393047043490075e+00,7.176708898472061726e+00,1.454134060132920503e+01,2.927060400704349163e+01
5.794270833333333002e-06,4.482015048949961056e-04,1.426669700105299143e-01,4.732567444078532026e-01,8.038465188051765464e-01,1.465026067599823012e+00,2.787385165189116165e+00,5.432103360367702471e+00,1.072153975072487597e+01,2.130041253143922120e+01
5.798339843750000068e-06,-1.005938868829048261e-03,-3.202002868448254880e-01,-7.830675436975039760e-01,-1.245934800550182464e+00,-2.171669314255539440e+00,-4.023138341666252948e+00,-7.726076396487680853e+00,-1.513195250613053666e+01,-2.994370472541624650e+01
5.802408854166666286e-06,1.710431024534386779e-03,5.444471047447652090e-01,1.409094496329587276e+00,2.273741887914409343e+00,4.003036671084053033e+00,7.461626237423341301e+00,1.437880537010191873e+01,2.821316363545907180e+01,5.588188016617337439e+01
5.806477864583333352e-06,-7.926764654087037343e-05,-2.523167554848139774e-02,-5.949104558386600905e-01,-1.164589236128838801e+00,-2.303946796709196221e+00,-4.582661917869910617e+00,-9.140092160191340298e+00,-1.825495264483419788e+01,-3.648467361411991305e+01
5.810546875000000417e-06,-2.707862060958632355e-03,-8.619392644251471225e-01,-1.698646853309075277e+00,-2.535354442193003432e+00,-4.208769619960859742e+00,-7.555599975496571474e+00,-1.424926068656799494e+01,-2.763658210871084364e+01,-5.441122495299654105e+01
5.814615885416666636e-06,-6.865772121358304503e-04,-2.185443142513405212e-01,4.248506359272325450e-01,1.068245586105805556e+00,2.355035486462951688e+00,4.928615287177244397e+00,1.007577488860582804e+01,2.037009409146299888e+01,4.095873249717733700e+01
5.818684895833333702e-06,-6.546736975820977023e-04,-2.083891101648789324e-01,-1.982339060800562269e-01,-1.880787019952334937e-01,-1.677682938255880829e-01,-1.271474774862972335e-01,-4.590584480771554149e-02,1.165774205494478494e-01,4.415439512637746033e-01
5.822753906249999920e-06,-1.389760576969933936e-03,-4.423745310780189399e-01,-6.763599519931976500e-01,-9.103453729083763601e-01,-1.378316214738733558e+00,-2.314257898399448177e+00,-4.186141265720877414e+00,-7.929908000363736775e+00,-1.541744146964945372e+01
5.826822916666666986e-06,1.350577766174865246e-03,4.299022550334796189e-01,1.302179041149550187e+00,2.174455827265620922e+00,3.919009399497762391e+00,7.408116543962044886e+00,1.438633083289061076e+01,2.834275941074773897e+01,5.625561656646200248e+01
5.830891927083333204e-06,5.675539871674573078e-04,1.806580450584299447e-01,-6.858616491924812708e-02,-3.178303748969262266e-01,-8.163187948522823145e-01,-1.813295634762994712e+00,-3.807249314584419064e+00,-7.795156674227268212e+00,-1.577097139351296740e+01
5.834960937500000270e-06,-3.832489405226624513e-04,-1.219919266378270556e-01,-4.246418983342541420e-01,-7.272918700306811868e-01,-1.332591813423535276e+00,-2.543191700209243677e+00,-4.964391473780660036e+00,-9.806791020923492752e+00,-1.949159011520915996e+01
5.839029947916666488e-06,-3.273769761733547057e-04,-1.042073280249340983e-01,-8.642272940886279453e-02,-6.863813079279147689e-02,-3.306893356064886935e-02,3.806946090363635266e-02,1.803462498322067897e-01,4.648998276893476778e-01,1.034006983403629398e+00
5.843098958333333554e-06,7.831067798775848132e-04,2.492706299725888641e-01,6.027485879636623745e-01,9.562265459547358848e-01,1.663182461936882905e+00,3.077094293901176947e+00,5.904917957829765029e+00,1.156056528568694119e+01,2.287185994140129353e+01
5.847167968749999772e-06,-1.509929337231596946e-03,-4.806254354797561690e-01,-1.210521500926184046e+00,-1.940417566372611757e+00,-3.400209697265467401e+00,-6.319793959051178689e+00,-1.215896248262260215e+01,-2.383729952976544553e+01,-4.719397362405113938e+01
5.851236979166666838e-06,5.832608610489842249e-04,1.856576982959619315e-01,8.519408320682829716e-01,1.518223965840604039e+00,2.850790233385246175e+00,5.515922768474530002e+00,1.084618783865309943e+01,2.150671797901023652e+01,4.282777825972451069e+01
5.855305989583333056e-06,8.308804238765787886e-04,2.644774531564935693e-01,3.432972080225646372e-01,4.221169628886357605e-01,5.797564726207780073e-01,8.950354920850623897e-01,1.525593531013631265e+00,2.786709608870768573e+00,5.308941764585044076e+00
5.859375000000000122e-06,-5.992915000234688705e-04,-1.907604091633835763e-01,-6.459982714848112595e-01,-1.101236133806238859e+00,-2.011711858449094059e+00,-3.832663307734804903e+00,-7.474566206306225702e+00,-1.475837200344906819e+01,-2.932598359773475494e+01
5.863444010416666341e-06,-1.430252178650448514e-03,-4.552634082003429450e-01,-7.197664072405226543e-01,-9.842694062807022526e-01,-1.513275404361061671e+00,-2.571287400521780508e+00,-4.687311392843217739e+00,-8.919359377486092200e+00,-1.738345534677184290e+01
5.867513020833333406e-06,1.381991513937919080e-03,4.399015615085435926e-01,1.335066531218364494e+00,2.230231500928185451e+00,4.020561440347827364e+00,7.601221319187110304e+00,1.476254107686567707e+01,2.908518059222281238e+01,5.773045962293707589e+01
5.871582031249999625e-06,-3.597702575177663675e-04,-1.145184297227932746e-01,-6.689384209504725121e-01,-1.223358412178151777e+00,-2.332198394633510308e+00,-4.549878359544226925e+00,-8.985238289365661046e+00,-1.785595814900852929e+01,-3.559739786829426578e+01
5.875651041666666690e-06,-2.077563579135244254e-03,-6.613090264141284758e-01,-1.208099623110554743e+00,-1.754890219806980900e+00,-2.848471413199833435e+00,-5.035633799985538062e+00,-9.409958573556949091e+00,-1.815860812069976760e+01,-3.565590721498541171e+01
5.879720052083333756e-06,-5.835846261419419534e-04,-1.857607559258515895e-01,2.897875145652192841e-01,7.653357850562901854e-01,1.716432326038431988e+00,3.618625408002715371e+00,7.423011571931282582e+00,1.503178389978841700e+01,3.024932855550268584e+01
5.883789062499999974e-06,-3.839019629197082395e-04,-1.221997901227061673e-01,-5.863882431913446103e-02,4.922141484437243461e-03,1.320440730915806438e-01,3.862879363058674964e-01,8.947756627344410907e-01,1.911751115591588279e+00,3.945702021305883100e+00
5.887858072916667040e-06,-1.766136987200184194e-03,-5.621788633806736879e-01,-1.002157936639601843e+00,-1.442137009898530220e+00,-2.322095156416386530e+00,-4.082011449452100038e+00,-7.601844035523526166e+00,-1.464150920766637753e+01,-2.872083955195208205e+01
5.891927083333333258e-06,-8.713692794657390550e-04,-2.773654561707911137e-01,7.447951039029580313e-03,2.922613582488502448e-01,8.618881726684916034e-01,2.001141801507774431e+00,4.279649059186339422e+00,8.836663574543470290e+00,1.795069260525773203e+01
5.895996093750000324e-06,6.465781233657708071e-04,2.058122088574874942e-01,6.889898738798069244e-01,1.172167538902126438e+00,2.138522868946765243e+00,4.071233529036042853e+00,7.936654849214598961e+00,1.566749748957171029e+01,3.112918277028593295e+01
5.900065104166666542e-06,-1.364456556700588408e-04,-4.343200112660912382e-02,-2.926762111042872094e-01,-5.419204210819652534e-01,-1.040408841037321341e+00,-2.037385680948033517e+00,-4.031339360769457869e+00,-8.019246720412308349e+00,-1.599506143969800576e+01
5.904134114583333608e-06,8.541958513177405621e-04,2.718989842116161793e-01,5.872299695464379132e-01,9.025609548812595362e-01,1.533222925550902893e+00,2.794546866890189829e+00,5.317194749568763257e+00,1.036249051492591100e+01,2.045308204564020471e+01
5.908203124999999827e-06,-1.175187317869585968e-03,-3.740737413957021529e-01,-1.020046466998379975e+00,-1.666019192601057908e+00,-2.957964643806413552e+00,-5.541855546217124839e+00,-1.070963735103854830e+01,-2.104520096068139168e+01,-4.171632817996708553e+01
5.912272135416666892e-06,-1.430905201047494302e-03,-4.554712716852220566e-01,-5.368688019754001006e-01,-6.182663322655782556e-01,-7.810613928459343436e-01,-1.106651514006646631e+00,-1.757831756328071426e+00,-3.060192240970920796e+00,-5.664913210256619536e+00
5.916341145833333111e-06,-1.766107461520505240e-04,-5.621694650649355224e-02,3.430373786720781193e-01,7.422917038506497978e-01,1.540800354207793266e+00,3.137817654922079758e+00,6.331852256350653185e+00,1.271992145920780004e+01,2.549605986492209553e+01
5.920410156250000176e-06,8.379992106455347312e-04,2.667434333626865772e-01,5.897038132287568679e-01,9.126641930948271586e-01,1.558584952826967740e+00,2.850426472291248903e+00,5.434109511219810784e+00,1.060147558907693544e+01,2.093620774479118296e+01
5.924479166666666395e-06,-2.413774898883502829e-03,-7.683284133368987190e-01,-1.803400260033327651e+00,-2.838472106729756916e+00,-4.908615800122614559e+00,-9.048903186908331620e+00,-1.732947796047976396e+01,-3.389062750762262510e+01,-6.701292660190836159e+01
5.928548177083333460e-06,-1.767740017442065437e-04,-5.626891237545160462e-02,6.557905885843698934e-01,1.367850089544191405e+00,2.791969091463834207e+00,5.640207095303120255e+00,1.133668310298169146e+01,2.272963511833883388e+01,4.551553914905311871e+01
5.932617187499999679e-06,2.290866147802717023e-05,7.292053427693818458e-03,7.085301923126552381e-02,1.344139850348372300e-01,2.615359166419806147e-01,5.157797798562674396e-01,1.024267506284840978e+00,2.041242959141988500e+00,4.075193864856283099e+00
5.936686197916666744e-06,-1.239484113753519523e-03,-3.945400471754994531e-01,-7.963721477781781077e-01,-1.198204248380856818e+00,-2.001868449586214016e+00,-3.609196851996928856e+00,-6.823853656818358537e+00,-1.325316726646121701e+01,-2.611179448574693396e+01
5.940755208333332963e-06,-1.423296647502070300e-03,-4.530493938721548708e-01,-5.115587405685827482e-01,-5.700680872650106812e-01,-6.870867806578664361e-01,-9.211241674435779458e-01,-1.389198941015000965e+00,-2.325348488157847004e+00,-4.197647582443539527e+00
5.944824218750000028e-06,-3.847182409089100474e-04,-1.224596194765433244e-01,2.081301549207799639e-01,5.387199293181033077e-01,1.199899478112749884e+00,2.522258575702042815e+00,5.166976770880629566e+00,1.045641316123780129e+01,2.103528594195214652e+01
5.948893229166666247e-06,-1.695047915774239300e-03,-5.395505091461697544e-01,-9.566413988113500189e-01,-1.373732288476530394e+00,-2.207914067806890923e+00,-3.876277626467611981e+00,-7.213004743789054096e+00,-1.388645897843193922e+01,-2.723336744771770768e+01
5.952962239583333313e-06,-8.122671368937517400e-05,-2.585526598954836566e-02,4.878399771577743294e-01,1.001535220305096896e+00,2.028925706599742362e+00,4.083706679189033295e+00,8.193268624367615161e+00,1.641239251472477889e+01,3.285064029543910635e+01
5.957031250000000378e-06,-1.691654481987825420e-04,-5.384703456238441183e-02,-8.183880313381350358e-02,-1.098305717052426023e-01,-1.658141088481007719e-01,-2.777811831338171666e-01,-5.017153317052498451e-01,-9.495836288481154241e-01,-1.845320223133846360e+00
5.961100260416666597e-06,-8.323469781714720739e-04,-2.649442718871833913e-01,-4.760415092086118793e-01,-6.871387465300403674e-01,-1.109333221172897233e+00,-1.953722170458611185e+00,-3.642500069030039089e+00,-7.020055866172894454e+00,-1.377516746045860607e+01
5.965169270833333662e-06,-6.326643149350275053e-04,-2.013833060795145180e-01,-1.378223402759428118e-01,-7.426137447237110556e-02,5.286055713477229995e-02,3.071044203490591040e-01,8.155921467776326983e-01,1.832567599634780109e+00,3.866518505349074708e+00
5.969238281249999881e-06,2.131642478033768384e-03,6.785228745674624085e-01,1.558429055214785919e+00,2.438335235862109762e+00,4.198147597156756561e+00,7.717772319746051934e+00,1.475702176492464091e+01,2.883552065528181885e+01,5.699251843599617473e+01
5.973307291666666946e-06,3.419438069727220864e-04,1.088440942787392562e-01,-4.608346860114393984e-01,-1.030513466301617997e+00,-2.169871026881975418e+00,-4.448586148042689814e+00,-9.006016390364118607e+00,-1.812087687500697797e+01,-3.635059784429269314e+01
5.977376302083333165e-06,-1.112196566751322280e-03,-3.540231625766161461e-01,-8.168904194292946341e-01,-1.279757676281973122e+00,-2.205492189987329876e+00,-4.056961217398043829e+00,-7.759899272219471733e+00,-1.516577538186232665e+01,-2.997752760114803650e+01
5.981445312500000230e-06,-2.893342084462346975e-04,-9.209793895959814125e-02,1.698272846564723437e-01,4.317525082725428565e-01,9.556029555046837709e-01,2.003303849968965711e+00,4.098705638897529369e+00,8.289509216754657572e+00,1.667111637246891220e+01
5.985514322916666449e-06,-1.855253444631443926e-04,-5.905455128027205236e-02,-2.601116360170135228e-02,7.032224076869349541e-03,7.311899943401074797e-02,2.052925501482935622e-01,4.696396515768591629e-01,9.983338544339904752e-01,2.055722260148252989e+00
5.989583333333333514e-06,2.059049172515869941e-04,6.554157077503550144e-02,1.901376928286069856e-01,3.147338148821784976e-01,5.639260589893214659e-01,1.062310547203607403e+00,2.059079523632179498e+00,4.052617476489323245e+00,8.039693382203610739e+00
5.993652343749999733e-06,-9.845825085648129971e-04,-3.134023462398167759e-01,-6.923462632487452639e-01,-1.071290180257673752e+00,-1.829178014275530728e+00,-3.344953682311244680e+00,-6.376505018382672141e+00,-1.243960769052552706e+01,-2.456581303481123868e+01
5.997721354166666799e-06,-6.410891464696533149e-04,-2.040650132464188748e-01,-9.472768025534897274e-02,1.460965273572091896e-02,2.332843187178607058e-01,6.706336506821403143e-01,1.545332314610699420e+00,3.294729642467817854e+00,6.793524298182054721e+00
6.001790364583333017e-06,-1.999355720954554272e-03,-6.364146919779549716e-01,-1.068764370705632460e+00,-1.501114049433309949e+00,-2.365813406888664705e+00,-4.095212121799374216e+00,-7.554009551620794127e+00,-1.447160441126363395e+01,-2.830679413054931359e+01
6.005859375000000083e-06,-2.896607196447575916e-04,-9.220187070203769708e-02,4.520109505702837871e-01,9.962237718426052435e-01,2.084649414387248267e+00,4.261500699476534315e+00,8.615203269655106411e+00,1.732260841001225060e+01,3.473741869072653543e+01
6.009928385416666301e-06,1.976433413091172042e-04,6.291182947708919004e-02,2.180255296556616873e-01,3.731392298342341984e-01,6.833666301913792207e-01,1.303821430905669265e+00,2.544731032334249132e+00,5.026550235191408866e+00,9.990188640905730111e+00
6.013997395833333367e-06,-6.333173373320732935e-04,-2.015911695643936297e-01,-4.660941686045733112e-01,-7.305971676447530205e-01,-1.259603165725112328e+00,-2.317615161885830943e+00,-4.433639154207268618e+00,-8.665687138850143967e+00,-1.712978310813589289e+01
6.018066406249999585e-06,-1.699817261879843500e-04,-5.410686391622157587e-02,9.337744173110013035e-02,2.408617473784218366e-01,5.358303586730652768e-01,1.125767581262351991e+00,2.305642026440925640e+00,4.665390916798072496e+00,9.384888697512367983e+00
6.022135416666666651e-06,1.851303122634817555e-03,5.892880862575851086e-01,1.232683036436158064e+00,1.876077986614731241e+00,3.162867886971877152e+00,5.736447687686169417e+00,1.088360728911475483e+01,2.117792649197192389e+01,4.176656489768625846e+01
6.026204427083333716e-06,-5.823779746094714937e-05,-1.853766668138874182e-02,-6.263634196278169419e-01,-1.234189172574245319e+00,-2.449840678467101629e+00,-4.881143690252814693e+00,-9.743749713824239933e+00,-1.946896176096709397e+01,-3.891938585525279848e+01
6.030273437499999935e-06,2.852555646200016781e-04,9.079966630748569079e-02,2.001369992985555790e-01,3.094743322896254534e-01,5.281489982717653131e-01,9.654983302360448105e-01,1.840196994164603916e+00,3.589594322021722128e+00,7.088388977735958996e+00
6.034342447916667001e-06,1.443676220276302047e-03,4.595364133623948688e-01,8.282731604159655481e-01,1.197009907469536172e+00,1.934483401576677641e+00,3.409430389790960358e+00,6.359324366219525793e+00,1.225911231907665666e+01,2.405868822479091662e+01
6.038411458333333219e-06,-3.443260325752817153e-05,-1.096023802391541367e-02,-4.814568894078447014e-01,-9.519535407917739667e-01,-1.892946843559632386e+00,-3.774933449095349669e+00,-7.538906660166783347e+00,-1.506685308230965248e+01,-3.012274592659538897e+01
6.042480468750000285e-06,-1.272856928679289013e-03,-4.051629440961538875e-01,-7.993656501675839854e-01,-1.193568356239014028e+00,-1.981973768381874113e+00,-3.558784592667594282e+00,-6.712406241239034621e+00,-1.301964953838191619e+01,-2.563413613266767754e+01
6.046549479166666503e-06,7.963648197772954518e-04,2.534907951440859009e-01,9.121445343851584120e-01,1.570798273626230923e+00,2.888105752108375945e+00,5.522720709072665990e+00,1.079195062300124519e+01,2.133041045085840537e+01,4.240733010657272217e+01
6.050618489583333569e-06,-6.817440037423239119e-04,-2.170058562377009115e-01,-6.875025076216301212e-01,-1.157999159005559386e+00,-2.098992461773418139e+00,-3.980979067309135200e+00,-7.744952278380568877e+00,-1.527289870052343801e+01,-3.032879154480917450e+01
6.054687499999999787e-06,-5.299982401538727572e-04,-1.687036795009886070e-01,-1.204015027599163040e-01,-7.209932601884398717e-02,2.450502746330062570e-02,2.177137344275898445e-01,6.041311483561683238e-01,1.376965976213325282e+00,2.922635631927639199e+00
6.058756510416666853e-06,-5.700000750152867113e-04,-1.814366590028680670e-01,-1.941696385117955559e-01,-2.069026180207230448e-01,-2.323685770385780225e-01,-2.833004950742879502e-01,-3.851643311457078611e-01,-5.888920032885476274e-01,-9.963473475742272711e-01
6.062825520833333071e-06,3.966729821343051299e-04,1.262649317953555006e-01,4.339665225989263742e-01,7.416681134024972755e-01,1.357071295009639078e+00,2.587877658223922683e+00,5.049490384652489894e+00,9.972715837509623427e+00,1.981916674322389227e+01
6.066894531250000137e-06,-2.088110733438952593e-03,-6.646662899001046787e-01,-1.455597511596534499e+00,-2.246528733292964208e+00,-3.828391176685824071e+00,-6.992116063471543796e+00,-1.331956583704298147e+01,-2.597446538418585860e+01,-5.128426447847161285e+01
6.070963541666666355e-06,1.491123353090983983e-03,4.746393048083834554e-01,1.613944899518203524e+00,2.753250494228023371e+00,5.031861683647663952e+00,9.589084062486943338e+00,1.870352882016550211e+01,3.693241833552262676e+01,7.339019736623686185e+01
6.075032552083333421e-06,8.998471725618628625e-04,2.864302510809724200e-01,9.822119735329415402e-02,-8.998785637438412588e-02,-4.664059638297406996e-01,-1.219242178740453708e+00,-2.724914608561880058e+00,-5.736259468204732315e+00,-1.175894918749043683e+01
6.079101562499999640e-06,4.284132410958818582e-04,1.363681700128590302e-01,-1.369391105856743694e-02,-1.637559921299939214e-01,-4.638801542728468452e-01,-1.064128478558552748e+00,-2.264625127129964444e+00,-4.665618424272787834e+00,-9.467605018558435503e+00
6.083170572916666705e-06,1.059528000908471768e-03,3.372582373777149312e-01,5.381483047437878309e-01,7.390383721098607861e-01,1.140818506842006474e+00,1.944378776306298073e+00,3.551499315234881493e+00,6.765740393092047889e+00,1.319422254880637979e+01
6.087239583333332924e-06,3.963464709357822358e-04,1.261610000529159448e-01,-8.493623726851252942e-02,-2.960334745899410036e-01,-7.182279492327979797e-01,-1.562616898518511821e+00,-3.251394797089939726e+00,-6.628950594232795090e+00,-1.338406218851850582e+01
6.091308593749999989e-06,-9.905591032577376609e-05,-3.153047554162882737e-02,-1.892219511443083146e-01,-3.469134267469877742e-01,-6.622963779523467487e-01,-1.293062280363064698e+00,-2.554594085184500596e+00,-5.077657694827371948e+00,-1.012378491411311643e+01
6.095377604166667055e-06,2.018102737736171548e-03,6.423820527559971350e-01,1.316294581059568980e+00,1.990207109363140825e+00,3.338032165970284737e+00,6.033682279184572117e+00,1.142498250561314777e+01,2.220758295847029729e+01,4.377278386418459633e+01
6.099446614583333273e-06,1.690479505128905657e-03,5.380963388736127451e-01,4.338106249896844790e-01,3.295249111057562130e-01,1.209534833378996393e-01,-2.961893721978134941e-01,-1.130475083269239844e+00,-2.799046505412092323e+00,-6.136189349697797724e+00
6.103515625000000339e-06,-5.785881621420685406e-04,-1.841703320387304832e-01,-9.064370029539097207e-01,-1.628703673869088986e+00,-3.073237015699447294e+00,-5.962303699360164799e+00,-1.174043706668159892e+01,-2.329670380132446539e+01,-4.640923727061020543e+01
6.107584635416666557e-06,1.322854437631804103e-03,4.210776454803020208e-01,1.026325623002623200e+00,1.631573600524944601e+00,2.842069555569587180e+00,5.263061465658871896e+00,1.010504528583744310e+01,1.978901292619458374e+01,3.915694820690886502e+01
6.111653645833333623e-06,2.761777107167517897e-04,8.791009566474913828e-02,-2.452574541566789335e-01,-5.784250039781070329e-01,-1.244760103620963232e+00,-2.577430302906675408e+00,-5.242770701478099760e+00,-1.057345149862094935e+01,-2.123481309290664854e+01
6.115722656249999841e-06,-3.508622285153251141e-06,-1.116829160249042940e-03,-9.014375398167792652e-02,-1.791706788031068309e-01,-3.572245284459645842e-01,-7.133322277316801463e-01,-1.425547626303111270e+00,-2.849978423445973519e+00,-5.698840017731697571e+00
6.119791666666666907e-06,7.633179188815120142e-05,2.429716398812220568e-02,4.971115713544431436e-02,7.512515028276642304e-02,1.259531365774106404e-01,2.276091091666990751e-01,4.309210543452759445e-01,8.375449447024296834e-01,1.650792725416737161e+00
6.123860677083333126e-06,-5.954384225503872585e-05,-1.895339365114696514e-02,-6.220395128507544974e-02,-1.054545089190039447e-01,-1.919556241868609348e-01,-3.649578547225748593e-01,-7.109623157940028193e-01,-1.402971237936858628e+00,-2.786989082222570246e+00
6.127929687500000191e-06,3.798233190792643654e-04,1.209015174660702518e-01,2.607564285821433736e-01,4.006113396982164399e-01,6.803211619303626279e-01,1.239740806394655115e+00,2.358580095323239867e+00,4.596258673180409815e+00,9.071615828894749711e+00
6.131998697916666410e-06,-2.344644894606062735e-03,-7.463236495434617535e-01,-1.613548816552390797e+00,-2.480773983561319618e+00,-4.215224317579178148e+00,-7.684124985614894321e+00,-1.462192632168632578e+01,-2.849752899382919225e+01,-5.624873433811492163e+01
6.136067708333333475e-06,1.378399890796799809e-03,4.387583123552788456e-01,1.623840274252601468e+00,2.808922236149923979e+00,5.179086159944569445e+00,9.919414007533859490e+00,1.940006970271243958e+01,3.836138109306960331e+01,7.628400387378393077e+01
6.140136718749999694e-06,-7.947939772492418342e-04,-2.529907804377685143e-01,-9.447398732279467248e-01,-1.636488966018124991e+00,-3.019987151598481301e+00,-5.786983522759194365e+00,-1.132097626508062049e+01,-2.238896174972347097e+01,-4.452493271900917904e+01
6.144205729166666759e-06,-1.817502254368719150e-03,-5.785289357268900146e-01,-9.040670910170672814e-01,-1.229605246307244437e+00,-1.880681556887598971e+00,-3.182834178048308260e+00,-5.787139420369726395e+00,-1.099574990501256266e+01,-2.141297087429823520e+01
6.148274739583332978e-06,-1.078072530589224698e-04,-3.431611445097273311e-02,5.098967068213486886e-01,1.054109528093670312e+00,2.142535170638313335e+00,4.319386455727599383e+00,8.673089025906170590e+00,1.738049416626331478e+01,3.479530444697760316e+01
6.152343750000000043e-06,9.307711535342377829e-04,2.962736599446387786e-01,6.268634343419621224e-01,9.574532087392854107e-01,1.618632757533931876e+00,2.940991855123225029e+00,5.585710050301811336e+00,1.087514644065898395e+01,2.145401922137332917e+01
6.156412760416666262e-06,-3.076531718875230581e-04,-9.792904612759965877e-02,-4.921317521990297150e-01,-8.863344582704597574e-01,-1.674739870413319842e+00,-3.251550694699040456e+00,-6.405172343270480795e+00,-1.271241564041336147e+01,-2.532690223469912283e+01
6.160481770833333327e-06,9.226728331981348674e-04,2.936958845201740331e-01,6.853208151674948789e-01,1.076945745814815725e+00,1.860195607109457416e+00,3.426695329698741244e+00,6.559694774877308454e+00,1.282569366523444288e+01,2.535769144594870994e+01
6.164550781250000393e-06,-3.876568416529835304e-04,-1.233950051449289598e-01,-5.404858948101092242e-01,-9.575767844752894886e-01,-1.791758563805650128e+00,-3.460122122466370964e+00,-6.796849239787813524e+00,-1.347030347443069687e+01,-2.681721194371646533e+01
6.168619791666666612e-06,-7.152800742602494211e-04,-2.276807190273133497e-01,-3.319664329112416157e-01,-4.362521467951699372e-01,-6.448235745630265248e-01,-1.061966430098739700e+00,-1.896252141170165828e+00,-3.564823563313018528e+00,-6.901966407598723485e+00
6.172688802083333677e-06,1.018383376859333111e-03,3.241614967795587443e-01,8.760037125831310334e-01,1.427845928386703322e+00,2.531530359993847679e+00,4.738899223208137279e+00,9.153636949636714704e+00,1.798311240249387311e+01,3.564206330820818636e+01
6.176757812499999896e-06,1.625529686847926314e-03,5.174221696089363887e-01,7.106828424437584557e-01,9.039435152785805228e-01,1.290464860948224768e+00,2.063507552287513036e+00,3.609592934966090017e+00,6.701763700323243533e+00,1.288610523103755057e+01
6.180826822916666961e-06,-1.458465273998399425e-03,-4.642439153694416509e-01,-1.445910000347119473e+00,-2.427576085324797184e+00,-4.390908255280153050e+00,-8.317572595190863893e+00,-1.617090127501228736e+01,-3.187755863465513073e+01,-6.329087335394082459e+01
6.184895833333333180e-06,-3.959184175812424655e-04,-1.260247464383517924e-01,2.121944224902200804e-01,5.504135914187919809e-01,1.226851929275935671e+00,2.579728604990223495e+00,5.285481956418798255e+00,1.069698865927594866e+01,2.152000206499024770e+01
6.188964843750000245e-06,4.029754909140592645e-04,1.282710826477113930e-01,3.825669117325332658e-01,6.368627408173551663e-01,1.145454398986998967e+00,2.162637715326286347e+00,4.197004348004861995e+00,8.265737613362011516e+00,1.640320414407631233e+01
6.193033854166666464e-06,-9.073541839512699880e-04,-2.888198070219150093e-01,-7.059106966870952737e-01,-1.123001586352275538e+00,-1.957183365682636067e+00,-3.625546924343357347e+00,-6.962274041664799462e+00,-1.363572827630768458e+01,-2.698263674559345304e+01
6.197102864583333529e-06,-2.816895104061245547e-03,-8.966455599654122866e-01,-1.504471312911840553e+00,-2.112297065858268930e+00,-3.327948571751125240e+00,-5.759251583536838304e+00,-1.062185760710826443e+01,-2.034706965425111491e+01,-3.979749374853682298e+01
6.201171874999999748e-06,-7.956102552242327874e-04,-2.532506097870821926e-01,3.901443403914908736e-01,1.033539290570063995e+00,2.320329190927210128e+00,4.893908991641501949e+00,1.004106859307008648e+01,2.033538779592725732e+01,4.092402620164159543e+01
6.205240885416666813e-06,-1.405270455876461710e-04,-4.473114788674802111e-02,1.637883140105734769e-01,3.723077759078949889e-01,7.893466997025379017e-01,1.623424547291823838e+00,3.291580242470395934e+00,6.627891632827539681e+00,1.330051441354182806e+01
6.209309895833333032e-06,-7.078347763211922938e-04,-2.253108070877276603e-01,-4.058904662841573696e-01,-5.864701254805870789e-01,-9.476294438734463865e-01,-1.669948080659165113e+00,-3.114585354230602565e+00,-6.003859901373477470e+00,-1.178240899565922817e+01
6.213378906250000098e-06,-4.602152134651760207e-04,-1.464910522181491204e-01,-6.767129735207801089e-02,1.114845751399308298e-02,1.687879672461352898e-01,4.840669867104196999e-01,1.114625025638988465e+00,2.375741103496125994e+00,4.897973259210401054e+00
6.217447916666666316e-06,-1.123396743452076407e-03,-3.575882895474715717e-01,-5.686855268689000598e-01,-7.797827641903285478e-01,-1.201977238833185524e+00,-2.046366188118899476e+00,-3.735144086690327381e+00,-7.112699883833182746e+00,-1.386781147811889348e+01
6.221516927083333382e-06,-7.079980319133483135e-04,-2.253627729566857196e-01,-9.313725637186562323e-02,3.908826021295447317e-02,3.035392933825946660e-01,8.324413597218750516e-01,1.890245492400435712e+00,4.005853757757557254e+00,8.237070288471800339e+00
6.225585937499999600e-06,-4.124415694519711906e-04,-1.312842290297209502e-01,-3.720568510114825173e-02,5.687285882742446064e-02,2.450299466845698715e-01,6.213441223988607209e-01,1.373972473827442364e+00,2.879229176684605651e+00,5.889742582398932669e+00
6.229654947916666666e-06,2.426416401846154258e-04,7.723523287061323517e-02,2.857546947679347471e-01,4.942741566652562035e-01,9.113130804598992274e-01,1.745390928049185275e+00,3.413546623227757149e+00,6.749858013584900895e+00,1.342248079429918839e+01
6.233723958333333731e-06,-1.451183231637287463e-03,-4.619259692942905282e-01,-1.001087171459468239e+00,-1.540248373624645950e+00,-2.618570777955001372e+00,-4.775215586615711771e+00,-9.088505203937133459e+00,-1.771508443857997506e+01,-3.496824290786565825e+01
6.237792968749999950e-06,1.696618758288082063e-03,5.400505238479637038e-01,1.542027016995284772e+00,2.544003510142605951e+00,4.547956496437247864e+00,8.555862469026532580e+00,1.657167441420510201e+01,3.260329830456223732e+01,6.466654608527650794e+01
6.241861979166667015e-06,2.759165614719449877e-03,8.782696927835770273e-01,1.216488861712148761e+00,1.554708030640720828e+00,2.231146368497864518e+00,3.584023044212151898e+00,6.289776395640727102e+00,1.170128309849787662e+01,2.252429650421217744e+01
6.245930989583333234e-06,6.339086462929799382e-04,2.017793890524392786e-01,-4.747109146752373499e-01,-1.151201218402913895e+00,-2.504181825858267096e+00,-5.210143040768973499e+00,-1.062206547059038719e+01,-2.144591033023321458e+01,-4.309360004951886225e+01
6.250000000000000300e-06,-4.607049802558549345e-04,-1.466469498295467355e-01,-4.950732887134741689e-01,-8.434996275974016022e-01,-1.540352305365256580e+00,-2.934057660900966535e+00,-5.721468371972386002e+00,-1.129628979411522494e+01,-2.244593263840090458e+01
6.254069010416666518e-06,7.453598031759156584e-05,2.372553941148983561e-02,1.940980286525617327e-01,3.644705178936336054e-01,7.052154963757774064e-01,1.386705453340065120e+00,2.749685367268640324e+00,5.475645195125790288e+00,1.092756485084009199e+01
6.258138020833333584e-06,-1.331667493786881096e-03,-4.238829283819559035e-01,-8.714913961721350022e-01,-1.319099863962314156e+00,-2.214316799542672243e+00,-4.004750670703388415e+00,-7.585618413024820761e+00,-1.474735389766768634e+01,-2.907082486695341572e+01
6.262207031249999802e-06,5.458066561914165504e-04,1.737356546106451904e-01,7.713542376017178404e-01,1.368972820592790463e+00,2.564209986574935929e+00,4.954684318539226417e+00,9.735632982467807395e+00,1.929753031032496935e+01,3.842132496603929326e+01
6.266276041666666868e-06,9.612053677159337894e-04,3.059611711969075776e-01,4.381866877817276462e-01,5.704122043665477149e-01,8.348632375361879632e-01,1.363765303875468238e+00,2.421569436554029231e+00,4.537177701911150329e+00,8.768394232625393414e+00
6.270345052083333086e-06,-6.607141546908223972e-04,-2.103118473796551646e-01,-7.265848659510826257e-01,-1.242857884522510004e+00,-2.275403921665364759e+00,-4.340495995951075159e+00,-8.470680144522495070e+00,-1.673104844166533312e+01,-3.325178503595100921e+01
6.274414062500000152e-06,1.833750476976092614e-05,5.837009056157319020e-03,2.219858654847274015e-01,4.381347219132974979e-01,8.704324347704376352e-01,1.735027860484718021e+00,3.464218711913278792e+00,6.922600414770400334e+00,1.383936382048464253e+01
6.278483072916666370e-06,1.296600409460779701e-03,4.127207287613172126e-01,8.196044484711396683e-01,1.226488168180962068e+00,2.040255607600607313e+00,3.667790486439896913e+00,6.922860244118476558e+00,1.343299975947563674e+01,2.645327879018995532e+01
6.282552083333333436e-06,-8.526250087612652351e-04,-2.713989694962518628e-01,-9.555186677551815722e-01,-1.639638366014111170e+00,-3.007877762531970589e+00,-5.744356555567689426e+00,-1.121731414163912710e+01,-2.216322931378200067e+01,-4.405505965806774782e+01
6.286621093749999654e-06,-1.012469092714241015e-03,-3.222789216664758705e-01,-3.731588738316551912e-01,-4.240388259968344564e-01,-5.257987303271930424e-01,-7.293185389879102143e-01,-1.136358156309344558e+00,-1.950437390952213246e+00,-3.578595860237950621e+00
6.290690104166666720e-06,1.895648399127480843e-03,6.034036261707534932e-01,1.529086174005575227e+00,2.454768721840397294e+00,4.306133817510040984e+00,8.008864008849327476e+00,1.541432439152790224e+01,3.022524515688505176e+01,5.984708668759935080e+01
6.294759114583332939e-06,-9.486620636067755186e-04,-3.019685134935527482e-01,-1.207340653158731403e+00,-2.112712792823909780e+00,-3.923457072154267422e+00,-7.544945630814981818e+00,-1.478792274813641150e+01,-2.927387698277926731e+01,-5.824578545206498603e+01
6.298828125000000004e-06,-6.770740509409733932e-04,-2.155193640930193333e-01,-1.290702146956996532e-01,-4.262106529837995234e-02,1.302772334962594425e-01,4.760738310855381905e-01,1.167667026264095798e+00,2.550853416621210901e+00,5.317226197335441107e+00
6.302897135416667070e-06,1.937252069836858936e-04,6.166464858590835207e-02,3.388486612644804330e-01,6.160326739430525000e-01,1.170400699300196745e+00,2.279136750014485013e+00,4.496608851443061994e+00,8.931553054300215067e+00,1.780144146001452299e+01
6.306966145833333288e-06,-1.578664754333658493e-04,-5.025045982743087114e-02,-1.621655682426099698e-01,-2.740806766577890685e-01,-4.979108934881472104e-01,-9.455713271488636051e-01,-1.840892194470296284e+00,-3.631533929113161641e+00,-7.212817398398892799e+00
6.311035156250000354e-06,-1.228511652186625724e-03,-3.910474041829855030e-01,-7.318443485356643796e-01,-1.072641292888343312e+00,-1.754235181593700954e+00,-3.117422959004416683e+00,-5.843798513825847252e+00,-1.129654962346871017e+01,-2.220205184275443244e+01
6.315104166666666572e-06,-3.097754946423947331e-04,-9.860460244214813708e-02,1.938381992989233471e-01,4.862810010399948313e-01,1.071166604522137744e+00,2.240937811486423570e+00,4.580480225414995665e+00,9.259565053272138968e+00,1.861773470898642557e+01
6.319173177083333638e-06,8.726136108236914879e-04,2.777615391437158743e-01,6.541276807285373307e-01,1.030493822313358843e+00,1.783226105483001867e+00,3.288690671822287914e+00,6.299619804500859566e+00,1.232147806985800287e+01,2.436519460057229125e+01
6.323242187499999856e-06,-4.377160640274269099e-04,-1.393293505213870909e-01,-5.564202401865673275e-01,-9.735111298517475920e-01,-1.807692909182108121e+00,-3.476056467842829178e+00,-6.812783585164271294e+00,-1.348623781980715641e+01,-2.683314628909292310e+01
6.327311197916666922e-06,-3.578756498399116026e-04,-1.139153573684923981e-01,-8.850136422117028945e-02,-6.308737107384818077e-02,-1.225938477920396168e-02,8.939658781008447130e-02,2.927085329886613407e-01,6.993324233458150241e-01,1.512580204060122613e+00
6.331380208333333140e-06,1.773653107193240430e-04,5.645713186802070460e-02,2.268296211090926051e-01,3.972021103501645056e-01,7.379470888323083066e-01,1.419437045796595909e+00,2.782416959725170891e+00,5.508376787582321299e+00,1.096029644329662212e+01
6.335449218750000206e-06,-4.139108698097970773e-04,-1.317519218593903030e-01,-3.199609755870685968e-01,-5.081700293147468628e-01,-8.845881367701033948e-01,-1.637424351680816459e+00,-3.143096781502242809e+00,-6.154441641145095510e+00,-1.217713136043080091e+01
6.339518229166666425e-06,6.246675367833631753e-04,1.988378525362212157e-01,5.294276269335445040e-01,8.600174013308677923e-01,1.521196950125514480e+00,2.843556047714807633e+00,5.488274242893393939e+00,1.077771063325056744e+01,2.135658341396491267e+01
6.343587239583333490e-06,9.921293486740978551e-04,3.158045800560504990e-01,4.327713075783733987e-01,5.497380351006962984e-01,7.836714901453420978e-01,1.251538400234633697e+00,2.187272220413217116e+00,4.058739860770383068e+00,7.801675141484716747e+00
6.347656249999999709e-06,-4.140741254161639517e-04,-1.318038877328718272e-01,-5.794123555230509259e-01,-1.027020823313229858e+00,-1.922237758893588166e+00,-3.712671630054304117e+00,-7.293539372375736463e+00,-1.445527485701860115e+01,-2.877874582630433054e+01
6.351725260416666774e-06,5.525989317618495988e-04,1.758977030743986703e-01,4.835992938779695716e-01,7.913008846815404729e-01,1.406704066288682275e+00,2.637510429502965881e+00,5.099123155931533091e+00,1.002234860878866662e+01,1.986879951450293547e+01
6.355794270833332993e-06,1.303555940623368770e-03,4.149347430940287240e-01,6.539717831163490702e-01,8.930088231386693609e-01,1.371082903183309831e+00,2.327231063272590994e+00,4.239527383451153320e+00,8.064120023808277082e+00,1.571330530452252638e+01
6.359863281250000058e-06,-3.423320315789624146e-04,-1.089676700089653727e-01,-6.328700831116436110e-01,-1.156772496214321988e+00,-2.204577322419678520e+00,-4.300186974830391584e+00,-8.491406279651817712e+00,-1.687384488929466997e+01,-3.363872210858037448e+01
6.363932291666666277e-06,-4.677556910337443696e-05,-1.488912607747715396e-02,7.918941785109555320e-02,1.732679617796682725e-01,3.614250496368136556e-01,7.377392253511044773e-01,1.490367576779686232e+00,2.995624279636849518e+00,6.006137685351175648e+00
6.368001302083333342e-06,1.303392685031212750e-03,4.148827772250706647e-01,8.446546805286411219e-01,1.274426583832211524e+00,2.133970390439352549e+00,3.853058003653634600e+00,7.291233230082198702e+00,1.416758368293932513e+01,2.792028458865357976e+01
6.372070312500000408e-06,-6.540851346983345138e-04,-2.082017647803362514e-01,-8.312863067892639624e-01,-1.454370848798191451e+00,-2.700539932816046651e+00,-5.192878100851757495e+00,-1.017755443692317918e+01,-2.014690710906602078e+01,-4.008561245335170753e+01
6.376139322916666626e-06,-1.197424415622094784e-03,-3.811520294503610851e-01,-5.541022941155377968e-01,-7.270525587807143975e-01,-1.072953088111067821e+00,-1.764754146771774446e+00,-3.148356264093187917e+00,-5.915560498736014416e+00,-1.144996896802166830e+01
6.380208333333333692e-06,6.081443849268453050e-04,1.935783699493755228e-01,7.683087693466980062e-01,1.343039168744020406e+00,2.492499967538665206e+00,4.791421565127955695e+00,9.389264760306534896e+00,1.858495115066369507e+01,3.697632393137801188e+01
6.384277343749999911e-06,8.078270481490790189e-04,2.571393357525209589e-01,3.207003015560926373e-01,3.842612673596643713e-01,5.113831989668077282e-01,7.656270621810945531e-01,1.274114788609668203e+00,2.291090241466815502e+00,4.325041147181109658e+00
6.388346354166666976e-06,-2.388496787801841492e-04,-7.602821406755538858e-02,-4.091957638889834326e-01,-7.423633137104115320e-01,-1.408698413353267620e+00,-2.741368612638980018e+00,-5.406709011210404370e+00,-1.073738980835325307e+01,-2.139875140263895048e+01
6.392415364583333195e-06,-1.519856576237543777e-05,-4.837853737978583223e-03,6.635250659684392704e-02,1.375428669316664243e-01,2.799235876013114188e-01,5.646850289406014634e-01,1.134207911619181441e+00,2.273253676976341620e+00,4.551345207690661532e+00
6.396484375000000260e-06,-2.709164489402837717e-04,-8.623538402749847398e-02,-1.676329143176765457e-01,-2.490304446078546452e-01,-4.118255051882108164e-01,-7.374156263489231034e-01,-1.388595868670347899e+00,-2.690956353313197269e+00,-5.295677322598895564e+00
6.400553385416666479e-06,-1.245687826440189383e-03,-3.965147502547102798e-01,-7.067941164823903222e-01,-1.017073482710070476e+00,-1.637632215165430560e+00,-2.878749680076150952e+00,-5.360984609897591291e+00,-1.032545446954047286e+01,-2.025439418882623599e+01
6.404622395833333544e-06,-7.823522152818895847e-04,-2.490304446020147888e-01,-1.015461389546930965e-01,4.593816669262860974e-02,3.409067779872719806e-01,9.308440005765588054e-01,2.110718445755132233e+00,4.470467336112279533e+00,9.189965116826574132e+00
6.408691406249999763e-06,-1.752059052932963823e-04,-5.576977177263718610e-02,1.374909010621849226e-01,3.307515738970069896e-01,7.172729195666511792e-01,1.490315610905939669e+00,3.036400993584516428e+00,6.128571758941669501e+00,1.231291328965597742e+01
6.412760416666666828e-06,4.559088545192935271e-04,1.451202955922187010e-01,3.460103629582916285e-01,5.469004303243645282e-01,9.486805650565103276e-01,1.752240834520801815e+00,3.359361373449385013e+00,6.573602451306551409e+00,1.300208460702088509e+01
6.416829427083333047e-06,5.638027248267007963e-05,1.794639811696981807e-02,-1.092274993607086631e-01,-2.364013968383871511e-01,-4.907491917937440995e-01,-9.994447817044580518e-01,-2.016835961525885956e+00,-4.051618321168741765e+00,-8.121183040454452495e+00
6.420898437500000112e-06,-3.671167593637392201e-04,-1.168568938892339121e-01,-2.516601858981631912e-01,-3.864634779070924564e-01,-6.560700619249510979e-01,-1.195283229960668159e+00,-2.273709566032102281e+00,-4.430562238174971412e+00,-8.744267582460707899e+00
6.424967447916666331e-06,-1.914025459655022132e-04,-6.092532262156677425e-02,-4.993751349245874674e-03,5.093781992307502837e-02,1.628009624677168310e-01,3.865272475570004640e-01,8.339798177355676190e-01,1.728884958092702151e+00,3.518695238806970771e+00
6.429036458333333397e-06,-6.148995778119115130e-04,-1.957286146277704975e-01,-3.305319066366997904e-01,-4.653351986456290557e-01,-7.349417826634876416e-01,-1.274154950699204703e+00,-2.352581286770639046e+00,-4.509433958913507290e+00,-8.823139303199244665e+00
6.433105468749999615e-06,-5.110907138430320629e-04,-1.626852269529678874e-01,-1.296418392743971804e-01,-9.659845159582647334e-02,-3.051167623868506623e-02,1.016618744755977410e-01,3.660089759041633695e-01,8.947031787612945708e-01,1.952091584475557084e+00
6.437174479166666681e-06,1.126698938037407061e-03,3.586394107300848733e-01,8.799640484086561631e-01,1.401288686087227342e+00,2.443937961444369922e+00,4.529236512158655081e+00,8.699833613587225400e+00,1.704102781644436604e+01,3.372341622215864732e+01
6.441243489583333746e-06,-9.026842311357086146e-04,-2.873333148727100217e-01,-9.333060404753878991e-01,-1.579278766078065610e+00,-2.871224217283421254e+00,-5.455115119694132986e+00,-1.062289692451555645e+01,-2.095846053415840160e+01,-4.162958775344409190e+01
6.445312499999999965e-06,-7.269700177232607530e-04,-2.314017436005194328e-01,-1.754701723281985315e-01,-1.195386010558776302e-01,-7.675458511235828431e-03,2.160508265780477777e-01,6.635033967566149604e-01,1.558408537113749492e+00,3.348218817828018334e+00
6.449381510416667030e-06,-1.126498599774095055e-03,-3.585756410802917737e-01,-4.857495385579702618e-01,-6.129234360356488054e-01,-8.672712309910056705e-01,-1.375966820901719734e+00,-2.393358000723147416e+00,-4.428140360366003669e+00,-8.497705079651714399e+00
6.453450520833333249e-06,1.038274052973520156e-04,3.304928956295842546e-02,4.246742202102792851e-01,8.162991508576001864e-01,1.599549012152241989e+00,3.166048734741525372e+00,6.299048179920092139e+00,1.256504707027722567e+01,2.509704485099149451e+01
6.457519531250000314e-06,-1.518904778521346088e-04,-4.834824071751454844e-02,-1.297457710076926340e-01,-2.111433012978707058e-01,-3.739383618782268770e-01,-6.995284830389392194e-01,-1.350708725360364015e+00,-2.653069210003213385e+00,-5.257790179288911681e+00
6.461588541666666533e-06,-9.588827066977501090e-04,-3.052218452325660136e-01,-5.620954497414926143e-01,-8.189690542504193260e-01,-1.332716263268272749e+00,-2.360210681303979374e+00,-4.415199517375392624e+00,-8.525177189518219123e+00,-1.674513253380387212e+01
6.465657552083333599e-06,-9.269791921440173610e-04,-2.950666411461044247e-01,-2.849114370612816916e-01,-2.747562329764590139e-01,-2.544458248068135475e-01,-2.138250084675227258e-01,-1.325833757889410269e-01,2.989988956822236740e-02,3.548664202825491665e-01
6.469726562499999817e-06,7.108104597222109078e-04,2.262579965324248987e-01,7.475826342109961331e-01,1.268907271889567534e+00,2.311556547246710114e+00,4.396855097960995273e+00,8.567452199389565592e+00,1.690864640224670623e+01,3.359103480796098751e+01
6.473795572916666883e-06,-5.276138656995499332e-04,-1.679447095398135803e-01,-5.621474156112435949e-01,-9.563501216826737483e-01,-1.744755533825533833e+00,-3.321566358111254225e+00,-6.475188006682694564e+00,-1.278243130382557524e+01,-2.539691789811133660e+01
6.477864583333333101e-06,-1.742069741311524922e-03,-5.545180210810971566e-01,-9.410913326212743124e-01,-1.327664644161451246e+00,-2.100811267241805336e+00,-3.647104513402513515e+00,-6.739691005723930317e+00,-1.292486399036676303e+01,-2.529520995965242847e+01
6.481933593750000167e-06,-7.993651339432972236e-04,-2.544458248047815618e-01,4.562637146754074807e-02,3.456985677398630163e-01,9.458429602845076500e-01,2.146131745373796917e+00,4.546709315552375230e+00,9.347864455909531856e+00,1.895017473662384333e+01
6.486002604166666385e-06,7.665191684793626337e-04,2.439906292763598106e-01,7.424270833611809062e-01,1.240863537446001974e+00,2.237736445615643888e+00,4.231482261954928603e+00,8.218973894633496258e+00,1.619395715999063512e+01,3.214392369070490929e+01
6.490071614583333451e-06,-1.933980595381967760e-03,-6.156051431976938826e-01,-1.475200915675372260e+00,-2.334796688153050415e+00,-4.053988233108406725e+00,-7.492371323019120233e+00,-1.436913750284054636e+01,-2.812266986248339862e+01,-5.562973458176909958e+01
6.494140624999999669e-06,-3.201593933397361980e-04,-1.019099000546428990e-01,4.117853430926797786e-01,9.254805862400024008e-01,1.952871072534647867e+00,4.007652045123938578e+00,8.117213990302520443e+00,1.633633788065968417e+01,3.277458566137401164e+01
6.498209635416666735e-06,1.916841503799560087e-03,6.101496009068041459e-01,1.322209101866625547e+00,2.034268602826446948e+00,3.458387604746090194e+00,6.306625608585376241e+00,1.200310161626394745e+01,2.339605363162108986e+01,4.618195766233537825e+01
6.502278645833332953e-06,2.230166319634463434e-04,7.098839873737694539e-02,-4.681728034278007100e-01,-1.007334005592978254e+00,-2.085656409923333676e+00,-4.242301218584044520e+00,-8.555590835905466207e+00,-1.718217007054830958e+01,-3.443532853983399633e+01
6.506347656250000019e-06,3.507939457563225005e-04,1.116611809476578676e-01,1.523339631574793795e-01,1.930067453673008637e-01,2.743523097869438598e-01,4.370434386262299076e-01,7.624256963048019475e-01,1.413190211661945916e+00,2.714719242376234298e+00
6.510416666666667085e-06,2.628552112753368419e-04,8.366941238386872703e-02,5.567764381243963528e-02,2.768587524101054007e-02,-2.829766190184764343e-02,-1.402647361875640208e-01,-3.641988847589967548e-01,-8.120671819018622228e-01,-1.707803776187593270e+00
6.514485677083333303e-06,-2.565156198386375763e-04,-8.165145775520124549e-02,-2.469723278891293172e-01,-4.122931980230574167e-01,-7.429349382909136157e-01,-1.404218418826625792e+00,-2.726785379898050365e+00,-5.371919302040899957e+00,-1.066218714632659825e+01
6.518554687500000369e-06,-5.122335030023350555e-04,-1.630489880401976843e-01,-2.444465183303757561e-01,-3.258440486205538278e-01,-4.886391092009100268e-01,-8.142292303616223137e-01,-1.465409472683047110e+00,-2.767769957325896257e+00,-5.372490926611595441e+00
6.522623697916666587e-06,9.817454499909672450e-04,3.124992824480791742e-01,7.880475529391500755e-01,1.263595823430220921e+00,2.214692364412362835e+00,4.116885446376645774e+00,7.921271610305213429e+00,1.553004393816234696e+01,3.074758859387661403e+01
6.526692708333333653e-06,-4.244580241135054166e-04,-1.351091853453665892e-01,-5.827176531355456879e-01,-1.030326120925724620e+00,-1.925543056506082928e+00,-3.715976927666799323e+00,-7.296844669988231225e+00,-1.445858015463109680e+01,-2.878205112391682619e+01
6.530761718749999871e-06,-6.322390076576311913e-04,-2.012479265684533614e-01,-2.673866677961320715e-01,-3.335254090238107261e-01,-4.658028914791680908e-01,-7.303578563898828202e-01,-1.259467786211312390e+00,-2.317687645854171308e+00,-4.434127365139889143e+00
6.534830729166666937e-06,3.823709491257432092e-04,1.217124532962033379e-01,4.446728331622736285e-01,7.676332130283438637e-01,1.413553972760484445e+00,2.705395492224765608e+00,5.289078531153327489e+00,1.045644460901045214e+01,2.079117676472469967e+01
6.538899739583333155e-06,7.258643112066920366e-04,2.310497862850777739e-01,3.403871192761476761e-01,4.497244522672175782e-01,6.683991182493573824e-01,1.105748450213636991e+00,1.980447114142195986e+00,3.729844441999314419e+00,7.228639097713551287e+00
6.542968750000000221e-06,3.503041789940652961e-04,1.115052833453071685e-01,-8.039219601120512967e-03,-1.275837225475481840e-01,-3.666727284404035503e-01,-8.448507402261142829e-01,-1.801206763797535748e+00,-3.713918810940378457e+00,-7.539342905226064318e+00
6.547037760416666439e-06,2.203809879134155381e-03,7.014944717979065825e-01,1.291483660257728427e+00,1.881472848717550272e+00,3.061451225637194185e+00,5.421407979476481565e+00,1.014132148715505721e+01,1.958114850251220673e+01,3.846080253322650577e+01
6.551106770833333505e-06,7.855291072189629631e-05,2.500416807129228133e-02,-6.514861356563843575e-01,-1.327976439384060958e+00,-2.680957046839414382e+00,-5.386918261750120784e+00,-1.079884069157153448e+01,-2.162268555121436009e+01,-4.327037527050001131e+01
6.555175781249999724e-06,-6.805024184899366446e-04,-2.166106473773260488e-01,-4.582254628237555361e-01,-6.998402782701850233e-01,-1.183069909163043887e+00,-2.149529170948762058e+00,-4.082447694520197956e+00,-7.948284741663069752e+00,-1.567995883594881334e+01
6.559244791666666789e-06,6.696658356588613970e-04,2.131612559297452469e-01,6.429331592333157319e-01,1.072705062536886134e+00,1.932248869144027159e+00,3.651336482358308988e+00,7.089511708786872646e+00,1.396586216164400085e+01,2.771856306735825726e+01
6.563313802083333008e-06,2.461688037982412425e-04,7.835796391901807267e-02,-5.644532808991121337e-02,-1.912486200988404994e-01,-4.608552041166990576e-01,-1.000068372152416174e+00,-2.078494708223850296e+00,-4.235347380366719428e+00,-8.549052724652456803e+00
6.567382812500000073e-06,-2.190678012141233921e-03,-6.973144687100090167e-01,-1.472986901343937172e+00,-2.248659333977865327e+00,-3.800004199245722081e+00,-6.902693929781435145e+00,-1.310807339085286038e+01,-2.551883231299571264e+01,-5.034035015728141360e+01
6.571451822916666292e-06,-7.446359587817141801e-04,-2.370249872881652897e-01,2.232644941404061667e-01,6.835539755689776786e-01,1.604132938426120703e+00,3.445290864140406306e+00,7.127606715568978402e+00,1.449223841842612259e+01,2.922150182414041097e+01
6.575520833333333357e-06,-2.573318978278393843e-04,-8.191128710903841648e-02,7.320241306953409466e-02,2.283161132481066058e-01,5.385435136052515448e-01,1.158998314319541700e+00,2.399907915748121567e+00,4.881727118605281746e+00,9.845365524319602102e+00
6.579589843750000423e-06,-1.639566922108315339e-03,-5.218903603670058677e-01,-9.618694336259341338e-01,-1.401848506884862511e+00,-2.281806653402719043e+00,-4.041722946438431663e+00,-7.561555532509857791e+00,-1.460122070465271094e+01,-2.868055104893841545e+01
6.583658854166666641e-06,-7.368261967144462687e-05,-2.345390628134107550e-02,4.749825478034799819e-01,9.734190018883011053e-01,1.970291910057943241e+00,3.964037726397227512e+00,7.951529359075796499e+00,1.592651262443293270e+01,3.187647915514720864e+01
6.587727864583333707e-06,1.276485634477353415e-03,4.063179970257302376e-01,8.360899003293006393e-01,1.265861803632871263e+00,2.125405610240012066e+00,3.844493223454294117e+00,7.282668449882858219e+00,1.415901890273998553e+01,2.791171980845424017e+01
6.591796874999999925e-06,2.777458071534510964e-04,8.840923626304009186e-02,-2.294995244958885627e-01,-5.474082852548172173e-01,-1.183225806772674638e+00,-2.454860849808389478e+00,-4.998130935879818715e+00,-1.008467110802267719e+01,-2.025775145230839414e+01
6.595865885416666991e-06,-1.320205265429308383e-03,-4.202343877780443382e-01,-9.288780118182231593e-01,-1.437521635858401980e+00,-2.454808883938759845e+00,-4.489383380099475573e+00,-8.558532372420906142e+00,-1.669683035706376728e+01,-3.297342632634948956e+01
6.599934895833333210e-06,1.108543230202485574e-03,3.528602694355648661e-01,1.125954926645386101e+00,1.899049583855207279e+00,3.445238898274849859e+00,6.537617527114134575e+00,1.272237478479270578e+01,2.509188930014984464e+01,4.983091833086412237e+01
6.604003906250000275e-06,2.056772021319375199e-04,6.546908680121754642e-02,-2.219220958327123294e-01,-5.093132784666422053e-01,-1.084095643734501957e+00,-2.233660374270221460e+00,-4.532789835341660911e+00,-9.131048757484538925e+00,-1.832756660177029318e+01
6.608072916666666494e-06,-1.224494721782320994e-03,-3.897687755231830642e-01,-8.450066378446107196e-01,-1.300244500166038319e+00,-2.210720224808893519e+00,-4.031671674094604363e+00,-7.673574572666025162e+00,-1.495738036980886854e+01,-2.952499196409455351e+01
6.612141927083333559e-06,2.934526810349780135e-04,9.340888950057209261e-02,5.765865545228915368e-01,1.059764219545211050e+00,2.026119549589850077e+00,3.958830209679127687e+00,7.824251529857683352e+00,1.555509417021479557e+01,3.101677945092901822e+01
6.616210937499999778e-06,-1.328466841357567318e-03,-4.228641290714671985e-01,-9.391371476428946874e-01,-1.455410166214322176e+00,-2.487956203357176932e+00,-4.553048277642886887e+00,-8.683232426214306798e+00,-1.694360072335714662e+01,-3.346433731764282271e+01
6.620279947916666843e-06,-1.008941929072193489e-03,-3.211561906090241170e-01,-2.194482521492028271e-01,-1.177403136893815372e-01,8.567556323026107035e-02,4.925073170695462577e-01,1.306170824748116743e+00,2.933497840105257382e+00,6.188151870819538658e+00
6.624348958333333062e-06,9.644060201310367120e-04,3.069799705028728454e-01,9.351161316189443573e-01,1.563252292735015869e+00,2.819524614967158893e+00,5.332069259431444941e+00,1.035715854836001704e+01,2.040733712621716123e+01,4.050769428193144961e+01
6.628417968750000127e-06,1.574137913138429212e-04,5.010636599686832393e-02,-2.067672385120583600e-01,-4.636408430209850162e-01,-9.773880520388383841e-01,-2.004882470074544898e+00,-4.059871306145958592e+00,-8.169848978288785091e+00,-1.638980432257443809e+01
6.632486979166666346e-06,3.331280047262907829e-04,1.060379372690589128e-01,1.619695085413798141e-01,2.179010798137007154e-01,3.297642223583425181e-01,5.534905074476260678e-01,1.000943077626193389e+00,1.895848217983327810e+00,3.685658498697596652e+00
6.636555989583333411e-06,2.451892702310942695e-04,7.804616870074632118e-02,5.005440012931722249e-02,2.206263155788813074e-02,-3.392090558497005276e-02,-1.458879798706864128e-01,-3.698221284421191468e-01,-8.176904255849846148e-01,-1.713427019870715551e+00
6.640624999999999630e-06,1.211862327380686111e-03,3.857477594989698888e-01,6.934493503025407346e-01,1.001150941106111691e+00,1.616554122713253383e+00,2.847360485927536988e+00,5.308973212356104199e+00,1.023219866521323773e+01,2.007864957092750657e+01
6.644694010416666696e-06,-2.593548217078023299e-06,-8.255520377902788405e-04,-3.873988635779673229e-01,-7.739721751181444231e-01,-1.547118798198498624e+00,-3.093412044359206803e+00,-6.185998536680623161e+00,-1.237117152132345588e+01,-2.474151749060912309e+01
6.648763020833332914e-06,2.930996630823301530e-05,9.329652039624391352e-03,1.948485612444710371e-02,2.964006020926981608e-02,4.995046837891523733e-02,9.057128471820607984e-02,1.718129173967877787e-01,3.342961827539511765e-01,6.592627134682779166e-01
6.652832031249999980e-06,8.521723246275314523e-04,2.712548756611658507e-01,5.331800992772363079e-01,7.951053228933068207e-01,1.318955770125447735e+00,2.366656664589729786e+00,4.462058453518293888e+00,8.652862031375422092e+00,1.703446918708967672e+01
6.656901041666667045e-06,-8.176840973703747295e-04,-2.602769319682596283e-01,-7.918087396021886715e-01,-1.323340547236117715e+00,-2.386404162503975801e+00,-4.512531393039692418e+00,-8.764785854111124763e+00,-1.726929477625398945e+01,-3.427831262053972239e+01
6.660970052083333264e-06,1.946622695584210305e-03,6.196292486741937777e-01,1.499535429321517510e+00,2.379441609968841131e+00,4.139253971263488374e+00,7.658878693852782860e+00,1.469812813903137183e+01,2.877662702938854977e+01,5.693362481010290566e+01
6.665039062500000329e-06,1.379314964864875037e-03,4.390495894777376451e-01,2.584699302813079358e-01,7.789027108487826812e-02,-2.832690473079810811e-01,-1.005587684093699918e+00,-2.450224957665137371e+00,-5.339499504808012276e+00,-1.111804859909376297e+01
6.669108072916666548e-06,1.888275390626859007e-04,6.010567246740883968e-02,-3.188382445415195998e-01,-6.977821615504481434e-01,-1.455669995568305009e+00,-2.971445663604018961e+00,-6.002996999675446865e+00,-1.206609967181830179e+01,-2.419230501610401163e+01
6.673177083333333613e-06,-6.900700391838654468e-04,-2.196561156314602026e-01,-4.994179037341370808e-01,-7.791796918368139035e-01,-1.338703268042167771e+00,-2.457750420452875062e+00,-4.695844725274289644e+00,-9.172033334917120584e+00,-1.812441055420277891e+01
6.677246093749999832e-06,5.402559658875816240e-04,1.719688150117900105e-01,5.635937456591109118e-01,9.552186763064317576e-01,1.738468537601073560e+00,3.304968260190356943e+00,6.437967705368923710e+00,1.270396659572605813e+01,2.523596437644032520e+01
6.681315104166666898e-06,-9.378528576320377397e-04,-2.985278363699968018e-01,-7.690244877539260671e-01,-1.239521139137855332e+00,-2.180514441905713863e+00,-4.062501047441430480e+00,-7.826474258512864601e+00,-1.535442068065573373e+01,-3.041031352494146844e+01
6.685384114583333116e-06,2.924731474536201858e-04,9.309709427777687618e-02,4.847220249250977497e-01,8.763469555724185955e-01,1.659596816867060287e+00,3.226096539456344114e+00,6.359095984634911325e+00,1.262509487499204575e+01,2.515709265570631459e+01
6.689453125000000182e-06,1.565975133246411133e-04,4.984653664303115989e-02,6.595979009102670085e-03,-3.665457862482581625e-02,-1.231556938926827993e-01,-2.961579244283967793e-01,-6.421623854998246284e-01,-1.334171307642680437e+00,-2.718189151928392278e+00
6.693522135416666400e-06,-7.462685147459069412e-04,-2.375446459913161668e-01,-5.249358286252460148e-01,-8.123270112591759462e-01,-1.387109376527035698e+00,-2.536674107062755201e+00,-4.835803568134194208e+00,-9.434062490277073110e+00,-1.863058033456282914e+01
6.697591145833333466e-06,-5.465858515236732273e-04,-1.739836801881707584e-01,-1.104227143845990383e-01,-4.686174858102733903e-02,8.026018302611606647e-02,3.345040462404028636e-01,8.429917726689765134e-01,1.859967225526123702e+00,3.893918131240418301e+00
6.701660156249999684e-06,1.810257294664552319e-03,5.762227934280504948e-01,1.326429267044123783e+00,2.076635740660197182e+00,3.577048687892343537e+00,6.577874582356636246e+00,1.257952637128522255e+01,2.458282994914239339e+01,4.858943710485674217e+01
6.705729166666666750e-06,1.123107314910498644e-03,3.574961615813436189e-01,1.387695297286643259e-01,-7.995710212401496708e-02,-5.174103658293734975e-01,-1.392316893240090669e+00,-3.142129948061525013e+00,-6.641756057704393257e+00,-1.364100827699012974e+01
6.709798177083332968e-06,-4.341166109611549473e-05,-1.381836090255381816e-02,-3.851328833802314944e-01,-7.564474058579091498e-01,-1.499076450813264572e+00,-2.984334540723974971e+00,-5.954850720545396214e+00,-1.189588308018823959e+01,-2.377794779947392456e+01
6.713867187500000034e-06,-8.341349597174030350e-05,-2.655134040895673966e-02,-3.928431991788422506e-02,-5.201729942681171392e-02,-7.748325844466669166e-02,-1.284151764803766471e-01,-2.302790125517965303e-01,-4.340066846946363244e-01,-8.414620289803159681e-01
6.717936197916666252e-06,1.642060668558542602e-04,5.226841445157489469e-02,1.310881693176459972e-01,2.099079241837170928e-01,3.675474339158593118e-01,6.828264533801436942e-01,1.313384492308712570e+00,2.574500570165850100e+00,5.096732725880125159e+00
6.722005208333333318e-06,-1.218028957424621694e-03,-3.877106588063925496e-01,-8.276897320653208157e-01,-1.267668805324249082e+00,-2.147626951842105836e+00,-3.907543244877818456e+00,-7.427375830949245028e+00,-1.446704100309209728e+01,-2.854637134737780002e+01
6.726074218750000384e-06,-2.034190006128255845e-04,-6.475027893268896217e-02,2.582101009333813146e-01,5.811704807994515498e-01,1.227091240531592131e+00,2.518932759995873294e+00,5.102615798924435175e+00,1.026998187678156071e+01,2.060471403249581002e+01
6.730143229166666602e-06,-2.434208355026612480e-04,-7.748325844361533821e-02,-9.021623795254282707e-02,-1.029492174614703159e-01,-1.284151764793252937e-01,-1.793470945150352491e-01,-2.812109305864551323e-01,-4.849386027292949541e-01,-8.923939470149745423e-01
6.734212239583333668e-06,-8.826339156513540729e-04,-2.809511012329360402e-01,-4.844189440231136956e-01,-6.878867868132914065e-01,-1.094822472393646828e+00,-1.908693843554357450e+00,-3.536436585875778693e+00,-6.791922070518621624e+00,-1.330289303980430660e+01
6.738281249999999886e-06,3.476920894343038526e-04,1.106738294148376378e-01,5.022987600621585669e-01,8.939236907094794127e-01,1.677173552004121104e+00,3.243673274593404710e+00,6.376672719771971920e+00,1.264267161012910634e+01,2.517466939084337341e+01
6.742350260416666952e-06,-3.899592996958745061e-06,-1.241279003025045355e-03,-1.131563874182041352e-01,-2.250714958333832061e-01,-4.489017126637414035e-01,-8.965621463244577427e-01,-1.791883013645890532e+00,-3.582524748288755667e+00,-7.163808217574486825e+00
6.746419270833333170e-06,-5.712073237162940131e-04,-1.818209381994812246e-01,-3.624005973959109062e-01,-5.429802565923406155e-01,-9.041395749851999231e-01,-1.626458211770918760e+00,-3.071095485342356213e+00,-5.960370032485231562e+00,-1.173891912677098048e+01
6.750488281250000236e-06,-1.354231102723701952e-03,-4.310651481745309543e-01,-6.803093581522090538e-01,-9.295535681298870978e-01,-1.428041988085243297e+00,-2.425018827995955473e+00,-4.418972507817380269e+00,-8.406879867460229860e+00,-1.638269458674592727e+01
6.754557291666666454e-06,1.937381586060382688e-03,6.166877121534523054e-01,1.664440572488273817e+00,2.712193432823095218e+00,4.807699153492738020e+00,8.998710594832024512e+00,1.738073347751059572e+01,3.414477924286774169e+01,6.767287077358201941e+01
6.758626302083333520e-06,-2.512815013972158340e-03,-7.998538610983981778e-01,-2.216395434357325556e+00,-3.632937007616252600e+00,-6.466020154134106690e+00,-1.213218644716981487e+01,-2.346451903324123478e+01,-4.612918420538407105e+01,-9.145851454966974359e+01
6.762695312499999738e-06,-8.270884625005692214e-04,-2.632704343624826526e-01,2.733129923785902471e-01,8.098964191196631468e-01,1.883063272601808835e+00,4.029396979566100434e+00,8.322064393494683188e+00,1.690739922135184869e+01,3.407806887706617971e+01
6.766764322916666804e-06,7.387958399363014905e-04,2.351660197231821847e-01,7.336024738080032526e-01,1.232038927892824320e+00,2.228911836062466456e+00,4.222657652401751172e+00,8.210149285080319714e+00,1.618513255043745502e+01,3.213509908115172919e+01
6.770833333333333023e-06,-4.277231360418909389e-04,-1.361485027516683155e-01,-5.074630252293459431e-01,-8.787775477070236541e-01,-1.621406592662379076e+00,-3.106664682573089475e+00,-6.077180862394510719e+00,-1.201821322203735320e+01,-2.390027794132303995e+01
6.774902343750000088e-06,-1.561351233902996682e-04,-4.969935335565840717e-02,3.674979604166129371e-02,1.231989454389809807e-01,2.960972442336203825e-01,6.418938418228991027e-01,1.333487037001456654e+00,2.716673427358571757e+00,5.483046208072802408e+00
6.778971354166666307e-06,1.889118175242288089e-03,6.013249913491031107e-01,1.252349336058924845e+00,1.903373680768746468e+00,3.205422370188389714e+00,5.809519749027676205e+00,1.101771450670625008e+01,2.143410402206339782e+01,4.226688305277768620e+01
6.783040364583333372e-06,-3.799494920144752541e-04,-1.209416795587167082e-01,-8.432083504738959734e-01,-1.565475021389075128e+00,-3.010008363219433658e+00,-5.899075046880150275e+00,-1.167720841420158528e+01,-2.323347514884445175e+01,-4.634600861813019179e+01
6.787109374999999591e-06,5.867235651351165870e-04,1.867599112395068595e-01,4.944615020430777608e-01,8.021630928466486621e-01,1.417566274453790465e+00,2.648372637668074070e+00,5.109985364096640836e+00,1.003321081695377437e+01,1.987966172266804321e+01
6.791178385416666656e-06,9.541853770542729762e-04,3.037266387683830171e-01,4.206933662907059723e-01,5.376600938130288165e-01,7.715935488576746160e-01,1.239460458946966215e+00,2.175194279125549635e+00,4.046661919482716030e+00,7.789597200197048821e+00
6.795247395833333722e-06,-6.852290007941519434e-05,-2.181151652526191337e-02,-3.473496718154391871e-01,-6.728878271056164539e-01,-1.323964137685970988e+00,-2.626116758846679833e+00,-5.230422001168098411e+00,-1.043903248581093379e+01,-2.085625345509660633e+01
6.799316406249999940e-06,-1.139168076818464215e-03,-3.626084608762930594e-01,-7.034054052289719916e-01,-1.044202349581650813e+00,-1.725796238287008455e+00,-3.088984015697723962e+00,-5.815359570519155419e+00,-1.126811068016201745e+01,-2.217361289944773972e+01
6.803385416666667006e-06,3.787793259988347927e-04,1.205692041474620557e-01,6.037468691697814860e-01,1.086924534192101000e+00,2.053279864236739805e+00,3.985990524326017859e+00,7.851411844504573523e+00,1.558225448486168574e+01,3.104393976557590662e+01
6.807454427083333224e-06,6.983042382699977679e-04,2.222771426053816446e-01,3.239850810652029622e-01,4.256930195250242521e-01,6.291088964446668319e-01,1.035940650283952102e+00,1.849604157962522422e+00,3.476931173319663060e+00,6.731585204033945224e+00
6.811523437500000290e-06,-1.805933399765535796e-04,-5.748464549348739072e-02,-3.372464335961642412e-01,-6.170082216988411750e-01,-1.176531797904194931e+00,-2.295578950314902222e+00,-4.533673255136317692e+00,-9.009861864779146856e+00,-1.796223908406480518e+01
6.815592447916666509e-06,9.778273156655359344e-04,3.112521015568983085e-01,6.799888486104690433e-01,1.048725595664039778e+00,1.786199089771181026e+00,3.261146077985463965e+00,6.211040054414029399e+00,1.211082800727115938e+01,2.391040391298542289e+01
6.819661458333333574e-06,1.465131376619410730e-03,4.663658017360252095e-01,6.214795019145976651e-01,7.765932020931701762e-01,1.086820602450315310e+00,1.707275403164605132e+00,2.948185004593185443e+00,5.430004207450345177e+00,1.039364261316466553e+01
6.823730468749999793e-06,-4.923464431243473882e-04,-1.567187402739051993e-01,-7.798032822828327992e-01,-1.402887824291760399e+00,-2.649056908309615821e+00,-5.141395076345326665e+00,-1.012607141241674746e+01,-2.009542408455958906e+01,-4.003412942884527581e+01
6.827799479166666858e-06,-8.918750251751816904e-04,-2.838926377536775680e-01,-4.110665352313560561e-01,-5.382404327090345442e-01,-7.925882276643915203e-01,-1.301283817575105362e+00,-2.318674997396533488e+00,-4.353457357039388853e+00,-8.423022076325100471e+00
6.831868489583333077e-06,2.905140802766936758e-04,9.247350382766299226e-02,4.688396454124844626e-01,8.452057869973059745e-01,1.597938070166948998e+00,3.103402636506234824e+00,6.114331769184806475e+00,1.213619003454195067e+01,2.417990656525623905e+01
6.835937500000000142e-06,3.479619712720705138e-05,1.107597354719002183e-02,-7.032155674298806725e-02,-1.517190870331661390e-01,-3.145141476135223102e-01,-6.401042687742346526e-01,-1.291284511095659449e+00,-2.593644995738508818e+00,-5.198365965024207114e+00
6.840006510416666361e-06,1.337027551628011679e-03,4.255890877833047314e-01,8.401022020243757993e-01,1.254615316265446978e+00,2.083641544747588892e+00,3.741694001711873163e+00,7.057798915640441706e+00,1.369000874349757879e+01,2.695442839921185296e+01
6.844075520833333426e-06,1.536710214850245393e-03,4.891500535864501398e-01,5.527110193900218738e-01,6.162719851935936077e-01,7.433939168007369647e-01,9.976377800150237896e-01,1.506125506443597439e+00,2.523100959300744517e+00,4.557051865015039560e+00
6.848144531249999645e-06,1.856235127135619223e-03,5.908579920488932213e-01,6.925659305087145112e-01,7.942738689685358011e-01,9.976897458881783809e-01,1.404521499727463540e+00,2.218185007406034082e+00,3.845512022763174720e+00,7.100166053477455996e+00
6.852213541666666710e-06,7.616215005725734954e-04,2.424316531623837423e-01,-1.059946857215437188e-01,-4.544210246054711799e-01,-1.151273702373326158e+00,-2.544979057909035891e+00,-5.332389768980455358e+00,-1.090721119112329518e+01,-2.205685403540897482e+01
6.856282552083332929e-06,1.177020212097090734e-03,3.746571697486461572e-01,5.068826863334662258e-01,6.391082029182862945e-01,9.035592360879265428e-01,1.432461302427206817e+00,2.490265435105767811e+00,4.605873700462889353e+00,8.837090231177132438e+00
6.860351562499999995e-06,1.065113027777897514e-03,3.390360066448552812e-01,3.034148435421775702e-01,2.677936804394998593e-01,1.965513542341445208e-01,5.406670182343376041e-02,-2.309026029979877326e-01,-8.008412126408307463e-01,-1.940718431926516718e+00
6.864420572916667060e-06,3.779630480238438395e-04,1.203093747981483497e-01,-9.841725705453092943e-02,-3.171438889072102363e-01,-7.545971526125687667e-01,-1.629503680023285828e+00,-3.379316734844719949e+00,-6.878942844487588637e+00,-1.387819506377332601e+01
6.868489583333333279e-06,1.033046257646219601e-03,3.288288366939590701e-01,5.373482985912805265e-01,7.458677604886020385e-01,1.162906684283244951e+00,1.996984531872530999e+00,3.665140227051102872e+00,7.001451617408246619e+00,1.367407439812253500e+01
6.872558593750000344e-06,2.979593782299616578e-04,9.484341577177213267e-02,-1.391420051434065497e-01,-3.731274260585852320e-01,-8.410982678889425967e-01,-1.777039951549657326e+00,-3.648923318871086785e+00,-7.392690053513945259e+00,-1.488022352279966398e+01
6.876627604166666563e-06,-7.726857985090873626e-04,-2.459535285792590342e-01,-5.867504729319379386e-01,-9.275474172846167598e-01,-1.609141305989974402e+00,-2.972329083400690131e+00,-5.698704638222120700e+00,-1.115145574786498273e+01,-2.205695796715070500e+01
6.880696614583333628e-06,1.632094247312920743e-03,5.195117341033953506e-01,1.284976996781965752e+00,2.050442259460536043e+00,3.581372784817677069e+00,6.643233835531958675e+00,1.276695593696052278e+01,2.501440013981764920e+01,4.950928854553190206e+01
6.884765624999999847e-06,1.352407914311015702e-03,4.304848092783971625e-01,3.414578844569682858e-01,2.524309596355394092e-01,7.437710999268161427e-02,-2.817305892930339617e-01,-9.939459878644650859e-01,-2.418376785007327445e+00,-5.267238379293051942e+00
6.888834635416666912e-06,-6.290383552283174140e-04,-2.002291272579646286e-01,-8.309430637981430889e-01,-1.461657000338321577e+00,-2.723084873418678331e+00,-5.245940619579392283e+00,-1.029165211190082019e+01,-2.038307509654367422e+01,-4.056592106582938584e+01
6.892903645833333131e-06,3.616031517452711341e-04,1.151018580757372511e-01,4.304328434105589296e-01,7.457638287453806081e-01,1.376425799415023965e+00,2.637749740754310679e+00,5.160397623432884551e+00,1.020569338879003141e+01,2.029628491950432689e+01
6.896972656250000197e-06,1.783676755309215878e-03,5.677619449711496236e-01,1.020422031868470247e+00,1.473082118765790982e+00,2.378402292560432230e+00,4.189042640149715169e+00,7.810323335328280159e+00,1.505288472568541103e+01,2.953800750639967276e+01
6.901041666666666415e-06,7.609684781897385619e-04,2.422237896820280956e-01,-8.331436560814917125e-02,-4.088525208983264103e-01,-1.059928831478680999e+00,-2.362081452639389845e+00,-4.966386694960807979e+00,-1.017499717960364514e+01,-2.059221814888931590e+01
6.905110677083333481e-06,7.689035429194746030e-04,2.447495992330113723e-01,2.472754087865833006e-01,2.498012183401552011e-01,2.548528374472990299e-01,2.649560756615866319e-01,2.851625520901619470e-01,3.255755049473124663e-01,4.064014106616135602e-01
6.909179687499999699e-06,2.095103347244275938e-03,6.668921080046044114e-01,1.089034616776926256e+00,1.511177125549248101e+00,2.355462143093892013e+00,4.044032178183179838e+00,7.421172248361754598e+00,1.417545238871890412e+01,2.768401266943320493e+01
6.913248697916666765e-06,2.574677765636579352e-04,8.195453865397160642e-02,-5.029830306987064237e-01,-1.087920600051384579e+00,-2.257795738756740445e+00,-4.597546016167452620e+00,-9.277046570988877860e+00,-1.863604768063172656e+01,-3.735404989991742042e+01
6.917317708333332983e-06,-6.214298016971042671e-04,-1.978072494494208799e-01,-4.775690375520977304e-01,-7.573308256547746087e-01,-1.316854401860128254e+00,-2.435901554270835767e+00,-4.673995859092250349e+00,-9.150184468735080401e+00,-1.810256168802073873e+01
6.921386718750000049e-06,1.495728846393262756e-03,4.761052788572520122e-01,1.150017807160823802e+00,1.823930335464395647e+00,3.171755392071539337e+00,5.867405505285827161e+00,1.125870573171440192e+01,2.204130618457155322e+01,4.360650709028585226e+01
6.925455729166666267e-06,4.250836696400028814e-04,1.353083345016974082e-01,-2.054886098509814685e-01,-5.462855542036603174e-01,-1.227879442909018071e+00,-2.591067220319733355e+00,-5.317442775141164368e+00,-1.077019388478402639e+01,-2.167569610406975045e+01
6.929524739583333333e-06,9.123877305938776772e-04,2.904220346808242814e-01,4.455357348593967926e-01,6.006494350379693037e-01,9.108768353951143260e-01,1.531331636109404259e+00,2.772241237537984127e+00,5.254060440395144305e+00,1.021769884610946377e+01
6.933593750000000398e-06,2.382398233791604980e-03,7.583409106426697299e-01,1.226259786602492019e+00,1.694178662562314308e+00,2.630016414481958886e+00,4.501691918321247599e+00,8.245042925999825911e+00,1.573174494135698254e+01,3.070514897207129579e+01
6.937662760416666617e-06,-1.204934173088645366e-03,-3.835424594948066424e-01,-1.525425829628735963e+00,-2.667309199762665006e+00,-4.951075940030523981e+00,-9.518609420566241042e+00,-1.865367638163767339e+01,-3.692381030378054163e+01,-7.346407814806627812e+01
6.941731770833333683e-06,-1.149062208710915911e-03,-3.657578608728667691e-01,-3.479732622567954792e-01,-3.301886636407241893e-01,-2.946194664085815540e-01,-2.234810719442963389e-01,-8.120428301572589491e-02,2.033492948414149792e-01,7.724564505556967831e-01
6.945800781249999901e-06,2.490429450432429803e-04,7.927283149159071451e-02,5.243035238576627677e-01,9.693342162237348347e-01,1.859395600955878969e+00,3.639518370420167237e+00,7.199763909348743773e+00,1.432025498720589773e+01,2.856123714292020210e+01
6.949869791666666967e-06,1.239684452016831528e-03,3.946038168252926082e-01,7.099348021601142866e-01,1.025265787494936021e+00,1.655927758164579267e+00,2.917251699503866202e+00,5.439899582182439630e+00,1.048519534753958737e+01,2.057578687825387931e+01
6.953938802083333185e-06,-1.460815311844498865e-03,-4.649919556487611683e-01,-1.324587728126439323e+00,-2.184183500604117700e+00,-3.903375045559474010e+00,-7.341758135470186630e+00,-1.421852431529161365e+01,-2.797205667493446413e+01,-5.547912139422016509e+01
6.958007812500000251e-06,1.543175979207944692e-03,4.912081703032406543e-01,1.447408296263061223e+00,2.403608422222881735e+00,4.316008674142523205e+00,8.140809177981806144e+00,1.579041018566037025e+01,3.108961220101750200e+01,6.168801623173175841e+01
6.962076822916666469e-06,9.279313488832485746e-04,2.953697220493982090e-01,9.953127379047135848e-02,-9.630717446845551977e-02,-4.879840709863092485e-01,-1.271337864022016761e+00,-2.838045450093431565e+00,-5.971460622236262061e+00,-1.223829096652192128e+01
6.966145833333333535e-06,-1.341136318401936478e-03,-4.268969488674684842e-01,-1.149163619782647805e+00,-1.871430290697827070e+00,-3.315963632528185379e+00,-6.205030316188902439e+00,-1.198316368351033567e+01,-2.353943041815320569e+01,-4.665196388743893863e+01
6.970214843749999753e-06,1.471107374186431116e-03,4.682680208414180534e-01,1.363432990551239010e+00,2.258597960261059967e+00,4.048927899680701437e+00,7.629587778519985264e+00,1.479090753619855114e+01,2.911354705155568467e+01,5.775882608226995529e+01
6.974283854166666819e-06,1.670790037422875685e-03,5.318289866490869544e-01,5.953899524526586884e-01,6.589509182562303113e-01,7.860728498633737793e-01,1.040316713077660493e+00,1.548804439506234143e+00,2.565779892363381443e+00,4.599730798077676042e+00
6.978352864583333037e-06,4.803026116206865481e-04,1.528850696387581698e-01,-2.260588473701703183e-01,-6.050027643790987231e-01,-1.362890598396955699e+00,-2.878666266432669651e+00,-5.910217602504097556e+00,-1.197332027464695337e+01,-2.409952561893266321e+01
6.982421875000000103e-06,-5.663741153085766200e-04,-1.802824801813181776e-01,-5.134500300027462494e-01,-8.466175798241742934e-01,-1.512952679467030492e+00,-2.845622878752742668e+00,-5.510963277324167464e+00,-1.084164407446701617e+01,-2.150300566875271358e+01
6.986490885416666322e-06,2.725238573489718874e-03,8.674703801511884915e-01,1.915223240486009892e+00,2.962976100820831515e+00,5.058481821490474317e+00,9.249493262829760809e+00,1.763151614550833202e+01,3.439556191086547443e+01,6.792365344157975926e+01
6.990559895833333387e-06,8.396661031753183124e-04,2.672740217341226243e-01,-3.329223366810548090e-01,-9.331186950962322424e-01,-2.133511411926586998e+00,-4.534296845587297398e+00,-9.335867712908717309e+00,-1.893900944755155535e+01,-3.814529291683723500e+01
6.994628906249999606e-06,1.542686212417265779e-03,4.910522726918430392e-01,7.148305236516661054e-01,9.386087746114891717e-01,1.386165276531135415e+00,2.281278280370427680e+00,4.071504288049012210e+00,7.651956303406182158e+00,1.481286033412052205e+01
6.998697916666666671e-06,1.502684377541640970e-03,4.783192931854400864e-01,4.655863136765125976e-01,4.528533341675851087e-01,4.273873751497301310e-01,3.764554571140202310e-01,2.745916210426003201e-01,7.086394889976051215e-02,-3.365913953859190899e-01
7.002766927083333737e-06,7.915659479635905882e-04,2.519632668032549261e-01,2.560724041932703476e-02,-2.007487859646008288e-01,-6.534608387324566392e-01,-1.558884944268168038e+00,-3.369733155339591057e+00,-6.991429577482437097e+00,-1.423482242176812917e+01
7.006835937499999955e-06,1.374743808170819648e-03,4.375945451107245976e-01,6.232258234142958875e-01,8.088571017178671774e-01,1.180119658325009757e+00,1.922644771539294917e+00,3.407694997967865458e+00,6.377795450825005652e+00,1.231799635653928782e+01
7.010904947916667021e-06,6.396569287545617044e-04,2.036091241885376601e-01,-3.037629672664102914e-02,-2.643617176418197046e-01,-7.323325594721770138e-01,-1.668274243132891854e+00,-3.540157610454321091e+00,-7.283924345097180009e+00,-1.477145781438289696e+01
7.014973958333333239e-06,9.112449414203638298e-04,2.900582735890710473e-01,3.765074229863907274e-01,4.629565723837104074e-01,6.358548711783498231e-01,9.816514687676285433e-01,1.673244663946186206e+00,3.056431054303301309e+00,5.822803835017531071e+00
7.019042968750000305e-06,-1.833686851284710428e-04,-5.836806529291497375e-02,-4.067944041768424279e-01,-7.552207430607699168e-01,-1.452073420828624783e+00,-2.845778776364334739e+00,-5.633189487435754650e+00,-1.120801090957859358e+01,-2.235765375386427323e+01
7.023111979166666523e-06,1.766010814264973305e-03,5.621387012880272316e-01,1.182645467872849965e+00,1.803152234457672920e+00,3.044165767627318608e+00,5.526192833966610429e+00,1.049024696664519318e+01,2.041835523200235869e+01,4.027457176271668970e+01
7.027180989583333589e-06,4.317126896182799101e-04,1.374184170964928287e-01,-2.873018670999360480e-01,-7.120221512963649246e-01,-1.561462719689222567e+00,-3.260343856474938296e+00,-6.658106130046369309e+00,-1.345363067718923133e+01,-2.704467977147495361e+01
7.031249999999999808e-06,-1.525765130139689063e-03,-4.856661249179610174e-01,-1.108750666926888728e+00,-1.731835208935816217e+00,-2.978004292953671417e+00,-5.470342460989382261e+00,-1.045501879706080395e+01,-2.042437146920364555e+01,-4.036307681348932874e+01
7.035319010416666873e-06,9.269518153018907469e-04,2.950579268266030342e-01,1.075781978567674990e+00,1.856506030308747057e+00,3.417954133790891191e+00,6.540850340755179460e+00,1.278664275468375600e+01,2.527822758254090729e+01,5.026139723825521344e+01
7.039388020833333092e-06,2.013467121514622704e-03,6.409064902841242750e-01,9.867550537439446767e-01,1.332603617203765189e+00,2.024300744123406215e+00,3.407694997962688266e+00,6.174483505641251924e+00,1.170806052099838013e+01,2.277521455171263653e+01
7.043457031250000157e-06,5.593267478047891927e-04,1.780392334332922544e-01,-2.848280234193862337e-01,-7.476952802720646662e-01,-1.673429793977421642e+00,-3.524898821388135595e+00,-7.227836876209563499e+00,-1.463371298585241931e+01,-2.944546520513813093e+01
7.047526041666666376e-06,8.789281631038647902e-05,2.797715235613194157e-02,-1.220849287152945273e-01,-2.721470097867210169e-01,-5.722711719295739963e-01,-1.172519496215279844e+00,-2.373016144786691761e+00,-4.774009441929515596e+00,-9.575996036215162377e+00
7.051595052083333441e-06,4.793230780393287205e-04,1.525732744159629395e-01,2.771693964695344237e-01,4.017655185231059356e-01,6.509577626302489595e-01,1.149342250844535007e+00,2.146111227273106881e+00,4.139649180130250627e+00,8.126725085844539009e+00
7.055664062499999660e-06,-6.152905485237170069e-04,-1.958530644705465118e-01,-5.442794033544740007e-01,-8.927057422384014895e-01,-1.589558420006256467e+00,-2.983263775541966201e+00,-5.770674486613385668e+00,-1.134549590875622549e+01,-2.249513875304190336e+01
7.059733072916666725e-06,-7.032292830331243749e-04,-2.238448330433825406e-01,-2.518366016148116393e-01,-2.798283701862407380e-01,-3.358119073290989354e-01,-4.477789816148152746e-01,-6.717131301862480086e-01,-1.119581427329113588e+00,-2.015318021614844302e+00
7.063802083333332944e-06,1.198213316754959124e-03,3.814031444801733728e-01,9.866511220024946072e-01,1.591899099524815897e+00,2.802395054569458477e+00,5.223386964658743636e+00,1.006537078483731307e+01,1.974933842519445548e+01,3.911727370590873676e+01
7.067871093750000009e-06,-8.814790828637342202e-05,-2.805835065397474515e-02,-4.375198457879019842e-01,-8.469813409218293065e-01,-1.665904331189683729e+00,-3.303750311725393018e+00,-6.579442272796811153e+00,-1.313082619493964742e+01,-2.623359403922531996e+01
7.071940104166667075e-06,7.826513496524967195e-04,2.491256620294764190e-01,5.263096747080484583e-01,8.034936873866206364e-01,1.357861712743764881e+00,2.466597763458052928e+00,4.684069864886629908e+00,9.119014067743783869e+00,1.798890247345809001e+01
7.076009114583333294e-06,1.674067192993788922e-04,5.328721376658709236e-02,-1.425512344923397789e-01,-3.383896827512666294e-01,-7.300665792691204414e-01,-1.513420372304827843e+00,-3.080127958376242869e+00,-6.213543130519072477e+00,-1.248037347480473258e+01
7.080078125000000359e-06,-8.831116386431858700e-05,-2.811031651840933954e-02,-1.095078468085874251e-01,-1.909053770987655108e-01,-3.537004376791216820e-01,-6.792905588398340244e-01,-1.330470801161258709e+00,-2.632831285804107857e+00,-5.237552255089807041e+00
7.084147135416666578e-06,1.593083989632759767e-04,5.070943834212229828e-02,1.295291932081933939e-01,2.083489480742644895e-01,3.659884578064067084e-01,6.812674772706911464e-01,1.311825516199259800e+00,2.572941594056397552e+00,5.095173749770673055e+00
7.088216145833333643e-06,1.485508203288077311e-03,4.728519471137153096e-01,8.949944558860372101e-01,1.317136964658359055e+00,2.161421982203002745e+00,3.849992017292290125e+00,7.227132087470865329e+00,1.398141222782801485e+01,2.748997250854231567e+01
7.092285156249999862e-06,7.024844242664585181e-04,2.236077371341421427e-01,-2.563647284353592903e-02,-2.748806828212140285e-01,-7.733691027765701165e-01,-1.770345942687282514e+00,-3.764299622508707088e+00,-7.752206982151555792e+00,-1.572802170143725498e+01
7.096354166666666927e-06,2.100589578034828264e-03,6.686384295031231328e-01,1.113669121869195200e+00,1.558699814235267267e+00,2.448761198967411623e+00,4.228883968431699891e+00,7.789129507360276428e+00,1.490962058521743039e+01,2.915060274093173476e+01
7.100423177083333146e-06,2.060587743144992601e-03,6.559054499921966874e-01,6.431724704832691986e-01,6.304394909743417097e-01,6.049735319564867320e-01,5.540416139207767765e-01,4.521777778493569211e-01,2.484501057065171270e-01,-1.590052385791624612e-01
7.104492187500000211e-06,5.105735701960156803e-04,1.625206150175454167e-01,-3.308642199601318223e-01,-8.242490549378090892e-01,-1.811018724893163512e+00,-3.784558064803872579e+00,-7.731636744625290270e+00,-1.562579410426812743e+01,-3.141410882355379997e+01
7.108561197916666430e-06,-3.276571071353373554e-05,-1.042964964795593460e-02,-1.833799143131326082e-01,-3.563301789783092643e-01,-7.022307083086626323e-01,-1.394031766969369368e+00,-2.777633884290782618e+00,-5.544838118933609117e+00,-1.107924658821926300e+01
7.112630208333333496e-06,1.389307892850411008e-03,4.422304372474564205e-01,8.948905241447770997e-01,1.347550611042097835e+00,2.252870784836739304e+00,4.063511132426022243e+00,7.684791827604587233e+00,1.492735321796171810e+01,2.941247599867597984e+01
7.116699218749999714e-06,2.835349946238352459e-03,9.025199186783470218e-01,1.362809400106918423e+00,1.823098881535490046e+00,2.743677844392633070e+00,4.584835770106918673e+00,8.267151621535489880e+00,1.563178332439263407e+01,3.036104673010692068e+01
7.120768229166666780e-06,1.285335773275164684e-03,4.091350836991722861e-01,-8.424975127850498069e-02,-5.776345862561822475e-01,-1.564404256211536781e+00,-3.537943596122245626e+00,-7.485022275943664205e+00,-1.537917963558649959e+01,-3.116749435487217212e+01
7.124837239583332998e-06,1.532955336116970102e-03,4.879548385642273889e-01,5.667745934302984567e-01,6.455943482963695246e-01,8.032338580285117713e-01,1.118512877492796154e+00,1.749070916421364918e+00,3.010186994278502670e+00,5.532419149992778173e+00
7.128906250000000064e-06,1.421048151811987736e-03,4.523336754649599500e-01,4.167125123622822391e-01,3.810913492596045837e-01,3.098490230542492174e-01,1.673643706435384571e-01,-1.176049341778830498e-01,-6.875435438207260219e-01,-1.827420763106412105e+00
7.132975260416666282e-06,-6.083350173753387935e-04,-1.936390501423584376e-01,-8.396117757450363150e-01,-1.485584501347714026e+00,-2.777529952553069670e+00,-5.361420854963781402e+00,-1.052920265978520398e+01,-2.086476626942804913e+01,-4.153589348871373943e+01
7.137044270833333348e-06,-3.367470047095366681e-04,-1.071899007418250505e-01,-2.074075134450534957e-02,6.570839805281433743e-02,2.386066968474537253e-01,5.844032944367325566e-01,1.275996489615289997e+00,2.659182879972405100e+00,5.425555660686635306e+00
7.141113281250000413e-06,1.372947996586049157e-03,4.370229205295687591e-01,9.812357418018902155e-01,1.525448563074211616e+00,2.613874205618854862e+00,4.790725490708140910e+00,9.144428060886712117e+00,1.785183320124385631e+01,3.526664348195814114e+01
7.145182291666666632e-06,1.141198563217926676e-03,3.632547847710037026e-01,2.894866490120742153e-01,2.157185132531447280e-01,6.818224173528573961e-02,-2.268903013004322233e-01,-8.170353873718680937e-01,-1.997325559514740112e+00,-4.357905903800483927e+00
7.149251302083333697e-06,1.916124021903442554e-03,6.099212193261120962e-01,8.565876538796853845e-01,1.103254088433258673e+00,1.596586957540405249e+00,2.583252695754698625e+00,4.556584172183284487e+00,8.503247125040457988e+00,1.639657303075480144e+01
7.153320312499999916e-06,3.362166075277173150e-03,1.070210700752479260e+00,1.530500182181050661e+00,1.990789663609622284e+00,2.911368626466765086e+00,4.752526552181050690e+00,8.434842403609623673e+00,1.579947410646676609e+01,3.052873751218105269e+01
7.157389322916666982e-06,-8.135563271594037360e-05,-2.589630219022125840e-02,-1.122003305136650031e+00,-2.218110308083078852e+00,-4.410324313975936938e+00,-8.794752325761651335e+00,-1.756360834933308368e+01,-3.510132039647594127e+01,-7.017674449076166354e+01
7.161458333333333200e-06,1.422954803018683378e-04,4.529405813935553915e-02,1.164844184741780503e-01,1.876747788090005475e-01,3.300554994786455421e-01,6.148169408179355866e-01,1.184339823496515676e+00,2.323385588853675632e+00,4.601477119567995544e+00
7.165527343750000266e-06,2.714854674792377409e-03,8.641650825386937296e-01,1.683036106936015353e+00,2.501907131333337198e+00,4.139649180127980443e+00,7.415133277717266935e+00,1.396610147289583992e+01,2.706803786325298589e+01,5.327191064396728137e+01
7.169596354166666484e-06,-8.724777320736620823e-04,-2.777182875942592055e-01,-1.419601657728188471e+00,-2.561485027862117736e+00,-4.845251768129975822e+00,-9.412785248665693771e+00,-1.854785220973712612e+01,-3.681798613187999081e+01,-7.335825397616572729e+01
7.173665364583333550e-06,-1.104227165455995419e-03,-3.514864233573476993e-01,-4.252545591162771865e-01,-4.990226948752066738e-01,-6.465589663930656483e-01,-9.416315094287835974e-01,-1.531776595500219607e+00,-2.712066767643091403e+00,-5.072647111928834995e+00
7.177734374999999768e-06,3.418148879319460320e-04,1.088030580735429159e-01,5.690925395021143585e-01,1.029382020930685870e+00,1.949960983787828894e+00,3.791118909502114942e+00,7.473434760930686593e+00,1.483806646378783078e+01,2.956732986950211739e+01
7.181803385416666834e-06,3.816010513446599361e-05,1.214673872211335763e-02,-8.450958063056412950e-02,-1.811658999832416184e-01,-3.744785386885965961e-01,-7.611038160993065516e-01,-1.534354370920726351e+00,-3.080855480563565951e+00,-6.173857699849245151e+00
7.185872395833333052e-06,1.076738511727626246e-03,3.427365131177249058e-01,6.733262875150481941e-01,1.003916061912371482e+00,1.665095610707018059e+00,2.987454708296311434e+00,5.632172903474897296e+00,1.092160929383206991e+01,2.150048207454641513e+01
7.189941406250000118e-06,3.895885319735725716e-04,1.240098812710179882e-01,-9.471675058166129091e-02,-3.134433824343405561e-01,-7.508966461396990866e-01,-1.625803173550416147e+00,-3.375616228371850713e+00,-6.875242338014719401e+00,-1.387449455730045678e+01
7.194010416666666336e-06,1.548009187615662086e-03,4.927466283214037013e-01,8.614833753749743250e-01,1.230220122428544949e+00,1.967693616535686418e+00,3.442640604749969135e+00,6.392534581178535014e+00,1.229232253403566588e+01,2.409189843974992584e+01
7.198079427083333402e-06,4.054586614330446537e-04,1.290615003729845833e-01,-2.346236275734444876e-01,-5.983087555198736140e-01,-1.325679011412731700e+00,-2.780419523198447873e+00,-5.689900546769880663e+00,-1.150886259391274535e+01,-2.314678668819847474e+01
7.202148437499999621e-06,9.886365216402737133e-04,3.146927786804542548e-01,5.003240569840256002e-01,6.859553352875968901e-01,1.057217891894739470e+00,1.799743005109024629e+00,3.284793231537594949e+00,6.254893684394735587e+00,1.219509459010901686e+01
7.206217447916666686e-06,2.027214928219223111e-03,6.452825530715423641e-01,9.758723274688656524e-01,1.306462101866188830e+00,1.967641650660835406e+00,3.290000748250128559e+00,5.934718943428714866e+00,1.122415533378588748e+01,2.180302811450023270e+01
7.210286458333333752e-06,7.887906028258839797e-04,2.510798470083507872e-01,-1.431228590630792830e-01,-5.373255651345093531e-01,-1.325730977277369549e+00,-2.902541801563089940e+00,-6.056163450134530279e+00,-1.236340674727741096e+01,-2.497789334156317409e+01
7.214355468749999970e-06,-4.016968229905160115e-04,-1.278640700065014624e-01,-5.068079870154299504e-01,-8.857519040243584385e-01,-1.643639738042215415e+00,-3.159415406077929145e+00,-6.190966742149356605e+00,-1.225406941429221241e+01,-2.438027475857792226e+01
7.218424479166667036e-06,2.098957022070635503e-03,6.681187707999722836e-01,1.464101611603543684e+00,2.260084452407115307e+00,3.852050134014258109e+00,7.035981497228544157e+00,1.340384422365711536e+01,2.613956967651425956e+01,5.161102058222854794e+01
7.222493489583333254e-06,8.125957970293029575e-04,2.586572756658240824e-01,-1.508042194681031567e-01,-5.602657146020304513e-01,-1.379188704869884985e+00,-3.017034685405593830e+00,-6.292726646477012409e+00,-1.284411056861984868e+01,-2.594687841290551944e+01
7.226562500000000320e-06,-3.299547291533144744e-04,-1.050278522825950217e-01,-4.687129802290240788e-01,-8.323981081754531219e-01,-1.559768364068311319e+00,-3.014508875854027714e+00,-5.923989899425460059e+00,-1.174295194656832564e+01,-2.338087604085405502e+01
7.230631510416666538e-06,1.499582521205411467e-03,4.773319416480964472e-01,1.059691735576667515e+00,1.642051529505238472e+00,2.806771117362380608e+00,5.136210293076665323e+00,9.795088644505232978e+00,1.911284534736237006e+01,3.774835875307664423e+01
7.234700520833333604e-06,3.810004448325798876e-04,1.212762082306321348e-01,-2.347795251845461451e-01,-5.908352585997244111e-01,-1.302946725430080832e+00,-2.727169659090793896e+00,-5.575615526412220468e+00,-1.127250726105507184e+01,-2.266629073034077635e+01
7.238769531249999822e-06,5.806831080548136015e-04,1.848371740337775571e-01,2.483981398373492633e-01,3.119591056409209417e-01,4.390810372480643542e-01,6.933249004623511791e-01,1.201812626890924829e+00,2.218788079748072128e+00,4.252738985462366728e+00
7.242838541666666888e-06,1.115924068642470957e-03,3.552096632793375619e-01,5.255821525204095179e-01,6.959546417614813629e-01,1.036699620243625164e+00,1.718189577207912766e+00,3.081169491136487970e+00,5.807129318993638378e+00,1.125904897470793919e+01
7.246907552083333107e-06,-3.382163050815734096e-04,-1.076575935760178682e-01,-5.705248504286962730e-01,-1.033392107281374761e+00,-1.959126620986731737e+00,-3.810595648397445689e+00,-7.513533703218873150e+00,-1.491940981286172807e+01,-2.973116203214743791e+01
7.250976562500000172e-06,-4.265984262019628659e-05,-1.357904964905310395e-02,8.049949427951960668e-02,1.745780382080923121e-01,3.627351260652377229e-01,7.390493017795285446e-01,1.491677653208110188e+00,2.996934356065273697e+00,6.007447761779600270e+00
7.255045572916666391e-06,1.691003608485175391e-03,5.382631661532955025e-01,1.090105381956867792e+00,1.641947597760440081e+00,2.745632029367584437e+00,4.953000892581873593e+00,9.367738619010452794e+00,1.819721407186760942e+01,3.585616497758191912e+01
7.259114583333333456e-06,5.963899819363405186e-04,1.898368272713095439e-01,-1.585895116126179172e-01,-5.070158504965454060e-01,-1.203868528264400384e+00,-2.597573883800110117e+00,-5.384984594871530028e+00,-1.095980601701436896e+01,-2.210944886130004861e+01
7.263183593749999675e-06,-1.409024737441200159e-03,-4.485065038050539687e-01,-1.086849834876483234e+00,-1.725193165947912499e+00,-3.001879828090770808e+00,-5.555253152376487868e+00,-1.066199980094792288e+01,-2.087549309809078935e+01,-4.130247969237652939e+01
7.267252604166666740e-06,1.379250505351592437e-03,4.390290713774012143e-01,1.326564646555973503e+00,2.214100221734545570e+00,3.989171372091690149e+00,7.539313672805978861e+00,1.463959827423455806e+01,2.884016747709171469e+01,5.724130588280602439e+01
7.271321614583332959e-06,1.243374871222613365e-03,3.957785137426554911e-01,3.525279561087270030e-01,3.092773984747985150e-01,2.227762832069415111e-01,4.977405267122755883e-02,-2.962304084002003735e-01,-9.882393305430562380e-01,-2.372257174828767745e+00
7.275390625000000024e-06,-1.901790400893332844e-05,-6.053586860537824715e-03,-4.078856874632165175e-01,-8.097177880658951166e-01,-1.613381989271252426e+00,-3.220710391681967266e+00,-6.435367196503396059e+00,-1.286468080614625542e+01,-2.572330802543197237e+01
7.279459635416667090e-06,1.930361595398721875e-03,6.144531797249277449e-01,1.234959946309750700e+00,1.855466712894573433e+00,3.096480246064219344e+00,5.578507312403511165e+00,1.054256144508209303e+01,2.047066971043926031e+01,4.032688624115359488e+01
7.283528645833333308e-06,-7.505312396460794844e-05,-2.389015134691228892e-02,-6.622334824183415680e-01,-1.300576813489770833e+00,-2.577263475632629142e+00,-5.130636799918346647e+00,-1.023738344848977988e+01,-2.045087674563264812e+01,-4.087786333991838461e+01
7.287597656250000374e-06,-1.433319698421087196e-03,-4.562398300694014419e-01,-8.885895087970788753e-01,-1.320939187524756475e+00,-2.185638544980111231e+00,-3.915037259890821186e+00,-7.373834689712240653e+00,-1.429142954935507959e+01,-2.812661926864075923e+01
7.291666666666666593e-06,3.669080476242925215e-05,1.167904588792054166e-02,4.795979218477428030e-01,9.475167978075651476e-01,1.883354549727209726e+00,3.755030053566498882e+00,7.498381061245076751e+00,1.498508307660223338e+01,2.995848710731654663e+01
7.295735677083333658e-06,1.410827508706802291e-03,4.490803437214231919e-01,8.864816415562445373e-01,1.323882939391065827e+00,2.198685535060708407e+00,3.948290726399993567e+00,7.447501109078563886e+00,1.444592187443570452e+01,2.844276340514998580e+01
7.299804687499999877e-06,-1.934441517903451313e-05,-6.157518593930468888e-03,-4.613953809153581442e-01,-9.166332432367857441e-01,-1.827108967879641055e+00,-3.648060417165351677e+00,-7.289963315736772920e+00,-1.457376911287961541e+01,-2.914138070716530038e+01
7.303873697916666942e-06,8.993917423509856235e-04,2.862852831423834399e-01,5.787280848834549518e-01,8.711708866245264637e-01,1.456056490106669488e+00,2.625827697070955313e+00,4.965370110999526965e+00,9.644454938856670267e+00,1.900262459457096043e+01
7.307942708333333161e-06,1.314790453875502863e-03,4.185107997286457993e-01,5.507363163134658679e-01,6.829618328982860476e-01,9.474128660679261849e-01,1.476314932407206681e+00,2.534119065085767453e+00,4.649727330442888551e+00,8.880943861157131636e+00
7.312011718750000226e-06,-9.063403137758996309e-04,-2.884970821217877623e-01,-9.955049639744676382e-01,-1.702512845827147459e+00,-3.116528609532507321e+00,-5.944560136943226603e+00,-1.160062319176466517e+01,-2.291274930140754407e+01,-4.553700152069329476e+01
7.316080729166666445e-06,-6.826892007580909194e-04,-2.173067217922109440e-01,-1.461163614573884606e-01,-7.492600112256594946e-02,6.745471954707907281e-02,3.522161608863690896e-01,9.217390435649491787e-01,2.060784808922109246e+00,4.338876339636429158e+00
7.320149739583333510e-06,1.122879599805060025e-03,3.574236776120490733e-01,9.321540770093715844e-01,1.506884476406693985e+00,2.656345275201339007e+00,4.955266872790629051e+00,9.553110067969209140e+00,1.874879645832636754e+01,3.714016923904068790e+01
7.324218749999999729e-06,-5.949137218408395711e-04,-1.893669190883329467e-01,-7.361575157847591866e-01,-1.282948112481185454e+00,-2.376529305874037767e+00,-4.563691692659743282e+00,-8.938016466231152535e+00,-1.768666601337397282e+01,-3.518396510765960983e+01
7.328287760416666795e-06,5.874753836252466499e-04,1.869992224975310369e-01,5.633653640823524933e-01,9.397315056671740052e-01,1.692463788836817029e+00,3.197928355176102855e+00,6.208857487854674950e+00,1.223071575321181825e+01,2.427443228392610663e+01
7.332356770833333013e-06,1.026842544959549741e-03,3.268541336147482435e-01,4.667090447308213652e-01,6.065639558468944870e-01,8.862737780790407305e-01,1.445693422543333106e+00,2.564532711471918081e+00,4.802211289329087585e+00,9.277568445043426593e+00
7.336425781250000079e-06,-1.002540624227776789e-03,-3.191185919925700887e-01,-9.650913175952479106e-01,-1.611064043197925733e+00,-2.903009494403281376e+00,-5.486900396813992664e+00,-1.065468220163541524e+01,-2.099024581127826039e+01,-4.166137303056395069e+01
7.340494791666666297e-06,-3.714258644009760246e-04,-1.182285246231907505e-01,8.266154274288214920e-02,2.835516101089550212e-01,6.853317448411008206e-01,1.488892014305392530e+00,3.096012553233975506e+00,6.310253631091142346e+00,1.273873578680547425e+01
7.344563802083333363e-06,2.536691627426534978e-03,8.074540232095150927e-01,1.733136571044336938e+00,2.658819118879158783e+00,4.510184214548802473e+00,8.212914405888090741e+00,1.561837478856666550e+01,3.042929555392381502e+01,6.005113708463811406e+01
7.348632812499999581e-06,8.428667555904212350e-04,2.682928210400878921e-01,-2.708683811250897633e-01,-8.100295832902674187e-01,-1.888351987620622729e+00,-4.044996796281333573e+00,-8.358286413602755260e+00,-1.698486564824559863e+01,-3.423802411753128183e+01
7.352701822916666647e-06,-1.234453313173844435e-03,-3.929386936155697674e-01,-1.054170208280749144e+00,-1.715401722945928631e+00,-3.037864752276287383e+00,-5.682790810937005332e+00,-1.097264292825844123e+01,-2.155234716290131303e+01,-4.271175563218705662e+01
7.356770833333333712e-06,1.098421383190384404e-03,3.496383854651732292e-01,1.092215464549993520e+00,1.834792543634813811e+00,3.319946701804454392e+00,6.290255018143735555e+00,1.223087165082229788e+01,2.411210491617942253e+01,4.787457144689366828e+01
7.360839843749999931e-06,-9.788986856023029759e-04,-3.115931291995313601e-01,-9.728246438647107919e-01,-1.634056158529890279e+00,-2.956519187860249254e+00,-5.601445246520967203e+00,-1.089129736384240310e+01,-2.147100159848527312e+01,-4.263041006777101671e+01
7.364908854166666996e-06,9.465123639955663748e-04,3.012842428549794005e-01,9.141616149085493026e-01,1.527038986962119038e+00,2.752793731069258953e+00,5.204303219283538340e+00,1.010732219571209711e+01,1.991336014856921466e+01,3.952543605428345330e+01
7.368977864583333215e-06,1.409847975125444464e-03,4.487685484986280171e-01,5.962528541459497511e-01,7.437371597932713740e-01,1.038705771087914842e+00,1.628642993677201556e+00,2.808517438855774984e+00,5.168266329212922727e+00,9.887764109927216438e+00
7.373046875000000281e-06,4.111081478299638547e-04,1.308597877449848013e-01,-1.870489730139438811e-01,-5.049577337728725634e-01,-1.140775255290729984e+00,-2.412410298326444380e+00,-4.955680384397873617e+00,-1.004222055654073209e+01,-2.021530090082644904e+01
7.377115885416666499e-06,-1.322311330937964158e-04,-4.209047692504001847e-02,-2.150407415902166886e-01,-3.879910062553933447e-01,-7.338915355857467127e-01,-1.425692594246453337e+00,-2.809294711567866809e+00,-5.576498946210693752e+00,-1.111090741549634764e+01
7.381184895833333565e-06,2.352306788111491187e-04,7.487625059931270199e-02,1.918429781216356156e-01,3.088097056439584875e-01,5.427431606886042870e-01,1.010610070777895997e+00,1.946343890956479195e+00,3.817811531313645812e+00,7.560746812027979047e+00
7.385253906249999783e-06,-1.882663530352601811e-04,-5.992704140689102815e-02,-1.947303334158203003e-01,-3.295336254247496210e-01,-5.991402094426081515e-01,-1.138353377478325212e+00,-2.216779713549759556e+00,-4.373632385692627800e+00,-8.687337729978365175e+00
7.389322916666666849e-06,-8.754163328177355652e-04,-2.786536732626448409e-01,-4.973803051153241062e-01,-7.161069369680034269e-01,-1.153560200673362068e+00,-2.028466728084079129e+00,-3.778279782905513251e+00,-7.277905892548381495e+00,-1.427715811183411887e+01
7.393391927083333067e-06,6.728827453628127842e-05,2.141852300914735482e-02,3.214907192814696613e-01,6.215629155537919504e-01,1.221707308098436418e+00,2.421996093187725574e+00,4.822573663366304331e+00,9.623728803723460956e+00,1.922603908443777243e+01
7.397460937500000133e-06,5.066554358705843697e-04,1.612734341263645788e-01,3.011283452424377005e-01,4.409832563585107668e-01,7.206930785906570103e-01,1.280112723054949386e+00,2.398952011983534138e+00,4.636630589840703642e+00,9.111987745555042650e+00
7.401529947916666351e-06,-9.235164880436741441e-04,-2.939644281980360319e-01,-7.492022905194636317e-01,-1.204440152840891232e+00,-2.114915877483746431e+00,-3.935867326769457275e+00,-7.577770225340878518e+00,-1.486157602248372100e+01,-2.942918761676940775e+01
7.405598958333333417e-06,-7.957391742365871323e-04,-2.532916459832316169e-01,-2.126188637734101328e-01,-1.719460815635886208e-01,-9.060051714394562472e-02,7.209061169534039526e-02,3.974728693739124630e-01,1.048237384731056432e+00,2.349766415445344592e+00
7.409667968749999635e-06,5.544290798980000545e-04,1.764802573193161861e-01,6.062521606228866711e-01,1.036024063926457073e+00,1.895567870533598098e+00,3.614655483747879927e+00,7.052830710176444029e+00,1.392918116303357223e+01,2.768188206874782509e+01
7.413736979166666701e-06,-2.241944483216684603e-03,-7.136330932830803331e-01,-1.603746443885757378e+00,-2.493859794488434201e+00,-4.274086495693788734e+00,-7.834539898104496913e+00,-1.495544670292591327e+01,-2.919726031256874421e+01,-5.768088753185440964e+01
7.417805989583332920e-06,-2.138135619247805153e-03,-6.805897056082776952e-01,-6.475463179297069605e-01,-6.145029302511363367e-01,-5.484161548939948672e-01,-4.162426041797120946e-01,-1.518955027511464662e-01,3.767987001059847629e-01,1.434187105820247332e+00
7.421874999999999985e-06,-7.160620156696495542e-04,-2.279296187083418856e-01,2.247304681889787659e-01,6.773905550862994174e-01,1.582710728880940776e+00,3.393351076470223493e+00,7.014631771648788927e+00,1.425719316200591891e+01,2.874231594272018242e+01
7.425944010416667051e-06,-9.717798988333470334e-04,-3.093271489933383522e-01,-3.907246792835163962e-01,-4.721222095736944957e-01,-6.349172701540506392e-01,-9.605073913147630371e-01,-1.611687633636187611e+00,-2.914048118279036981e+00,-5.518769087564735720e+00
7.430013020833333269e-06,-2.138298874839961172e-03,-6.806416714772357546e-01,-1.051956193954913354e+00,-1.423270716432591065e+00,-2.165899761387946487e+00,-3.651157851298656887e+00,-6.621674031120078574e+00,-1.256270639076292106e+01,-2.444477111004860603e+01
7.434082031250000335e-06,2.425127211722610809e-04,7.719419667446379696e-02,8.350300648217856558e-01,1.592865932969107501e+00,3.108537669263751191e+00,6.139881141853038571e+00,1.220256808703161333e+01,2.432794197738876463e+01,4.857868975810306011e+01
7.438151041666666553e-06,-8.521009053907846464e-04,-2.712321422120456682e-01,-6.196584810959731016e-01,-9.680848199799005904e-01,-1.664937497747755568e+00,-3.058642853283465524e+00,-5.846053564354884990e+00,-1.142087498649772392e+01,-2.257051783078340179e+01
7.442220052083333619e-06,-1.419408636110119915e-03,-4.518118014085018563e-01,-6.323914606049315656e-01,-8.129711198013612750e-01,-1.174130438194220583e+00,-1.896449074979939420e+00,-3.341086348551376872e+00,-6.230360895694251333e+00,-1.200890998998000114e+01
7.446289062499999837e-06,-9.560730249660309710e-04,-3.043274957603298025e-01,-1.568431901130080963e-01,-9.358884465686400506e-03,2.856097268289570223e-01,8.755469494182437362e-01,2.055421394596817386e+00,4.415170284953964241e+00,9.134668065668259729e+00
7.450358072916666903e-06,-1.811475662805150932e-04,-5.766106120522144357e-02,1.890053733483518517e-01,4.356718079019251677e-01,9.290046770090717443e-01,1.915670415223365008e+00,3.889001891651951315e+00,7.835664844509124372e+00,1.572899075022347049e+01
7.454427083333333121e-06,-5.806761483455602502e-04,-1.848349586895172425e-01,-3.120088561671957028e-01,-4.391827536448741909e-01,-6.935305486002312225e-01,-1.202226138510945175e+00,-2.219617318332372857e+00,-4.254399677975229110e+00,-8.323964397260940729e+00
7.458496093750000187e-06,4.339338084662358597e-04,1.381254211841863588e-01,4.610858010502566495e-01,7.840461809163269402e-01,1.429966940648467411e+00,2.721808460112748573e+00,5.305491499041310455e+00,1.047285757689843599e+01,2.080758973261268352e+01
7.462565104166666406e-06,5.377426724351153098e-04,1.711688088589889967e-01,2.042121965375597037e-01,2.372555842161304107e-01,3.033423595732718248e-01,4.355159102875545973e-01,6.998630117161201980e-01,1.228557214573251510e+00,2.285945620287514135e+00
7.466634114583333471e-06,-1.539577396357572070e-03,-4.900627058057155927e-01,-1.151294220470895135e+00,-1.812525735136074401e+00,-3.134988764466433597e+00,-5.779914823127151102e+00,-1.106976694044858611e+01,-2.164947117509145968e+01,-4.280887964437719972e+01
7.470703124999999690e-06,-1.220052484086409095e-03,-3.883547673477960038e-01,-2.866468288879747139e-01,-1.849388904281533963e-01,1.847698649148921471e-02,4.253087403307744263e-01,1.238972248009344801e+00,2.866299263366485661e+00,6.120953294080766938e+00
7.474772135416666755e-06,-3.252847763519639557e-04,-1.035413601379134574e-01,1.812720470719072219e-01,4.660854542817279289e-01,1.035712268701369343e+00,2.174965897540651838e+00,4.453473155219217716e+00,9.010487670576347696e+00,1.812451670129060943e+01
7.478841145833332974e-06,-1.515772202168363947e-03,-4.824852771527657347e-01,-8.614291941616941672e-01,-1.240373111170622655e+00,-1.998260945188479631e+00,-3.514036613224193584e+00,-6.545587949295621044e+00,-1.260869062143847685e+01,-2.473489596572418847e+01
7.482910156250000039e-06,4.096388474579271133e-04,1.303920949107919836e-01,7.432694669643618024e-01,1.356146839017931649e+00,2.581901583125071564e+00,5.033411071339350507e+00,9.936430047767910168e+00,1.974246800062502771e+01,3.935454390633926636e+01
7.486979166666666258e-06,3.696370125538805951e-04,1.176591153953421426e-01,1.049261358864146537e-01,9.219315637748716485e-02,6.672719735963220100e-02,1.579527932392224554e-02,-8.606855674749765150e-02,-2.897962288903374595e-01,-6.972515731760170477e-01
7.491048177083333323e-06,-1.228314060014668030e-03,-3.909845086412188087e-01,-8.996281326813977408e-01,-1.408271756721576562e+00,-2.425559004801934204e+00,-4.460133500962649933e+00,-8.529282493284080502e+00,-1.666758047792694342e+01,-3.294417644721266925e+01
7.495117187500000389e-06,-5.492624005825064160e-04,-1.748356522144532688e-01,4.131320421411682070e-02,2.574620606426868963e-01,6.897597734998270891e-01,1.554355199214107364e+00,3.283546050642668135e+00,6.741927753499789233e+00,1.365869115921403321e+01
7.499186197916666607e-06,9.686850022205817368e-04,3.083420128047784092e-01,7.915196778270978673e-01,1.274697342849417270e+00,2.241052672894056297e+00,4.173763332983334351e+00,8.039184653161889571e+00,1.577002729351900179e+01,3.123171257423322444e+01
7.503255208333333673e-06,-4.614869216652550676e-04,-1.468958495105752715e-01,-6.021337118320029269e-01,-1.057371574153430638e+00,-1.967847298796285838e+00,-3.788798748081996681e+00,-7.430701646653417924e+00,-1.471450744379625952e+01,-2.928211903808194450e+01
7.507324218749999892e-06,9.126497822791179715e-04,2.905054483229274065e-01,7.279067461577486409e-01,1.165308043992570042e+00,2.040110639662212400e+00,3.789715831001497559e+00,7.288926213680067434e+00,1.428734697903720807e+01,2.828418850975148757e+01
7.511393229166666957e-06,1.855354389633134815e-03,5.905776445947196196e-01,8.906498408670419087e-01,1.190722037139364087e+00,1.790866429684008665e+00,2.991155214773297821e+00,5.391732784951876134e+00,1.019288792530903365e+01,1.979519820602334690e+01
7.515462239583333176e-06,-6.294293259401229079e-04,-2.003535771007406152e-01,-9.912847987971704633e-01,-1.782216020493600395e+00,-3.364078463886460035e+00,-6.527803350672179761e+00,-1.285525312424361744e+01,-2.551015267138649634e+01,-5.081995176567225059e+01
7.519531250000000241e-06,-1.181568151906731146e-04,-3.761048239518235276e-02,1.251326123146387359e-01,2.878757070244598593e-01,6.133618964441019950e-01,1.264334275283386377e+00,2.566279032961955142e+00,5.170168548319092672e+00,1.037794757903336773e+01
7.523600260416666460e-06,2.046938732519265614e-03,6.515608349734002269e-01,1.340732152339471517e+00,2.029903469705542918e+00,3.408246104437685275e+00,6.164931373901969991e+00,1.167830191283054120e+01,2.270504299068768006e+01,4.475852514640195778e+01
7.527669270833333525e-06,6.886721580485755112e-04,2.192111562463875951e-01,-2.131385224812898660e-01,-6.454882012089673271e-01,-1.510187558664322305e+00,-3.239586273575032038e+00,-6.698383703396451949e+00,-1.361597856303929177e+01,-2.745116828232497141e+01
7.531738281249999744e-06,-1.422885205926149865e-04,-4.529184279509523153e-02,-3.097948418352748923e-01,-5.742978408754545461e-01,-1.103303838955813854e+00,-2.161315835116532469e+00,-4.277339827437970143e+00,-8.509387812080845492e+00,-1.697348378136659619e+01
7.535807291666666809e-06,7.524791871560410073e-04,2.395215644193107452e-01,5.243349716291314522e-01,8.091483788389520759e-01,1.378775193258593434e+00,2.518028822097876152e+00,4.796536079776442030e+00,9.353550595133572898e+00,1.846757962584783286e+01
7.539876302083333028e-06,4.136075756377977086e-05,1.316553803260209904e-02,-2.131904883513257853e-01,-4.395465147352536350e-01,-8.922585675031093899e-01,-1.797682673038820900e+00,-3.608530884110243697e+00,-7.230227306253089736e+00,-1.447362015053878181e+01
7.543945312500000094e-06,-9.094421701263399882e-04,-2.894844336636548943e-01,-5.921344053600819946e-01,-8.947843770565090393e-01,-1.500084320449363240e+00,-2.710684207235071419e+00,-5.131883980806487777e+00,-9.974283527949321382e+00,-1.965908262223498681e+01
7.548014322916666312e-06,4.407260840082471987e-04,1.402874696388929365e-01,5.700593729424634493e-01,9.998312762460338510e-01,1.859375082853174765e+00,3.578462696067456594e+00,7.016637922496020252e+00,1.389298837535314846e+01,2.764568928106740486e+01
7.552083333333333378e-06,-4.621399440623008559e-04,-1.471037129954543832e-01,-4.344948956293842590e-01,-7.218860782633141904e-01,-1.296668443531173942e+00,-2.446233174066893223e+00,-4.745362635138332230e+00,-9.343621557281210244e+00,-1.854013940156696805e+01
7.556152343749999596e-06,1.210379161307173490e-04,3.852756530749184422e-02,2.241588436110631410e-01,4.097901219146344309e-01,7.810526785217770662e-01,1.523577791736062226e+00,3.008628018164632767e+00,5.978728471021772961e+00,1.191892937673605424e+01
7.560221354166666662e-06,6.083419770845921448e-04,1.936412654866187244e-01,3.487549656651912078e-01,5.038686658437637744e-01,8.140960662009086857e-01,1.434550866915198730e+00,2.675460468343778597e+00,5.157279671200938331e+00,1.012091807691525958e+01
7.564290364583333727e-06,-2.945240509859559097e-04,-9.374991714772859530e-02,-3.811410997816584989e-01,-6.685322824155883747e-01,-1.243314647683448015e+00,-2.392879378219167741e+00,-4.692008839290606304e+00,-9.290267761433485205e+00,-1.848678560571924123e+01
7.568359374999999946e-06,-1.029610930373792144e-03,-3.277353380608686306e-01,-5.617207589760473407e-01,-7.957061798912259398e-01,-1.263677021721583360e+00,-2.199618705382297978e+00,-4.071502072703727215e+00,-7.815268807346586577e+00,-1.530280227663230441e+01
7.572428385416667011e-06,-3.505592709416305297e-04,-1.115864816341030630e-01,1.045623747944670334e-01,3.207112312230371298e-01,7.530089440801772671e-01,1.617604369794457542e+00,3.346795221223018313e+00,6.805176924080139855e+00,1.372194032979438205e+01
7.576497395833333230e-06,4.483346375536712003e-04,1.427093474519601224e-01,3.970051765367820229e-01,6.513010056216038679e-01,1.159892663791247669e+00,2.177075980130535271e+00,4.211442612809110031e+00,8.280175878166261327e+00,1.641764240888056037e+01
7.580566406250000295e-06,3.843643528682605393e-04,1.223469734146023780e-01,1.019845993744240842e-01,8.162222533424579041e-02,4.089747725388921673e-02,-4.055201890682394450e-02,-2.034510112282502670e-01,-5.292489958711028564e-01,-1.180844965156808257e+00
7.584635416666666514e-06,-3.027856269284256996e-04,-9.637965844567489282e-02,-3.151062902983541858e-01,-5.338329221510335065e-01,-9.712861858563920370e-01,-1.846192713267109209e+00,-3.596005768088543331e+00,-7.095631877731412018e+00,-1.409488409701714851e+01
7.588704427083333580e-06,6.638874302637987057e-04,2.113219323661190419e-01,5.190235231696899154e-01,8.267251139732608722e-01,1.442128295580402675e+00,2.672934658794686058e+00,5.134547385223252824e+00,1.005777283808038725e+01,1.990422374379465609e+01
7.592773437499999798e-06,9.657969953025258292e-05,3.074227316513940267e-02,-1.498373860312902928e-01,-3.304170452277199743e-01,-6.915763636205792819e-01,-1.413895000406298008e+00,-2.858532273977735461e+00,-5.747806821120610365e+00,-1.152635591540636106e+01
7.596842447916666864e-06,2.003885635133428877e-04,6.378566084446549156e-02,9.682904852303618470e-02,1.298724362016069056e-01,1.959592115587482919e-01,3.281327622730311200e-01,5.924798637015967762e-01,1.121174066558727977e+00,2.178562472272990380e+00
7.600911458333333082e-06,4.240396765595733086e-04,1.349760211830892120e-01,2.061663815179116954e-01,2.773567418527342343e-01,4.197374625223792011e-01,7.044989038616692456e-01,1.274021786540249224e+00,2.413067551897409402e+00,4.691159082611729758e+00
7.604980468750000148e-06,2.013892428792019018e-03,6.410418697951854039e-01,1.147107718411257249e+00,1.653173567027329094e+00,2.665305264259473006e+00,4.689568658723760386e+00,8.738095447652336034e+00,1.683514902550948378e+01,3.302925618122378637e+01
7.609049479166666366e-06,8.473734527996157340e-04,2.697273473158114387e-01,-1.015871751618662444e-01,-4.729016976395439276e-01,-1.215530742594899127e+00,-2.700788832505609971e+00,-5.671305012327031214e+00,-1.161233737196987370e+01,-2.349440209125555867e+01
7.613118489583333432e-06,8.792769673533484820e-04,2.798825514022730276e-01,2.900377554870957053e-01,3.001929595719184385e-01,3.205033677415638493e-01,3.611241840808546710e-01,4.423658167594363699e-01,6.048490821165998232e-01,9.298156128309265078e-01
7.617187499999999650e-06,-2.153366592096972454e-04,-6.854378748423645140e-02,-4.169701263681639403e-01,-7.653964652520913736e-01,-1.462249143019946240e+00,-2.855954498555655974e+00,-5.643365209627075885e+00,-1.121818663176991571e+01,-2.236782947605559357e+01
7.621256510416666716e-06,8.021980328010158701e-05,2.553475645177521666e-02,1.196133003803479256e-01,2.136918443089206310e-01,4.018489321660660418e-01,7.781631078803569190e-01,1.530791459308938451e+00,3.036048162166101960e+00,6.046561567880428534e+00
7.625325520833332934e-06,4.476816151566254121e-04,1.425014839670810107e-01,2.594682114894039104e-01,3.764349390117268102e-01,6.103683940563726651e-01,1.078235304145664264e+00,2.013969124324247684e+00,3.885436764681414079e+00,7.628372045395747314e+00
7.629394531250000000e-06,1.198638624032355438e-03,3.815385239912345572e-01,6.205755640135548479e-01,8.596126040358751386e-01,1.337686684080515720e+00,2.293834844169796661e+00,4.206131164348358986e+00,8.030723804705484525e+00,1.567990908541973205e+01
7.633463541666666219e-06,1.519618970888814147e-04,4.837097416663475868e-02,-2.847965756547933269e-01,-6.179641254762213709e-01,-1.284299225119077459e+00,-2.616969424404789635e+00,-5.282309822976213987e+00,-1.061299062011906358e+01,-2.127435221440476099e+01
7.637532552083334131e-06,-1.996297853139594736e-04,-6.354413424218101347e-02,-1.754592426573600983e-01,-2.873743510725391692e-01,-5.112045679028973666e-01,-9.588650015636137613e-01,-1.854185868885046329e+00,-3.644827603527911908e+00,-7.226111072813642622e+00
7.641601562500000350e-06,1.222443818264196125e-03,3.891159526577547823e-01,8.417760395550754060e-01,1.294436126452396030e+00,2.199756300247037277e+00,4.010396647836319772e+00,7.631677343014885651e+00,1.487423873337201563e+01,2.935936151408627737e+01
7.645670572916666568e-06,1.637842529774502509e-03,5.213414692394937600e-01,6.535669858243138286e-01,7.857925024091338972e-01,1.050243535578774035e+00,1.579145601918054531e+00,2.636949734596615080e+00,4.752557999953737067e+00,8.983774530667979263e+00
7.649739583333332787e-06,1.406093096392169173e-03,4.475733334764052107e-01,3.738051977174757234e-01,3.000370619585462362e-01,1.525007904406872339e-01,-1.425717525950307152e-01,-7.327168386664666411e-01,-1.913007010809338437e+00,-4.273587355095082252e+00
7.653808593750000699e-06,1.845460257740683119e-03,5.874282445981459100e-01,7.272831557142189762e-01,8.671380668302920425e-01,1.146847889062438286e+00,1.706267533526730773e+00,2.825106822455315747e+00,5.062785400312485251e+00,9.538142556026825147e+00
7.657877604166666918e-06,1.350057876436494553e-03,4.297367689900307153e-01,2.720452933873512835e-01,1.143538177846717685e-01,-2.010291334206872060e-01,-8.317950358314051273e-01,-2.093326840652840914e+00,-4.616390450295712711e+00,-9.662517669581456303e+00
7.661946614583333136e-06,1.142276892878157923e-03,3.635980277624205059e-01,2.974592865347418513e-01,2.313205453070631412e-01,9.904306285170577651e-02,-1.655119020590089807e-01,-6.946218318804384673e-01,-1.752841691523297607e+00,-3.869281410809015664e+00
7.666015624999999355e-06,3.019751042842244715e-03,9.612166107504981349e-01,1.558835193741570757e+00,2.156453776732643490e+00,3.351690942714788957e+00,5.742165274679079445e+00,1.052311393860766131e+01,2.008501126646482504e+01,3.920880592217915250e+01
7.670084635416667267e-06,1.637516018575979615e-03,5.212375374970541486e-01,8.125846423812589647e-02,-3.587206090208023834e-01,-1.238678755538658915e+00,-2.998595048574371980e+00,-6.518427634645798108e+00,-1.355809280678865036e+01,-2.763742315107435488e+01
7.674153645833333486e-06,1.046239838061069349e-03,3.330284837741666060e-01,1.448194300464883122e-01,-4.338962368118996771e-02,-4.198077311365465136e-01,-1.172643946047259744e+00,-2.678316375868685650e+00,-5.689661235511538351e+00,-1.171235095479724286e+01
7.678222656249999705e-06,1.054174902776594536e-03,3.355542933206264178e-01,3.380801028741983183e-01,3.406059124277702743e-01,3.456575315349140753e-01,3.557607697492016774e-01,3.759672461777769925e-01,4.163801990349275117e-01,4.972061047492286057e-01
7.682291666666665923e-06,1.301794465618399954e-03,4.143740481856815205e-01,4.931938030517526439e-01,5.720135579178237117e-01,7.296530676499659585e-01,1.044932087114250230e+00,1.675490126042819217e+00,2.936606203899956746e+00,5.458838359614231805e+00
7.686360677083333836e-06,-1.283774582674368503e-04,-4.086381412967216020e-02,-4.961016764510998156e-01,-9.513395387725275265e-01,-1.861815263415382837e+00,-3.682766712701093237e+00,-7.324669611272514480e+00,-1.460847540841535697e+01,-2.917608700270104194e+01
7.690429687500000054e-06,2.084654989047862728e-03,6.635662922962966004e-01,1.367996398724869556e+00,2.072426505153442289e+00,3.481286718010588199e+00,6.299007143724879576e+00,1.193444799515346233e+01,2.320532969801062961e+01,4.574709310372495707e+01
7.694498697916666273e-06,-1.364757786319614752e-04,-4.344158956318387027e-02,-7.504494714158637114e-01,-1.457457353268543532e+00,-2.871473116973903394e+00,-5.699504644384622232e+00,-1.135556769920606079e+01,-2.266769380884893792e+01,-4.529194602813469572e+01
7.698567708333332491e-06,-4.401305614294415136e-04,-1.400979089146134338e-01,-2.367542282672909226e-01,-3.334105476199684115e-01,-5.267231863253233337e-01,-9.133484637360332892e-01,-1.686599018557453089e+00,-3.233100128200292911e+00,-6.326102347485972111e+00
7.702636718750000404e-06,7.182900942410697098e-04,2.286388381448191953e-01,5.973755851983898468e-01,9.661123322519605816e-01,1.703585826359101940e+00,3.178532814573384435e+00,6.128426791001950313e+00,1.202821474385908118e+01,2.382779064957334114e+01
7.706705729166666622e-06,7.501936087805916031e-04,2.387940422267573193e-01,2.489492463115800247e-01,2.591044503964027301e-01,2.794148585660481410e-01,3.200356749053390182e-01,4.012773075839207171e-01,5.637605729410840594e-01,8.887271036554108550e-01
7.710774739583332841e-06,-9.675997128510971379e-04,-3.079965544691012913e-01,-8.547871511655275034e-01,-1.401577747861953771e+00,-2.495158941254806084e+00,-4.682321328040511155e+00,-9.056646101611921296e+00,-1.780529564875473980e+01,-3.530259474304038037e+01
7.714843750000000754e-06,-7.918854994102275668e-04,-2.520649831878638003e-01,-1.961334119155428990e-01,-1.402018406432219977e-01,-2.833869809858018465e-02,1.953875869907034102e-01,6.428401571692706762e-01,1.537745297526404986e+00,3.327555578240673828e+00
7.718912760416666972e-06,1.924484393924785763e-03,6.125824083926799668e-01,1.477229799977501923e+00,2.341877191562323990e+00,4.071171974731968568e+00,7.529761541071255948e+00,1.444694067374983248e+01,2.828129893910698556e+01,5.595001546982128815e+01
7.722981770833333191e-06,-5.363308718528969621e-04,-1.707194187763488580e-01,-9.540212459415257085e-01,-1.737323073106702420e+00,-3.303926727437056066e+00,-6.437134036097763357e+00,-1.270354865341917794e+01,-2.523637788806200888e+01,-5.030203635734766721e+01
7.727050781249999409e-06,1.906576871988363564e-04,6.068822671232636939e-02,2.920958722033980548e-01,5.235035176944697888e-01,9.863188086766131457e-01,1.911949390640899971e+00,3.763210554569473398e+00,7.465732882426620698e+00,1.487077753814091530e+01
7.731119791666667322e-06,7.258986477864937115e-04,2.310607159578863812e-01,4.014332051989582539e-01,5.718056944400301544e-01,9.125506729221739555e-01,1.594040629886461558e+00,2.957020543815036540e+00,5.682980371672186948e+00,1.113490002738648776e+01
7.735188802083333540e-06,-9.679262240496200320e-04,-3.081004862115408471e-01,-8.472616883767184470e-01,-1.386422890541896047e+00,-2.464745294872251247e+00,-4.621390103532961646e+00,-8.934679720854383334e+00,-1.756125895549722671e+01,-3.481441742478290990e+01
7.739257812499999759e-06,-1.798886902676599675e-03,-5.726034852485002435e-01,-8.371064842886798418e-01,-1.101609483328859662e+00,-1.630615481409218859e+00,-2.688627477569937696e+00,-4.804651469891375370e+00,-9.036699454534250719e+00,-1.750079542382000142e+01
7.743326822916665977e-06,1.588599585375050083e-03,5.056669532123493349e-01,1.583937391672171735e+00,2.662207830131994246e+00,4.818748707051638824e+00,9.131830460890927981e+00,1.775799396856950807e+01,3.501032098392666825e+01,6.951497501464098150e+01
7.747395833333333890e-06,-5.126889332132122945e-04,-1.631939559787866645e-01,-8.320548651752147640e-01,-1.500915774371642808e+00,-2.838637592764498674e+00,-5.514081229550210850e+00,-1.086496850312163609e+01,-2.156674305026448479e+01,-4.297029214455017865e+01
7.751464843750000108e-06,-1.127933563566330122e-03,-3.590324042416759842e-01,-5.548708525006028625e-01,-7.507093007595296852e-01,-1.142386197277383442e+00,-1.925739990313090955e+00,-3.492447576384505759e+00,-6.625862748527335810e+00,-1.289269309281299591e+01
7.755533854166666327e-06,3.900138392367580309e-04,1.241452607775556938e-01,6.073229257998751240e-01,1.090500590822194527e+00,2.056855920866833554e+00,3.989566580956111608e+00,7.854987901134666828e+00,1.558583054149177904e+01,3.104751582220600170e+01
7.759602864583332545e-06,-6.806313375165018442e-04,-2.166516835779989381e-01,-5.574486279306778425e-01,-8.982455722833566636e-01,-1.579839460988714306e+00,-2.943027238399429812e+00,-5.669402793220861270e+00,-1.112215390286372241e+01,-2.202765612214944824e+01
7.763671875000000458e-06,4.635722154944232898e-05,1.475596191519975772e-02,2.461636074062714397e-01,4.775712528973431459e-01,9.403865438794865028e-01,1.866017125843773217e+00,3.717278289772346866e+00,7.419800617629493722e+00,1.482484527334378832e+01
7.767740885416666677e-06,-9.763510555842458416e-04,-3.107821933784452040e-01,-6.363203486686224153e-01,-9.618585039587996821e-01,-1.612934814539154216e+00,-2.915087435699863505e+00,-5.519392678021281640e+00,-1.072800316266411791e+01,-2.114522413194978867e+01
7.771809895833332895e-06,2.779433993254087909e-04,8.847213180480675843e-02,4.877264569833784646e-01,8.869807821619500876e-01,1.685489432519093445e+00,3.282506733233380380e+00,6.476541334661953364e+00,1.286461053751910022e+01,2.564074894323339393e+01
7.775878906250000808e-06,-1.934905321405722134e-04,-6.158994926330663838e-02,-2.116520303347331211e-01,-3.617141114061596108e-01,-6.618382735490124791e-01,-1.262086597834718438e+00,-2.462583246406130133e+00,-4.863576543548953524e+00,-9.665563137834601193e+00
7.779947916666667026e-06,1.739712797501624664e-04,5.537677825652262409e-02,1.723435057788455238e-01,2.893102333011684513e-01,5.232436883458142507e-01,9.911105984351058495e-01,1.926844418613689047e+00,3.798312058970855443e+00,7.541247339685188678e+00
7.784016927083333245e-06,-2.974626517300293926e-04,-9.468530281611423072e-02,-2.447473838875406926e-01,-3.948094649589671823e-01,-6.949336271018201616e-01,-1.295181951387526009e+00,-2.495678599958937927e+00,-4.896671897101761317e+00,-9.698658491387408986e+00
7.788085937499999463e-06,-1.248265579420149152e-03,-3.973352745123712171e-01,-6.999852462087983174e-01,-1.002635217905225362e+00,-1.607935161298079452e+00,-2.818535048083787853e+00,-5.239734821655204655e+00,-1.008213436879803737e+01,-1.976693346308370280e+01
7.792154947916667376e-06,-6.587647393985207600e-05,-2.096913292198376855e-02,3.553970086628376879e-01,7.317631502476591443e-01,1.484495433417302168e+00,2.989959999756587994e+00,6.000889132435159645e+00,1.202274739779230295e+01,2.406646392850658955e+01
7.796223958333333594e-06,8.288912337803822084e-04,2.638442742833753130e-01,5.486576814931959367e-01,8.334710887030166715e-01,1.403097903122658030e+00,2.542351531961940747e+00,4.820858789640506181e+00,9.377873304997637049e+00,1.849190233571189879e+01
7.800292968749999813e-06,-5.000634449459084863e-05,-1.591751382454064181e-02,-2.956793019272175305e-01,-5.754410900298944087e-01,-1.134964666235248165e+00,-2.254011818645955678e+00,-4.492106123467370260e+00,-8.968294733110200312e+00,-1.792067195239586042e+01
7.804361979166666032e-06,1.496763187276428653e-04,4.764345197860477693e-02,1.112044177821764901e-01,1.747653835857481963e-01,3.018873151928915810e-01,5.561311784071784059e-01,1.064618904835751945e+00,2.081594357692899244e+00,4.115545263407193843e+00
7.808430989583333944e-06,3.014220823303048746e-04,9.594562871984053942e-02,1.442478054609128424e-01,1.925499822019851592e-01,2.891543356841297374e-01,4.823630426484190048e-01,8.687804565769974285e-01,1.641615284434154276e+00,3.187284940148468415e+00
7.812500000000000163e-06,-1.272560540428457898e-03,-4.050686007857656201e-01,-9.060828302946937196e-01,-1.407097059803621653e+00,-2.409125518821477741e+00,-4.413182436857190361e+00,-8.421296272928614712e+00,-1.643752394507146519e+01,-3.246997928935716260e+01
7.816569010416666381e-06,3.172922118181986662e-04,1.009972478308540228e-01,6.070630964469259094e-01,1.113128945062997754e+00,2.125260642295141444e+00,4.149524036759428824e+00,8.198050825688003584e+00,1.629510440354515310e+01,3.248921155925945214e+01
7.820638020833332600e-06,6.607855738991474936e-04,2.103345808197284450e-01,3.196719138107983471e-01,4.290092468018682492e-01,6.476839127840080534e-01,1.085033244748287551e+00,1.959731908676846768e+00,3.709129236533965202e+00,7.207923892248201625e+00
7.824707031250000512e-06,-1.488439844308686588e-03,-4.737851174333171933e-01,-1.157904815692246903e+00,-1.842024513951176390e+00,-3.210263910469035586e+00,-5.946742703504754424e+00,-1.141970028957619121e+01,-2.236561546171906656e+01,-4.425744580600481726e+01
7.828776041666666731e-06,-5.217667871590947470e-04,-1.660835266350935979e-01,1.416180641684773034e-01,4.493196549720481769e-01,1.064722836579189869e+00,2.295529199793473474e+00,4.757141926222040240e+00,9.680367379079175549e+00,1.952681828479344261e+01
7.832845052083332949e-06,2.146666206556346879e-03,6.833050758835405025e-01,1.532693678405860904e+00,2.382082280928181195e+00,4.080859485972822220e+00,7.478413896062104271e+00,1.427352271624066837e+01,2.786374035659779480e+01,5.504417563731205121e+01
7.836914062499999168e-06,6.685573830225166603e-04,2.128084244972302530e-01,-2.576882268866990122e-01,-7.281848782706282774e-01,-1.669178181038486919e+00,-3.551164786574203980e+00,-7.315137997645638102e+00,-1.484308441978850546e+01,-2.989897726407424372e+01
7.840983072916667080e-06,7.723662470198178198e-04,2.458518121810797930e-01,2.788951998596505000e-01,3.119385875382211792e-01,3.780253628953625933e-01,5.101989136096454214e-01,7.745460150382109665e-01,1.303240217895342168e+00,2.360628623609604571e+00
7.845052083333333299e-06,1.043954259685619945e-03,3.323009615816131523e-01,4.187501109789328324e-01,5.051992603762525125e-01,6.780975591708919836e-01,1.023894156760170704e+00,1.715487351938728366e+00,3.098673742295843248e+00,5.865046523010073898e+00
7.849121093749999518e-06,-1.249081857423561814e-03,-3.975951038707318252e-01,-1.127491169317159647e+00,-1.857387234763587580e+00,-3.317179365656443224e+00,-6.236763627442154956e+00,-1.207593215101357664e+01,-2.375426919815642179e+01,-4.711094329244211565e+01
7.853190104166667430e-06,-6.179670975825501955e-04,-1.967050364968290221e-01,4.185030869243868898e-03,2.050750982353167773e-01,6.068552329674625767e-01,1.410415502431754176e+00,3.017536041360337151e+00,6.231777119217503547e+00,1.266025927493183723e+01
7.857259114583333649e-06,3.487059595812525004e-04,1.109965543059179965e-01,4.186981451094888840e-01,7.263997359130597298e-01,1.341802917520201532e+00,2.572609280734484916e+00,5.034222007163052126e+00,9.957447460020185659e+00,1.980389836573445450e+01
7.861328124999999867e-06,-6.500338677426498180e-04,-2.069122064567721075e-01,-5.248209672157008177e-01,-8.427297279746294167e-01,-1.478547249492486726e+00,-2.750182292528201344e+00,-5.293452378599631025e+00,-1.037999255074248950e+01,-2.055307289502820822e+01
7.865397135416666086e-06,-5.701934535835562201e-04,-1.814982133129243169e-01,-1.560842201656022221e-01,-1.306702270182800996e-01,-7.984224072363589608e-02,2.181373186565254557e-02,2.251256770442294219e-01,6.317495674013831053e-01,1.444997348115690583e+00
7.869466145833333998e-06,-6.101952884449701742e-04,-1.942311928148037770e-01,-2.069641723237312658e-01,-2.196971518326587547e-01,-2.451631108505137324e-01,-2.960950288862236879e-01,-3.979588649576435988e-01,-6.016865371004833651e-01,-1.009141881386163009e+00
7.873535156250000217e-06,-2.701742826616282400e-05,-8.599914516381017976e-03,1.770313637871902823e-01,3.626626420907615445e-01,7.339251986979041797e-01,1.476450311912189228e+00,2.961500538340759547e+00,5.931600991197900186e+00,1.187180189691218146e+01
7.877604166666666435e-06,-1.888621448770777533e-03,-6.011668784024920553e-01,-1.193733842286420987e+00,-1.786300806170349809e+00,-2.971434733938207451e+00,-5.341702589473922735e+00,-1.008223830054535419e+01,-1.956330972268821711e+01,-3.852545256697393938e+01
7.881673177083332654e-06,6.360008461001598334e-04,2.024453569349364546e-01,1.006057592269758771e+00,1.809669827604581060e+00,3.416894298274225417e+00,6.631343239613514129e+00,1.306024112229209244e+01,2.591803688764924729e+01,5.163362841836356409e+01
7.885742187500000566e-06,3.323460633168906497e-04,1.057890375880303629e-01,9.132718235352877550e-03,-8.752360111732460091e-02,-2.808362398226795786e-01,-6.674615172333895341e-01,-1.440712072054809445e+00,-2.987213181697649045e+00,-6.080215400983328244e+00
7.889811197916666785e-06,5.559971763489102159e-04,1.769793979221306046e-01,2.481697582569531157e-01,3.193601185917756546e-01,4.617408392614206214e-01,7.465022806007106659e-01,1.316025163279290755e+00,2.455070928636450933e+00,4.733162459350770845e+00
7.893880208333333004e-06,-8.502062977555624457e-04,-2.706290698713151310e-01,-7.182375376614942297e-01,-1.165846005451673273e+00,-2.061062941032031581e+00,-3.851496812192747754e+00,-7.432364554514180099e+00,-1.459410003915704479e+01,-2.891757100844277417e+01
7.897949218749999222e-06,1.554573748038023950e-03,4.948361928022922962e-01,1.260301455480862698e+00,2.025766718159433211e+00,3.556697243516574236e+00,6.618558294230855843e+00,1.274228039565941906e+01,2.498972459851654548e+01,4.948461300423080189e+01
7.902018229166667135e-06,-6.186201199795959838e-04,-1.969128999817081338e-01,-8.886619927718863998e-01,-1.580411085562064555e+00,-2.963909271142421087e+00,-5.730905642303134151e+00,-1.126489838462456028e+01,-2.233288386926741254e+01,-4.446885483855311350e+01
7.906087239583333353e-06,-1.066085601650001990e-03,-3.393455865233901414e-01,-4.817782730635680188e-01,-6.242109596037459518e-01,-9.090763326841017067e-01,-1.478807078844813105e+00,-2.618268571166236125e+00,-4.897191555809082608e+00,-9.455037525094773798e+00
7.910156249999999572e-06,1.170915295475083440e-03,3.727139144335334664e-01,1.084773415393354812e+00,1.796832916353176435e+00,3.220951918272819459e+00,6.069189922112105506e+00,1.176566592979067671e+01,2.315861794514782090e+01,4.594452197586210929e+01
7.914225260416667484e-06,3.399546168481037967e-04,1.082109153965740977e-01,-1.562920836436055838e-01,-4.207950826837852376e-01,-9.498010807641446007e-01,-2.007813076924863438e+00,-4.123837069246301112e+00,-8.355885053889176461e+00,-1.681998102317492538e+01
7.918294270833333703e-06,-2.033846640614456192e-04,-6.473934926892725705e-02,-2.376896139341039271e-01,-4.106398785992805833e-01,-7.565404079296339512e-01,-1.448341466590340687e+00,-2.831943583911753937e+00,-5.599147818554580880e+00,-1.113355628784023388e+01
7.922363281249999921e-06,4.756669953707159948e-04,1.514095071578382967e-01,3.675583635864083654e-01,5.837072200149784340e-01,1.016004932872118571e+00,1.880600358586399068e+00,3.609791210014959617e+00,7.068172912872080715e+00,1.398493631858632469e+01
7.926432291666666140e-06,-6.767228553883342101e-05,-2.154075750766305114e-02,-1.944910221728397282e-01,-3.674412868380164121e-01,-7.133418161683697800e-01,-1.405142874829076405e+00,-2.788744992150489654e+00,-5.555949226793316598e+00,-1.109035769607896960e+01
7.930501302083334053e-06,-1.905307856205240569e-03,-6.064783268537723426e-01,-1.191415896206450498e+00,-1.776353465559128431e+00,-2.946228604264484741e+00,-5.285978881675196916e+00,-9.965479436496620380e+00,-1.932448054613946908e+01,-3.804248276542517004e+01
7.934570312500000271e-06,1.159769926175613364e-04,3.691662332003427943e-02,6.803115734986073804e-01,1.323706523677180336e+00,2.610496424034326690e+00,5.184076224748618955e+00,1.033123582617720260e+01,2.062555502903437343e+01,4.121419343474870800e+01
7.938639322916666490e-06,1.202492298830293294e-03,3.827651867775554995e-01,7.286137502373759567e-01,1.074462313697196469e+00,1.766159440616837495e+00,3.149553694456119324e+00,5.916342202134683426e+00,1.144991921749181074e+01,2.251707324820606715e+01
7.942708333333332708e-06,-1.196357678168169514e-05,-3.808124763728141463e-03,-3.903814363039052049e-01,-7.769547478440822497e-01,-1.550101370924436450e+00,-3.096394617085144407e+00,-6.188981109406561210e+00,-1.237415409404939481e+01,-2.474450006333506025e+01
7.946777343750000621e-06,1.002646380015903560e-03,3.191522551054520318e-01,6.421126349715222670e-01,9.650730148375925577e-01,1.610993774569733139e+00,2.902835294034014080e+00,5.486518332962576849e+00,1.065388441081970150e+01,2.098861656653394903e+01
7.950846354166666839e-06,1.010581444745639601e-03,3.216780646564352808e-01,3.242038742100072368e-01,3.267296837635791373e-01,3.317813028707229384e-01,3.418845410850105959e-01,3.620910175135858555e-01,4.025039703707363747e-01,4.833298760850374687e-01
7.954915364583333058e-06,-1.618012969686333236e-03,-5.150295242247538985e-01,-1.351737113108681942e+00,-2.188444701992609875e+00,-3.861859879760466185e+00,-7.208690235296177917e+00,-1.390235094636760316e+01,-2.728967236851045186e+01,-5.406431521279614572e+01
7.958984374999999276e-06,6.908932768823206061e-04,2.199181603295576604e-01,9.548658448831293111e-01,1.689813529436700934e+00,3.159708898543844402e+00,6.099499636758131338e+00,1.197908111318670343e+01,2.373824406604385118e+01,4.725656997175814666e+01
7.963053385416667189e-06,1.393913386152689782e-03,4.436964112963249773e-01,6.674746622561480436e-01,8.912529132159712209e-01,1.338809415135617353e+00,2.233922418974909618e+00,4.024148426653494148e+00,7.604600442010664096e+00,1.476550447272500399e+01
7.967122395833333407e-06,-4.916590841759216346e-04,-1.564999471252643826e-01,-7.566963055404418714e-01,-1.356892663955619360e+00,-2.557285380785974116e+00,-4.958070814446683627e+00,-9.759641681768103538e+00,-1.936278341641094158e+01,-3.856906688569662123e+01
7.971191406249999626e-06,-1.921831008090180148e-03,-6.117378094496649377e-01,-1.066975671771092538e+00,-1.522213534092520248e+00,-2.432689258735375670e+00,-4.253640708021086070e+00,-7.895543606592507757e+00,-1.517934940373534936e+01,-2.974696099802103433e+01
7.975260416666665844e-06,2.040898275410540919e-03,6.496380977586240224e-01,1.911014004968445867e+00,3.172389912178267490e+00,5.695141726597911180e+00,1.074064535543719856e+01,2.083165261311577154e+01,4.101366712847292462e+01,8.137769615918722366e+01
7.979329427083333757e-06,-2.042009420506474271e-04,-6.499917862276442804e-02,-7.796364550066928745e-01,-1.494273731390621363e+00,-2.923548284158478339e+00,-5.782097389694191847e+00,-1.149919560076561886e+01,-2.293339202290847467e+01,-4.580178486719418629e+01
7.983398437499999976e-06,-3.161081263698406474e-04,-1.006203417265553041e-01,-1.362415048292330011e-01,-1.718626679319106842e-01,-2.431049941372660506e-01,-3.855896465479767832e-01,-6.705589513693982484e-01,-1.240497561012241290e+00,-2.380374780297927373e+00
7.987467447916666194e-06,1.951643843938200007e-04,6.212275298352642333e-02,2.248658476933475259e-01,3.876089424031686215e-01,7.130951318228108127e-01,1.364067510662095195e+00,2.666012268340663738e+00,5.269901783697801712e+00,1.047768081441207677e+01
7.991536458333334107e-06,-3.961117961210902649e-04,-1.260863007393611401e-01,-3.142953544670394339e-01,-5.025044081947177554e-01,-8.789225156500742875e-01,-1.631758730560787463e+00,-3.137431160382213591e+00,-6.148776020025065847e+00,-1.217146573931077036e+01
7.995605468750000325e-06,-3.881767313913542239e-04,-1.235604911883778495e-01,-1.210346816348059490e-01,-1.185088720812340346e-01,-1.134572529740902197e-01,-1.033540147598025760e-01,-8.314753833122730253e-02,-4.273458547407676250e-02,3.809132024022433144e-02
7.999674479166666544e-06,1.633108117445658536e-03,5.198344589899522861e-01,1.163229409168525352e+00,1.806624359347098308e+00,3.093414259704244440e+00,5.666994060418536705e+00,1.081415366184712212e+01,2.110847286470428941e+01,4.169711127041863108e+01
8.003743489583332762e-06,-5.880226502199548122e-04,-1.871734228650047960e-01,-8.941813047176846441e-01,-1.601189186570364464e+00,-3.015204950275724105e+00,-5.843236477686443386e+00,-1.149929953250788195e+01,-2.281142564215075907e+01,-4.543567786143651688e+01
8.007812500000000675e-06,-4.123084367932960959e-04,-1.312418515882907422e-01,-7.531028031596984085e-02,-1.937870904364893607e-02,9.248443350099286309e-02,3.162107185902764961e-01,7.636632887688437066e-01,1.658568429125978128e+00,3.448378709840246970e+00
8.011881510416666893e-06,-1.407204241417048252e-04,-4.479270219228081301e-02,4.165644720503888093e-02,1.281055966023585679e-01,3.010038953969979558e-01,6.468004929862767316e-01,1.338393688164834394e+00,2.721580078521949275e+00,5.487952859236179926e+00
8.015950520833333112e-06,-1.427081649197248225e-03,-4.542541973309524028e-01,-8.637156924648796696e-01,-1.273177187598806936e+00,-2.092100177866661248e+00,-3.729946158402370315e+00,-7.005638119473788450e+00,-1.355702204161662472e+01,-2.665978988590229548e+01
8.020019531249999331e-06,-1.083588287102088543e-03,-3.449168643375545296e-01,-2.355795313464846275e-01,-1.262421983554147253e-01,9.243246762672505112e-02,5.297817995910046873e-01,1.404480463519563793e+00,3.153877791376682005e+00,6.652672447090918872e+00
8.024088541666667243e-06,6.740436138130689869e-04,2.145547459957489467e-01,7.740263563305698202e-01,1.333497966665390777e+00,2.452441187335032247e+00,4.690327628674316074e+00,9.166100511352883728e+00,1.811764627671001548e+01,3.602073780742428255e+01
8.028157552083333462e-06,7.299155781765875872e-04,2.323393446131653828e-01,2.501239432292367004e-01,2.679085418453079903e-01,3.034777390774505701e-01,3.746161335417358407e-01,5.168929224703062708e-01,8.014465003274471311e-01,1.370553656041728852e+00
8.032226562499999680e-06,-9.399408438213185946e-04,-2.991924630162601240e-01,-8.307242706501891671e-01,-1.362256078284118210e+00,-2.425319693551976297e+00,-4.551446924087692913e+00,-8.803701385159124371e+00,-1.730821030730199084e+01,-3.431722815158772022e+01
8.036295572916665899e-06,1.512776101591839506e-03,4.815315887192569977e-01,1.262255640460329120e+00,2.042979692201400965e+00,3.604427795683545099e+00,6.727324002647833368e+00,1.297311641657640990e+01,2.546470124443356298e+01,5.044787090014786912e+01
8.040364583333333811e-06,-3.723807134292655974e-05,-1.185324625087083063e-02,-5.052380812285480749e-01,-9.986229162062253417e-01,-1.985392586161579764e+00,-3.958931926072288832e+00,-7.906010605893706966e+00,-1.580016796553654324e+01,-3.158848268482221400e+01
8.044433593750000030e-06,9.053924243573874264e-05,2.881953595488663186e-02,6.949231816470813339e-02,1.101651003745296453e-01,1.915106647941726414e-01,3.542017936334586614e-01,6.795840513120307014e-01,1.330348566669174781e+00,2.631877597383462941e+00
8.048502604166666248e-06,4.340326045166875701e-04,1.381568689437610575e-01,2.474942019348309596e-01,3.568315349259008618e-01,5.755062009080406105e-01,1.012855532872320108e+00,1.887554196800879325e+00,3.636951524657997759e+00,7.135746180372234626e+00
8.052571614583334161e-06,5.618099183237745819e-04,1.788296511585654447e-01,2.195024333683869289e-01,2.601752155782084408e-01,3.415207799978514647e-01,5.042119088371375124e-01,8.295941665157094969e-01,1.480358681872853577e+00,2.781887712587141959e+00
8.056640625000000379e-06,-2.931192101414126228e-04,-9.330274241839567329e-02,-3.654351359898239671e-01,-6.375675295612521776e-01,-1.181832316704108710e+00,-2.270361890989821774e+00,-4.447421039561247902e+00,-8.801539336704101046e+00,-1.750977593098980378e+01
8.060709635416666598e-06,6.975222968463867801e-04,2.220282429198296437e-01,5.373592282546513221e-01,8.526902135894730561e-01,1.483352184259116413e+00,2.744676125598403349e+00,5.267324008276976777e+00,1.031261977363412363e+01,2.040321130434841734e+01
8.064778645833332817e-06,2.500568151617699186e-04,7.959555637362417113e-02,-6.283713016655370631e-02,-2.052698167067315838e-01,-4.901351897870873664e-01,-1.059865935947798876e+00,-2.199327428269222118e+00,-4.478250412912068157e+00,-9.036096382197760235e+00
8.068847656250000729e-06,-1.587578755504637229e-03,-5.053420129724851551e-01,-1.090279582325163199e+00,-1.675217151677841354e+00,-2.845092290383197220e+00,-5.184842567793909396e+00,-9.864343122615334636e+00,-1.922334423225818156e+01,-3.794134645154387897e+01
8.072916666666666948e-06,8.172012903031600217e-04,2.601232497056457649e-01,1.025588512384216111e+00,1.791053775062786624e+00,3.321984300419927649e+00,6.383845351134209700e+00,1.250756745256277291e+01,2.475501165541989934e+01,4.924990006113415575e+01
8.076985677083333166e-06,1.616095198784250897e-03,5.144190787871855131e-01,7.687149078720073581e-01,1.023010736956829314e+00,1.531602395126473004e+00,2.548785711465760606e+00,4.583152344144335366e+00,8.651885609501485774e+00,1.678935214021578659e+01
8.081054687499999385e-06,-1.252183713774002172e-03,-3.985824554125989572e-01,-1.311583989609026224e+00,-2.224585523805453491e+00,-4.050588592198307580e+00,-7.702594728984016648e+00,-1.500660700255543389e+01,-2.961463154969827016e+01,-5.883068064398393915e+01
8.085123697916667297e-06,-2.274891990879268633e-03,-7.241206106971970202e-01,-1.049658765987374176e+00,-1.375196921277551443e+00,-2.026273231857905976e+00,-3.328425853018615044e+00,-5.932731095340033178e+00,-1.114134157998286945e+01,-2.155856254926854376e+01
8.089192708333333516e-06,5.373517017090989611e-04,1.710443590116895451e-01,1.066209328721510419e+00,1.961374298431331153e+00,3.751704237850972845e+00,7.332364116690256672e+00,1.449368387436882344e+01,2.881632338972595520e+01,5.746160242044022226e+01
8.093261718749999734e-06,-8.209148727758019959e-04,-2.613053197198465516e-01,-6.936549984475239850e-01,-1.126004677175201474e+00,-1.990704034630556452e+00,-3.720102749541266185e+00,-7.178900179362686096e+00,-1.409649503900552503e+01,-2.793168475829120467e+01
8.097330729166665953e-06,-3.336108118219272001e-04,-1.061916195407196645e-01,4.892208063785283972e-02,2.040357808164253439e-01,5.142631811735703939e-01,1.134717981887860327e+00,2.375627583316440194e+00,4.857446786173600373e+00,9.821085191887920729e+00
8.101399739583333865e-06,6.330622453560863505e-04,2.015099712665508191e-01,5.092115620701217482e-01,8.169131528736925940e-01,1.432316334480834286e+00,2.663122697695118113e+00,5.124735424123684879e+00,1.004796087698081841e+01,1.989441178269508725e+01
8.105468750000000084e-06,1.935293599885312688e-03,6.160230855117124760e-01,1.030536199752783544e+00,1.445049313993854501e+00,2.274075542475996858e+00,3.932127999440281130e+00,7.248232913368849673e+00,1.388044274122598765e+01,2.714486239694026182e+01
8.109537760416666303e-06,-1.843786405487435331e-03,-5.868954408779261112e-01,-1.789813967261852934e+00,-2.992732493645779535e+00,-5.398569546413633624e+00,-1.021024365194934092e+01,-1.983359186302075372e+01,-3.908028828516358288e+01,-7.757368112944924121e+01
8.113606770833332521e-06,6.328989897497194761e-04,2.014580053930693226e-01,9.898114516653899742e-01,1.778164897937710709e+00,3.354871790482351734e+00,6.508285575571634674e+00,1.281511314575019966e+01,2.542876828610733142e+01,5.065607856682159138e+01
8.117675781250000434e-06,1.144171500527590979e-03,3.642011001076744803e-01,5.269441948174955481e-01,6.896872895273167270e-01,1.015173478946958863e+00,1.666145857786243356e+00,2.968090615464812121e+00,5.571980130821949651e+00,1.077975916153622471e+01
8.121744791666666652e-06,-1.172833066377165778e-03,-3.733243598711018518e-01,-1.110849819848780617e+00,-1.848375279826459217e+00,-3.323426199781816415e+00,-6.273528039692530811e+00,-1.217373171951395960e+01,-2.397413907915681719e+01,-4.757495379844253591e+01
8.125813802083332871e-06,-2.387288942003351622e-03,-7.598976714169090041e-01,-1.146470982957086049e+00,-1.533044294497263094e+00,-2.306190917577617405e+00,-3.852484163738325584e+00,-6.945070656059741943e+00,-1.313024364070257555e+01,-2.550058960998823920e+01
8.129882812500000783e-06,-1.132994487093696989e-03,-3.606433462336570139e-01,3.861097894491467841e-02,4.378653041234863430e-01,1.236373954480629811e+00,2.833391255194916525e+00,6.027425856623489508e+00,1.241549505948063725e+01,2.519163346519492919e+01
8.133951822916667002e-06,-8.853749242376807160e-04,-2.818235913640784740e-01,-2.030038364980073506e-01,-1.241840816319362550e-01,3.345542810020594310e-02,3.487344475644903463e-01,9.792924864930591111e-01,2.240408564350196752e+00,4.762640720064472255e+00
8.138020833333333220e-06,1.292350325314828297e-04,4.113678849605478804e-02,3.640971683621250787e-01,6.870575482281953139e-01,1.332978307960335895e+00,2.624819827424616836e+00,5.208502866353179606e+00,1.037586894421030337e+01,2.071060109992455267e+01
8.142089843749999439e-06,1.732784822650046408e-05,5.515625396787362210e-03,-3.010553770589032355e-02,-6.572670080856801711e-02,-1.369690270139233834e-01,-2.794536794246341160e-01,-5.644229842460556368e-01,-1.134361593888898678e+00,-2.274238813174584539e+00
8.146158854166667352e-06,-7.177590311471249152e-04,-2.284697955118292212e-01,-4.624552164270078758e-01,-6.964406373421865304e-01,-1.164411479172543951e+00,-2.100353162833258569e+00,-3.972236530154688250e+00,-7.716003264797547168e+00,-1.520353673408326500e+01
8.150227864583333570e-06,-8.296662154805289902e-04,-2.640909586201435344e-01,-2.997121217228212453e-01,-3.353332848254989007e-01,-4.065756110308543225e-01,-5.490602634415649996e-01,-8.340295682629865759e-01,-1.403968177905829506e+00,-2.543845397191515367e+00
8.154296874999999789e-06,1.609752914930595580e-04,5.124002671355831762e-02,3.665710120483799961e-01,6.819019973832016746e-01,1.312563968052845143e+00,2.573887909392131856e+00,5.096535792070705284e+00,1.014183155742785303e+01,2.023242308814214496e+01
8.158365885416666007e-06,-1.868407877694266972e-03,-5.947326988937600145e-01,-1.240705424496437947e+00,-1.886678150099115658e+00,-3.178623601304471524e+00,-5.762514503715182812e+00,-1.093029630853660628e+01,-2.126585991817945143e+01,-4.193698713746514528e+01
8.162434895833333920e-06,-8.777663707064675691e-04,-2.794017135555347253e-01,3.592927177928696703e-02,3.512602571141086316e-01,9.819222277837520441e-01,2.243246169123038758e+00,4.765894051801612186e+00,9.811189817158759041e+00,1.990178134787305453e+01
8.166503906250000138e-06,-2.945885105134493642e-04,-9.377043525258849099e-02,9.186084305098279890e-02,2.774921213545540888e-01,6.487546779616967241e-01,1.391279791175981773e+00,2.876330017604552314e+00,5.846430470461692508e+00,1.178663137617597378e+01
8.170572916666666357e-06,-1.868571133286422992e-03,-5.947846647627180738e-01,-1.095798894271646118e+00,-1.596813123780574273e+00,-2.598841582798430139e+00,-4.602898500834142759e+00,-8.611012336905567111e+00,-1.662724000904841759e+01,-3.265969535333411500e+01
8.174641927083332575e-06,-8.299927266790518843e-04,-2.641948903625830902e-01,6.639488403474018419e-02,3.969846584320634864e-01,1.058164207226710118e+00,2.380523304816003272e+00,5.025241499994590022e+00,1.031467789035176175e+01,2.089355067106610875e+01
8.178710937500000488e-06,5.681124270893178618e-04,1.808358020063978722e-01,6.258664943724698837e-01,1.070897186738541951e+00,1.960958571470686085e+00,3.741081340934974353e+00,7.301326879863551333e+00,1.442181795772070529e+01,2.866280011343501144e+01
8.182779947916666706e-06,1.007479588409410098e-03,3.206907131190916416e-01,4.605456242351647078e-01,6.004005353512378296e-01,8.801103575833840731e-01,1.439530002047676449e+00,2.558369290976261201e+00,4.796047868833430705e+00,9.271405024547769713e+00
8.186848958333332925e-06,-9.499982313343480200e-04,-3.023938288908387673e-01,-9.254783708997664782e-01,-1.548562912908693967e+00,-2.794731996926549389e+00,-5.287070164962259788e+00,-1.027174650103368059e+01,-2.024109917317652219e+01,-4.017980451746220893e+01
8.190917968750000838e-06,3.522331231948783170e-04,1.121192853543228479e-01,5.266323995953938741e-01,9.411455138364650530e-01,1.770171742318607189e+00,3.428224199282891682e+00,6.744329113211460225e+00,1.337653894106859731e+01,2.664095859678287326e+01
8.194986979166667056e-06,-1.431692580950993943e-04,-4.557219024926884021e-02,-2.032636658519483275e-01,-3.609551414546278147e-01,-6.763380926599867893e-01,-1.307103995070704627e+00,-2.568635799892140525e+00,-5.091699409535012322e+00,-1.013782662882075591e+01
8.199055989583333275e-06,-1.309688234101713533e-03,-4.168867127331662426e-01,-7.882012352108439535e-01,-1.159515757688521553e+00,-1.902144802643876975e+00,-3.387402892554587375e+00,-6.357919072376009062e+00,-1.229895143201885155e+01,-2.418101615130453652e+01
8.203124999999999493e-06,-3.142532938227304840e-05,-1.000299301895946763e-02,3.968807266908629949e-01,8.037644464006854506e-01,1.617531885820330473e+00,3.245066764659620517e+00,6.500136522338200606e+00,1.301027603769536078e+01,2.603055506840967936e+01
8.207194010416667406e-06,4.079418319662408976e-04,1.298519181027812108e-01,2.697068292188543048e-01,4.095617403349274266e-01,6.892715625670736701e-01,1.248691207031366046e+00,2.367530495959950798e+00,4.605209073817120746e+00,9.080566229531459754e+00
8.211263020833333624e-06,-3.750819470695887503e-04,-1.193922918813154072e-01,-3.686365018589934928e-01,-6.178807118366715923e-01,-1.116369131792027680e+00,-2.113345971702739856e+00,-4.107299651524164652e+00,-8.095207011167014244e+00,-1.607102173045271343e+01
8.215332031249999843e-06,1.601590135038577500e-04,5.098019735972116051e-02,2.213526866007930471e-01,3.917251758418649477e-01,7.324701543240087487e-01,1.413960111288296240e+00,2.776940025216871444e+00,5.502899853074022296e+00,1.095481950878832222e+01
8.219401041666666061e-06,8.871475725555910685e-04,2.823878428483964087e-01,5.137954883394680872e-01,7.452031338305398211e-01,1.208018424812683067e+00,2.133649006776969781e+00,3.984910170705543653e+00,7.687432498562690952e+00,1.509247715427698466e+01
8.223470052083333974e-06,-9.984248977303877837e-04,-3.178085155596225841e-01,-9.180048739748000175e-01,-1.518201232389977395e+00,-2.718593949220332373e+00,-5.119379382881041884e+00,-9.920950250202460907e+00,-1.952409198484530251e+01,-3.873037545413097860e+01
8.227539062500000192e-06,-8.466791341419366290e-04,-2.695063388229103074e-01,-2.212041620818379906e-01,-1.729019853407656737e-01,-7.629763185862106778e-02,1.169110751056681580e-01,5.033284890342466511e-01,1.276163316891403499e+00,2.821832972605717416e+00
8.231608072916666411e-06,9.109527667732209011e-04,2.899652715103931966e-01,8.494368818452140424e-01,1.408908492180034999e+00,2.527851712849676691e+00,4.765738154188960074e+00,9.241511036867526840e+00,1.819305680222466037e+01,3.609614833293893099e+01
8.235677083333332630e-06,-2.315977594093965308e-04,-7.371985643802594912e-02,-4.374049843844550201e-01,-8.010901123308841187e-01,-1.528460368223742316e+00,-2.983200880009458711e+00,-5.892681903580891500e+00,-1.171164395072375619e+01,-2.334956804500948735e+01
8.239746093750000542e-06,-7.509685904949492397e-04,-2.390407265680490057e-01,-4.043615967019770774e-01,-5.696824668359051769e-01,-9.003242071037613758e-01,-1.561607687639473552e+00,-2.884174648710898126e+00,-5.529308570853747717e+00,-1.081957641513944601e+01
8.243815104166666761e-06,5.752312138298520949e-04,1.831017822035439779e-01,6.052442909758658507e-01,1.027386799748187807e+00,1.871671817292831497e+00,3.560241852382119099e+00,6.937381922560693859e+00,1.369166206291784427e+01,2.720022234363214508e+01
8.247884114583332979e-06,-4.001341650905487768e-05,-1.273666605482186992e-02,-2.085751143137487551e-01,-4.044135625726756333e-01,-7.960904590905293343e-01,-1.579444252126236847e+00,-3.146151838197651873e+00,-6.279567010340481481e+00,-1.254639735462614247e+01
