adc_word_time_s,dac_register_time_s,i_adc_counts,q_adc_counts,phase_valid,phase_error_rad,frequency_error_hz,dac_phase_only_counts,dac_capture_on_counts
1.220703125000000025e-07,1.912434895833333408e-07,3.708230468750000000e+03,4.753503906250000000e+03,1.000000000000000000e+00,-9.083083740267853257e-01,-1.978125000000000000e+06,-9.474000000000000000e+03,-3.276800000000000000e+04
1.261393229166666711e-07,1.953125000000000094e-07,3.452882812500000000e+03,4.933714843750000000e+03,1.000000000000000000e+00,-9.601760994171685271e-01,-2.028750000000000000e+06,-1.001500000000000000e+04,-3.276800000000000000e+04
1.302083333333333396e-07,1.993815104166666779e-07,3.190628906250000000e+03,5.108773437500000000e+03,1.000000000000000000e+00,-1.012523193803765986e+00,-2.047500000000000000e+06,-1.056100000000000000e+04,-3.276800000000000000e+04
1.342773437500000081e-07,2.034505208333333464e-07,2.939312500000000000e+03,5.272085937500000000e+03,1.000000000000000000e+00,-1.062185821811563624e+00,-1.942500000000000000e+06,-1.107900000000000000e+04,-3.276800000000000000e+04
1.383463541666666766e-07,2.075195312500000149e-07,2.667097656250000000e+03,5.410523437500000000e+03,1.000000000000000000e+00,-1.112807187811789777e+00,-1.980000000000000000e+06,-1.160700000000000000e+04,-3.276800000000000000e+04
1.424153645833333451e-07,2.115885416666666834e-07,2.383886718750000000e+03,5.526632812500000000e+03,1.000000000000000000e+00,-1.163548396061069523e+00,-1.984687500000000000e+06,-1.213700000000000000e+04,-3.276800000000000000e+04
1.464843749999999872e-07,2.156575520833333255e-07,2.098781250000000000e+03,5.658203125000000000e+03,1.000000000000000000e+00,-1.215607869049938561e+00,-2.036250000000000000e+06,-1.268000000000000000e+04,-3.276800000000000000e+04
1.505533854166666557e-07,2.197265624999999940e-07,1.819109375000000000e+03,5.747093750000000000e+03,1.000000000000000000e+00,-1.264263822165686113e+00,-1.903125000000000000e+06,-1.318700000000000000e+04,-3.276800000000000000e+04
1.546223958333333242e-07,2.237955729166666625e-07,1.510191406250000000e+03,5.833406250000000000e+03,1.000000000000000000e+00,-1.317473780745469281e+00,-2.081250000000000000e+06,-1.374200000000000000e+04,-3.276800000000000000e+04
1.586914062499999927e-07,2.278645833333333310e-07,1.206570312500000000e+03,5.912550781250000000e+03,1.000000000000000000e+00,-1.369485316834716970e+00,-2.034375000000000000e+06,-1.428500000000000000e+04,-3.276800000000000000e+04
1.627604166666666612e-07,2.319335937499999995e-07,9.074804687500000000e+02,5.963613281250000000e+03,1.000000000000000000e+00,-1.419795092987403695e+00,-1.967812500000000000e+06,-1.480900000000000000e+04,-3.276800000000000000e+04
1.668294270833333297e-07,2.360026041666666681e-07,6.001289062500000000e+02,6.002039062500000000e+03,1.000000000000000000e+00,-1.471135512481951402e+00,-2.008125000000000000e+06,-1.534500000000000000e+04,-3.276800000000000000e+04
1.708984374999999983e-07,2.400716145833333630e-07,2.902656250000000000e+02,6.027433593750000000e+03,1.000000000000000000e+00,-1.522691648024795175e+00,-2.016562500000000000e+06,-1.588300000000000000e+04,-3.276800000000000000e+04
1.749674479166666668e-07,2.441406250000000051e-07,-1.691015625000000000e+01,6.042171875000000000e+03,1.000000000000000000e+00,-1.573600635422750083e+00,-1.991250000000000000e+06,-1.641400000000000000e+04,-3.276800000000000000e+04
1.790364583333333353e-07,2.482096354166666471e-07,-3.251171875000000000e+02,6.018640625000000000e+03,1.000000000000000000e+00,-1.624773275768622627e+00,-2.001562500000000000e+06,-1.694700000000000000e+04,-3.276800000000000000e+04
1.831054687500000038e-07,2.522786458333333421e-07,-6.332968750000000000e+02,5.996003906250000000e+03,1.000000000000000000e+00,-1.676041789913737867e+00,-2.005312500000000000e+06,-1.748200000000000000e+04,-3.276800000000000000e+04
1.871744791666666723e-07,2.563476562500000371e-07,-9.296093750000000000e+02,5.970109375000000000e+03,1.000000000000000000e+00,-1.725272985824942706e+00,-1.925625000000000000e+06,-1.799600000000000000e+04,-3.276800000000000000e+04
1.912434895833333408e-07,2.604166666666666791e-07,-1.243261718750000000e+03,5.896488281250000000e+03,1.000000000000000000e+00,-1.778602786653779466e+00,-2.085937500000000000e+06,-1.855200000000000000e+04,-3.276800000000000000e+04
1.953125000000000094e-07,2.644856770833333212e-07,-1.544855468750000000e+03,5.832078125000000000e+03,1.000000000000000000e+00,-1.829727490100030662e+00,-1.999687500000000000e+06,-1.908500000000000000e+04,-3.276800000000000000e+04
1.993815104166666779e-07,2.685546875000000162e-07,-1.835191406250000000e+03,5.741218750000000000e+03,1.000000000000000000e+00,-1.880181076951581876e+00,-1.973437500000000000e+06,-1.961100000000000000e+04,-3.276800000000000000e+04
2.034505208333333464e-07,2.726236979166667112e-07,-2.122273437500000000e+03,5.636542968750000000e+03,1.000000000000000000e+00,-1.930898316751050725e+00,-1.983750000000000000e+06,-2.014000000000000000e+04,-3.276800000000000000e+04
2.075195312499999884e-07,2.766927083333333532e-07,-2.409683593750000000e+03,5.518160156250000000e+03,1.000000000000000000e+00,-1.982526357643326964e+00,-2.019375000000000000e+06,-2.067900000000000000e+04,-3.276800000000000000e+04
2.115885416666666570e-07,2.807617187499999953e-07,-2.693664062500000000e+03,5.395410156250000000e+03,1.000000000000000000e+00,-2.033842808688063553e+00,-2.007187500000000000e+06,-2.121400000000000000e+04,-3.276800000000000000e+04
2.156575520833333255e-07,2.848307291666666373e-07,-2.958421875000000000e+03,5.256097656250000000e+03,1.000000000000000000e+00,-2.083457499796240064e+00,-1.940625000000000000e+06,-2.173200000000000000e+04,-3.276800000000000000e+04
2.197265624999999940e-07,2.888997395833333323e-07,-3.226156250000000000e+03,5.093421875000000000e+03,1.000000000000000000e+00,-2.135421098985866184e+00,-2.032500000000000000e+06,-2.227400000000000000e+04,-3.276800000000000000e+04
2.237955729166666625e-07,2.929687500000000273e-07,-3.486859375000000000e+03,4.924542968750000000e+03,1.000000000000000000e+00,-2.186905329179277935e+00,-2.013750000000000000e+06,-2.281100000000000000e+04,-3.276800000000000000e+04
2.278645833333333310e-07,2.970377604166666693e-07,-3.723117187500000000e+03,4.746621093750000000e+03,1.000000000000000000e+00,-2.235944777491996938e+00,-1.918125000000000000e+06,-2.332200000000000000e+04,-3.276800000000000000e+04
2.319335937499999995e-07,3.011067708333333114e-07,-3.965171875000000000e+03,4.530718750000000000e+03,1.000000000000000000e+00,-2.289729978867237392e+00,-2.103750000000000000e+06,-2.388300000000000000e+04,-3.276800000000000000e+04
2.360026041666666681e-07,3.051757812500000064e-07,-4.197921875000000000e+03,4.330460937500000000e+03,1.000000000000000000e+00,-2.340662934715002752e+00,-1.992187500000000000e+06,-2.441400000000000000e+04,-3.276800000000000000e+04
2.400716145833333101e-07,3.092447916666666484e-07,-4.396964843750000000e+03,4.107207031250000000e+03,1.000000000000000000e+00,-2.390253657373368146e+00,-1.939687500000000000e+06,-2.493200000000000000e+04,-3.276800000000000000e+04
2.441406250000000051e-07,3.133138020833333434e-07,-4.606703125000000000e+03,3.880410156250000000e+03,1.000000000000000000e+00,-2.441570108418105178e+00,-2.007187500000000000e+06,-2.546700000000000000e+04,-3.276800000000000000e+04
2.482096354166666471e-07,3.173828124999999854e-07,-4.815640625000000000e+03,3.636464843750000000e+03,1.000000000000000000e+00,-2.494828003897509472e+00,-2.083125000000000000e+06,-2.602200000000000000e+04,-3.276800000000000000e+04
2.522786458333333421e-07,3.214518229166666804e-07,-4.979988281250000000e+03,3.394035156250000000e+03,1.000000000000000000e+00,-2.543364114764203876e+00,-1.898437500000000000e+06,-2.652900000000000000e+04,-3.276800000000000000e+04
2.563476562499999842e-07,3.255208333333333225e-07,-5.147832031250000000e+03,3.127636718750000000e+03,1.000000000000000000e+00,-2.595639303801369202e+00,-2.044687500000000000e+06,-2.707400000000000000e+04,-3.276800000000000000e+04
2.604166666666666791e-07,3.295898437500000174e-07,-5.314058593750000000e+03,2.861382812500000000e+03,1.000000000000000000e+00,-2.647674808340427344e+00,-2.035312500000000000e+06,-2.761700000000000000e+04,-3.276800000000000000e+04
2.644856770833333212e-07,3.336588541666666595e-07,-5.455027343750000000e+03,2.601667968750000000e+03,1.000000000000000000e+00,-2.696570445954282302e+00,-1.912500000000000000e+06,-2.812700000000000000e+04,-3.276800000000000000e+04
2.685546875000000162e-07,3.377278645833333545e-07,-5.561628906250000000e+03,2.309218750000000000e+03,1.000000000000000000e+00,-2.748054676147694053e+00,-2.013750000000000000e+06,-2.866400000000000000e+04,-3.276800000000000000e+04
2.726236979166666582e-07,3.417968749999999965e-07,-5.682972656250000000e+03,2.019074218750000000e+03,1.000000000000000000e+00,-2.800233991385616683e+00,-2.040937500000000000e+06,-2.920800000000000000e+04,-3.276800000000000000e+04
2.766927083333333532e-07,3.458658854166666915e-07,-5.782796875000000000e+03,1.729718750000000000e+03,1.000000000000000000e+00,-2.850951231185085533e+00,-1.983750000000000000e+06,-2.973700000000000000e+04,-3.276800000000000000e+04
2.807617187499999953e-07,3.499348958333333336e-07,-5.845656250000000000e+03,1.433507812500000000e+03,1.000000000000000000e+00,-2.901117196638907991e+00,-1.962187500000000000e+06,-3.026000000000000000e+04,-3.276800000000000000e+04
2.848307291666666902e-07,3.540039062500000285e-07,-5.923300781250000000e+03,1.126167968750000000e+03,1.000000000000000000e+00,-2.953703975523612968e+00,-2.056875000000000000e+06,-3.080900000000000000e+04,-3.276800000000000000e+04
2.888997395833333323e-07,3.580729166666666706e-07,-5.979570312500000000e+03,8.330429687500000000e+02,1.000000000000000000e+00,-3.003174855932924547e+00,-1.935000000000000000e+06,-3.132500000000000000e+04,-3.276800000000000000e+04
2.929687499999999743e-07,3.621419270833333126e-07,-6.010980468750000000e+03,5.220937500000000000e+02,1.000000000000000000e+00,-3.054946707524065275e+00,-2.025000000000000000e+06,-3.186500000000000000e+04,-3.276800000000000000e+04
2.970377604166666693e-07,3.662109375000000076e-07,-6.022414062500000000e+03,2.007929687500000000e+02,1.000000000000000000e+00,-3.108276508352902034e+00,-2.085937500000000000e+06,-3.242100000000000000e+04,-3.276800000000000000e+04
3.011067708333333114e-07,3.702799479166666497e-07,-6.024269531250000000e+03,-1.009609375000000000e+02,1.000000000000000000e+00,3.124838707172104435e+00,-1.958437500000000000e+06,3.259300000000000000e+04,-8.310000000000000000e+02
3.051757812500000064e-07,3.743489583333333447e-07,-6.017914062500000000e+03,-4.031054687500000000e+02,1.000000000000000000e+00,3.074720678617903324e+00,-1.960312500000000000e+06,3.207000000000000000e+04,-1.386000000000000000e+03
3.092447916666666484e-07,3.784179687499999867e-07,-5.985136718750000000e+03,-7.211406250000000000e+02,1.000000000000000000e+00,3.021678499186795097e+00,-2.074687500000000000e+06,3.151700000000000000e+04,-3.891000000000000000e+03
3.133138020833333434e-07,3.824869791666666817e-07,-5.946511718750000000e+03,-1.024480468750000000e+03,1.000000000000000000e+00,2.970985227837136922e+00,-1.982812500000000000e+06,3.098800000000000000e+04,-2.852000000000000000e+03
3.173828124999999854e-07,3.865559895833333237e-07,-5.884820312500000000e+03,-1.311445312500000000e+03,1.000000000000000000e+00,2.922329274721389147e+00,-1.903125000000000000e+06,3.048100000000000000e+04,-1.999000000000000000e+03
3.214518229166666804e-07,3.906250000000000187e-07,-5.797804687500000000e+03,-1.626800781250000000e+03,1.000000000000000000e+00,2.868040735900124094e+00,-2.123437500000000000e+06,2.991400000000000000e+04,-6.326000000000000000e+03
3.255208333333333225e-07,3.946940104166666608e-07,-5.733468750000000000e+03,-1.923945312500000000e+03,1.000000000000000000e+00,2.817826833546679843e+00,-1.964062500000000000e+06,2.939100000000000000e+04,-4.129000000000000000e+03
3.295898437500000174e-07,3.987630208333333558e-07,-5.619468750000000000e+03,-2.199589843750000000e+03,1.000000000000000000e+00,2.768499763836232308e+00,-1.929375000000000000e+06,2.887600000000000000e+04,-4.052000000000000000e+03
3.336588541666666595e-07,4.028320312499999978e-07,-5.486117187500000000e+03,-2.487550781250000000e+03,1.000000000000000000e+00,2.715889016501717101e+00,-2.057812500000000000e+06,2.832700000000000000e+04,-6.793000000000000000e+03
3.377278645833333545e-07,4.069010416666666928e-07,-5.361832031250000000e+03,-2.777902343750000000e+03,1.000000000000000000e+00,2.663565890564929983e+00,-2.046562500000000000e+06,2.778200000000000000e+04,-7.146000000000000000e+03
3.417968749999999965e-07,4.109700520833333348e-07,-5.219000000000000000e+03,-3.035878906250000000e+03,1.000000000000000000e+00,2.614742158300507491e+00,-1.909687500000000000e+06,2.727200000000000000e+04,-5.320000000000000000e+03
3.458658854166666915e-07,4.150390625000000298e-07,-5.044402343750000000e+03,-3.299019531250000000e+03,1.000000000000000000e+00,2.562419032363720817e+00,-2.046562500000000000e+06,2.672700000000000000e+04,-8.201000000000000000e+03
3.499348958333333336e-07,4.191080729166666719e-07,-4.867531250000000000e+03,-3.546253906250000000e+03,1.000000000000000000e+00,2.511965445512169381e+00,-1.973437500000000000e+06,2.620000000000000000e+04,-7.480000000000000000e+03
3.540039062499999756e-07,4.231770833333333139e-07,-4.682609375000000000e+03,-3.803359375000000000e+03,1.000000000000000000e+00,2.459426603527086197e+00,-2.055000000000000000e+06,2.565200000000000000e+04,-9.420000000000000000e+03
3.580729166666666706e-07,4.272460937500000089e-07,-4.481671875000000000e+03,-4.031003906250000000e+03,1.000000000000000000e+00,2.409092858924588576e+00,-1.968750000000000000e+06,2.512700000000000000e+04,-8.473000000000000000e+03
3.621419270833333126e-07,4.313151041666666509e-07,-4.264886718750000000e+03,-4.262882812500000000e+03,1.000000000000000000e+00,2.356434174690452021e+00,-2.059687500000000000e+06,2.457800000000000000e+04,-1.057400000000000000e+04
3.662109375000000076e-07,4.353841145833333459e-07,-4.049863281250000000e+03,-4.467937500000000000e+03,1.000000000000000000e+00,2.307155041879625834e+00,-1.927500000000000000e+06,2.406400000000000000e+04,-8.832000000000000000e+03
3.702799479166666497e-07,4.394531249999999880e-07,-3.818019531250000000e+03,-4.665031250000000000e+03,1.000000000000000000e+00,2.256677486578263725e+00,-1.974375000000000000e+06,2.353800000000000000e+04,-1.015800000000000000e+04
3.743489583333333447e-07,4.435221354166666830e-07,-3.569117187500000000e+03,-4.862554687500000000e+03,1.000000000000000000e+00,2.203970865444505822e+00,-2.061562500000000000e+06,2.298800000000000000e+04,-1.219600000000000000e+04
3.784179687499999867e-07,4.475911458333333250e-07,-3.316429687500000000e+03,-5.036367187500000000e+03,1.000000000000000000e+00,2.153133783395983158e+00,-1.988437500000000000e+06,2.245800000000000000e+04,-1.147800000000000000e+04
3.824869791666666817e-07,4.516601562500000200e-07,-3.051257812500000000e+03,-5.181554687500000000e+03,1.000000000000000000e+00,2.102991786391971374e+00,-1.961250000000000000e+06,2.193500000000000000e+04,-1.153700000000000000e+04
3.865559895833333237e-07,4.557291666666666620e-07,-2.780734375000000000e+03,-5.338539062500000000e+03,1.000000000000000000e+00,2.051004218752534580e+00,-2.033437500000000000e+06,2.139200000000000000e+04,-1.331200000000000000e+04
3.906250000000000187e-07,4.597981770833333570e-07,-2.506992187500000000e+03,-5.486390625000000000e+03,1.000000000000000000e+00,1.999400146310069015e+00,-2.018437500000000000e+06,2.085400000000000000e+04,-1.359400000000000000e+04
3.946940104166666608e-07,4.638671874999999991e-07,-2.233035156250000000e+03,-5.599480468750000000e+03,1.000000000000000000e+00,1.950264824198107094e+00,-1.921875000000000000e+06,2.034200000000000000e+04,-1.245800000000000000e+04
3.987630208333333558e-07,4.679361979166666941e-07,-1.923523437500000000e+03,-5.707281250000000000e+03,1.000000000000000000e+00,1.895880411577598901e+00,-2.127187500000000000e+06,1.977400000000000000e+04,-1.653000000000000000e+04
4.028320312499999978e-07,4.720052083333333361e-07,-1.643957031250000000e+03,-5.800808593750000000e+03,1.000000000000000000e+00,1.846960805513933490e+00,-1.913437500000000000e+06,1.926400000000000000e+04,-1.339200000000000000e+04
4.069010416666666928e-07,4.760742187500000311e-07,-1.353355468750000000e+03,-5.880960937500000000e+03,1.000000000000000000e+00,1.796986587658596424e+00,-1.954687500000000000e+06,1.874300000000000000e+04,-1.461700000000000000e+04
4.109700520833333348e-07,4.801432291666667261e-07,-1.047644531250000000e+03,-5.936753906250000000e+03,1.000000000000000000e+00,1.745454420565563325e+00,-2.015625000000000000e+06,1.820500000000000000e+04,-1.619500000000000000e+04
4.150390624999999769e-07,4.842122395833333681e-07,-7.222539062500000000e+02,-5.990261718750000000e+03,1.000000000000000000e+00,1.690782386547326599e+00,-2.138437500000000000e+06,1.763500000000000000e+04,-1.886100000000000000e+04
4.191080729166666719e-07,4.882812500000000102e-07,-4.377031250000000000e+02,-6.016750000000000000e+03,1.000000000000000000e+00,1.643420729721357443e+00,-1.852500000000000000e+06,1.714100000000000000e+04,-1.447500000000000000e+04
4.231770833333333139e-07,4.923502604166666522e-07,-1.227031250000000000e+02,-6.012816406250000000e+03,1.000000000000000000e+00,1.591193477583813465e+00,-2.042812500000000000e+06,1.659600000000000000e+04,-1.826800000000000000e+04
4.272460937500000089e-07,4.964192708333332943e-07,1.953750000000000000e+02,-6.026105468750000000e+03,1.000000000000000000e+00,1.538390982650812422e+00,-2.065312500000000000e+06,1.604600000000000000e+04,-1.920200000000000000e+04
4.313151041666666509e-07,5.004882812499999363e-07,4.945546875000000000e+02,-6.020261718750000000e+03,1.000000000000000000e+00,1.488824228442257702e+00,-1.938750000000000000e+06,1.552900000000000000e+04,-1.755900000000000000e+04
4.353841145833333459e-07,5.045572916666666842e-07,7.891093750000000000e+02,-5.968738281250000000e+03,1.000000000000000000e+00,1.439353348032945679e+00,-1.935000000000000000e+06,1.501300000000000000e+04,-1.801100000000000000e+04
4.394531249999999880e-07,5.086263020833333263e-07,1.109070312500000000e+03,-5.920082031250000000e+03,1.000000000000000000e+00,1.385592115107516120e+00,-2.102812500000000000e+06,1.445200000000000000e+04,-2.143600000000000000e+04
4.435221354166666830e-07,5.126953125000000742e-07,1.404175781250000000e+03,-5.864449218750000000e+03,1.000000000000000000e+00,1.335785676400854216e+00,-1.948125000000000000e+06,1.393200000000000000e+04,-1.931600000000000000e+04
4.475911458333333250e-07,5.167643229166667162e-07,1.698722656250000000e+03,-5.781746093750000000e+03,1.000000000000000000e+00,1.285044468151574470e+00,-1.984687500000000000e+06,1.340300000000000000e+04,-2.046900000000000000e+04
4.516601562500000200e-07,5.208333333333333583e-07,2.006832031250000000e+03,-5.679195312500000000e+03,1.000000000000000000e+00,1.231115456077469972e+00,-2.109375000000000000e+06,1.284100000000000000e+04,-2.315900000000000000e+04
4.557291666666666620e-07,5.249023437500000003e-07,2.291859375000000000e+03,-5.582253906250000000e+03,1.000000000000000000e+00,1.181213143571565150e+00,-1.951875000000000000e+06,1.232000000000000000e+04,-2.099200000000000000e+04
4.597981770833333570e-07,5.289713541666666424e-07,2.565332031250000000e+03,-5.445734375000000000e+03,1.000000000000000000e+00,1.130567809121528322e+00,-1.980937500000000000e+06,1.179200000000000000e+04,-2.201600000000000000e+04
4.638671874999999991e-07,5.330403645833332844e-07,2.854437500000000000e+03,-5.309628906250000000e+03,1.000000000000000000e+00,1.077525629690420095e+00,-2.074687500000000000e+06,1.123900000000000000e+04,-2.416900000000000000e+04
4.679361979166666411e-07,5.371093749999999265e-07,3.115671875000000000e+03,-5.166285156250000000e+03,1.000000000000000000e+00,1.028126654630540315e+00,-1.932187500000000000e+06,1.072300000000000000e+04,-2.225300000000000000e+04
4.720052083333333361e-07,5.411783854166666744e-07,3.368230468750000000e+03,-5.002562500000000000e+03,1.000000000000000000e+00,9.782243421246354931e-01,-1.951875000000000000e+06,1.020300000000000000e+04,-2.310900000000000000e+04
4.760742187499999781e-07,5.452473958333333164e-07,3.624015625000000000e+03,-4.811339843750000000e+03,1.000000000000000000e+00,9.252300995931487249e-01,-2.072812500000000000e+06,9.650000000000000000e+03,-2.572600000000000000e+04
4.801432291666666202e-07,5.493164062499999585e-07,3.867429687500000000e+03,-4.628832031250000000e+03,1.000000000000000000e+00,8.747765127415976227e-01,-1.973437500000000000e+06,9.124000000000000000e+03,-2.455600000000000000e+04
4.842122395833333681e-07,5.533854166666667064e-07,4.093437500000000000e+03,-4.423425781250000000e+03,1.000000000000000000e+00,8.241311782915606843e-01,-1.980937500000000000e+06,8.596000000000000000e+03,-2.521200000000000000e+04
4.882812500000000102e-07,5.574544270833333485e-07,4.314339843750000000e+03,-4.195703125000000000e+03,1.000000000000000000e+00,7.714724940574239076e-01,-2.059687500000000000e+06,8.046000000000000000e+03,-2.710600000000000000e+04
4.923502604166666522e-07,5.615234374999999905e-07,4.528023437500000000e+03,-3.973609375000000000e+03,1.000000000000000000e+00,7.202758852617406893e-01,-2.002500000000000000e+06,7.512000000000000000e+03,-2.666400000000000000e+04
4.964192708333332943e-07,5.655924479166666326e-07,4.721789062500000000e+03,-3.755210937500000000e+03,1.000000000000000000e+00,6.718596166441000994e-01,-1.893750000000000000e+06,7.007000000000000000e+03,-2.531300000000000000e+04
5.004882812500000422e-07,5.696614583333333805e-07,4.899347656250000000e+03,-3.497378906250000000e+03,1.000000000000000000e+00,6.199439543540954389e-01,-2.030625000000000000e+06,6.466000000000000000e+03,-2.819000000000000000e+04
5.045572916666666842e-07,5.737304687500000225e-07,5.091765625000000000e+03,-3.238308593750000000e+03,1.000000000000000000e+00,5.664703428263944129e-01,-2.091562500000000000e+06,5.908000000000000000e+03,-2.978800000000000000e+04
5.086263020833333263e-07,5.777994791666666646e-07,5.252671875000000000e+03,-2.982273437500000000e+03,1.000000000000000000e+00,5.163762827220039764e-01,-1.959375000000000000e+06,5.386000000000000000e+03,-2.805400000000000000e+04
5.126953124999999683e-07,5.818684895833333066e-07,5.380664062500000000e+03,-2.708308593750000000e+03,1.000000000000000000e+00,4.663061910674242139e-01,-1.958437500000000000e+06,4.863000000000000000e+03,-2.856100000000000000e+04
5.167643229166667162e-07,5.859375000000000545e-07,5.521128906250000000e+03,-2.417417968750000000e+03,1.000000000000000000e+00,4.126887688408589216e-01,-2.097187500000000000e+06,4.304000000000000000e+03,-3.148800000000000000e+04
5.208333333333333583e-07,5.900065104166666966e-07,5.637500000000000000e+03,-2.140406250000000000e+03,1.000000000000000000e+00,3.628583616843862880e-01,-1.949062500000000000e+06,3.784000000000000000e+03,-2.948000000000000000e+04
5.249023437500000003e-07,5.940755208333333386e-07,5.736796875000000000e+03,-1.860148437500000000e+03,1.000000000000000000e+00,3.135552604237493157e-01,-1.928437500000000000e+06,3.270000000000000000e+03,-2.964200000000000000e+04
5.289713541666666424e-07,5.981445312499999807e-07,5.818250000000000000e+03,-1.551734375000000000e+03,1.000000000000000000e+00,2.606329232416947361e-01,-2.070000000000000000e+06,2.718000000000000000e+03,-3.261000000000000000e+04
5.330403645833332844e-07,6.022135416666666227e-07,5.897453125000000000e+03,-1.261007812500000000e+03,1.000000000000000000e+00,2.106587053863578085e-01,-1.954687500000000000e+06,2.197000000000000000e+03,-3.116300000000000000e+04
5.371093750000000324e-07,6.062825520833333707e-07,5.946007812500000000e+03,-9.627031250000000000e+02,1.000000000000000000e+00,1.605167083823459129e-01,-1.961250000000000000e+06,1.674000000000000000e+03,-3.179800000000000000e+04
5.411783854166666744e-07,6.103515625000000127e-07,5.984792968750000000e+03,-6.573046875000000000e+02,1.000000000000000000e+00,1.093920049360947860e-01,-1.999687500000000000e+06,1.141000000000000000e+03,-3.276800000000000000e+04
5.452473958333333164e-07,6.144205729166666548e-07,6.025738281250000000e+03,-3.405546875000000000e+02,1.000000000000000000e+00,5.646966775404016481e-02,-2.070000000000000000e+06,5.890000000000000000e+02,-3.276800000000000000e+04
5.493164062499999585e-07,6.184895833333332968e-07,6.030007812500000000e+03,-3.064453125000000000e+01,1.000000000000000000e+00,5.081311359871186484e-03,-2.010000000000000000e+06,5.300000000000000000e+01,-3.276800000000000000e+04
5.533854166666667064e-07,6.225585937500000447e-07,6.012671875000000000e+03,2.718320312500000000e+02,1.000000000000000000e+00,-4.518052789319427359e-02,-1.965937500000000000e+06,-4.720000000000000000e+02,-3.276800000000000000e+04
5.574544270833333485e-07,6.266276041666666868e-07,6.000761718750000000e+03,5.794453125000000000e+02,1.000000000000000000e+00,-9.625729443982398992e-02,-1.997812500000000000e+06,-1.004000000000000000e+03,-3.276800000000000000e+04
5.615234374999999905e-07,6.306966145833333288e-07,5.952175781250000000e+03,8.822578125000000000e+02,1.000000000000000000e+00,-1.471423133879679879e-01,-1.990312500000000000e+06,-1.535000000000000000e+03,-3.276800000000000000e+04
5.655924479166666326e-07,6.347656249999999709e-07,5.904066406250000000e+03,1.190835937500000000e+03,1.000000000000000000e+00,-1.990340072281619466e-01,-2.029687500000000000e+06,-2.076000000000000000e+03,-3.276800000000000000e+04
5.696614583333333805e-07,6.388346354166667188e-07,5.842273437500000000e+03,1.493742187500000000e+03,1.000000000000000000e+00,-2.503264898230880831e-01,-2.006250000000000000e+06,-2.611000000000000000e+03,-3.276800000000000000e+04
5.737304687500000225e-07,6.429036458333333608e-07,5.757296875000000000e+03,1.784929687500000000e+03,1.000000000000000000e+00,-3.006362659757749745e-01,-1.967812500000000000e+06,-3.136000000000000000e+03,-3.276800000000000000e+04
5.777994791666666646e-07,6.469726562500000029e-07,5.647113281250000000e+03,2.083792968750000000e+03,1.000000000000000000e+00,-3.534866978083974209e-01,-2.067187500000000000e+06,-3.687000000000000000e+03,-3.276800000000000000e+04
5.818684895833333066e-07,6.510416666666666449e-07,5.542984375000000000e+03,2.373863281250000000e+03,1.000000000000000000e+00,-4.046353697044592912e-01,-2.000625000000000000e+06,-4.221000000000000000e+03,-3.276800000000000000e+04
5.859374999999999487e-07,6.551106770833332870e-07,5.420523437500000000e+03,2.653214843750000000e+03,1.000000000000000000e+00,-4.551848303552533115e-01,-1.977187500000000000e+06,-4.748000000000000000e+03,-3.276800000000000000e+04
5.900065104166666966e-07,6.591796875000000349e-07,5.273328125000000000e+03,2.920851562500000000e+03,1.000000000000000000e+00,-5.058301648052901944e-01,-1.980937500000000000e+06,-5.276000000000000000e+03,-3.276800000000000000e+04
5.940755208333333386e-07,6.632486979166666769e-07,5.113562500000000000e+03,3.201750000000000000e+03,1.000000000000000000e+00,-5.594236185820448126e-01,-2.096250000000000000e+06,-5.835000000000000000e+03,-3.276800000000000000e+04
5.981445312499999807e-07,6.673177083333333190e-07,4.955515625000000000e+03,3.450542968750000000e+03,1.000000000000000000e+00,-6.082473508464674161e-01,-1.909687500000000000e+06,-6.345000000000000000e+03,-3.276800000000000000e+04
6.022135416666666227e-07,6.713867187499999610e-07,4.767566406250000000e+03,3.694250000000000000e+03,1.000000000000000000e+00,-6.592282435938543461e-01,-1.994062500000000000e+06,-6.876000000000000000e+03,-3.276800000000000000e+04
6.062825520833333707e-07,6.754557291666667090e-07,4.573449218750000000e+03,3.929484375000000000e+03,1.000000000000000000e+00,-7.098016726944590404e-01,-1.978125000000000000e+06,-7.404000000000000000e+03,-3.276800000000000000e+04
6.103515625000000127e-07,6.795247395833333510e-07,4.369656250000000000e+03,4.153394531250000000e+03,1.000000000000000000e+00,-7.600395434977137432e-01,-1.965000000000000000e+06,-7.928000000000000000e+03,-3.276800000000000000e+04
6.144205729166666548e-07,6.835937499999999931e-07,4.131683593750000000e+03,4.364753906250000000e+03,1.000000000000000000e+00,-8.128180699809041121e-01,-2.064375000000000000e+06,-8.478000000000000000e+03,-3.276800000000000000e+04
6.184895833333332968e-07,6.876627604166666351e-07,3.902332031250000000e+03,4.593964843750000000e+03,1.000000000000000000e+00,-8.666272398059551296e-01,-2.104687500000000000e+06,-9.040000000000000000e+03,-3.276800000000000000e+04
6.225585937500000447e-07,6.917317708333333830e-07,3.685171875000000000e+03,4.787843750000000000e+03,1.000000000000000000e+00,-9.148038239254885351e-01,-1.884375000000000000e+06,-9.542000000000000000e+03,-3.276800000000000000e+04
6.266276041666666868e-07,6.958007812500000251e-07,3.430976562500000000e+03,4.956867187500000000e+03,1.000000000000000000e+00,-9.653532845762825554e-01,-1.977187500000000000e+06,-1.006900000000000000e+04,-3.276800000000000000e+04
6.306966145833333288e-07,6.998697916666666671e-07,3.161347656250000000e+03,5.128148437500000000e+03,1.000000000000000000e+00,-1.018347527107769324e+00,-2.072812500000000000e+06,-1.062200000000000000e+04,-3.276800000000000000e+04
6.347656249999999709e-07,7.039388020833333092e-07,2.896335937500000000e+03,5.300714843750000000e+03,1.000000000000000000e+00,-1.070718589944177568e+00,-2.048437500000000000e+06,-1.116800000000000000e+04,-3.276800000000000000e+04
6.388346354166667188e-07,7.080078125000000571e-07,2.619570312500000000e+03,5.428468750000000000e+03,1.000000000000000000e+00,-1.121196145245539455e+00,-1.974375000000000000e+06,-1.169500000000000000e+04,-3.276800000000000000e+04
6.429036458333333608e-07,7.120768229166666991e-07,2.338378906250000000e+03,5.549796875000000000e+03,1.000000000000000000e+00,-1.172033227294061897e+00,-1.988437500000000000e+06,-1.222500000000000000e+04,-3.276800000000000000e+04
6.469726562500000029e-07,7.161458333333333412e-07,2.052394531250000000e+03,5.669453125000000000e+03,1.000000000000000000e+00,-1.223469520587852299e+00,-2.011875000000000000e+06,-1.276200000000000000e+04,-3.276800000000000000e+04
6.510416666666666449e-07,7.202148437499999832e-07,1.767250000000000000e+03,5.756843750000000000e+03,1.000000000000000000e+00,-1.272940400997164323e+00,-1.935000000000000000e+06,-1.327800000000000000e+04,-3.276800000000000000e+04
6.551106770833332870e-07,7.242838541666666253e-07,1.472121093750000000e+03,5.835199218750000000e+03,1.000000000000000000e+00,-1.323657640796633395e+00,-1.983750000000000000e+06,-1.380700000000000000e+04,-3.276800000000000000e+04
6.591796875000000349e-07,7.283528645833333732e-07,1.172996093750000000e+03,5.917050781250000000e+03,1.000000000000000000e+00,-1.375093934090423797e+00,-2.011875000000000000e+06,-1.434300000000000000e+04,-3.276800000000000000e+04
6.632486979166666769e-07,7.324218750000000152e-07,8.702539062500000000e+02,5.980148437500000000e+03,1.000000000000000000e+00,-1.426290542886107016e+00,-2.002500000000000000e+06,-1.487700000000000000e+04,-3.276800000000000000e+04
6.673177083333333190e-07,7.364908854166666573e-07,5.601250000000000000e+02,5.999242187500000000e+03,1.000000000000000000e+00,-1.477702867730086744e+00,-2.010937500000000000e+06,-1.541300000000000000e+04,-3.276800000000000000e+04
6.713867187499999610e-07,7.405598958333332993e-07,2.563828125000000000e+02,6.023972656250000000e+03,1.000000000000000000e+00,-1.528276296830691550e+00,-1.978125000000000000e+06,-1.594100000000000000e+04,-3.276800000000000000e+04
6.754557291666667090e-07,7.446289062500000473e-07,-5.970703125000000000e+01,6.028359375000000000e+03,1.000000000000000000e+00,-1.580695296566721142e+00,-2.050312500000000000e+06,-1.648800000000000000e+04,-3.276800000000000000e+04
6.795247395833333510e-07,7.486979166666666893e-07,-3.588984375000000000e+02,6.009078125000000000e+03,1.000000000000000000e+00,-1.630453798373761476e+00,-1.946250000000000000e+06,-1.700700000000000000e+04,-3.276800000000000000e+04
6.835937499999999931e-07,7.527669270833333314e-07,-6.653554687500000000e+02,5.983765625000000000e+03,1.000000000000000000e+00,-1.681530564920391324e+00,-1.997812500000000000e+06,-1.753900000000000000e+04,-3.276800000000000000e+04
6.876627604166666351e-07,7.568359374999999734e-07,-9.664179687500000000e+02,5.945402343750000000e+03,1.000000000000000000e+00,-1.731936214872320967e+00,-1.971562500000000000e+06,-1.806500000000000000e+04,-3.276800000000000000e+04
6.917317708333333830e-07,7.609049479166667213e-07,-1.266191406250000000e+03,5.893085937500000000e+03,1.000000000000000000e+00,-1.782437738623493528e+00,-1.975312500000000000e+06,-1.859200000000000000e+04,-3.276800000000000000e+04
6.958007812500000251e-07,7.649739583333333634e-07,-1.574089843750000000e+03,5.819925781250000000e+03,1.000000000000000000e+00,-1.834928643708955365e+00,-2.053125000000000000e+06,-1.913900000000000000e+04,-3.276800000000000000e+04
6.998697916666666671e-07,7.690429687500000054e-07,-1.877007812500000000e+03,5.727324218750000000e+03,1.000000000000000000e+00,-1.887491454143849223e+00,-2.055937500000000000e+06,-1.968800000000000000e+04,-3.276800000000000000e+04
7.039388020833333092e-07,7.731119791666666475e-07,-2.154832031250000000e+03,5.623472656250000000e+03,1.000000000000000000e+00,-1.936722650055054062e+00,-1.925625000000000000e+06,-2.020100000000000000e+04,-3.276800000000000000e+04
7.080078124999999512e-07,7.771809895833332895e-07,-2.449933593750000000e+03,5.501449218750000000e+03,1.000000000000000000e+00,-1.989764829486162290e+00,-2.074687500000000000e+06,-2.075400000000000000e+04,-3.276800000000000000e+04
7.120768229166666991e-07,7.812500000000000374e-07,-2.734332031250000000e+03,5.384042968750000000e+03,1.000000000000000000e+00,-2.040721753783738546e+00,-1.993125000000000000e+06,-2.128600000000000000e+04,-3.276800000000000000e+04
7.161458333333333412e-07,7.853190104166666795e-07,-2.995632812500000000e+03,5.225292968750000000e+03,1.000000000000000000e+00,-2.091343119783964699e+00,-1.980000000000000000e+06,-2.181400000000000000e+04,-3.276800000000000000e+04
7.202148437499999832e-07,7.893880208333333215e-07,-3.256316406250000000e+03,5.062957031250000000e+03,1.000000000000000000e+00,-2.142347980981162081e+00,-1.995000000000000000e+06,-2.234600000000000000e+04,-3.276800000000000000e+04
7.242838541666666253e-07,7.934570312499999636e-07,-3.513949218750000000e+03,4.900847656250000000e+03,1.000000000000000000e+00,-2.192849504732334864e+00,-1.975312500000000000e+06,-2.287300000000000000e+04,-3.276800000000000000e+04
7.283528645833333732e-07,7.975260416666667115e-07,-3.753199218750000000e+03,4.715421875000000000e+03,1.000000000000000000e+00,-2.243063407085778671e+00,-1.964062500000000000e+06,-2.339600000000000000e+04,-3.276800000000000000e+04
7.324218750000000152e-07,8.015950520833333535e-07,-3.988371093750000000e+03,4.501066406250000000e+03,1.000000000000000000e+00,-2.295865902018779714e+00,-2.065312500000000000e+06,-2.394700000000000000e+04,-3.276800000000000000e+04
7.364908854166666573e-07,8.056640624999999956e-07,-4.223687500000000000e+03,4.308230468750000000e+03,1.000000000000000000e+00,-2.346295520420520475e+00,-1.972500000000000000e+06,-2.447300000000000000e+04,-3.276800000000000000e+04
7.405598958333332993e-07,8.097330729166666376e-07,-4.433054687500000000e+03,4.082460937500000000e+03,1.000000000000000000e+00,-2.397324350067528531e+00,-1.995937500000000000e+06,-2.500500000000000000e+04,-3.276800000000000000e+04
7.446289062500000473e-07,8.138020833333333856e-07,-4.636894531250000000e+03,3.846253906250000000e+03,1.000000000000000000e+00,-2.449120170108479488e+00,-2.025937500000000000e+06,-2.554600000000000000e+04,-3.276800000000000000e+04
7.486979166666666893e-07,8.178710937500000276e-07,-4.836910156250000000e+03,3.608066406250000000e+03,1.000000000000000000e+00,-2.500700274101134379e+00,-2.017500000000000000e+06,-2.608400000000000000e+04,-3.276800000000000000e+04
7.527669270833333314e-07,8.219401041666666697e-07,-5.010671875000000000e+03,3.356195312500000000e+03,1.000000000000000000e+00,-2.551417513900603229e+00,-1.983750000000000000e+06,-2.661300000000000000e+04,-3.276800000000000000e+04
7.568359374999999734e-07,8.260091145833333117e-07,-5.165261718750000000e+03,3.099156250000000000e+03,1.000000000000000000e+00,-2.601176015707643785e+00,-1.946250000000000000e+06,-2.713200000000000000e+04,-3.276800000000000000e+04
7.609049479166666154e-07,8.300781249999999538e-07,-5.324363281250000000e+03,2.815894531250000000e+03,1.000000000000000000e+00,-2.655105027781748284e+00,-2.109375000000000000e+06,-2.769400000000000000e+04,-3.276800000000000000e+04
7.649739583333333634e-07,8.341471354166667017e-07,-5.465062500000000000e+03,2.554359375000000000e+03,1.000000000000000000e+00,-2.704360192142763797e+00,-1.926562500000000000e+06,-2.820800000000000000e+04,-3.276800000000000000e+04
7.690429687500000054e-07,8.382161458333333437e-07,-5.576921875000000000e+03,2.265750000000000000e+03,1.000000000000000000e+00,-2.755676643187500829e+00,-2.007187500000000000e+06,-2.874300000000000000e+04,-3.276800000000000000e+04
7.731119791666666475e-07,8.422851562499999858e-07,-5.679000000000000000e+03,1.967816406250000000e+03,1.000000000000000000e+00,-2.808047706023908852e+00,-2.048437500000000000e+06,-2.928900000000000000e+04,-3.276800000000000000e+04
7.771809895833332895e-07,8.463541666666666278e-07,-5.781636718750000000e+03,1.687199218750000000e+03,1.000000000000000000e+00,-2.857662397132085363e+00,-1.940625000000000000e+06,-2.980700000000000000e+04,-3.276800000000000000e+04
7.812500000000000374e-07,8.504231770833333757e-07,-5.858539062500000000e+03,1.388968750000000000e+03,1.000000000000000000e+00,-2.908811069028147234e+00,-2.000625000000000000e+06,-3.034000000000000000e+04,-3.276800000000000000e+04
7.853190104166666795e-07,8.544921875000000178e-07,-5.928417968750000000e+03,1.075976562500000000e+03,1.000000000000000000e+00,-2.962044996057740853e+00,-2.082187500000000000e+06,-3.089600000000000000e+04,-3.276800000000000000e+04
7.893880208333333215e-07,8.585611979166666598e-07,-5.990144531250000000e+03,7.776054687500000000e+02,1.000000000000000000e+00,-3.012498582909292288e+00,-1.973437500000000000e+06,-3.142200000000000000e+04,-3.276800000000000000e+04
7.934570312499999636e-07,8.626302083333333019e-07,-6.002335937500000000e+03,4.736640625000000000e+02,1.000000000000000000e+00,-3.062856295961600583e+00,-1.969687500000000000e+06,-3.194700000000000000e+04,-3.276800000000000000e+04
7.975260416666667115e-07,8.666992187500000498e-07,-6.024976562500000000e+03,1.669140625000000000e+02,1.000000000000000000e+00,-3.113885125608608639e+00,-1.995937500000000000e+06,-3.247900000000000000e+04,-3.276800000000000000e+04
8.015950520833333535e-07,8.707682291666666919e-07,-6.029500000000000000e+03,-1.402304687500000000e+02,1.000000000000000000e+00,3.118343257273401559e+00,-1.993125000000000000e+06,3.252500000000000000e+04,-1.491000000000000000e+03
8.056640624999999956e-07,8.748372395833333339e-07,-6.012988281250000000e+03,-4.429609375000000000e+02,1.000000000000000000e+00,3.068057449570525286e+00,-1.966875000000000000e+06,3.200100000000000000e+04,-1.567000000000000000e+03
8.097330729166666376e-07,8.789062499999999759e-07,-5.975898437500000000e+03,-7.492617187500000000e+02,1.000000000000000000e+00,3.016860840774842067e+00,-2.002500000000000000e+06,3.146700000000000000e+04,-2.709000000000000000e+03
8.138020833333333856e-07,8.829752604166667239e-07,-5.941183593750000000e+03,-1.064468750000000000e+03,1.000000000000000000e+00,2.964321998789758883e+00,-2.055000000000000000e+06,3.091900000000000000e+04,-4.153000000000000000e+03
8.178710937500000276e-07,8.870442708333333659e-07,-5.878328125000000000e+03,-1.357386718750000000e+03,1.000000000000000000e+00,2.914659370781961023e+00,-1.942500000000000000e+06,3.040100000000000000e+04,-2.751000000000000000e+03
8.219401041666666697e-07,8.911132812500000080e-07,-5.784519531250000000e+03,-1.657273437500000000e+03,1.000000000000000000e+00,2.862551960893470859e+00,-2.038125000000000000e+06,2.985700000000000000e+04,-4.927000000000000000e+03
8.260091145833333117e-07,8.951822916666666500e-07,-5.699804687500000000e+03,-1.959625000000000000e+03,1.000000000000000000e+00,2.810444551004980251e+00,-2.038125000000000000e+06,2.931400000000000000e+04,-5.470000000000000000e+03
8.300781249999999538e-07,8.992513020833332921e-07,-5.602132812500000000e+03,-2.242308593750000000e+03,1.000000000000000000e+00,2.760853828346614858e+00,-1.939687500000000000e+06,2.879600000000000000e+04,-4.308000000000000000e+03
8.341471354166667017e-07,9.033203125000000400e-07,-5.469820312500000000e+03,-2.517906250000000000e+03,1.000000000000000000e+00,2.710184525446767356e+00,-1.981875000000000000e+06,2.826800000000000000e+04,-5.556000000000000000e+03
8.382161458333333437e-07,9.073893229166666820e-07,-5.341058593750000000e+03,-2.805570312500000000e+03,1.000000000000000000e+00,2.657909336409602030e+00,-2.044687500000000000e+06,2.772300000000000000e+04,-7.173000000000000000e+03
8.422851562499999858e-07,9.114583333333333241e-07,-5.181371093750000000e+03,-3.070578125000000000e+03,1.000000000000000000e+00,2.606616853814675672e+00,-2.006250000000000000e+06,2.718800000000000000e+04,-7.052000000000000000e+03
8.463541666666666278e-07,9.155273437499999661e-07,-5.019484375000000000e+03,-3.334593750000000000e+03,1.000000000000000000e+00,2.555204528970695943e+00,-2.010937500000000000e+06,2.665100000000000000e+04,-7.669000000000000000e+03
8.504231770833333757e-07,9.195963541666667140e-07,-4.841773437500000000e+03,-3.592179687500000000e+03,1.000000000000000000e+00,2.503288866680691616e+00,-2.030625000000000000e+06,2.611000000000000000e+04,-8.546000000000000000e+03
8.544921875000000178e-07,9.236653645833333561e-07,-4.653035156250000000e+03,-3.830675781250000000e+03,1.000000000000000000e+00,2.452835279829140180e+00,-1.973437500000000000e+06,2.558400000000000000e+04,-8.096000000000000000e+03
8.585611979166666598e-07,9.277343749999999981e-07,-4.454527343750000000e+03,-4.063460937500000000e+03,1.000000000000000000e+00,2.402070103130049983e+00,-1.985625000000000000e+06,2.505400000000000000e+04,-8.834000000000000000e+03
8.626302083333333019e-07,9.318033854166666402e-07,-4.232195312500000000e+03,-4.285238281250000000e+03,1.000000000000000000e+00,2.349962693241559375e+00,-2.038125000000000000e+06,2.451100000000000000e+04,-1.027300000000000000e+04
8.666992187500000498e-07,9.358723958333333881e-07,-4.017800781250000000e+03,-4.501511718750000000e+03,1.000000000000000000e+00,2.299485137940197710e+00,-1.974375000000000000e+06,2.398400000000000000e+04,-9.712000000000000000e+03
8.707682291666666919e-07,9.399414062500000302e-07,-3.783851562500000000e+03,-4.690289062500000000e+03,1.000000000000000000e+00,2.249630762333914014e+00,-1.950000000000000000e+06,2.346400000000000000e+04,-9.816000000000000000e+03
8.748372395833333339e-07,9.440104166666666722e-07,-3.536242187500000000e+03,-4.880644531250000000e+03,1.000000000000000000e+00,2.197810973843152382e+00,-2.026875000000000000e+06,2.292400000000000000e+04,-1.166800000000000000e+04
8.789062499999999759e-07,9.480794270833333142e-07,-3.276921875000000000e+03,-5.056878906250000000e+03,1.000000000000000000e+00,2.145775469304094241e+00,-2.035312500000000000e+06,2.238100000000000000e+04,-1.235500000000000000e+04
8.829752604166666180e-07,9.521484374999999563e-07,-3.026082031250000000e+03,-5.214371093750000000e+03,1.000000000000000000e+00,2.096640147192132098e+00,-1.921875000000000000e+06,2.186800000000000000e+04,-1.093200000000000000e+04
8.870442708333333659e-07,9.562174479166668101e-07,-2.744390625000000000e+03,-5.356421875000000000e+03,1.000000000000000000e+00,2.044293052805534749e+00,-2.047500000000000000e+06,2.132200000000000000e+04,-1.362200000000000000e+04
8.911132812500000080e-07,9.602864583333334521e-07,-2.473480468750000000e+03,-5.501671875000000000e+03,1.000000000000000000e+00,1.993312160058147819e+00,-1.994062500000000000e+06,2.079100000000000000e+04,-1.324100000000000000e+04
8.951822916666666500e-07,9.643554687500000942e-07,-2.187500000000000000e+03,-5.619945312500000000e+03,1.000000000000000000e+00,1.941995709013411009e+00,-2.007187500000000000e+06,2.025500000000000000e+04,-1.400100000000000000e+04
8.992513020833332921e-07,9.684244791666667362e-07,-1.894773437500000000e+03,-5.721726562500000000e+03,1.000000000000000000e+00,1.890583384169431280e+00,-2.010937500000000000e+06,1.971900000000000000e+04,-1.460100000000000000e+04
9.033203125000000400e-07,9.724934895833333783e-07,-1.600121093750000000e+03,-5.814398437500000000e+03,1.000000000000000000e+00,1.839338838474126714e+00,-2.004375000000000000e+06,1.918500000000000000e+04,-1.502300000000000000e+04
9.073893229166666820e-07,9.765625000000000203e-07,-1.295593750000000000e+03,-5.889968750000000000e+03,1.000000000000000000e+00,1.787327302384879024e+00,-2.034375000000000000e+06,1.864200000000000000e+04,-1.607800000000000000e+04
9.114583333333333241e-07,9.806315104166666624e-07,-9.892304687500000000e+02,-5.939320312500000000e+03,1.000000000000000000e+00,1.735843072191467273e+00,-2.013750000000000000e+06,1.810500000000000000e+04,-1.626300000000000000e+04
9.155273437499999661e-07,9.847005208333333044e-07,-6.848320312500000000e+02,-5.997679687500000000e+03,1.000000000000000000e+00,1.684478684247108893e+00,-2.009062500000000000e+06,1.756900000000000000e+04,-1.671900000000000000e+04
9.195963541666667140e-07,9.887695312499999465e-07,-3.741953125000000000e+02,-6.020773437500000000e+03,1.000000000000000000e+00,1.632874611804643550e+00,-2.018437500000000000e+06,1.703100000000000000e+04,-1.741700000000000000e+04
9.236653645833333561e-07,9.928385416666665885e-07,-8.049218750000000000e+01,-6.027527343750000000e+03,1.000000000000000000e+00,1.584146753339463753e+00,-1.905937500000000000e+06,1.652300000000000000e+04,-1.600500000000000000e+04
9.277343749999999981e-07,9.969075520833332306e-07,2.360234375000000000e+02,-6.023992187500000000e+03,1.000000000000000000e+00,1.531631879804191243e+00,-2.054062500000000000e+06,1.597500000000000000e+04,-1.908100000000000000e+04
9.318033854166666402e-07,1.000976562499999873e-06,5.296992187500000000e+02,-6.012542968750000000e+03,1.000000000000000000e+00,1.482927989788822121e+00,-1.905000000000000000e+06,1.546700000000000000e+04,-1.704500000000000000e+04
9.358723958333332822e-07,1.005045572916666515e-06,8.387031250000000000e+02,-5.970785156250000000e+03,1.000000000000000000e+00,1.431228043547113860e+00,-2.022187500000000000e+06,1.492800000000000000e+04,-1.958400000000000000e+04
9.399414062500000302e-07,1.009114583333333368e-06,1.145898437500000000e+03,-5.917425781250000000e+03,1.000000000000000000e+00,1.379504128855594924e+00,-2.023125000000000000e+06,1.438800000000000000e+04,-2.014000000000000000e+04
9.440104166666666722e-07,1.013183593750000011e-06,1.446292968750000000e+03,-5.860886718750000000e+03,1.000000000000000000e+00,1.328858794405558097e+00,-1.980937500000000000e+06,1.386000000000000000e+04,-1.994800000000000000e+04
9.480794270833333142e-07,1.017252604166666653e-06,1.738441406250000000e+03,-5.765527343750000000e+03,1.000000000000000000e+00,1.277949807007603411e+00,-1.991250000000000000e+06,1.332900000000000000e+04,-2.065500000000000000e+04
9.521484374999999563e-07,1.021321614583333295e-06,2.035914062500000000e+03,-5.674878906250000000e+03,1.000000000000000000e+00,1.226345734565138068e+00,-2.018437500000000000e+06,1.279100000000000000e+04,-2.165700000000000000e+04
9.562174479166665983e-07,1.025390624999999937e-06,2.332859375000000000e+03,-5.568937500000000000e+03,1.000000000000000000e+00,1.174094513977783416e+00,-2.043750000000000000e+06,1.224600000000000000e+04,-2.263400000000000000e+04
9.602864583333332404e-07,1.029459635416666579e-06,2.604882812500000000e+03,-5.444859375000000000e+03,1.000000000000000000e+00,1.124551728219039148e+00,-1.937812500000000000e+06,1.172900000000000000e+04,-2.134300000000000000e+04
9.643554687500000942e-07,1.033528645833333432e-06,2.884800781250000000e+03,-5.299035156250000000e+03,1.000000000000000000e+00,1.072252570732063148e+00,-2.045625000000000000e+06,1.118400000000000000e+04,-2.372800000000000000e+04
9.684244791666667362e-07,1.037597656250000075e-06,3.153339843750000000e+03,-5.145863281250000000e+03,1.000000000000000000e+00,1.021031993486569256e+00,-2.003437500000000000e+06,1.064900000000000000e+04,-2.354300000000000000e+04
9.724934895833333783e-07,1.041666666666666717e-06,3.401332031250000000e+03,-4.978023437500000000e+03,1.000000000000000000e+00,9.713933339285822921e-01,-1.941562500000000000e+06,1.013200000000000000e+04,-2.300400000000000000e+04
9.765625000000000203e-07,1.045735677083333359e-06,3.655207031250000000e+03,-4.790605468750000000e+03,1.000000000000000000e+00,9.190222710921740479e-01,-2.048437500000000000e+06,9.585000000000000000e+03,-2.537500000000000000e+04
9.806315104166666624e-07,1.049804687500000001e-06,3.903308593750000000e+03,-4.609871093750000000e+03,1.000000000000000000e+00,8.682091574934621692e-01,-1.987500000000000000e+06,9.055000000000000000e+03,-2.486500000000000000e+04
9.847005208333333044e-07,1.053873697916666643e-06,4.129457031250000000e+03,-4.408230468750000000e+03,1.000000000000000000e+00,8.180431920396395995e-01,-1.962187500000000000e+06,8.532000000000000000e+03,-2.495600000000000000e+04
9.887695312499999465e-07,1.057942708333333285e-06,4.343082031250000000e+03,-4.179082031250000000e+03,1.000000000000000000e+00,7.661514981994456130e-01,-2.029687500000000000e+06,7.991000000000000000e+03,-2.664900000000000000e+04
9.928385416666665885e-07,1.062011718749999927e-06,4.557406250000000000e+03,-3.954855468750000000e+03,1.000000000000000000e+00,7.147391733554658844e-01,-2.010937500000000000e+06,7.455000000000000000e+03,-2.686500000000000000e+04
9.969075520833332306e-07,1.066080729166666569e-06,4.750175781250000000e+03,-3.711632812500000000e+03,1.000000000000000000e+00,6.632789116118648076e-01,-2.012812500000000000e+06,6.918000000000000000e+03,-2.743400000000000000e+04
1.000976562500000084e-06,1.070149739583333423e-06,4.928253906250000000e+03,-3.461414062500000000e+03,1.000000000000000000e+00,6.122980188644779886e-01,-1.994062500000000000e+06,6.386000000000000000e+03,-2.764600000000000000e+04
1.005045572916666726e-06,1.074218750000000065e-06,5.109785156250000000e+03,-3.206851562500000000e+03,1.000000000000000000e+00,5.604542619239054613e-01,-2.027812500000000000e+06,5.845000000000000000e+03,-2.876300000000000000e+04
1.009114583333333368e-06,1.078287760416666707e-06,5.274507812500000000e+03,-2.945703125000000000e+03,1.000000000000000000e+00,5.093295584776542650e-01,-1.999687500000000000e+06,5.312000000000000000e+03,-2.881600000000000000e+04
1.013183593750000011e-06,1.082356770833333349e-06,5.398343750000000000e+03,-2.676246093750000000e+03,1.000000000000000000e+00,4.602421732653138031e-01,-1.920000000000000000e+06,4.800000000000000000e+03,-2.796800000000000000e+04
1.017252604166666653e-06,1.086425781249999991e-06,5.533035156250000000e+03,-2.385820312500000000e+03,1.000000000000000000e+00,4.071041200349627132e-01,-2.078437500000000000e+06,4.246000000000000000e+03,-3.122600000000000000e+04
1.021321614583333295e-06,1.090494791666666633e-06,5.649550781250000000e+03,-2.115679687500000000e+03,1.000000000000000000e+00,3.583283246701615132e-01,-1.907812500000000000e+06,3.737000000000000000e+03,-2.882300000000000000e+04
1.025390624999999937e-06,1.094563802083333275e-06,5.737718750000000000e+03,-1.820210937500000000e+03,1.000000000000000000e+00,3.072036212239103725e-01,-1.999687500000000000e+06,3.204000000000000000e+03,-3.092400000000000000e+04
1.029459635416666579e-06,1.098632812499999917e-06,5.832128906250000000e+03,-1.511863281250000000e+03,1.000000000000000000e+00,2.536341358969664839e-01,-2.095312500000000000e+06,2.645000000000000000e+03,-3.276800000000000000e+04
1.033528645833333432e-06,1.102701822916666771e-06,5.913839843750000000e+03,-1.221960937500000000e+03,1.000000000000000000e+00,2.037557918408724189e-01,-1.950937500000000000e+06,2.125000000000000000e+03,-3.117100000000000000e+04
1.037597656250000075e-06,1.106770833333333413e-06,5.962519531250000000e+03,-9.220156250000000000e+02,1.000000000000000000e+00,1.534220472383748257e-01,-1.968750000000000000e+06,1.600000000000000000e+03,-3.200000000000000000e+04
1.041666666666666717e-06,1.110839843750000055e-06,5.992128906250000000e+03,-6.038320312500000000e+02,1.000000000000000000e+00,1.004278047068880714e-01,-2.072812500000000000e+06,1.047000000000000000e+03,-3.276800000000000000e+04
1.045735677083333359e-06,1.114908854166666697e-06,6.025289062500000000e+03,-3.049687500000000000e+02,1.000000000000000000e+00,5.057342910060472901e-02,-1.950000000000000000e+06,5.270000000000000000e+02,-3.275300000000000000e+04
1.049804687500000001e-06,1.118977864583333339e-06,6.033562500000000000e+03,2.476562500000000000e+00,1.000000000000000000e+00,-4.074636467821234629e-04,-1.994062500000000000e+06,-5.000000000000000000e+00,-3.276800000000000000e+04
1.053873697916666643e-06,1.123046874999999981e-06,6.017714843750000000e+03,3.204179687500000000e+02,1.000000000000000000e+00,-5.318599012997246578e-02,-2.064375000000000000e+06,-5.550000000000000000e+02,-3.276800000000000000e+04
1.057942708333333285e-06,1.127115885416666623e-06,6.002023437500000000e+03,6.265078125000000000e+02,1.000000000000000000e+00,-1.040230721784950463e-01,-1.988437500000000000e+06,-1.085000000000000000e+03,-3.276800000000000000e+04
1.062011718749999927e-06,1.131184895833333265e-06,5.959058593750000000e+03,9.276210937500000000e+02,1.000000000000000000e+00,-1.544287221304247726e-01,-1.971562500000000000e+06,-1.611000000000000000e+03,-3.276800000000000000e+04
1.066080729166666569e-06,1.135253906249999907e-06,5.897812500000000000e+03,1.230484375000000000e+03,1.000000000000000000e+00,-2.056972362755402073e-01,-2.005312500000000000e+06,-2.146000000000000000e+03,-3.276800000000000000e+04
1.070149739583333423e-06,1.139322916666666761e-06,5.830277343750000000e+03,1.543027343750000000e+03,1.000000000000000000e+00,-2.587154472568376495e-01,-2.073750000000000000e+06,-2.699000000000000000e+03,-3.276800000000000000e+04
1.074218750000000065e-06,1.143391927083333403e-06,5.738675781250000000e+03,1.832082031250000000e+03,1.000000000000000000e+00,-3.090252234095245409e-01,-1.967812500000000000e+06,-3.224000000000000000e+03,-3.276800000000000000e+04
1.078287760416666707e-06,1.147460937500000045e-06,5.639089843750000000e+03,2.118675781250000000e+03,1.000000000000000000e+00,-3.593829364618328914e-01,-1.969687500000000000e+06,-3.749000000000000000e+03,-3.276800000000000000e+04
1.082356770833333349e-06,1.151529947916666687e-06,5.524015625000000000e+03,2.405167968750000000e+03,1.000000000000000000e+00,-4.106514506069482984e-01,-2.005312500000000000e+06,-4.284000000000000000e+03,-3.276800000000000000e+04
1.086425781249999991e-06,1.155598958333333329e-06,5.397160156250000000e+03,2.678332031250000000e+03,1.000000000000000000e+00,-4.606496369120959278e-01,-1.955625000000000000e+06,-4.805000000000000000e+03,-3.276800000000000000e+04
1.090494791666666633e-06,1.159667968749999971e-06,5.257773437500000000e+03,2.948707031250000000e+03,1.000000000000000000e+00,-5.111271922134578150e-01,-1.974375000000000000e+06,-5.332000000000000000e+03,-3.276800000000000000e+04
1.094563802083333275e-06,1.163736979166666613e-06,5.099652343750000000e+03,3.227542968750000000e+03,1.000000000000000000e+00,-5.642412769939980643e-01,-2.077500000000000000e+06,-5.886000000000000000e+03,-3.276800000000000000e+04
1.098632812499999917e-06,1.167805989583333255e-06,4.938324218750000000e+03,3.482769531250000000e+03,1.000000000000000000e+00,-6.142394632991456938e-01,-1.955625000000000000e+06,-6.407000000000000000e+03,-3.276800000000000000e+04
1.102701822916666771e-06,1.171875000000000109e-06,4.743320312500000000e+03,3.712542968750000000e+03,1.000000000000000000e+00,-6.640938389054290569e-01,-1.950000000000000000e+06,-6.927000000000000000e+03,-3.276800000000000000e+04
1.106770833333333413e-06,1.175944010416666751e-06,4.536386718750000000e+03,3.958617187500000000e+03,1.000000000000000000e+00,-7.174955450836979498e-01,-2.088750000000000000e+06,-7.484000000000000000e+03,-3.276800000000000000e+04
1.110839843750000055e-06,1.180013020833333393e-06,4.334691406250000000e+03,4.193460937500000000e+03,1.000000000000000000e+00,-7.688359645782455454e-01,-2.008125000000000000e+06,-8.020000000000000000e+03,-3.276800000000000000e+04
1.114908854166666697e-06,1.184082031250000035e-06,4.116449218750000000e+03,4.397714843750000000e+03,1.000000000000000000e+00,-8.184266872366109391e-01,-1.939687500000000000e+06,-8.537000000000000000e+03,-3.276800000000000000e+04
1.118977864583333339e-06,1.188151041666666677e-06,3.878277343750000000e+03,4.609128906250000000e+03,1.000000000000000000e+00,-8.713010875190442261e-01,-2.068125000000000000e+06,-9.088000000000000000e+03,-3.276800000000000000e+04
1.123046874999999981e-06,1.192220052083333319e-06,3.653261718750000000e+03,4.807449218750000000e+03,1.000000000000000000e+00,-9.209876839766525380e-01,-1.943437500000000000e+06,-9.607000000000000000e+03,-3.276800000000000000e+04
1.127115885416666623e-06,1.196289062499999961e-06,3.405796875000000000e+03,4.978699218750000000e+03,1.000000000000000000e+00,-9.708420595829359012e-01,-1.950000000000000000e+06,-1.012700000000000000e+04,-3.276800000000000000e+04
1.131184895833333265e-06,1.200358072916666603e-06,3.136652343750000000e+03,5.141234375000000000e+03,1.000000000000000000e+00,-1.022997406371047635e+00,-2.040000000000000000e+06,-1.067100000000000000e+04,-3.276800000000000000e+04
1.135253906249999907e-06,1.204427083333333245e-06,2.866781250000000000e+03,5.309792968750000000e+03,1.000000000000000000e+00,-1.075727995954616656e+00,-2.062500000000000000e+06,-1.122100000000000000e+04,-3.276800000000000000e+04
1.139322916666666761e-06,1.208496093750000099e-06,2.597445312500000000e+03,5.442417968750000000e+03,1.000000000000000000e+00,-1.125510466211467886e+00,-1.947187500000000000e+06,-1.174000000000000000e+04,-3.276800000000000000e+04
1.143391927083333403e-06,1.212565104166666741e-06,2.310152343750000000e+03,5.556542968750000000e+03,1.000000000000000000e+00,-1.176778980356583126e+00,-2.005312500000000000e+06,-1.227500000000000000e+04,-3.276800000000000000e+04
1.147460937500000045e-06,1.216634114583333383e-06,2.020265625000000000e+03,5.685355468750000000e+03,1.000000000000000000e+00,-1.229365759241287881e+00,-2.056875000000000000e+06,-1.282300000000000000e+04,-3.276800000000000000e+04
1.151529947916666687e-06,1.220703125000000025e-06,1.740550781250000000e+03,5.773113281250000000e+03,1.000000000000000000e+00,-1.277973775457414085e+00,-1.901250000000000000e+06,-1.333000000000000000e+04,-3.276800000000000000e+04
1.155598958333333329e-06,1.224772135416666667e-06,1.442464843750000000e+03,5.849273437500000000e+03,1.000000000000000000e+00,-1.329002605104422363e+00,-1.995937500000000000e+06,-1.386200000000000000e+04,-3.276800000000000000e+04
1.159667968749999971e-06,1.228841145833333310e-06,1.124554687500000000e+03,5.929187500000000000e+03,1.000000000000000000e+00,-1.383363049275119883e+00,-2.126250000000000000e+06,-1.442900000000000000e+04,-3.276800000000000000e+04
1.163736979166666613e-06,1.232910156249999952e-06,8.318359375000000000e+02,5.976648437500000000e+03,1.000000000000000000e+00,-1.432498371387081804e+00,-1.921875000000000000e+06,-1.494200000000000000e+04,-3.276800000000000000e+04
1.167805989583333255e-06,1.236979166666666594e-06,5.270429687500000000e+02,6.010007812500000000e+03,1.000000000000000000e+00,-1.483311484985793571e+00,-1.987500000000000000e+06,-1.547200000000000000e+04,-3.276800000000000000e+04
1.171874999999999897e-06,1.241048177083333236e-06,2.082460937500000000e+02,6.029109375000000000e+03,1.000000000000000000e+00,-1.536281759067469554e+00,-2.071875000000000000e+06,-1.602400000000000000e+04,-3.276800000000000000e+04
1.175944010416666751e-06,1.245117187500000089e-06,-9.237890625000000000e+01,6.034347656250000000e+03,1.000000000000000000e+00,-1.586112166223942355e+00,-1.949062500000000000e+06,-1.654400000000000000e+04,-3.276800000000000000e+04
1.180013020833333393e-06,1.249186197916666731e-06,-3.969101562500000000e+02,6.013289062500000000e+03,1.000000000000000000e+00,-1.636709563774357612e+00,-1.979062500000000000e+06,-1.707200000000000000e+04,-3.276800000000000000e+04
1.184082031250000035e-06,1.253255208333333374e-06,-7.149687500000000000e+02,5.985742187500000000e+03,1.000000000000000000e+00,-1.689679837856033817e+00,-2.071875000000000000e+06,-1.762400000000000000e+04,-3.276800000000000000e+04
1.188151041666666677e-06,1.257324218750000016e-06,-1.021808593750000000e+03,5.947066406250000000e+03,1.000000000000000000e+00,-1.740948352001149058e+00,-2.005312500000000000e+06,-1.815900000000000000e+04,-3.276800000000000000e+04
1.192220052083333319e-06,1.261393229166666658e-06,-1.319933593750000000e+03,5.882730468750000000e+03,1.000000000000000000e+00,-1.791521781101753863e+00,-1.978125000000000000e+06,-1.868700000000000000e+04,-3.276800000000000000e+04
1.196289062499999961e-06,1.265462239583333300e-06,-1.619859375000000000e+03,5.797941406250000000e+03,1.000000000000000000e+00,-1.843245695793272798e+00,-2.023125000000000000e+06,-1.922600000000000000e+04,-3.276800000000000000e+04
1.200358072916666603e-06,1.269531249999999942e-06,-1.915546875000000000e+03,5.726785156250000000e+03,1.000000000000000000e+00,-1.893579440395770419e+00,-1.968750000000000000e+06,-1.975100000000000000e+04,-3.276800000000000000e+04
1.204427083333333245e-06,1.273600260416666584e-06,-2.194851562500000000e+03,5.611847656250000000e+03,1.000000000000000000e+00,-1.943601595150728834e+00,-1.956562500000000000e+06,-2.027300000000000000e+04,-3.276800000000000000e+04
1.208496093750000099e-06,1.277669270833333438e-06,-2.482445312500000000e+03,5.486394531250000000e+03,1.000000000000000000e+00,-1.995709005039219219e+00,-2.038125000000000000e+06,-2.081600000000000000e+04,-3.276800000000000000e+04
1.212565104166666741e-06,1.281738281250000080e-06,-2.766816406250000000e+03,5.349859375000000000e+03,1.000000000000000000e+00,-2.048104036325438138e+00,-2.049375000000000000e+06,-2.136300000000000000e+04,-3.276800000000000000e+04
1.216634114583333383e-06,1.285807291666666722e-06,-3.032562500000000000e+03,5.214691406250000000e+03,1.000000000000000000e+00,-2.097526979835128813e+00,-1.933125000000000000e+06,-2.187800000000000000e+04,-3.276800000000000000e+04
1.220703125000000025e-06,1.289876302083333364e-06,-3.290566406250000000e+03,5.048953125000000000e+03,1.000000000000000000e+00,-2.148388030333461707e+00,-1.989375000000000000e+06,-2.240900000000000000e+04,-3.276800000000000000e+04
1.224772135416666667e-06,1.293945312500000006e-06,-3.555996093750000000e+03,4.868488281250000000e+03,1.000000000000000000e+00,-2.201645925812866444e+00,-2.083125000000000000e+06,-2.296400000000000000e+04,-3.276800000000000000e+04
1.228841145833333310e-06,1.298014322916666648e-06,-3.789066406250000000e+03,4.682078125000000000e+03,1.000000000000000000e+00,-2.251164743121799816e+00,-1.936875000000000000e+06,-2.348100000000000000e+04,-3.276800000000000000e+04
1.232910156249999952e-06,1.302083333333333290e-06,-4.026531250000000000e+03,4.477734375000000000e+03,1.000000000000000000e+00,-2.303176279211047284e+00,-2.034375000000000000e+06,-2.402300000000000000e+04,-3.276800000000000000e+04
1.236979166666666594e-06,1.306152343749999932e-06,-4.258425781250000000e+03,4.271640625000000000e+03,1.000000000000000000e+00,-2.354636540954648360e+00,-2.012812500000000000e+06,-2.456000000000000000e+04,-3.276800000000000000e+04
1.241048177083333236e-06,1.310221354166666574e-06,-4.469574218750000000e+03,4.054062500000000000e+03,1.000000000000000000e+00,-2.404898380207713959e+00,-1.965937500000000000e+06,-2.508400000000000000e+04,-3.276800000000000000e+04
1.245117187500000089e-06,1.314290364583333428e-06,-4.669031250000000000e+03,3.812042968750000000e+03,1.000000000000000000e+00,-2.456909916296961427e+00,-2.034375000000000000e+06,-2.562700000000000000e+04,-3.276800000000000000e+04
1.249186197916666731e-06,1.318359375000000070e-06,-4.867914062500000000e+03,3.570003906250000000e+03,1.000000000000000000e+00,-2.508825578586966198e+00,-2.030625000000000000e+06,-2.616800000000000000e+04,-3.276800000000000000e+04
1.253255208333333374e-06,1.322428385416666712e-06,-5.040125000000000000e+03,3.332707031250000000e+03,1.000000000000000000e+00,-2.557361689453660158e+00,-1.898437500000000000e+06,-2.667500000000000000e+04,-3.276800000000000000e+04
1.257324218750000016e-06,1.326497395833333354e-06,-5.185789062500000000e+03,3.057277343750000000e+03,1.000000000000000000e+00,-2.608893856546693701e+00,-2.015625000000000000e+06,-2.721200000000000000e+04,-3.276800000000000000e+04
1.261393229166666658e-06,1.330566406249999996e-06,-5.348035156250000000e+03,2.787523437500000000e+03,1.000000000000000000e+00,-2.661097140234426561e+00,-2.041875000000000000e+06,-2.775700000000000000e+04,-3.276800000000000000e+04
1.265462239583333300e-06,1.334635416666666638e-06,-5.488058593750000000e+03,2.510058593750000000e+03,1.000000000000000000e+00,-2.712629307327460104e+00,-2.015625000000000000e+06,-2.829400000000000000e+04,-3.276800000000000000e+04
1.269531249999999942e-06,1.338704427083333280e-06,-5.592269531250000000e+03,2.221933593750000000e+03,1.000000000000000000e+00,-2.763394484026550302e+00,-1.985625000000000000e+06,-2.882400000000000000e+04,-3.276800000000000000e+04
1.273600260416666584e-06,1.342773437499999922e-06,-5.709867187500000000e+03,1.929742187500000000e+03,1.000000000000000000e+00,-2.815669673063715628e+00,-2.044687500000000000e+06,-2.936900000000000000e+04,-3.276800000000000000e+04
1.277669270833333438e-06,1.346842447916666776e-06,-5.802285156250000000e+03,1.646312500000000000e+03,1.000000000000000000e+00,-2.865116585023216977e+00,-1.934062500000000000e+06,-2.988500000000000000e+04,-3.276800000000000000e+04
1.281738281250000080e-06,1.350911458333333418e-06,-5.875281250000000000e+03,1.350621093750000000e+03,1.000000000000000000e+00,-2.915642077224200435e+00,-1.976250000000000000e+06,-3.041200000000000000e+04,-3.276800000000000000e+04
1.285807291666666722e-06,1.354980468750000060e-06,-5.933578125000000000e+03,1.038226562500000000e+03,1.000000000000000000e+00,-2.968372666807769011e+00,-2.062500000000000000e+06,-3.096200000000000000e+04,-3.276800000000000000e+04
1.289876302083333364e-06,1.359049479166666702e-06,-5.984027343750000000e+03,7.430585937500000000e+02,1.000000000000000000e+00,-3.018059263265377545e+00,-1.943437500000000000e+06,-3.148000000000000000e+04,-3.276800000000000000e+04
1.293945312500000006e-06,1.363118489583333344e-06,-6.018363281250000000e+03,4.452578125000000000e+02,1.000000000000000000e+00,-3.067745859722986079e+00,-1.943437500000000000e+06,-3.199800000000000000e+04,-3.276800000000000000e+04
1.298014322916666648e-06,1.367187499999999986e-06,-6.016550781250000000e+03,1.156484375000000000e+02,1.000000000000000000e+00,-3.122369956841601013e+00,-2.136562500000000000e+06,-3.256800000000000000e+04,-3.276800000000000000e+04
1.302083333333333290e-06,1.371256510416666628e-06,-6.047117187500000000e+03,-1.869101562500000000e+02,1.000000000000000000e+00,3.110697321783783664e+00,-1.960312500000000000e+06,3.244500000000000000e+04,-1.011000000000000000e+03
1.306152343749999932e-06,1.375325520833333270e-06,-6.009707031250000000e+03,-4.925234375000000000e+02,1.000000000000000000e+00,3.059836271285450771e+00,-1.989375000000000000e+06,3.191500000000000000e+04,-2.037000000000000000e+03
1.310221354166666574e-06,1.379394531249999912e-06,-5.974546875000000000e+03,-7.976093750000000000e+02,1.000000000000000000e+00,3.008879346987874293e+00,-1.993125000000000000e+06,3.138300000000000000e+04,-2.633000000000000000e+03
1.314290364583333428e-06,1.383463541666666766e-06,-5.932382812500000000e+03,-1.111242187500000000e+03,1.000000000000000000e+00,2.956436378802034248e+00,-2.051250000000000000e+06,3.083600000000000000e+04,-4.172000000000000000e+03
1.318359375000000070e-06,1.387532552083333408e-06,-5.863761718750000000e+03,-1.394460937500000000e+03,1.000000000000000000e+00,2.908115983983636355e+00,-1.890000000000000000e+06,3.033200000000000000e+04,-1.924000000000000000e+03
1.322428385416666712e-06,1.391601562500000050e-06,-5.782507812500000000e+03,-1.703523437500000000e+03,1.000000000000000000e+00,2.855097773002338801e+00,-2.073750000000000000e+06,2.977900000000000000e+04,-5.613000000000000000e+03
1.326497395833333354e-06,1.395670572916666692e-06,-5.689816406250000000e+03,-2.005398437500000000e+03,1.000000000000000000e+00,2.802750678615741453e+00,-2.047500000000000000e+06,2.923300000000000000e+04,-5.711000000000000000e+03
1.330566406249999996e-06,1.399739583333333334e-06,-5.592968750000000000e+03,-2.283484375000000000e+03,1.000000000000000000e+00,2.753950914801129635e+00,-1.908750000000000000e+06,2.872400000000000000e+04,-3.852000000000000000e+03
1.334635416666666638e-06,1.403808593749999976e-06,-5.448468750000000000e+03,-2.558035156250000000e+03,1.000000000000000000e+00,2.702658432206203276e+00,-2.006250000000000000e+06,2.818900000000000000e+04,-6.051000000000000000e+03
1.338704427083333280e-06,1.407877604166666618e-06,-5.324085937500000000e+03,-2.838925781250000000e+03,1.000000000000000000e+00,2.651725476358437916e+00,-1.992187500000000000e+06,2.765800000000000000e+04,-6.342000000000000000e+03
1.342773437499999922e-06,1.411946614583333260e-06,-5.172027343750000000e+03,-3.109726562500000000e+03,1.000000000000000000e+00,2.600241246165026165e+00,-2.013750000000000000e+06,2.712100000000000000e+04,-7.247000000000000000e+03
1.346842447916666564e-06,1.416015624999999902e-06,-5.001441406250000000e+03,-3.360460937500000000e+03,1.000000000000000000e+00,2.549979406911960567e+00,-1.965937500000000000e+06,2.659700000000000000e+04,-6.955000000000000000e+03
1.350911458333333418e-06,1.420084635416666756e-06,-4.819363281250000000e+03,-3.622859375000000000e+03,1.000000000000000000e+00,2.496985164380473687e+00,-2.072812500000000000e+06,2.604400000000000000e+04,-9.332000000000000000e+03
1.354980468750000060e-06,1.424153645833333398e-06,-4.642558593750000000e+03,-3.865921875000000000e+03,1.000000000000000000e+00,2.447202694123622457e+00,-1.947187500000000000e+06,2.552500000000000000e+04,-7.707000000000000000e+03
1.359049479166666702e-06,1.428222656250000040e-06,-4.432195312500000000e+03,-4.087218750000000000e+03,1.000000000000000000e+00,2.396653233472828770e+00,-1.977187500000000000e+06,2.499800000000000000e+04,-8.746000000000000000e+03
1.363118489583333344e-06,1.432291666666666682e-06,-4.209769531250000000e+03,-4.308070312500000000e+03,1.000000000000000000e+00,2.344641697383581302e+00,-2.034375000000000000e+06,2.445500000000000000e+04,-1.026500000000000000e+04
1.367187499999999986e-06,1.436360677083333324e-06,-3.980523437500000000e+03,-4.528785156250000000e+03,1.000000000000000000e+00,2.291839202450580260e+00,-2.065312500000000000e+06,2.390400000000000000e+04,-1.134400000000000000e+04
1.371256510416666628e-06,1.440429687499999966e-06,-3.754765625000000000e+03,-4.718945312500000000e+03,1.000000000000000000e+00,2.242895627937103953e+00,-1.914375000000000000e+06,2.339400000000000000e+04,-9.278000000000000000e+03
1.375325520833333270e-06,1.444498697916666609e-06,-3.501394531250000000e+03,-4.904410156250000000e+03,1.000000000000000000e+00,2.190812186498424019e+00,-2.037187500000000000e+06,2.285100000000000000e+04,-1.191700000000000000e+04
1.379394531249999912e-06,1.448567708333333251e-06,-3.248148437500000000e+03,-5.081402343750000000e+03,1.000000000000000000e+00,2.139567640803119453e+00,-2.004375000000000000e+06,2.231600000000000000e+04,-1.189200000000000000e+04
1.383463541666666766e-06,1.452636718750000104e-06,-2.987882812500000000e+03,-5.238273437500000000e+03,1.000000000000000000e+00,2.089161990851189810e+00,-1.971562500000000000e+06,2.179000000000000000e+04,-1.185800000000000000e+04
1.387532552083333408e-06,1.456705729166666746e-06,-2.706156250000000000e+03,-5.374742187500000000e+03,1.000000000000000000e+00,2.037222360111374364e+00,-2.031562500000000000e+06,2.124900000000000000e+04,-1.342300000000000000e+04
1.391601562500000050e-06,1.460774739583333388e-06,-2.436175781250000000e+03,-5.520218750000000000e+03,1.000000000000000000e+00,1.986409246512662374e+00,-1.987500000000000000e+06,2.071900000000000000e+04,-1.320100000000000000e+04
1.395670572916666692e-06,1.464843750000000030e-06,-2.158691406250000000e+03,-5.630402343750000000e+03,1.000000000000000000e+00,1.936914397653539899e+00,-1.935937500000000000e+06,2.020200000000000000e+04,-1.283800000000000000e+04
1.399739583333333334e-06,1.468912760416666673e-06,-1.859070312500000000e+03,-5.733191406250000000e+03,1.000000000000000000e+00,1.884351587218645818e+00,-2.055937500000000000e+06,1.965400000000000000e+04,-1.543400000000000000e+04
1.403808593749999976e-06,1.472981770833333315e-06,-1.552984375000000000e+03,-5.822476562500000000e+03,1.000000000000000000e+00,1.831453218486402079e+00,-2.069062500000000000e+06,1.910200000000000000e+04,-1.621000000000000000e+04
1.407877604166666618e-06,1.477050781249999957e-06,-1.267792968750000000e+03,-5.899722656250000000e+03,1.000000000000000000e+00,1.782461707073304424e+00,-1.916250000000000000e+06,1.859100000000000000e+04,-1.411300000000000000e+04
1.411946614583333260e-06,1.481119791666666599e-06,-9.514570312500000000e+02,-5.947082031250000000e+03,1.000000000000000000e+00,1.729443496092006871e+00,-2.073750000000000000e+06,1.803800000000000000e+04,-1.735400000000000000e+04
1.416015624999999902e-06,1.485188802083333241e-06,-6.515468750000000000e+02,-5.991324218750000000e+03,1.000000000000000000e+00,1.679109751489509250e+00,-1.968750000000000000e+06,1.751300000000000000e+04,-1.608700000000000000e+04
1.420084635416666756e-06,1.489257812500000095e-06,-3.424453125000000000e+02,-6.022363281250000000e+03,1.000000000000000000e+00,1.627601552846286603e+00,-2.014687500000000000e+06,1.697600000000000000e+04,-1.740800000000000000e+04
1.424153645833333398e-06,1.493326822916666737e-06,-4.511328125000000000e+01,-6.024003906250000000e+03,1.000000000000000000e+00,1.578274483135839068e+00,-1.929375000000000000e+06,1.646200000000000000e+04,-1.646600000000000000e+04
1.428222656250000040e-06,1.497395833333333379e-06,2.766171875000000000e+02,-6.023851562500000000e+03,1.000000000000000000e+00,1.524920713857191634e+00,-2.086875000000000000e+06,1.590500000000000000e+04,-1.971100000000000000e+04
1.432291666666666682e-06,1.501464843750000021e-06,5.783515625000000000e+02,-6.009535156250000000e+03,1.000000000000000000e+00,1.474850622202611872e+00,-1.958437500000000000e+06,1.538300000000000000e+04,-1.804100000000000000e+04
1.436360677083333324e-06,1.505533854166666663e-06,8.712226562500000000e+02,-5.961820312500000000e+03,1.000000000000000000e+00,1.425691331640839277e+00,-1.922812500000000000e+06,1.487000000000000000e+04,-1.794600000000000000e+04
1.440429687499999966e-06,1.509602864583333305e-06,1.189910156250000000e+03,-5.907988281250000000e+03,1.000000000000000000e+00,1.372049940964463088e+00,-2.098125000000000000e+06,1.431100000000000000e+04,-2.149700000000000000e+04
1.444498697916666609e-06,1.513671874999999947e-06,1.481546875000000000e+03,-5.846472656250000000e+03,1.000000000000000000e+00,1.322603029004961961e+00,-1.934062500000000000e+06,1.379500000000000000e+04,-1.921300000000000000e+04
1.448567708333333251e-06,1.517740885416666589e-06,1.780707031250000000e+03,-5.760699218750000000e+03,1.000000000000000000e+00,1.270998956562496618e+00,-2.018437500000000000e+06,1.325700000000000000e+04,-2.119100000000000000e+04
1.452636718750000104e-06,1.521809895833333443e-06,2.078242187500000000e+03,-5.655863281250000000e+03,1.000000000000000000e+00,1.218651862175899048e+00,-2.047500000000000000e+06,1.271100000000000000e+04,-2.223300000000000000e+04
1.456705729166666746e-06,1.525878906250000085e-06,2.371949218750000000e+03,-5.551238281250000000e+03,1.000000000000000000e+00,1.166999852833812135e+00,-2.020312500000000000e+06,1.217200000000000000e+04,-2.230800000000000000e+04
1.460774739583333388e-06,1.529947916666666727e-06,2.640089843750000000e+03,-5.414949218750000000e+03,1.000000000000000000e+00,1.117145477227528882e+00,-1.950000000000000000e+06,1.165200000000000000e+04,-2.162800000000000000e+04
1.464843750000000030e-06,1.534016927083333369e-06,2.911949218750000000e+03,-5.268347656250000000e+03,1.000000000000000000e+00,1.065876963082413420e+00,-2.005312500000000000e+06,1.111700000000000000e+04,-2.310700000000000000e+04
1.468912760416666673e-06,1.538085937500000011e-06,3.186628906250000000e+03,-5.121746093750000000e+03,1.000000000000000000e+00,1.014224953740326729e+00,-2.020312500000000000e+06,1.057800000000000000e+04,-2.390200000000000000e+04
1.472981770833333315e-06,1.542154947916666653e-06,3.435726562500000000e+03,-4.957316406250000000e+03,1.000000000000000000e+00,9.647540733310147054e-01,-1.935000000000000000e+06,1.006200000000000000e+04,-2.296200000000000000e+04
1.477050781249999957e-06,1.546223958333333295e-06,3.685796875000000000e+03,-4.766207031250000000e+03,1.000000000000000000e+00,9.125268211934708384e-01,-2.042812500000000000e+06,9.518000000000000000e+03,-2.534600000000000000e+04
1.481119791666666599e-06,1.550292968749999937e-06,3.925628906250000000e+03,-4.579140625000000000e+03,1.000000000000000000e+00,8.620972027917302993e-01,-1.972500000000000000e+06,8.992000000000000000e+03,-2.467200000000000000e+04
1.485188802083333241e-06,1.554361979166666579e-06,4.161351562500000000e+03,-4.375753906250000000e+03,1.000000000000000000e+00,8.104931303492649564e-01,-2.018437500000000000e+06,8.453000000000000000e+03,-2.599500000000000000e+04
1.489257812500000095e-06,1.558430989583333433e-06,4.360183593750000000e+03,-4.142156250000000000e+03,1.000000000000000000e+00,7.597519220999852108e-01,-1.984687500000000000e+06,7.924000000000000000e+03,-2.594800000000000000e+04
1.493326822916666737e-06,1.562500000000000075e-06,4.580277343750000000e+03,-3.926417968750000000e+03,1.000000000000000000e+00,7.086751555533554736e-01,-1.997812500000000000e+06,7.391000000000000000e+03,-2.670500000000000000e+04
1.497395833333333379e-06,1.566569010416666717e-06,4.780144531250000000e+03,-3.691355468750000000e+03,1.000000000000000000e+00,6.575744205569150624e-01,-1.998750000000000000e+06,6.858000000000000000e+03,-2.725400000000000000e+04
1.501464843750000021e-06,1.570638020833333359e-06,4.956250000000000000e+03,-3.433886718750000000e+03,1.000000000000000000e+00,6.058984427650175864e-01,-2.021250000000000000e+06,6.319000000000000000e+03,-2.817700000000000000e+04
1.505533854166666663e-06,1.574707031250000001e-06,5.130437500000000000e+03,-3.170875000000000000e+03,1.000000000000000000e+00,5.535753168282308012e-01,-2.046562500000000000e+06,5.774000000000000000e+03,-2.915400000000000000e+04
1.509602864583333305e-06,1.578776041666666643e-06,5.285859375000000000e+03,-2.916335937500000000e+03,1.000000000000000000e+00,5.041763417683510218e-01,-1.932187500000000000e+06,5.258000000000000000e+03,-2.771800000000000000e+04
1.513671874999999947e-06,1.582845052083333285e-06,5.413250000000000000e+03,-2.645351562500000000e+03,1.000000000000000000e+00,4.545376822103640579e-01,-1.941562500000000000e+06,4.741000000000000000e+03,-2.839500000000000000e+04
1.517740885416666589e-06,1.586914062499999927e-06,5.547062500000000000e+03,-2.356921875000000000e+03,1.000000000000000000e+00,4.017831241769844186e-01,-2.063437500000000000e+06,4.190000000000000000e+03,-3.102600000000000000e+04
1.521809895833333231e-06,1.590983072916666569e-06,5.662210937500000000e+03,-2.063859375000000000e+03,1.000000000000000000e+00,3.495319035896297666e-01,-2.043750000000000000e+06,3.645000000000000000e+03,-3.123500000000000000e+04
1.525878906250000085e-06,1.595052083333333423e-06,5.755851562500000000e+03,-1.784804687500000000e+03,1.000000000000000000e+00,3.006842028753963780e-01,-1.910625000000000000e+06,3.136000000000000000e+03,-2.947200000000000000e+04
1.529947916666666727e-06,1.599121093750000065e-06,5.835664062500000000e+03,-1.485230468750000000e+03,1.000000000000000000e+00,2.492239411317952735e-01,-2.012812500000000000e+06,2.599000000000000000e+03,-3.175300000000000000e+04
1.534016927083333369e-06,1.603190104166666707e-06,5.911558593750000000e+03,-1.177429687500000000e+03,1.000000000000000000e+00,1.965892253474691986e-01,-2.058750000000000000e+06,2.050000000000000000e+03,-3.276800000000000000e+04
1.538085937500000011e-06,1.607259114583333349e-06,5.958464843750000000e+03,-8.734101562500000000e+02,1.000000000000000000e+00,1.455364272506502188e-01,-1.996875000000000000e+06,1.518000000000000000e+03,-3.256200000000000000e+04
1.542154947916666653e-06,1.611328124999999991e-06,5.996730468750000000e+03,-5.669687500000000000e+02,1.000000000000000000e+00,9.426791310553479797e-02,-2.005312500000000000e+06,9.830000000000000000e+02,-3.276800000000000000e+04
1.546223958333333295e-06,1.615397135416666633e-06,6.030660156250000000e+03,-2.608476562500000000e+02,1.000000000000000000e+00,4.323908345852651297e-02,-1.995937500000000000e+06,4.510000000000000000e+02,-3.276800000000000000e+04
1.550292968749999937e-06,1.619466145833333275e-06,6.028785156250000000e+03,3.986718750000000000e+01,1.000000000000000000e+00,-6.615292147756827654e-03,-1.950000000000000000e+06,-6.900000000000000000e+01,-3.276800000000000000e+04
1.554361979166666579e-06,1.623535156249999917e-06,6.014457031250000000e+03,3.446093750000000000e+02,1.000000000000000000e+00,-5.723665814798298279e-02,-1.980000000000000000e+06,-5.970000000000000000e+02,-3.276800000000000000e+04
1.558430989583333433e-06,1.627604166666666771e-06,5.992265625000000000e+03,6.587968750000000000e+02,1.000000000000000000e+00,-1.095118471851483505e-01,-2.044687500000000000e+06,-1.143000000000000000e+03,-3.276800000000000000e+04
1.562500000000000075e-06,1.631673177083333413e-06,5.959734375000000000e+03,9.670078125000000000e+02,1.000000000000000000e+00,-1.608522666796959044e-01,-2.008125000000000000e+06,-1.678000000000000000e+03,-3.276800000000000000e+04
1.566569010416666717e-06,1.635742187500000055e-06,5.891484375000000000e+03,1.269937500000000000e+03,1.000000000000000000e+00,-2.123125284232970367e-01,-2.012812500000000000e+06,-2.215000000000000000e+03,-3.276800000000000000e+04
1.570638020833333359e-06,1.639811197916666697e-06,5.824683593750000000e+03,1.572390625000000000e+03,1.000000000000000000e+00,-2.636769163676552785e-01,-2.009062500000000000e+06,-2.751000000000000000e+03,-3.276800000000000000e+04
1.574707031250000001e-06,1.643880208333333339e-06,5.733605468750000000e+03,1.868968750000000000e+03,1.000000000000000000e+00,-3.151132096614456812e-01,-2.011875000000000000e+06,-3.287000000000000000e+03,-3.276800000000000000e+04
1.578776041666666643e-06,1.647949218749999981e-06,5.622667968750000000e+03,2.153464843750000000e+03,1.000000000000000000e+00,-3.657585441114825642e-01,-1.980937500000000000e+06,-3.815000000000000000e+03,-3.276800000000000000e+04
1.582845052083333285e-06,1.652018229166666623e-06,5.507484375000000000e+03,2.443414062500000000e+03,1.000000000000000000e+00,-4.175543641524336880e-01,-2.025937500000000000e+06,-4.356000000000000000e+03,-3.276800000000000000e+04
1.586914062499999927e-06,1.656087239583333265e-06,5.381898437500000000e+03,2.716742187500000000e+03,1.000000000000000000e+00,-4.674806451081491288e-01,-1.952812500000000000e+06,-4.876000000000000000e+03,-3.276800000000000000e+04
1.590983072916666569e-06,1.660156249999999908e-06,5.240976562500000000e+03,2.981839843750000000e+03,1.000000000000000000e+00,-5.172631153650003588e-01,-1.947187500000000000e+06,-5.396000000000000000e+03,-3.276800000000000000e+04
1.595052083333333423e-06,1.664225260416666761e-06,5.079222656250000000e+03,3.254531250000000000e+03,1.000000000000000000e+00,-5.698498942497050024e-01,-2.056875000000000000e+06,-5.944000000000000000e+03,-3.276800000000000000e+04
1.599121093750000065e-06,1.668294270833333403e-06,4.916261718750000000e+03,3.507464843750000000e+03,1.000000000000000000e+00,-6.197042698559883656e-01,-1.950000000000000000e+06,-6.464000000000000000e+03,-3.276800000000000000e+04
1.603190104166666707e-06,1.672363281250000045e-06,4.721015625000000000e+03,3.743824218750000000e+03,1.000000000000000000e+00,-6.704694465550787852e-01,-1.985625000000000000e+06,-6.994000000000000000e+03,-3.276800000000000000e+04
1.607259114583333349e-06,1.676432291666666687e-06,4.508757812500000000e+03,3.982839843750000000e+03,1.000000000000000000e+00,-7.235355944359976865e-01,-2.075625000000000000e+06,-7.547000000000000000e+03,-3.276800000000000000e+04
1.611328124999999991e-06,1.680501302083333329e-06,4.310738281250000000e+03,4.217664062500000000e+03,1.000000000000000000e+00,-7.744925187335738315e-01,-1.993125000000000000e+06,-8.079000000000000000e+03,-3.276800000000000000e+04
1.615397135416666633e-06,1.684570312499999972e-06,4.084507812500000000e+03,4.430179687500000000e+03,1.000000000000000000e+00,-8.259767489269855822e-01,-2.013750000000000000e+06,-8.616000000000000000e+03,-3.276800000000000000e+04
1.619466145833333275e-06,1.688639322916666614e-06,3.853554687500000000e+03,4.636406250000000000e+03,1.000000000000000000e+00,-8.773411368713438518e-01,-2.009062500000000000e+06,-9.151000000000000000e+03,-3.276800000000000000e+04
1.623535156249999917e-06,1.692708333333333256e-06,3.615203125000000000e+03,4.820953125000000000e+03,1.000000000000000000e+00,-9.273632916263022663e-01,-1.956562500000000000e+06,-9.673000000000000000e+03,-3.276800000000000000e+04
1.627604166666666771e-06,1.696777343750000109e-06,3.371300781250000000e+03,4.997535156250000000e+03,1.000000000000000000e+00,-9.773375094816391107e-01,-1.954687500000000000e+06,-1.019400000000000000e+04,-3.276800000000000000e+04
1.631673177083333413e-06,1.700846354166666751e-06,3.106707031250000000e+03,5.166773437500000000e+03,1.000000000000000000e+00,-1.029420950920318711e+00,-2.037187500000000000e+06,-1.073800000000000000e+04,-3.276800000000000000e+04
1.635742187500000055e-06,1.704915364583333394e-06,2.836121093750000000e+03,5.333722656250000000e+03,1.000000000000000000e+00,-1.082079635154455488e+00,-2.059687500000000000e+06,-1.128700000000000000e+04,-3.276800000000000000e+04
1.639811197916666697e-06,1.708984375000000036e-06,2.568035156250000000e+03,5.458679687500000000e+03,1.000000000000000000e+00,-1.131071146567553143e+00,-1.916250000000000000e+06,-1.179800000000000000e+04,-3.276800000000000000e+04
1.643880208333333339e-06,1.713053385416666678e-06,2.289441406250000000e+03,5.577574218750000000e+03,1.000000000000000000e+00,-1.181285048920997172e+00,-1.964062500000000000e+06,-1.232200000000000000e+04,-3.276800000000000000e+04
1.647949218749999981e-06,1.717122395833333320e-06,1.993898437500000000e+03,5.701820312500000000e+03,1.000000000000000000e+00,-1.234399133701537643e+00,-2.077500000000000000e+06,-1.287600000000000000e+04,-3.276800000000000000e+04
1.652018229166666623e-06,1.721191406249999962e-06,1.700230468750000000e+03,5.784511718750000000e+03,1.000000000000000000e+00,-1.284924625902520878e+00,-1.976250000000000000e+06,-1.340300000000000000e+04,-3.276800000000000000e+04
1.656087239583333265e-06,1.725260416666666604e-06,1.408343750000000000e+03,5.855734375000000000e+03,1.000000000000000000e+00,-1.334779001508804130e+00,-1.950000000000000000e+06,-1.392300000000000000e+04,-3.276800000000000000e+04
1.660156249999999908e-06,1.729329427083333246e-06,1.087269531250000000e+03,5.920250000000000000e+03,1.000000000000000000e+00,-1.389163414129312324e+00,-2.127187500000000000e+06,-1.449000000000000000e+04,-3.276800000000000000e+04
1.664225260416666761e-06,1.733398437500000100e-06,7.955976562500000000e+02,5.981777343750000000e+03,1.000000000000000000e+00,-1.438562389189192103e+00,-1.932187500000000000e+06,-1.500500000000000000e+04,-3.276800000000000000e+04
1.668294270833333403e-06,1.737467447916666742e-06,4.893359375000000000e+02,6.004812500000000000e+03,1.000000000000000000e+00,-1.489495345036957685e+00,-1.992187500000000000e+06,-1.553600000000000000e+04,-3.276800000000000000e+04
1.672363281250000045e-06,1.741536458333333384e-06,1.621601562500000000e+02,6.020777343750000000e+03,1.000000000000000000e+00,-1.543879757657465657e+00,-2.127187500000000000e+06,-1.610400000000000000e+04,-3.276800000000000000e+04
1.676432291666666687e-06,1.745605468750000026e-06,-1.330117187500000000e+02,6.033367187500000000e+03,1.000000000000000000e+00,-1.592823332170941963e+00,-1.914375000000000000e+06,-1.661400000000000000e+04,-3.276800000000000000e+04
1.680501302083333329e-06,1.749674479166666668e-06,-4.292812500000000000e+02,6.010421875000000000e+03,1.000000000000000000e+00,-1.642102464981768151e+00,-1.927500000000000000e+06,-1.712800000000000000e+04,-3.276800000000000000e+04
1.684570312499999972e-06,1.753743489583333310e-06,-7.499101562500000000e+02,5.977195312500000000e+03,1.000000000000000000e+00,-1.695600044959279851e+00,-2.092500000000000000e+06,-1.768600000000000000e+04,-3.276800000000000000e+04
1.688639322916666614e-06,1.757812499999999952e-06,-1.047808593750000000e+03,5.938214843750000000e+03,1.000000000000000000e+00,-1.745454420565563325e+00,-1.950000000000000000e+06,-1.820600000000000000e+04,-3.276800000000000000e+04
1.692708333333333256e-06,1.761881510416666594e-06,-1.355460937500000000e+03,5.873421875000000000e+03,1.000000000000000000e+00,-1.797609767353675059e+00,-2.040000000000000000e+06,-1.875000000000000000e+04,-3.276800000000000000e+04
1.696777343749999898e-06,1.765950520833333236e-06,-1.652449218750000000e+03,5.785765625000000000e+03,1.000000000000000000e+00,-1.848998123747844113e+00,-2.010000000000000000e+06,-1.928600000000000000e+04,-3.276800000000000000e+04
1.700846354166666751e-06,1.770019531250000090e-06,-1.954093750000000000e+03,5.712000000000000000e+03,1.000000000000000000e+00,-1.900410448591823620e+00,-2.010937500000000000e+06,-1.982200000000000000e+04,-3.276800000000000000e+04
1.704915364583333394e-06,1.774088541666666732e-06,-2.237929687500000000e+03,5.605300781250000000e+03,1.000000000000000000e+00,-1.950672287844889219e+00,-1.965937500000000000e+06,-2.034700000000000000e+04,-3.276800000000000000e+04
1.708984375000000036e-06,1.778157552083333374e-06,-2.517945312500000000e+03,5.470042968750000000e+03,1.000000000000000000e+00,-2.002204454937922318e+00,-2.015625000000000000e+06,-2.088400000000000000e+04,-3.276800000000000000e+04
1.713053385416666678e-06,1.782226562500000016e-06,-2.795664062500000000e+03,5.342355468750000000e+03,1.000000000000000000e+00,-2.052921694737391611e+00,-1.983750000000000000e+06,-2.141300000000000000e+04,-3.276800000000000000e+04
1.717122395833333320e-06,1.786295572916666658e-06,-3.057175781250000000e+03,5.201558593750000000e+03,1.000000000000000000e+00,-2.102152890648596451e+00,-1.925625000000000000e+06,-2.192700000000000000e+04,-3.276800000000000000e+04
1.721191406249999962e-06,1.790364583333333300e-06,-3.319578125000000000e+03,5.015535156250000000e+03,1.000000000000000000e+00,-2.155458723027622092e+00,-2.085000000000000000e+06,-2.248300000000000000e+04,-3.276800000000000000e+04
1.725260416666666604e-06,1.794433593749999942e-06,-3.587410156250000000e+03,4.844367187500000000e+03,1.000000000000000000e+00,-2.208213281061001787e+00,-2.063437500000000000e+06,-2.303300000000000000e+04,-3.276800000000000000e+04
1.729329427083333246e-06,1.798502604166666584e-06,-3.820292968750000000e+03,4.665156250000000000e+03,1.000000000000000000e+00,-2.256965107975992257e+00,-1.906875000000000000e+06,-2.354100000000000000e+04,-3.276800000000000000e+04
1.733398437500000100e-06,1.802571614583333438e-06,-4.051933593750000000e+03,4.459707031250000000e+03,1.000000000000000000e+00,-2.308329495920350638e+00,-2.009062500000000000e+06,-2.407700000000000000e+04,-3.276800000000000000e+04
1.737467447916666742e-06,1.806640625000000080e-06,-4.286167968750000000e+03,4.244683593750000000e+03,1.000000000000000000e+00,-2.361060085503919659e+00,-2.062500000000000000e+06,-2.462700000000000000e+04,-3.276800000000000000e+04
1.741536458333333384e-06,1.810709635416666722e-06,-4.489390625000000000e+03,4.025390625000000000e+03,1.000000000000000000e+00,-2.410650808162285053e+00,-1.939687500000000000e+06,-2.514400000000000000e+04,-3.276800000000000000e+04
1.745605468750000026e-06,1.814778645833333364e-06,-4.677199218750000000e+03,3.787222656250000000e+03,1.000000000000000000e+00,-2.460960584314971999e+00,-1.967812500000000000e+06,-2.566900000000000000e+04,-3.276800000000000000e+04
1.749674479166666668e-06,1.818847656250000006e-06,-4.871105468750000000e+03,3.547527343750000000e+03,1.000000000000000000e+00,-2.512133224660844544e+00,-2.001562500000000000e+06,-2.620300000000000000e+04,-3.276800000000000000e+04
1.753743489583333310e-06,1.822916666666666648e-06,-5.055441406250000000e+03,3.297992187500000000e+03,1.000000000000000000e+00,-2.563545549504824272e+00,-2.010937500000000000e+06,-2.673900000000000000e+04,-3.276800000000000000e+04
1.757812499999999952e-06,1.826985677083333290e-06,-5.210546875000000000e+03,3.039449218750000000e+03,1.000000000000000000e+00,-2.613519767360161339e+00,-1.954687500000000000e+06,-2.726000000000000000e+04,-3.276800000000000000e+04
1.761881510416666594e-06,1.831054687499999932e-06,-5.353003906250000000e+03,2.767515625000000000e+03,1.000000000000000000e+00,-2.664428754758116025e+00,-1.991250000000000000e+06,-2.779100000000000000e+04,-3.276800000000000000e+04
1.765950520833333236e-06,1.835123697916666574e-06,-5.492347656250000000e+03,2.488457031250000000e+03,1.000000000000000000e+00,-2.716176637899445634e+00,-2.024062500000000000e+06,-2.833100000000000000e+04,-3.276800000000000000e+04
1.770019531250000090e-06,1.839192708333333428e-06,-5.608074218750000000e+03,2.204339843750000000e+03,1.000000000000000000e+00,-2.767085625297400320e+00,-1.991250000000000000e+06,-2.886200000000000000e+04,-3.276800000000000000e+04
1.774088541666666732e-06,1.843261718750000070e-06,-5.725347656250000000e+03,1.909402343750000000e+03,1.000000000000000000e+00,-2.819696372631915526e+00,-2.057812500000000000e+06,-2.941100000000000000e+04,-3.276800000000000000e+04
1.778157552083333374e-06,1.847330729166666712e-06,-5.828390625000000000e+03,1.617988281250000000e+03,1.000000000000000000e+00,-2.870797107628356049e+00,-1.998750000000000000e+06,-2.994400000000000000e+04,-3.276800000000000000e+04
1.782226562500000016e-06,1.851399739583333354e-06,-5.887523437500000000e+03,1.325394531250000000e+03,1.000000000000000000e+00,-2.920148145788614258e+00,-1.930312500000000000e+06,-3.045900000000000000e+04,-3.276800000000000000e+04
1.786295572916666658e-06,1.855468749999999996e-06,-5.936183593750000000e+03,1.010765625000000000e+03,1.000000000000000000e+00,-2.972926672271804627e+00,-2.064375000000000000e+06,-3.100900000000000000e+04,-3.276800000000000000e+04
1.790364583333333300e-06,1.859537760416666638e-06,-5.984062500000000000e+03,7.090937500000000000e+02,1.000000000000000000e+00,-3.023643912071273920e+00,-1.983750000000000000e+06,-3.153800000000000000e+04,-3.276800000000000000e+04
1.794433593749999942e-06,1.863606770833333280e-06,-6.020550781250000000e+03,4.035312500000000000e+02,1.000000000000000000e+00,-3.074672741718281976e+00,-1.995937500000000000e+06,-3.207000000000000000e+04,-3.276800000000000000e+04
1.798502604166666584e-06,1.867675781249999922e-06,-6.024492187500000000e+03,8.816406250000000000e+01,1.000000000000000000e+00,-3.126947930755447302e+00,-2.044687500000000000e+06,-3.261600000000000000e+04,-3.276800000000000000e+04
1.802571614583333438e-06,1.871744791666666776e-06,-6.021785156250000000e+03,-2.165390625000000000e+02,1.000000000000000000e+00,3.105663947323534124e+00,-1.978125000000000000e+06,3.239300000000000000e+04,-1.367000000000000000e+03
1.806640625000000080e-06,1.875813802083333418e-06,-6.011390625000000000e+03,-5.237382812500000000e+02,1.000000000000000000e+00,3.054683054576147416e+00,-1.994062500000000000e+06,3.186100000000000000e+04,-2.171000000000000000e+03
1.810709635416666722e-06,1.879882812500000060e-06,-5.971187500000000000e+03,-8.291875000000000000e+02,1.000000000000000000e+00,3.003606288029517568e+00,-1.997812500000000000e+06,3.132800000000000000e+04,-2.768000000000000000e+03
1.814778645833333364e-06,1.883951822916666702e-06,-5.919890625000000000e+03,-1.140261718750000000e+03,1.000000000000000000e+00,2.951307130542541568e+00,-2.045625000000000000e+06,3.078300000000000000e+04,-4.129000000000000000e+03
1.818847656250000006e-06,1.888020833333333344e-06,-5.857617187500000000e+03,-1.434500000000000000e+03,1.000000000000000000e+00,2.901428786486447642e+00,-1.950937500000000000e+06,3.026300000000000000e+04,-3.033000000000000000e+03
1.822916666666666648e-06,1.892089843749999986e-06,-5.769589843750000000e+03,-1.729406250000000000e+03,1.000000000000000000e+00,2.850375988389628468e+00,-1.996875000000000000e+06,2.973000000000000000e+04,-4.350000000000000000e+03
1.826985677083333290e-06,1.896158854166666628e-06,-5.681835937500000000e+03,-2.035621093750000000e+03,1.000000000000000000e+00,2.797573493456627425e+00,-2.065312500000000000e+06,2.917900000000000000e+04,-6.069000000000000000e+03
1.831054687499999932e-06,1.900227864583333271e-06,-5.571359375000000000e+03,-2.316027343750000000e+03,1.000000000000000000e+00,2.747623244051101032e+00,-1.953750000000000000e+06,2.865800000000000000e+04,-4.686000000000000000e+03
1.835123697916666574e-06,1.904296874999999913e-06,-5.442292968750000000e+03,-2.598277343750000000e+03,1.000000000000000000e+00,2.696162982307499956e+00,-2.012812500000000000e+06,2.812200000000000000e+04,-6.230000000000000000e+03
1.839192708333333428e-06,1.908365885416666555e-06,-5.294097656250000000e+03,-2.872437500000000000e+03,1.000000000000000000e+00,2.644463036065791695e+00,-2.022187500000000000e+06,2.758200000000000000e+04,-6.930000000000000000e+03
1.843261718750000070e-06,1.912434895833333620e-06,-5.156875000000000000e+03,-3.136472656250000000e+03,1.000000000000000000e+00,2.595159934805154833e+00,-1.928437500000000000e+06,2.706800000000000000e+04,-5.844000000000000000e+03
1.847330729166666712e-06,1.916503906249999839e-06,-4.979070312500000000e+03,-3.394367187500000000e+03,1.000000000000000000e+00,2.543220304065339388e+00,-2.031562500000000000e+06,2.652600000000000000e+04,-8.146000000000000000e+03
1.851399739583333354e-06,1.920572916666666904e-06,-4.788011718750000000e+03,-3.649332031250000000e+03,1.000000000000000000e+00,2.490345903782906323e+00,-2.068125000000000000e+06,2.597500000000000000e+04,-9.321000000000000000e+03
1.855468749999999996e-06,1.924641927083333123e-06,-4.615835937500000000e+03,-3.887128906250000000e+03,1.000000000000000000e+00,2.441689950667158548e+00,-1.903125000000000000e+06,2.546700000000000000e+04,-7.013000000000000000e+03
1.859537760416666638e-06,1.928710937500000188e-06,-4.399917968750000000e+03,-4.115742187500000000e+03,1.000000000000000000e+00,2.389558572328857711e+00,-2.039062500000000000e+06,2.492400000000000000e+04,-9.876000000000000000e+03
1.863606770833333280e-06,1.932779947916666407e-06,-4.180937500000000000e+03,-4.331207031250000000e+03,1.000000000000000000e+00,2.338553711131659885e+00,-1.995000000000000000e+06,2.439200000000000000e+04,-9.656000000000000000e+03
1.867675781249999922e-06,1.936848958333333472e-06,-3.957714843750000000e+03,-4.545894531250000000e+03,1.000000000000000000e+00,2.287141386287680156e+00,-2.010937500000000000e+06,2.385500000000000000e+04,-1.046500000000000000e+04
1.871744791666666564e-06,1.940917968749999691e-06,-3.732109375000000000e+03,-4.741039062500000000e+03,1.000000000000000000e+00,2.237670505878368132e+00,-1.935000000000000000e+06,2.333900000000000000e+04,-9.685000000000000000e+03
1.875813802083333418e-06,1.944986979166666757e-06,-3.468492187500000000e+03,-4.919441406250000000e+03,1.000000000000000000e+00,2.184915947844988882e+00,-2.063437500000000000e+06,2.278900000000000000e+04,-1.242700000000000000e+04
1.879882812500000060e-06,1.949055989583333399e-06,-3.220222656250000000e+03,-5.102441406250000000e+03,1.000000000000000000e+00,2.133791244398737685e+00,-1.999687500000000000e+06,2.225600000000000000e+04,-1.187200000000000000e+04
1.883951822916666702e-06,1.953125000000000041e-06,-2.954550781250000000e+03,-5.256011718750000000e+03,1.000000000000000000e+00,2.082906225450593674e+00,-1.990312500000000000e+06,2.172500000000000000e+04,-1.224300000000000000e+04
1.888020833333333344e-06,1.957194010416666683e-06,-2.683691406250000000e+03,-5.395738281250000000e+03,1.000000000000000000e+00,2.032332796349988868e+00,-1.978125000000000000e+06,2.119800000000000000e+04,-1.256200000000000000e+04
1.892089843749999986e-06,1.961263020833333325e-06,-2.406156250000000000e+03,-5.537101562500000000e+03,1.000000000000000000e+00,1.980728723907523525e+00,-2.018437500000000000e+06,2.065900000000000000e+04,-1.378900000000000000e+04
1.896158854166666628e-06,1.965332031249999967e-06,-2.125902343750000000e+03,-5.651218750000000000e+03,1.000000000000000000e+00,1.930610695353322193e+00,-1.960312500000000000e+06,2.013700000000000000e+04,-1.331900000000000000e+04
1.900227864583333271e-06,1.969401041666666609e-06,-1.829582031250000000e+03,-5.732558593750000000e+03,1.000000000000000000e+00,1.879725676405178181e+00,-1.990312500000000000e+06,1.960600000000000000e+04,-1.436200000000000000e+04
1.904296874999999913e-06,1.973470052083333251e-06,-1.526562500000000000e+03,-5.831742187500000000e+03,1.000000000000000000e+00,1.826827307672934442e+00,-2.069062500000000000e+06,1.905400000000000000e+04,-1.625800000000000000e+04
1.908365885416666555e-06,1.977539062499999893e-06,-1.226914062500000000e+03,-5.904023437500000000e+03,1.000000000000000000e+00,1.775702604226683246e+00,-1.999687500000000000e+06,1.852100000000000000e+04,-1.560700000000000000e+04
1.912434895833333197e-06,1.981608072916666535e-06,-9.288125000000000000e+02,-5.949320312500000000e+03,1.000000000000000000e+00,1.725656481021914157e+00,-1.957500000000000000e+06,1.799900000000000000e+04,-1.540900000000000000e+04
1.916503906249999839e-06,1.985677083333333177e-06,-6.193593750000000000e+02,-5.996468750000000000e+03,1.000000000000000000e+00,1.673716850282098711e+00,-2.031562500000000000e+06,1.745700000000000000e+04,-1.721500000000000000e+04
1.920572916666666481e-06,1.989746093749999819e-06,-3.199140625000000000e+02,-6.025753906250000000e+03,1.000000000000000000e+00,1.623838506226004785e+00,-1.950937500000000000e+06,1.693700000000000000e+04,-1.635900000000000000e+04
1.924641927083333123e-06,1.993815104166666461e-06,-1.164843750000000000e+01,-6.023914062500000000e+03,1.000000000000000000e+00,1.572713802779753589e+00,-1.999687500000000000e+06,1.640400000000000000e+04,-1.772400000000000000e+04
1.928710937500000188e-06,1.997884114583333527e-06,3.071250000000000000e+02,-6.010917968750000000e+03,1.000000000000000000e+00,1.519743528698077606e+00,-2.071875000000000000e+06,1.585100000000000000e+04,-1.950900000000000000e+04
1.932779947916666830e-06,2.001953125000000169e-06,6.071835937500000000e+02,-6.002136718750000000e+03,1.000000000000000000e+00,1.469961058441226376e+00,-1.947187500000000000e+06,1.533200000000000000e+04,-1.790000000000000000e+04
1.936848958333333472e-06,2.006022135416666811e-06,9.148476562500000000e+02,-5.951863281250000000e+03,1.000000000000000000e+00,1.418285080649328789e+00,-2.021250000000000000e+06,1.479300000000000000e+04,-1.970300000000000000e+04
1.940917968750000115e-06,2.010091145833333453e-06,1.220941406250000000e+03,-5.901820312500000000e+03,1.000000000000000000e+00,1.366800850455917038e+00,-2.013750000000000000e+06,1.425600000000000000e+04,-2.011200000000000000e+04
1.944986979166666757e-06,2.014160156250000095e-06,1.520511718750000000e+03,-5.834160156250000000e+03,1.000000000000000000e+00,1.315843926158340782e+00,-1.993125000000000000e+06,1.372400000000000000e+04,-2.029200000000000000e+04
1.949055989583333399e-06,2.018229166666666737e-06,1.807980468750000000e+03,-5.752937500000000000e+03,1.000000000000000000e+00,1.266301140399596736e+00,-1.937812500000000000e+06,1.320800000000000000e+04,-1.986400000000000000e+04
1.953125000000000041e-06,2.022298177083333379e-06,2.115332031250000000e+03,-5.634441406250000000e+03,1.000000000000000000e+00,1.211653074831170906e+00,-2.137500000000000000e+06,1.263800000000000000e+04,-2.384200000000000000e+04
1.957194010416666683e-06,2.026367187500000021e-06,2.395367187500000000e+03,-5.532046875000000000e+03,1.000000000000000000e+00,1.162182194421858883e+00,-1.935000000000000000e+06,1.212200000000000000e+04,-2.090200000000000000e+04
1.961263020833333325e-06,2.030436197916666663e-06,2.673226562500000000e+03,-5.413003906250000000e+03,1.000000000000000000e+00,1.112088134317468446e+00,-1.959375000000000000e+06,1.159900000000000000e+04,-2.184100000000000000e+04
1.965332031249999967e-06,2.034505208333333305e-06,2.943101562500000000e+03,-5.258871093750000000e+03,1.000000000000000000e+00,1.060579935674245800e+00,-2.014687500000000000e+06,1.106200000000000000e+04,-2.332200000000000000e+04
1.969401041666666609e-06,2.038574218749999947e-06,3.217769531250000000e+03,-5.105339843750000000e+03,1.000000000000000000e+00,1.008400620436323392e+00,-2.040937500000000000e+06,1.051800000000000000e+04,-2.431400000000000000e+04
1.973470052083333251e-06,2.042643229166666589e-06,3.467636718750000000e+03,-4.946808593750000000e+03,1.000000000000000000e+00,9.594091090232257368e-01,-1.916250000000000000e+06,1.000700000000000000e+04,-2.269700000000000000e+04
1.977539062499999893e-06,2.046712239583333231e-06,3.709570312500000000e+03,-4.745437500000000000e+03,1.000000000000000000e+00,9.073016991347353510e-01,-2.038125000000000000e+06,9.463000000000000000e+03,-2.532100000000000000e+04
1.981608072916666535e-06,2.050781249999999873e-06,3.962464843750000000e+03,-4.542878906250000000e+03,1.000000000000000000e+00,8.535404662093057926e-01,-2.102812500000000000e+06,8.902000000000000000e+03,-2.698600000000000000e+04
1.985677083333333177e-06,2.054850260416666515e-06,4.177304687500000000e+03,-4.349046875000000000e+03,1.000000000000000000e+00,8.055556296882580014e-01,-1.876875000000000000e+06,8.402000000000000000e+03,-2.363000000000000000e+04
1.989746093749999819e-06,2.058919270833333157e-06,4.396199218750000000e+03,-4.122406250000000000e+03,1.000000000000000000e+00,7.532804406510926754e-01,-2.044687500000000000e+06,7.857000000000000000e+03,-2.703900000000000000e+04
1.993815104166666461e-06,2.062988281249999799e-06,4.597464843750000000e+03,-3.897617187500000000e+03,1.000000000000000000e+00,7.031863805467022388e-01,-1.959375000000000000e+06,7.334000000000000000e+03,-2.610600000000000000e+04
1.997884114583333527e-06,2.067057291666666865e-06,4.799261718750000000e+03,-3.652050781250000000e+03,1.000000000000000000e+00,6.504797594129440030e-01,-2.061562500000000000e+06,6.784000000000000000e+03,-2.840000000000000000e+04
2.001953125000000169e-06,2.071126302083333507e-06,4.972023437500000000e+03,-3.404218750000000000e+03,1.000000000000000000e+00,6.003617308587427814e-01,-1.960312500000000000e+06,6.262000000000000000e+03,-2.719400000000000000e+04
2.006022135416666811e-06,2.075195312500000149e-06,5.143281250000000000e+03,-3.138839843750000000e+03,1.000000000000000000e+00,5.479427311227131892e-01,-2.050312500000000000e+06,5.715000000000000000e+03,-2.927700000000000000e+04
2.010091145833333453e-06,2.079264322916666791e-06,5.304695312500000000e+03,-2.889472656250000000e+03,1.000000000000000000e+00,4.987594721111298091e-01,-1.923750000000000000e+06,5.202000000000000000e+03,-2.763000000000000000e+04
2.014160156250000095e-06,2.083333333333333433e-06,5.430773437500000000e+03,-2.598957031250000000e+03,1.000000000000000000e+00,4.463404723751001613e-01,-2.050312500000000000e+06,4.655000000000000000e+03,-3.033700000000000000e+04
2.018229166666666737e-06,2.087402343750000075e-06,5.563937500000000000e+03,-2.316695312500000000e+03,1.000000000000000000e+00,3.945446523341490375e-01,-2.025937500000000000e+06,4.115000000000000000e+03,-3.046100000000000000e+04
2.022298177083333379e-06,2.091471354166666717e-06,5.679750000000000000e+03,-2.036332031250000000e+03,1.000000000000000000e+00,3.442588446312728756e-01,-1.966875000000000000e+06,3.590000000000000000e+03,-2.997800000000000000e+04
2.026367187500000021e-06,2.095540364583333359e-06,5.768046875000000000e+03,-1.742714843750000000e+03,1.000000000000000000e+00,2.933977941329395933e-01,-1.989375000000000000e+06,3.060000000000000000e+03,-3.089200000000000000e+04
2.030436197916666663e-06,2.099609375000000001e-06,5.844988281250000000e+03,-1.444738281250000000e+03,1.000000000000000000e+00,2.423210275863098839e-01,-1.997812500000000000e+06,2.527000000000000000e+03,-3.156900000000000000e+04
2.034505208333333305e-06,2.103678385416666643e-06,5.928906250000000000e+03,-1.149960937500000000e+03,1.000000000000000000e+00,1.915798193370301661e-01,-1.984687500000000000e+06,1.998000000000000000e+03,-3.187400000000000000e+04
2.038574218749999947e-06,2.107747395833333285e-06,5.966968750000000000e+03,-8.368320312500000000e+02,1.000000000000000000e+00,1.393285987496755141e-01,-2.043750000000000000e+06,1.453000000000000000e+03,-3.276800000000000000e+04
2.042643229166666589e-06,2.111816406249999927e-06,6.009367187500000000e+03,-5.291718750000000000e+02,1.000000000000000000e+00,8.782040010645295047e-02,-2.014687500000000000e+06,9.160000000000000000e+02,-3.276800000000000000e+04
2.046712239583333231e-06,2.115885416666666570e-06,6.031023437500000000e+03,-2.167460937500000000e+02,1.000000000000000000e+00,3.592870626625899871e-02,-2.029687500000000000e+06,3.740000000000000000e+02,-3.276800000000000000e+04
2.050781249999999873e-06,2.119954427083333212e-06,6.024250000000000000e+03,7.765234375000000000e+01,1.000000000000000000e+00,-1.289502599816367071e-02,-1.909687500000000000e+06,-1.350000000000000000e+02,-3.272700000000000000e+04
2.054850260416666515e-06,2.124023437499999854e-06,6.012343750000000000e+03,3.927187500000000000e+02,1.000000000000000000e+00,-6.524212038476118192e-02,-2.047500000000000000e+06,-6.810000000000000000e+02,-3.276800000000000000e+04
2.058919270833333157e-06,2.128092447916666496e-06,5.994804687500000000e+03,7.002968750000000000e+02,1.000000000000000000e+00,-1.162949184815801756e-01,-1.996875000000000000e+06,-1.213000000000000000e+03,-3.276800000000000000e+04
2.062988281249999799e-06,2.132161458333333138e-06,5.943746093750000000e+03,1.001464843750000000e+03,1.000000000000000000e+00,-1.669162844818063429e-01,-1.980000000000000000e+06,-1.741000000000000000e+03,-3.276800000000000000e+04
2.067057291666666865e-06,2.136230468750000203e-06,5.886027343750000000e+03,1.309539062500000000e+03,1.000000000000000000e+00,-2.189278205710538383e-01,-2.034375000000000000e+06,-2.284000000000000000e+03,-3.276800000000000000e+04
2.071126302083333507e-06,2.140299479166666845e-06,5.810066406250000000e+03,1.616371093750000000e+03,1.000000000000000000e+00,-2.713468203070835139e-01,-2.050312500000000000e+06,-2.831000000000000000e+03,-3.276800000000000000e+04
2.075195312500000149e-06,2.144368489583333487e-06,5.725910156250000000e+03,1.908660156250000000e+03,1.000000000000000000e+00,-3.217524702590132124e-01,-1.971562500000000000e+06,-3.356000000000000000e+03,-3.276800000000000000e+04
2.079264322916666791e-06,2.148437500000000129e-06,5.608648437500000000e+03,2.184820312500000000e+03,1.000000000000000000e+00,-3.714630351664323094e-01,-1.944375000000000000e+06,-3.875000000000000000e+03,-3.276800000000000000e+04
2.083333333333333433e-06,2.152506510416666771e-06,5.490019531250000000e+03,2.478949218750000000e+03,1.000000000000000000e+00,-4.241217194005690860e-01,-2.059687500000000000e+06,-4.424000000000000000e+03,-3.276800000000000000e+04
2.087402343750000075e-06,2.156575520833333414e-06,5.368937500000000000e+03,2.752968750000000000e+03,1.000000000000000000e+00,-4.738083158581773979e-01,-1.943437500000000000e+06,-4.942000000000000000e+03,-3.276800000000000000e+04
2.091471354166666717e-06,2.160644531250000056e-06,5.207191406250000000e+03,3.018886718750000000e+03,1.000000000000000000e+00,-5.254123883006428519e-01,-2.018437500000000000e+06,-5.481000000000000000e+03,-3.276800000000000000e+04
2.095540364583333359e-06,2.164713541666666698e-06,5.043074218750000000e+03,3.288640625000000000e+03,1.000000000000000000e+00,-5.778553564864831182e-01,-2.051250000000000000e+06,-6.028000000000000000e+03,-3.276800000000000000e+04
2.099609375000000001e-06,2.168782552083333340e-06,4.875000000000000000e+03,3.546042968750000000e+03,1.000000000000000000e+00,-6.288841861334915073e-01,-1.995937500000000000e+06,-6.560000000000000000e+03,-3.276800000000000000e+04
2.103678385416666643e-06,2.172851562499999982e-06,4.685683593750000000e+03,3.779128906250000000e+03,1.000000000000000000e+00,-6.787145932899640854e-01,-1.949062500000000000e+06,-7.080000000000000000e+03,-3.276800000000000000e+04
2.107747395833333285e-06,2.176920572916666624e-06,4.491519531250000000e+03,4.019472656250000000e+03,1.000000000000000000e+00,-7.299831074350794369e-01,-2.005312500000000000e+06,-7.614000000000000000e+03,-3.276800000000000000e+04
2.111816406249999927e-06,2.180989583333333266e-06,4.273167968750000000e+03,4.251003906250000000e+03,1.000000000000000000e+00,-7.828095708178912648e-01,-2.066250000000000000e+06,-8.165000000000000000e+03,-3.276800000000000000e+04
2.115885416666666570e-06,2.185058593749999908e-06,4.053636718750000000e+03,4.459769531250000000e+03,1.000000000000000000e+00,-8.330714100709567527e-01,-1.965937500000000000e+06,-8.690000000000000000e+03,-3.276800000000000000e+04
2.119954427083333212e-06,2.189127604166666550e-06,3.823328125000000000e+03,4.658968750000000000e+03,1.000000000000000000e+00,-8.835969022719399879e-01,-1.976250000000000000e+06,-9.217000000000000000e+03,-3.276800000000000000e+04
2.124023437499999854e-06,2.193196614583333192e-06,3.585660156250000000e+03,4.858738281250000000e+03,1.000000000000000000e+00,-9.350331955657303906e-01,-2.011875000000000000e+06,-9.753000000000000000e+03,-3.276800000000000000e+04
2.128092447916666496e-06,2.197265624999999834e-06,3.332628906250000000e+03,5.030746093750000000e+03,1.000000000000000000e+00,-9.857264669153886771e-01,-1.982812500000000000e+06,-1.028200000000000000e+04,-3.276800000000000000e+04
2.132161458333333138e-06,2.201334635416666476e-06,3.065207031250000000e+03,5.180585937500000000e+03,1.000000000000000000e+00,-1.036515612064289771e+00,-1.986562500000000000e+06,-1.081200000000000000e+04,-3.276800000000000000e+04
2.136230468750000203e-06,2.205403645833333542e-06,2.795773437500000000e+03,5.336148437500000000e+03,1.000000000000000000e+00,-1.088191589856187358e+00,-2.021250000000000000e+06,-1.135100000000000000e+04,-3.276800000000000000e+04
2.140299479166666845e-06,2.209472656250000184e-06,2.518292968750000000e+03,5.471906250000000000e+03,1.000000000000000000e+00,-1.139460104001302820e+00,-2.005312500000000000e+06,-1.188500000000000000e+04,-3.276800000000000000e+04
2.144368489583333487e-06,2.213541666666666826e-06,2.242636718750000000e+03,5.596792968750000000e+03,1.000000000000000000e+00,-1.189674006354746849e+00,-1.964062500000000000e+06,-1.240900000000000000e+04,-3.276800000000000000e+04
2.148437500000000129e-06,2.217610677083333468e-06,1.942000000000000000e+03,5.702757812500000000e+03,1.000000000000000000e+00,-1.242572375086990810e+00,-2.069062500000000000e+06,-1.296100000000000000e+04,-3.276800000000000000e+04
2.152506510416666771e-06,2.221679687500000110e-06,1.661007812500000000e+03,5.797082031250000000e+03,1.000000000000000000e+00,-1.291755634098574079e+00,-1.923750000000000000e+06,-1.347400000000000000e+04,-3.276800000000000000e+04
2.156575520833333414e-06,2.225748697916666752e-06,1.363433593750000000e+03,5.861210937500000000e+03,1.000000000000000000e+00,-1.342233189399935966e+00,-1.974375000000000000e+06,-1.400000000000000000e+04,-3.276800000000000000e+04
2.160644531250000056e-06,2.229817708333333394e-06,1.043031250000000000e+03,5.934746093750000000e+03,1.000000000000000000e+00,-1.396833318068740670e+00,-2.135625000000000000e+06,-1.457000000000000000e+04,-3.276800000000000000e+04
2.164713541666666698e-06,2.233886718750000036e-06,7.557031250000000000e+02,5.989902343750000000e+03,1.000000000000000000e+00,-1.445297523586002608e+00,-1.895625000000000000e+06,-1.507500000000000000e+04,-3.276800000000000000e+04
2.168782552083333340e-06,2.237955729166666678e-06,4.536250000000000000e+02,6.003101562500000000e+03,1.000000000000000000e+00,-1.495367615240582371e+00,-1.958437500000000000e+06,-1.559800000000000000e+04,-3.276800000000000000e+04
2.172851562499999982e-06,2.242024739583333320e-06,1.313593750000000000e+02,6.016863281250000000e+03,1.000000000000000000e+00,-1.548961069017336989e+00,-2.096250000000000000e+06,-1.615700000000000000e+04,-3.276800000000000000e+04
2.176920572916666624e-06,2.246093749999999962e-06,-1.712578125000000000e+02,6.031152343750000000e+03,1.000000000000000000e+00,-1.599174971370781018e+00,-1.964062500000000000e+06,-1.668000000000000000e+04,-3.276800000000000000e+04
2.180989583333333266e-06,2.250162760416666604e-06,-4.744257812500000000e+02,6.008378906250000000e+03,1.000000000000000000e+00,-1.649580621322710661e+00,-1.971562500000000000e+06,-1.720600000000000000e+04,-3.276800000000000000e+04
2.185058593749999908e-06,2.254231770833333246e-06,-7.903398437500000000e+02,5.966570312500000000e+03,1.000000000000000000e+00,-1.702478990054954622e+00,-2.069062500000000000e+06,-1.775800000000000000e+04,-3.276800000000000000e+04
2.189127604166666550e-06,2.258300781249999888e-06,-1.083968750000000000e+03,5.935761718750000000e+03,1.000000000000000000e+00,-1.751422564568430706e+00,-1.914375000000000000e+06,-1.826800000000000000e+04,-3.276800000000000000e+04
2.193196614583333192e-06,2.262369791666666530e-06,-1.392917968750000000e+03,5.865171875000000000e+03,1.000000000000000000e+00,-1.803961406553514113e+00,-2.055000000000000000e+06,-1.881600000000000000e+04,-3.276800000000000000e+04
2.197265624999999834e-06,2.266438802083333172e-06,-1.691703125000000000e+03,5.778128906250000000e+03,1.000000000000000000e+00,-1.855613415895600804e+00,-2.020312500000000000e+06,-1.935500000000000000e+04,-3.276800000000000000e+04
2.201334635416666476e-06,2.270507812499999814e-06,-1.994058593750000000e+03,5.703117187500000000e+03,1.000000000000000000e+00,-1.907145582988634125e+00,-2.015625000000000000e+06,-1.989300000000000000e+04,-3.276800000000000000e+04
2.205403645833333542e-06,2.274576822916666880e-06,-2.263546875000000000e+03,5.589546875000000000e+03,1.000000000000000000e+00,-1.955561851606274715e+00,-1.893750000000000000e+06,-2.039800000000000000e+04,-3.276800000000000000e+04
2.209472656250000184e-06,2.278645833333333522e-06,-2.541324218750000000e+03,5.454691406250000000e+03,1.000000000000000000e+00,-2.006782428851768607e+00,-2.003437500000000000e+06,-2.093200000000000000e+04,-3.276800000000000000e+04
2.213541666666666826e-06,2.282714843750000164e-06,-2.838734375000000000e+03,5.318582031250000000e+03,1.000000000000000000e+00,-2.061070967673034104e+00,-2.123437500000000000e+06,-2.149800000000000000e+04,-3.276800000000000000e+04
2.217610677083333468e-06,2.286783854166666806e-06,-3.100132812500000000e+03,5.179148437500000000e+03,1.000000000000000000e+00,-2.110182321335185129e+00,-1.920937500000000000e+06,-2.201000000000000000e+04,-3.276800000000000000e+04
2.221679687500000110e-06,2.290852864583333448e-06,-3.353593750000000000e+03,5.004425781250000000e+03,1.000000000000000000e+00,-2.161187182532382511e+00,-1.995000000000000000e+06,-2.254200000000000000e+04,-3.276800000000000000e+04
2.225748697916666752e-06,2.294921875000000090e-06,-3.622089843750000000e+03,4.832308593750000000e+03,1.000000000000000000e+00,-2.214013645915194672e+00,-2.066250000000000000e+06,-2.309300000000000000e+04,-3.276800000000000000e+04
2.229817708333333394e-06,2.298990885416666732e-06,-3.847921875000000000e+03,4.642292968750000000e+03,1.000000000000000000e+00,-2.262909283529049187e+00,-1.912500000000000000e+06,-2.360300000000000000e+04,-3.276800000000000000e+04
2.233886718750000036e-06,2.303059895833333374e-06,-4.074402343750000000e+03,4.432253906250000000e+03,1.000000000000000000e+00,-2.314153829224354197e+00,-2.004375000000000000e+06,-2.413800000000000000e+04,-3.276800000000000000e+04
2.237955729166666678e-06,2.307128906250000016e-06,-4.302042968750000000e+03,4.215269531250000000e+03,1.000000000000000000e+00,-2.366381081361897731e+00,-2.042812500000000000e+06,-2.468300000000000000e+04,-3.276800000000000000e+04
2.242024739583333320e-06,2.311197916666666658e-06,-4.513343750000000000e+03,3.999171875000000000e+03,1.000000000000000000e+00,-2.416523078365909960e+00,-1.961250000000000000e+06,-2.520600000000000000e+04,-3.276800000000000000e+04
2.246093749999999962e-06,2.315266927083333300e-06,-4.704292968750000000e+03,3.758906250000000000e+03,1.000000000000000000e+00,-2.467456034213675320e+00,-1.992187500000000000e+06,-2.573700000000000000e+04,-3.276800000000000000e+04
2.250162760416666604e-06,2.319335937499999942e-06,-4.900164062500000000e+03,3.513675781250000000e+03,1.000000000000000000e+00,-2.519515507202544136e+00,-2.036250000000000000e+06,-2.628000000000000000e+04,-3.276800000000000000e+04
2.254231770833333246e-06,2.323404947916666584e-06,-5.080320312500000000e+03,3.272472656250000000e+03,1.000000000000000000e+00,-2.569345914359016714e+00,-1.949062500000000000e+06,-2.680000000000000000e+04,-3.276800000000000000e+04
2.258300781249999888e-06,2.327473958333333226e-06,-5.229855468750000000e+03,3.002230468750000000e+03,1.000000000000000000e+00,-2.620470617805267910e+00,-1.999687500000000000e+06,-2.733300000000000000e+04,-3.276800000000000000e+04
2.262369791666666530e-06,2.331542968749999869e-06,-5.376843750000000000e+03,2.717011718750000000e+03,1.000000000000000000e+00,-2.673704544834861974e+00,-2.082187500000000000e+06,-2.788800000000000000e+04,-3.276800000000000000e+04
2.266438802083333172e-06,2.335611979166666511e-06,-5.518648437500000000e+03,2.450433593750000000e+03,1.000000000000000000e+00,-2.723726699589820388e+00,-1.956562500000000000e+06,-2.841000000000000000e+04,-3.276800000000000000e+04
2.270507812499999814e-06,2.339680989583333153e-06,-5.620535156250000000e+03,2.169824218750000000e+03,1.000000000000000000e+00,-2.773173611549321294e+00,-1.934062500000000000e+06,-2.892600000000000000e+04,-3.276800000000000000e+04
2.274576822916666456e-06,2.343749999999999795e-06,-5.725503906250000000e+03,1.869371093750000000e+03,1.000000000000000000e+00,-2.826000074932133010e+00,-2.066250000000000000e+06,-2.947700000000000000e+04,-3.276800000000000000e+04
2.278645833333333522e-06,2.347819010416666860e-06,-5.821824218750000000e+03,1.576902343750000000e+03,1.000000000000000000e+00,-2.877076841478762859e+00,-1.997812500000000000e+06,-3.000900000000000000e+04,-3.276800000000000000e+04
2.282714843750000164e-06,2.351888020833333502e-06,-5.889781250000000000e+03,1.276289062500000000e+03,1.000000000000000000e+00,-2.928201544925014055e+00,-1.999687500000000000e+06,-3.054300000000000000e+04,-3.276800000000000000e+04
2.286783854166666806e-06,2.355957031250000144e-06,-5.940324218750000000e+03,9.764414062500000000e+02,1.000000000000000000e+00,-2.978679100226375720e+00,-1.974375000000000000e+06,-3.106900000000000000e+04,-3.276800000000000000e+04
2.290852864583333448e-06,2.360026041666666786e-06,-5.988406250000000000e+03,6.669882812500000000e+02,1.000000000000000000e+00,-3.030666667865812514e+00,-2.033437500000000000e+06,-3.161100000000000000e+04,-3.276800000000000000e+04
2.294921875000000090e-06,2.364095052083333428e-06,-6.022289062500000000e+03,3.691210937500000000e+02,1.000000000000000000e+00,-3.080377232773231722e+00,-1.944375000000000000e+06,-3.213000000000000000e+04,-3.276800000000000000e+04
2.298990885416666732e-06,2.368164062500000070e-06,-6.032882812500000000e+03,5.612500000000000000e+01,1.000000000000000000e+00,-3.132292895063236493e+00,-2.030625000000000000e+06,-3.267100000000000000e+04,-3.276800000000000000e+04
2.303059895833333374e-06,2.372233072916666713e-06,-6.021152343750000000e+03,-2.562656250000000000e+02,1.000000000000000000e+00,3.099072623625588108e+00,-2.026875000000000000e+06,3.232400000000000000e+04,-2.268000000000000000e+03
2.307128906250000016e-06,2.376302083333333355e-06,-6.004742187500000000e+03,-5.615468750000000000e+02,1.000000000000000000e+00,3.048355383826118814e+00,-1.983750000000000000e+06,3.179500000000000000e+04,-2.061000000000000000e+03
2.311197916666666658e-06,2.380371093749999997e-06,-5.965582031250000000e+03,-8.650742187500000000e+02,1.000000000000000000e+00,2.997590207127028616e+00,-1.985625000000000000e+06,3.126600000000000000e+04,-2.622000000000000000e+03
2.315266927083333300e-06,2.384440104166666639e-06,-5.909226562500000000e+03,-1.171199218750000000e+03,1.000000000000000000e+00,2.945938197784941703e+00,-2.020312500000000000e+06,3.072700000000000000e+04,-3.753000000000000000e+03
2.319335937499999942e-06,2.388509114583333281e-06,-5.857332031250000000e+03,-1.464789062500000000e+03,1.000000000000000000e+00,2.896539222725062146e+00,-1.932187500000000000e+06,3.021200000000000000e+04,-2.764000000000000000e+03
2.323404947916666584e-06,2.392578124999999923e-06,-5.762394531250000000e+03,-1.761496093750000000e+03,1.000000000000000000e+00,2.844911181832785907e+00,-2.019375000000000000e+06,2.967300000000000000e+04,-4.791000000000000000e+03
2.327473958333333226e-06,2.396647135416666565e-06,-5.665597656250000000e+03,-2.061574218750000000e+03,1.000000000000000000e+00,2.792612024345809907e+00,-2.045625000000000000e+06,2.912800000000000000e+04,-5.784000000000000000e+03
2.331542968749999869e-06,2.400716145833333207e-06,-5.559445312500000000e+03,-2.351484375000000000e+03,1.000000000000000000e+00,2.741439383999937363e+00,-2.001562500000000000e+06,2.859400000000000000e+04,-5.566000000000000000e+03
2.335611979166666511e-06,2.404785156249999849e-06,-5.427890625000000000e+03,-2.622875000000000000e+03,1.000000000000000000e+00,2.691441197694789622e+00,-1.955625000000000000e+06,2.807200000000000000e+04,-5.304000000000000000e+03
2.339680989583333153e-06,2.408854166666666491e-06,-5.285187500000000000e+03,-2.905589843750000000e+03,1.000000000000000000e+00,2.638926324159517112e+00,-2.054062500000000000e+06,2.752500000000000000e+04,-7.531000000000000000e+03
2.343749999999999795e-06,2.412923177083333133e-06,-5.135777343750000000e+03,-3.168019531250000000e+03,1.000000000000000000e+00,2.588880200954748023e+00,-1.957500000000000000e+06,2.700300000000000000e+04,-6.405000000000000000e+03
2.347819010416666860e-06,2.416992187500000199e-06,-4.970093750000000000e+03,-3.425671875000000000e+03,1.000000000000000000e+00,2.538115024255657382e+00,-1.985625000000000000e+06,2.647300000000000000e+04,-7.415000000000000000e+03
2.351888020833333502e-06,2.421061197916666841e-06,-4.774824218750000000e+03,-3.670324218750000000e+03,1.000000000000000000e+00,2.486247298865274402e+00,-2.028750000000000000e+06,2.593200000000000000e+04,-8.692000000000000000e+03
2.355957031250000144e-06,2.425130208333333483e-06,-4.586375000000000000e+03,-3.918796875000000000e+03,1.000000000000000000e+00,2.434523384173755467e+00,-2.023125000000000000e+06,2.539300000000000000e+04,-9.135000000000000000e+03
2.360026041666666786e-06,2.429199218750000125e-06,-4.386796875000000000e+03,-4.145890625000000000e+03,1.000000000000000000e+00,2.384405355619554356e+00,-1.960312500000000000e+06,2.487000000000000000e+04,-8.586000000000000000e+03
2.364095052083333428e-06,2.433268229166666767e-06,-4.149621093750000000e+03,-4.359687500000000000e+03,1.000000000000000000e+00,2.331506986887310173e+00,-2.069062500000000000e+06,2.431800000000000000e+04,-1.099400000000000000e+04
2.368164062500000070e-06,2.437337239583333409e-06,-3.934082031250000000e+03,-4.580347656250000000e+03,1.000000000000000000e+00,2.280430220340680769e+00,-1.997812500000000000e+06,2.378500000000000000e+04,-1.031100000000000000e+04
2.372233072916666713e-06,2.441406250000000051e-06,-3.696195312500000000e+03,-4.760851562500000000e+03,1.000000000000000000e+00,2.230959339931368746e+00,-1.935000000000000000e+06,2.326900000000000000e+04,-9.755000000000000000e+03
2.376302083333333355e-06,2.445475260416666693e-06,-3.448179687500000000e+03,-4.936339843750000000e+03,1.000000000000000000e+00,2.180529721529628429e+00,-1.972500000000000000e+06,2.274300000000000000e+04,-1.092100000000000000e+04
2.380371093749999997e-06,2.449544270833333335e-06,-3.190062500000000000e+03,-5.122964843750000000e+03,1.000000000000000000e+00,2.127751195046438060e+00,-2.064375000000000000e+06,2.219300000000000000e+04,-1.303900000000000000e+04
2.384440104166666639e-06,2.453613281249999977e-06,-2.928281250000000000e+03,-5.279746093750000000e+03,1.000000000000000000e+00,2.077177765945833254e+00,-1.978125000000000000e+06,2.166500000000000000e+04,-1.209500000000000000e+04
2.388509114583333281e-06,2.457682291666666619e-06,-2.656964843750000000e+03,-5.407257812500000000e+03,1.000000000000000000e+00,2.027515137938035394e+00,-1.942500000000000000e+06,2.114700000000000000e+04,-1.200500000000000000e+04
2.392578124999999923e-06,2.461751302083333261e-06,-2.371128906250000000e+03,-5.538296875000000000e+03,1.000000000000000000e+00,1.975311854250302313e+00,-2.041875000000000000e+06,2.060300000000000000e+04,-1.424500000000000000e+04
2.396647135416666565e-06,2.465820312499999903e-06,-2.095140625000000000e+03,-5.657753906250000000e+03,1.000000000000000000e+00,1.925457478644018838e+00,-1.950000000000000000e+06,2.008300000000000000e+04,-1.319700000000000000e+04
2.400716145833333207e-06,2.469889322916666545e-06,-1.791945312500000000e+03,-5.753835937500000000e+03,1.000000000000000000e+00,1.872702920610639366e+00,-2.063437500000000000e+06,1.953300000000000000e+04,-1.568300000000000000e+04
2.404785156249999849e-06,2.473958333333333187e-06,-1.485117187500000000e+03,-5.840296875000000000e+03,1.000000000000000000e+00,1.819804551878395404e+00,-2.069062500000000000e+06,1.898100000000000000e+04,-1.633100000000000000e+04
2.408854166666666491e-06,2.478027343749999829e-06,-1.192875000000000000e+03,-5.918113281250000000e+03,1.000000000000000000e+00,1.769686523324194294e+00,-1.960312500000000000e+06,1.845800000000000000e+04,-1.499800000000000000e+04
2.412923177083333133e-06,2.482096354166666471e-06,-8.874335937500000000e+02,-5.967222656250000000e+03,1.000000000000000000e+00,1.718418009179078831e+00,-2.005312500000000000e+06,1.792300000000000000e+04,-1.630100000000000000e+04
2.416992187500000199e-06,2.486165364583333537e-06,-5.714531250000000000e+02,-5.992734375000000000e+03,1.000000000000000000e+00,1.665879167193995647e+00,-2.055000000000000000e+06,1.737500000000000000e+04,-1.769700000000000000e+04
2.421061197916666841e-06,2.490234375000000179e-06,-2.691953125000000000e+02,-6.030734375000000000e+03,1.000000000000000000e+00,1.615401611892633760e+00,-1.974375000000000000e+06,1.684900000000000000e+04,-1.684700000000000000e+04
2.425130208333333483e-06,2.494303385416666821e-06,2.961328125000000000e+01,-6.031050781250000000e+03,1.000000000000000000e+00,1.565882794583700388e+00,-1.936875000000000000e+06,1.633200000000000000e+04,-1.672400000000000000e+04
2.429199218750000125e-06,2.498372395833333463e-06,3.411289062500000000e+02,-6.020144531250000000e+03,1.000000000000000000e+00,1.514182848341992127e+00,-2.022187500000000000e+06,1.579300000000000000e+04,-1.871900000000000000e+04
2.433268229166666767e-06,2.502441406250000105e-06,6.539492187500000000e+02,-6.000316406250000000e+03,1.000000000000000000e+00,1.462243217602176681e+00,-2.031562500000000000e+06,1.525100000000000000e+04,-1.942100000000000000e+04
2.437337239583333409e-06,2.506510416666666747e-06,9.506992187500000000e+02,-5.956285156250000000e+03,1.000000000000000000e+00,1.412508684244947021e+00,-1.945312500000000000e+06,1.473300000000000000e+04,-1.846700000000000000e+04
2.441406250000000051e-06,2.510579427083333389e-06,1.264292968750000000e+03,-5.894589843750000000e+03,1.000000000000000000e+00,1.359514441713460142e+00,-2.072812500000000000e+06,1.418000000000000000e+04,-2.119600000000000000e+04
2.445475260416666693e-06,2.514648437500000031e-06,1.569101562500000000e+03,-5.833195312500000000e+03,1.000000000000000000e+00,1.308006243070237717e+00,-2.014687500000000000e+06,1.364300000000000000e+04,-2.074100000000000000e+04
2.449544270833333335e-06,2.518717447916666673e-06,1.845617187500000000e+03,-5.749093750000000000e+03,1.000000000000000000e+00,1.260165217248054192e+00,-1.871250000000000000e+06,1.314400000000000000e+04,-1.879200000000000000e+04
2.453613281249999977e-06,2.522786458333333315e-06,2.139109375000000000e+03,-5.634609375000000000e+03,1.000000000000000000e+00,1.207961933560320889e+00,-2.041875000000000000e+06,1.259900000000000000e+04,-2.224900000000000000e+04
2.457682291666666619e-06,2.526855468749999957e-06,2.434867187500000000e+03,-5.518929687500000000e+03,1.000000000000000000e+00,1.155279280876373438e+00,-2.060625000000000000e+06,1.205000000000000000e+04,-2.311800000000000000e+04
2.461751302083333261e-06,2.530924479166666599e-06,2.717246093750000000e+03,-5.388597656250000000e+03,1.000000000000000000e+00,1.103747113783340339e+00,-2.015625000000000000e+06,1.151200000000000000e+04,-2.288800000000000000e+04
2.465820312499999903e-06,2.534993489583333241e-06,2.981667968750000000e+03,-5.240121093750000000e+03,1.000000000000000000e+00,1.053485274530274740e+00,-1.965937500000000000e+06,1.098800000000000000e+04,-2.256400000000000000e+04
2.469889322916666545e-06,2.539062499999999883e-06,3.244363281250000000e+03,-5.081632812500000000e+03,1.000000000000000000e+00,1.002576287132320054e+00,-1.991250000000000000e+06,1.045700000000000000e+04,-2.352700000000000000e+04
2.473958333333333187e-06,2.543131510416666525e-06,3.498093750000000000e+03,-4.918984375000000000e+03,1.000000000000000000e+00,9.526260377267938839e-01,-1.953750000000000000e+06,9.936000000000000000e+03,-2.340800000000000000e+04
2.478027343749999829e-06,2.547200520833333168e-06,3.738296875000000000e+03,-4.713093750000000000e+03,1.000000000000000000e+00,9.002310064405749657e-01,-2.049375000000000000e+06,9.389000000000000000e+03,-2.558700000000000000e+04
2.482096354166666471e-06,2.551269531249999810e-06,3.987558593750000000e+03,-4.520726562500000000e+03,1.000000000000000000e+00,8.479797858532203136e-01,-2.043750000000000000e+06,8.844000000000000000e+03,-2.603600000000000000e+04
2.486165364583333537e-06,2.555338541666666875e-06,4.210093750000000000e+03,-4.323316406250000000e+03,1.000000000000000000e+00,7.986527161427726673e-01,-1.929375000000000000e+06,8.330000000000000000e+03,-2.459800000000000000e+04
2.490234375000000179e-06,2.559407552083333517e-06,4.423257812500000000e+03,-4.104460937500000000e+03,1.000000000000000000e+00,7.480313501425465139e-01,-1.980000000000000000e+06,7.802000000000000000e+03,-2.599000000000000000e+04
2.494303385416666821e-06,2.563476562500000159e-06,4.635269531250000000e+03,-3.860968750000000000e+03,1.000000000000000000e+00,6.945098017152240288e-01,-2.093437500000000000e+06,7.244000000000000000e+03,-2.848400000000000000e+04
2.498372395833333463e-06,2.567545572916666801e-06,4.821464843750000000e+03,-3.616191406250000000e+03,1.000000000000000000e+00,6.435049405180264248e-01,-1.995000000000000000e+06,6.712000000000000000e+03,-2.733600000000000000e+04
2.502441406250000105e-06,2.571614583333333443e-06,4.994625000000000000e+03,-3.372011718750000000e+03,1.000000000000000000e+00,5.938423125102287869e-01,-1.942500000000000000e+06,6.194000000000000000e+03,-2.695800000000000000e+04
2.506510416666666747e-06,2.575683593750000085e-06,5.163238281250000000e+03,-3.106519531250000000e+03,1.000000000000000000e+00,5.416390288224955940e-01,-2.041875000000000000e+06,5.649000000000000000e+03,-2.919900000000000000e+04
2.510579427083333389e-06,2.579752604166666727e-06,5.323242187500000000e+03,-2.838875000000000000e+03,1.000000000000000000e+00,4.899390825807873884e-01,-2.022187500000000000e+06,5.110000000000000000e+03,-2.940200000000000000e+04
2.514648437500000031e-06,2.583821614583333369e-06,5.455417968750000000e+03,-2.574812500000000000e+03,1.000000000000000000e+00,4.409715396175004076e-01,-1.915312500000000000e+06,4.599000000000000000e+03,-2.808900000000000000e+04
2.518717447916666673e-06,2.587890625000000012e-06,5.576886718750000000e+03,-2.275832031250000000e+03,1.000000000000000000e+00,3.874499911901779781e-01,-2.093437500000000000e+06,4.041000000000000000e+03,-3.168700000000000000e+04
2.522786458333333315e-06,2.591959635416666654e-06,5.681500000000000000e+03,-1.992613281250000000e+03,1.000000000000000000e+00,3.373079941861660824e-01,-1.961250000000000000e+06,3.518000000000000000e+03,-2.995400000000000000e+04
2.526855468749999957e-06,2.596028645833333296e-06,5.777730468750000000e+03,-1.706820312500000000e+03,1.000000000000000000e+00,2.872379025315863199e-01,-1.958437500000000000e+06,2.996000000000000000e+03,-3.042800000000000000e+04
2.530924479166666599e-06,2.600097656249999938e-06,5.871820312500000000e+03,-1.412769531250000000e+03,1.000000000000000000e+00,2.361131990853351792e-01,-1.999687500000000000e+06,2.462000000000000000e+03,-3.166600000000000000e+04
2.534993489583333241e-06,2.604166666666666580e-06,5.936464843750000000e+03,-1.105730468750000000e+03,1.000000000000000000e+00,1.841495998957090874e-01,-2.032500000000000000e+06,1.920000000000000000e+03,-3.276800000000000000e+04
2.539062499999999883e-06,2.608235677083333222e-06,5.978058593750000000e+03,-8.032148437500000000e+02,1.000000000000000000e+00,1.335761707951043376e-01,-1.978125000000000000e+06,1.393000000000000000e+03,-3.236700000000000000e+04
2.543131510416666525e-06,2.612304687499999864e-06,6.005468750000000000e+03,-4.939843750000000000e+02,1.000000000000000000e+00,8.206797215188180172e-02,-2.014687500000000000e+06,8.560000000000000000e+02,-3.276800000000000000e+04
2.547200520833333168e-06,2.616373697916666506e-06,6.026992187500000000e+03,-1.805937500000000000e+02,1.000000000000000000e+00,2.996056226339142980e-02,-2.038125000000000000e+06,3.120000000000000000e+02,-3.276800000000000000e+04
2.551269531249999810e-06,2.620442708333333148e-06,6.037351562500000000e+03,1.139765625000000000e+02,1.000000000000000000e+00,-1.888713845084195528e-02,-1.910625000000000000e+06,-1.970000000000000000e+02,-3.276800000000000000e+04
2.555338541666666875e-06,2.624511718750000213e-06,6.002484375000000000e+03,4.281640625000000000e+02,1.000000000000000000e+00,-7.121026438762874389e-02,-2.046562500000000000e+06,-7.430000000000000000e+02,-3.276800000000000000e+04
2.559407552083333517e-06,2.628580729166666855e-06,5.980578125000000000e+03,7.382578125000000000e+02,1.000000000000000000e+00,-1.228143368300941424e-01,-2.018437500000000000e+06,-1.281000000000000000e+03,-3.276800000000000000e+04
2.563476562500000159e-06,2.632649739583333498e-06,5.946445312500000000e+03,1.045015625000000000e+03,1.000000000000000000e+00,-1.739630087261559988e-01,-2.000625000000000000e+06,-1.815000000000000000e+03,-3.276800000000000000e+04
2.567545572916666801e-06,2.636718750000000140e-06,5.875781250000000000e+03,1.336335937500000000e+03,1.000000000000000000e+00,-2.236256367339536366e-01,-1.942500000000000000e+06,-2.333000000000000000e+03,-3.276800000000000000e+04
2.571614583333333443e-06,2.640787760416666782e-06,5.801847656250000000e+03,1.638703125000000000e+03,1.000000000000000000e+00,-2.752776460760404387e-01,-2.020312500000000000e+06,-2.872000000000000000e+03,-3.276800000000000000e+04
2.575683593750000085e-06,2.644856770833333424e-06,5.719105468750000000e+03,1.932566406250000000e+03,1.000000000000000000e+00,-3.258750436264559180e-01,-1.979062500000000000e+06,-3.399000000000000000e+03,-3.276800000000000000e+04
2.579752604166666727e-06,2.648925781250000066e-06,5.605941406250000000e+03,2.215550781250000000e+03,1.000000000000000000e+00,-3.763765673776284792e-01,-1.975312500000000000e+06,-3.926000000000000000e+03,-3.276800000000000000e+04
2.583821614583333369e-06,2.652994791666666708e-06,5.482335937500000000e+03,2.507757812500000000e+03,1.000000000000000000e+00,-4.290112831619545264e-01,-2.058750000000000000e+06,-4.475000000000000000e+03,-3.276800000000000000e+04
2.587890625000000012e-06,2.657063802083333350e-06,5.342148437500000000e+03,2.788148437500000000e+03,1.000000000000000000e+00,-4.810228192512020495e-01,-2.034375000000000000e+06,-5.018000000000000000e+03,-3.276800000000000000e+04
2.591959635416666654e-06,2.661132812499999992e-06,5.195828125000000000e+03,3.047867187500000000e+03,1.000000000000000000e+00,-5.304936996605139621e-01,-1.935000000000000000e+06,-5.534000000000000000e+03,-3.276800000000000000e+04
2.596028645833333296e-06,2.665201822916666634e-06,5.025582031250000000e+03,3.310886718750000000e+03,1.000000000000000000e+00,-5.825531726493829998e-01,-2.036250000000000000e+06,-6.077000000000000000e+03,-3.276800000000000000e+04
2.600097656249999938e-06,2.669270833333333276e-06,4.861773437500000000e+03,3.579816406250000000e+03,1.000000000000000000e+00,-6.346845509876840596e-01,-2.039062500000000000e+06,-6.620000000000000000e+03,-3.276800000000000000e+04
2.604166666666666580e-06,2.673339843749999918e-06,4.678953125000000000e+03,3.804488281250000000e+03,1.000000000000000000e+00,-6.826693875087317398e-01,-1.876875000000000000e+06,-7.121000000000000000e+03,-3.276800000000000000e+04
2.608235677083333222e-06,2.677408854166666560e-06,4.468496093750000000e+03,4.051425781250000000e+03,1.000000000000000000e+00,-7.365025257835934314e-01,-2.105625000000000000e+06,-7.682000000000000000e+03,-3.276800000000000000e+04
2.612304687499999864e-06,2.681477864583333202e-06,4.258082031250000000e+03,4.281652343750000000e+03,1.000000000000000000e+00,-7.881545351256803444e-01,-2.020312500000000000e+06,-8.221000000000000000e+03,-3.276800000000000000e+04
2.616373697916666506e-06,2.685546874999999844e-06,4.036699218750000000e+03,4.485593750000000000e+03,1.000000000000000000e+00,-8.380328791817743816e-01,-1.950937500000000000e+06,-8.741000000000000000e+03,-3.276800000000000000e+04
2.620442708333333148e-06,2.689615885416666486e-06,3.792546875000000000e+03,4.681281250000000000e+03,1.000000000000000000e+00,-8.899006045721575830e-01,-2.028750000000000000e+06,-9.282000000000000000e+03,-3.276800000000000000e+04
2.624511718749999790e-06,2.693684895833333128e-06,3.543054687500000000e+03,4.874558593750000000e+03,1.000000000000000000e+00,-9.422716674085658273e-01,-2.048437500000000000e+06,-9.829000000000000000e+03,-3.276800000000000000e+04
2.628580729166666855e-06,2.697753906250000194e-06,3.309082031250000000e+03,5.050730468750000000e+03,1.000000000000000000e+00,-9.908077782752598983e-01,-1.898437500000000000e+06,-1.033500000000000000e+04,-3.276800000000000000e+04
2.632649739583333498e-06,2.701822916666666836e-06,3.033371093750000000e+03,5.208246093750000000e+03,1.000000000000000000e+00,-1.043418525609775216e+00,-2.057812500000000000e+06,-1.088400000000000000e+04,-3.276800000000000000e+04
2.636718750000000140e-06,2.705891927083333478e-06,2.761542968750000000e+03,5.355562500000000000e+03,1.000000000000000000e+00,-1.094711008204701352e+00,-2.006250000000000000e+06,-1.141900000000000000e+04,-3.276800000000000000e+04
2.640787760416666782e-06,2.709960937500000120e-06,2.492507812500000000e+03,5.498375000000000000e+03,1.000000000000000000e+00,-1.145188563506063240e+00,-1.974375000000000000e+06,-1.194500000000000000e+04,-3.276800000000000000e+04
2.644856770833333424e-06,2.714029947916666762e-06,2.210328125000000000e+03,5.600085937500000000e+03,1.000000000000000000e+00,-1.194875159963671551e+00,-1.943437500000000000e+06,-1.246300000000000000e+04,-3.276800000000000000e+04
2.648925781250000066e-06,2.718098958333333404e-06,1.912996093750000000e+03,5.705238281250000000e+03,1.000000000000000000e+00,-1.247270191249890470e+00,-2.049375000000000000e+06,-1.301000000000000000e+04,-3.276800000000000000e+04
2.652994791666666708e-06,2.722167968750000046e-06,1.624539062500000000e+03,5.804390625000000000e+03,1.000000000000000000e+00,-1.297891557250116623e+00,-1.980000000000000000e+06,-1.353800000000000000e+04,-3.276800000000000000e+04
2.657063802083333350e-06,2.726236979166666688e-06,1.318910156250000000e+03,5.875218750000000000e+03,1.000000000000000000e+00,-1.349974998688796335e+00,-2.037187500000000000e+06,-1.408100000000000000e+04,-3.276800000000000000e+04
2.661132812499999992e-06,2.730305989583333330e-06,1.017058593750000000e+03,5.942687500000000000e+03,1.000000000000000000e+00,-1.401291449733533145e+00,-2.007187500000000000e+06,-1.461600000000000000e+04,-3.276800000000000000e+04
2.665201822916666634e-06,2.734374999999999972e-06,7.233945312500000000e+02,5.990527343750000000e+03,1.000000000000000000e+00,-1.450618519443980903e+00,-1.929375000000000000e+06,-1.513100000000000000e+04,-3.276800000000000000e+04
2.669270833333333276e-06,2.738444010416666614e-06,4.166132812500000000e+02,6.019039062500000000e+03,1.000000000000000000e+00,-1.501695285990610529e+00,-1.997812500000000000e+06,-1.566400000000000000e+04,-3.276800000000000000e+04
2.673339843749999918e-06,2.742513020833333256e-06,9.304687500000000000e+01,6.021097656250000000e+03,1.000000000000000000e+00,-1.555360645116797391e+00,-2.099062500000000000e+06,-1.622300000000000000e+04,-3.276800000000000000e+04
2.677408854166666560e-06,2.746582031249999898e-06,-2.104687500000000000e+02,6.037015625000000000e+03,1.000000000000000000e+00,-1.605646452819673442e+00,-1.966875000000000000e+06,-1.674800000000000000e+04,-3.276800000000000000e+04
2.681477864583333202e-06,2.750651041666666540e-06,-5.110742187500000000e+02,6.002246093750000000e+03,1.000000000000000000e+00,-1.655740512924063879e+00,-1.959375000000000000e+06,-1.727000000000000000e+04,-3.276800000000000000e+04
2.685546874999999844e-06,2.754720052083333182e-06,-8.251484375000000000e+02,5.968324218750000000e+03,1.000000000000000000e+00,-1.708183481109904367e+00,-2.051250000000000000e+06,-1.781700000000000000e+04,-3.276800000000000000e+04
2.689615885416666486e-06,2.758789062499999824e-06,-1.135894531250000000e+03,5.925820312500000000e+03,1.000000000000000000e+00,-1.760195017199151835e+00,-2.034375000000000000e+06,-1.836000000000000000e+04,-3.276800000000000000e+04
2.693684895833333128e-06,2.762858072916666467e-06,-1.433253906250000000e+03,5.855777343750000000e+03,1.000000000000000000e+00,-1.810840351649188662e+00,-1.980937500000000000e+06,-1.888800000000000000e+04,-3.276800000000000000e+04
2.697753906250000194e-06,2.766927083333333532e-06,-1.722523437500000000e+03,5.774625000000000000e+03,1.000000000000000000e+00,-1.860694727255472136e+00,-1.950000000000000000e+06,-1.940800000000000000e+04,-3.276800000000000000e+04
2.701822916666666836e-06,2.770996093750000174e-06,-2.025019531250000000e+03,5.685167968750000000e+03,1.000000000000000000e+00,-1.912969916292637462e+00,-2.044687500000000000e+06,-1.995300000000000000e+04,-3.276800000000000000e+04
2.705891927083333478e-06,2.775065104166666816e-06,-2.297187500000000000e+03,5.578109375000000000e+03,1.000000000000000000e+00,-1.961458090259710074e+00,-1.896562500000000000e+06,-2.045900000000000000e+04,-3.276800000000000000e+04
2.709960937500000120e-06,2.779134114583333458e-06,-2.581042968750000000e+03,5.442343750000000000e+03,1.000000000000000000e+00,-2.013637405497632482e+00,-2.040937500000000000e+06,-2.100300000000000000e+04,-3.276800000000000000e+04
2.714029947916666762e-06,2.783203125000000100e-06,-2.872343750000000000e+03,5.314355468750000000e+03,1.000000000000000000e+00,-2.066320058181580155e+00,-2.060625000000000000e+06,-2.155300000000000000e+04,-3.276800000000000000e+04
2.718098958333333404e-06,2.787272135416666742e-06,-3.128179687500000000e+03,5.158515625000000000e+03,1.000000000000000000e+00,-2.115910780839945549e+00,-1.939687500000000000e+06,-2.207000000000000000e+04,-3.276800000000000000e+04
2.722167968750000046e-06,2.791341145833333384e-06,-3.378917968750000000e+03,4.977582031250000000e+03,1.000000000000000000e+00,-2.167179294985060789e+00,-2.005312500000000000e+06,-2.260500000000000000e+04,-3.276800000000000000e+04
2.726236979166666688e-06,2.795410156250000026e-06,-3.650667968750000000e+03,4.801566406250000000e+03,1.000000000000000000e+00,-2.220868622561058547e+00,-2.100000000000000000e+06,-2.316500000000000000e+04,-3.276800000000000000e+04
2.730305989583333330e-06,2.799479166666666668e-06,-3.888761718750000000e+03,4.612636718750000000e+03,1.000000000000000000e+00,-2.271250304063177516e+00,-1.970625000000000000e+06,-2.369000000000000000e+04,-3.276800000000000000e+04
2.734374999999999972e-06,2.803548177083333311e-06,-4.098328125000000000e+03,4.411949218750000000e+03,1.000000000000000000e+00,-2.319354982833278900e+00,-1.881562500000000000e+06,-2.419200000000000000e+04,-3.276800000000000000e+04
2.738444010416666614e-06,2.807617187499999953e-06,-4.331832031250000000e+03,4.184632812500000000e+03,1.000000000000000000e+00,-2.373475742505869235e+00,-2.116875000000000000e+06,-2.475700000000000000e+04,-3.276800000000000000e+04
2.742513020833333256e-06,2.811686197916666595e-06,-4.545433593750000000e+03,3.975039062500000000e+03,1.000000000000000000e+00,-2.423042496714423955e+00,-1.938750000000000000e+06,-2.527400000000000000e+04,-3.276800000000000000e+04
2.746582031249999898e-06,2.815755208333333237e-06,-4.731652343750000000e+03,3.733382812500000000e+03,1.000000000000000000e+00,-2.473567988915406968e+00,-1.976250000000000000e+06,-2.580100000000000000e+04,-3.276800000000000000e+04
2.750651041666666540e-06,2.819824218749999879e-06,-4.921546875000000000e+03,3.470281250000000000e+03,1.000000000000000000e+00,-2.527449064089890118e+00,-2.107500000000000000e+06,-2.636300000000000000e+04,-3.276800000000000000e+04
2.754720052083333182e-06,2.823893229166666521e-06,-5.105273437500000000e+03,3.235355468750000000e+03,1.000000000000000000e+00,-2.576752165350526980e+00,-1.928437500000000000e+06,-2.687700000000000000e+04,-3.276800000000000000e+04
2.758789062499999824e-06,2.827962239583333163e-06,-5.253562500000000000e+03,2.963617187500000000e+03,1.000000000000000000e+00,-2.627972742596021316e+00,-2.003437500000000000e+06,-2.741100000000000000e+04,-3.276800000000000000e+04
2.762858072916666467e-06,2.832031249999999805e-06,-5.389980468750000000e+03,2.687484375000000000e+03,1.000000000000000000e+00,-2.679073477592461394e+00,-1.998750000000000000e+06,-2.794400000000000000e+04,-3.276800000000000000e+04
2.766927083333333532e-06,2.836100260416666870e-06,-5.531343750000000000e+03,2.410703125000000000e+03,1.000000000000000000e+00,-2.730581676235684263e+00,-2.014687500000000000e+06,-2.848100000000000000e+04,-3.276800000000000000e+04
2.770996093750000174e-06,2.840169270833333512e-06,-5.641972656250000000e+03,2.132496093750000000e+03,1.000000000000000000e+00,-2.780220335793671005e+00,-1.941562500000000000e+06,-2.899900000000000000e+04,-3.276800000000000000e+04
2.775065104166666816e-06,2.844238281250000154e-06,-5.741320312500000000e+03,1.844472656250000000e+03,1.000000000000000000e+00,-2.830745827994654462e+00,-1.976250000000000000e+06,-2.952600000000000000e+04,-3.276800000000000000e+04
2.779134114583333458e-06,2.848307291666666797e-06,-5.829562500000000000e+03,1.541972656250000000e+03,1.000000000000000000e+00,-2.882997048582009114e+00,-2.043750000000000000e+06,-3.007100000000000000e+04,-3.276800000000000000e+04
2.783203125000000100e-06,2.852376302083333439e-06,-5.897207031250000000e+03,1.248363281250000000e+03,1.000000000000000000e+00,-2.932995234887156411e+00,-1.955625000000000000e+06,-3.059300000000000000e+04,-3.276800000000000000e+04
2.787272135416666742e-06,2.856445312500000081e-06,-5.948753906250000000e+03,9.393437500000000000e+02,1.000000000000000000e+00,-2.984982802526593648e+00,-2.033437500000000000e+06,-3.113500000000000000e+04,-3.276800000000000000e+04
2.791341145833333384e-06,2.860514322916666723e-06,-5.998367187500000000e+03,6.306914062500000000e+02,1.000000000000000000e+00,-3.036826559467165954e+00,-2.027812500000000000e+06,-3.167600000000000000e+04,-3.276800000000000000e+04
2.795410156250000026e-06,2.864583333333333365e-06,-6.031296875000000000e+03,3.284453125000000000e+02,1.000000000000000000e+00,-3.087184272519474248e+00,-1.969687500000000000e+06,-3.220100000000000000e+04,-3.276800000000000000e+04
2.799479166666666668e-06,2.868652343750000007e-06,-6.031792968750000000e+03,1.651562500000000000e+01,1.000000000000000000e+00,-3.138860250311371836e+00,-2.021250000000000000e+06,-3.274000000000000000e+04,-3.276800000000000000e+04
2.803548177083333311e-06,2.872721354166666649e-06,-6.024589843750000000e+03,-2.970937500000000000e+02,1.000000000000000000e+00,3.092313520778966929e+00,-2.034375000000000000e+06,3.225400000000000000e+04,-2.466000000000000000e+03
2.807617187499999953e-06,2.876790364583333291e-06,-6.003730468750000000e+03,-5.914843750000000000e+02,1.000000000000000000e+00,3.043393914715301296e+00,-1.913437500000000000e+06,3.174300000000000000e+04,-9.130000000000000000e+02
2.811686197916666595e-06,2.880859374999999933e-06,-5.961554687500000000e+03,-9.017304687500000000e+02,1.000000000000000000e+00,2.991478252425296525e+00,-2.030625000000000000e+06,3.120200000000000000e+04,-3.454000000000000000e+03
2.815755208333333237e-06,2.884928385416666575e-06,-5.900761718750000000e+03,-1.209535156250000000e+03,1.000000000000000000e+00,2.939418779436427709e+00,-2.036250000000000000e+06,3.065900000000000000e+04,-4.093000000000000000e+03
2.819824218749999879e-06,2.888997395833333217e-06,-5.835410156250000000e+03,-1.514914062500000000e+03,1.000000000000000000e+00,2.887598990945666078e+00,-2.026875000000000000e+06,3.011800000000000000e+04,-4.474000000000000000e+03
2.823893229166666521e-06,2.893066406249999859e-06,-5.750285156250000000e+03,-1.813867187500000000e+03,1.000000000000000000e+00,2.836018886953011187e+00,-2.017500000000000000e+06,2.958000000000000000e+04,-4.852000000000000000e+03
2.827962239583333163e-06,2.897135416666666501e-06,-5.652179687500000000e+03,-2.104390625000000000e+03,1.000000000000000000e+00,2.785181804904488523e+00,-1.988437500000000000e+06,2.905000000000000000e+04,-4.886000000000000000e+03
2.832031249999999805e-06,2.901204427083333143e-06,-5.549308593750000000e+03,-2.393324218750000000e+03,1.000000000000000000e+00,2.734416628205398325e+00,-1.985625000000000000e+06,2.852100000000000000e+04,-5.367000000000000000e+03
2.836100260416666870e-06,2.905273437500000209e-06,-5.407683593750000000e+03,-2.665304687500000000e+03,1.000000000000000000e+00,2.683651451506307684e+00,-1.985625000000000000e+06,2.799100000000000000e+04,-5.897000000000000000e+03
2.840169270833333512e-06,2.909342447916666851e-06,-5.259101562500000000e+03,-2.951003906250000000e+03,1.000000000000000000e+00,2.630249745328038902e+00,-2.088750000000000000e+06,2.743400000000000000e+04,-8.214000000000000000e+03
2.844238281250000154e-06,2.913411458333333493e-06,-5.115824218750000000e+03,-3.217839843750000000e+03,1.000000000000000000e+00,2.580107748324027117e+00,-1.961250000000000000e+06,2.691100000000000000e+04,-6.561000000000000000e+03
2.848307291666666797e-06,2.917480468750000135e-06,-4.931046875000000000e+03,-3.458117187500000000e+03,1.000000000000000000e+00,2.529989719769826007e+00,-1.960312500000000000e+06,2.638800000000000000e+04,-7.068000000000000000e+03
2.852376302083333439e-06,2.921549479166666777e-06,-4.754968750000000000e+03,-3.702167968750000000e+03,1.000000000000000000e+00,2.480039470364299614e+00,-1.953750000000000000e+06,2.586700000000000000e+04,-7.477000000000000000e+03
2.856445312500000081e-06,2.925618489583333419e-06,-4.553550781250000000e+03,-3.950316406250000000e+03,1.000000000000000000e+00,2.427021259383002061e+00,-2.073750000000000000e+06,2.531400000000000000e+04,-1.007800000000000000e+04
2.860514322916666723e-06,2.929687500000000061e-06,-4.352417968750000000e+03,-4.168003906250000000e+03,1.000000000000000000e+00,2.377838000371419014e+00,-1.923750000000000000e+06,2.480100000000000000e+04,-8.031000000000000000e+03
2.864583333333333365e-06,2.933756510416666703e-06,-4.124082031250000000e+03,-4.383367187500000000e+03,1.000000000000000000e+00,2.325730590482928406e+00,-2.038125000000000000e+06,2.425800000000000000e+04,-1.052600000000000000e+04
2.868652343750000007e-06,2.937825520833333345e-06,-3.892992187500000000e+03,-4.600503906250000000e+03,1.000000000000000000e+00,2.273071906248791851e+00,-2.059687500000000000e+06,2.370900000000000000e+04,-1.144300000000000000e+04
2.872721354166666649e-06,2.941894531249999987e-06,-3.669257812500000000e+03,-4.786375000000000000e+03,1.000000000000000000e+00,2.224823416779825980e+00,-1.887187500000000000e+06,2.320500000000000000e+04,-9.003000000000000000e+03
2.876790364583333291e-06,2.945963541666666629e-06,-3.417886718750000000e+03,-4.963128906250000000e+03,1.000000000000000000e+00,2.173866492482249946e+00,-1.993125000000000000e+06,2.267400000000000000e+04,-1.134200000000000000e+04
2.880859374999999933e-06,2.950032552083333271e-06,-3.152523437500000000e+03,-5.144882812500000000e+03,1.000000000000000000e+00,2.120536691653413186e+00,-2.085937500000000000e+06,2.211800000000000000e+04,-1.348200000000000000e+04
2.884928385416666575e-06,2.954101562499999913e-06,-2.895843750000000000e+03,-5.293562500000000000e+03,1.000000000000000000e+00,2.071377401091640369e+00,-1.922812500000000000e+06,2.160500000000000000e+04,-1.121100000000000000e+04
2.888997395833333217e-06,2.958170572916666555e-06,-2.614566406250000000e+03,-5.425722656250000000e+03,1.000000000000000000e+00,2.019845233998607270e+00,-2.015625000000000000e+06,2.106700000000000000e+04,-1.333300000000000000e+04
2.893066406249999859e-06,2.962239583333333197e-06,-2.323785156250000000e+03,-5.560585937500000000e+03,1.000000000000000000e+00,1.966635275418824103e+00,-2.081250000000000000e+06,2.051200000000000000e+04,-1.500800000000000000e+04
2.897135416666666501e-06,2.966308593749999839e-06,-2.051250000000000000e+03,-5.679046875000000000e+03,1.000000000000000000e+00,1.917404079507619263e+00,-1.925625000000000000e+06,1.999900000000000000e+04,-1.286500000000000000e+04
2.901204427083333143e-06,2.970377604166666481e-06,-1.753957031250000000e+03,-5.761257812500000000e+03,1.000000000000000000e+00,1.866327312960989637e+00,-1.997812500000000000e+06,1.946600000000000000e+04,-1.463000000000000000e+04
2.905273437500000209e-06,2.974446614583333547e-06,-1.452332031250000000e+03,-5.848453125000000000e+03,1.000000000000000000e+00,1.814195934622688577e+00,-2.039062500000000000e+06,1.892200000000000000e+04,-1.587800000000000000e+04
2.909342447916666851e-06,2.978515625000000189e-06,-1.151683593750000000e+03,-5.928371093750000000e+03,1.000000000000000000e+00,1.762687735979465931e+00,-2.014687500000000000e+06,1.838500000000000000e+04,-1.599900000000000000e+04
2.913411458333333493e-06,2.982584635416666831e-06,-8.466796875000000000e+02,-5.965683593750000000e+03,1.000000000000000000e+00,1.711778748581511245e+00,-1.991250000000000000e+06,1.785400000000000000e+04,-1.613000000000000000e+04
2.917480468750000135e-06,2.986653645833333473e-06,-5.377539062500000000e+02,-6.001019531250000000e+03,1.000000000000000000e+00,1.660150707689235228e+00,-2.019375000000000000e+06,1.731600000000000000e+04,-1.714800000000000000e+04
2.921549479166666777e-06,2.990722656250000115e-06,-2.276445312500000000e+02,-6.030824218750000000e+03,1.000000000000000000e+00,1.608522666796958989e+00,-2.019375000000000000e+06,1.677700000000000000e+04,-1.768700000000000000e+04
2.925618489583333419e-06,2.994791666666666757e-06,6.871484375000000000e+01,-6.021148437500000000e+03,1.000000000000000000e+00,1.559387344684997068e+00,-1.921875000000000000e+06,1.626500000000000000e+04,-1.653500000000000000e+04
2.929687500000000061e-06,2.998860677083333399e-06,3.768476562500000000e+02,-6.012523437500000000e+03,1.000000000000000000e+00,1.508214704339124523e+00,-2.001562500000000000e+06,1.573100000000000000e+04,-1.842900000000000000e+04
2.933756510416666703e-06,3.002929687500000041e-06,6.945273437500000000e+02,-5.984210937500000000e+03,1.000000000000000000e+00,1.455244430257448540e+00,-2.071875000000000000e+06,1.517800000000000000e+04,-2.018200000000000000e+04
2.937825520833333345e-06,3.006998697916666683e-06,9.874257812500000000e+02,-5.949437500000000000e+03,1.000000000000000000e+00,1.406324824193782907e+00,-1.913437500000000000e+06,1.466800000000000000e+04,-1.798800000000000000e+04
2.941894531249999987e-06,3.011067708333333325e-06,1.297734375000000000e+03,-5.882437500000000000e+03,1.000000000000000000e+00,1.353666139959646131e+00,-2.059687500000000000e+06,1.411900000000000000e+04,-2.103300000000000000e+04
2.945963541666666629e-06,3.015136718749999967e-06,1.600355468750000000e+03,-5.815277343750000000e+03,1.000000000000000000e+00,1.302253815115666402e+00,-2.010937500000000000e+06,1.358300000000000000e+04,-2.073700000000000000e+04
2.950032552083333271e-06,3.019205729166666610e-06,1.892988281250000000e+03,-5.729093750000000000e+03,1.000000000000000000e+00,1.251656417565251145e+00,-1.979062500000000000e+06,1.305500000000000000e+04,-2.072100000000000000e+04
2.954101562499999913e-06,3.023274739583333252e-06,2.178265625000000000e+03,-5.613367187500000000e+03,1.000000000000000000e+00,1.200627587918242867e+00,-1.995937500000000000e+06,1.252300000000000000e+04,-2.154100000000000000e+04
2.958170572916666555e-06,3.027343749999999894e-06,2.473195312500000000e+03,-5.498769531250000000e+03,1.000000000000000000e+00,1.148136682832781030e+00,-2.053125000000000000e+06,1.197500000000000000e+04,-2.306500000000000000e+04
2.962239583333333197e-06,3.031412760416666536e-06,2.742671875000000000e+03,-5.375296875000000000e+03,1.000000000000000000e+00,1.099001360720819109e+00,-1.921875000000000000e+06,1.146300000000000000e+04,-2.133700000000000000e+04
2.966308593749999839e-06,3.035481770833333178e-06,3.011187500000000000e+03,-5.216886718750000000e+03,1.000000000000000000e+00,1.047301414479110848e+00,-2.022187500000000000e+06,1.092300000000000000e+04,-2.358900000000000000e+04
2.970377604166666481e-06,3.039550781249999820e-06,3.278132812500000000e+03,-5.058992187500000000e+03,1.000000000000000000e+00,9.958411527355096604e-01,-2.012812500000000000e+06,1.038700000000000000e+04,-2.396500000000000000e+04
2.974446614583333123e-06,3.043619791666666462e-06,3.528703125000000000e+03,-4.892320312500000000e+03,1.000000000000000000e+00,9.459388402296049492e-01,-1.951875000000000000e+06,9.866000000000000000e+03,-2.344600000000000000e+04
2.978515625000000189e-06,3.047688802083333527e-06,3.778871093750000000e+03,-4.700726562500000000e+03,1.000000000000000000e+00,8.936876196422502971e-01,-2.043750000000000000e+06,9.321000000000000000e+03,-2.555900000000000000e+04
2.982584635416666831e-06,3.051757812500000169e-06,4.015351562500000000e+03,-4.504847656250000000e+03,1.000000000000000000e+00,8.427786322442955003e-01,-1.991250000000000000e+06,8.790000000000000000e+03,-2.519400000000000000e+04
2.986653645833333473e-06,3.055826822916666811e-06,4.241234375000000000e+03,-4.292832031250000000e+03,1.000000000000000000e+00,7.914382127497480157e-01,-2.008125000000000000e+06,8.255000000000000000e+03,-2.601700000000000000e+04
2.990722656250000115e-06,3.059895833333333453e-06,4.444761718750000000e+03,-4.067363281250000000e+03,1.000000000000000000e+00,7.410804996974397207e-01,-1.969687500000000000e+06,7.729000000000000000e+03,-2.588700000000000000e+04
2.994791666666666757e-06,3.063964843750000096e-06,4.658421875000000000e+03,-3.823449218750000000e+03,1.000000000000000000e+00,6.872713298723887032e-01,-2.104687500000000000e+06,7.168000000000000000e+03,-2.875200000000000000e+04
2.998860677083333399e-06,3.068033854166666738e-06,4.845476562500000000e+03,-3.598589843750000000e+03,1.000000000000000000e+00,6.388071243551266543e-01,-1.895625000000000000e+06,6.663000000000000000e+03,-2.568900000000000000e+04
3.002929687500000041e-06,3.072102864583333380e-06,5.015000000000000000e+03,-3.345085937500000000e+03,1.000000000000000000e+00,5.882576637043326340e-01,-1.977187500000000000e+06,6.135000000000000000e+03,-2.760900000000000000e+04
3.006998697916666683e-06,3.076171875000000022e-06,5.186089843750000000e+03,-3.076859375000000000e+03,1.000000000000000000e+00,5.354791372211423761e-01,-2.064375000000000000e+06,5.585000000000000000e+03,-2.964700000000000000e+04
3.011067708333333325e-06,3.080240885416666664e-06,5.331718750000000000e+03,-2.809765625000000000e+03,1.000000000000000000e+00,4.850015819197804334e-01,-1.974375000000000000e+06,5.058000000000000000e+03,-2.863800000000000000e+04
3.015136718749999967e-06,3.084309895833333306e-06,5.468113281250000000e+03,-2.538917968750000000e+03,1.000000000000000000e+00,4.346918057670935420e-01,-1.967812500000000000e+06,4.534000000000000000e+03,-2.905000000000000000e+04
3.019205729166666610e-06,3.088378906249999948e-06,5.592207031250000000e+03,-2.249050781250000000e+03,1.000000000000000000e+00,3.823686798303067569e-01,-2.046562500000000000e+06,3.988000000000000000e+03,-3.094000000000000000e+04
3.023274739583333252e-06,3.092447916666666590e-06,5.710937500000000000e+03,-1.956695312500000000e+03,1.000000000000000000e+00,3.300934907931414308e-01,-2.044687500000000000e+06,3.443000000000000000e+03,-3.145300000000000000e+04
3.027343749999999894e-06,3.096516927083333232e-06,5.801691406250000000e+03,-1.662613281250000000e+03,1.000000000000000000e+00,2.790886295959438268e-01,-1.995000000000000000e+06,2.911000000000000000e+03,-3.113700000000000000e+04
3.031412760416666536e-06,3.100585937499999874e-06,5.867179687500000000e+03,-1.375789062500000000e+03,1.000000000000000000e+00,2.303368026809533009e-01,-1.906875000000000000e+06,2.402000000000000000e+03,-3.014200000000000000e+04
3.035481770833333178e-06,3.104654947916666516e-06,5.937523437500000000e+03,-1.073308593750000000e+03,1.000000000000000000e+00,1.788286040377307651e-01,-2.014687500000000000e+06,1.865000000000000000e+03,-3.251900000000000000e+04
3.039550781249999820e-06,3.108723958333333158e-06,5.984339843750000000e+03,-7.722890625000000000e+02,1.000000000000000000e+00,1.283510487363688779e-01,-1.974375000000000000e+06,1.338000000000000000e+03,-3.235800000000000000e+04
3.043619791666666462e-06,3.112792968749999800e-06,6.003917968750000000e+03,-4.598398437500000000e+02,1.000000000000000000e+00,7.643538644636421742e-02,-2.030625000000000000e+06,7.970000000000000000e+02,-3.276800000000000000e+04
3.047688802083333527e-06,3.116861979166666866e-06,6.026382812500000000e+03,-1.539960937500000000e+02,1.000000000000000000e+00,2.555036749822020906e-02,-1.990312500000000000e+06,2.660000000000000000e+02,-3.276800000000000000e+04
3.051757812500000169e-06,3.120930989583333508e-06,6.033605468750000000e+03,1.460312500000000000e+02,1.000000000000000000e+00,-2.420813430882027412e-02,-1.946250000000000000e+06,-2.530000000000000000e+02,-3.276800000000000000e+04
3.055826822916666811e-06,3.125000000000000150e-06,6.008582031250000000e+03,4.625859375000000000e+02,1.000000000000000000e+00,-7.684285009314634207e-02,-2.058750000000000000e+06,-8.020000000000000000e+02,-3.276800000000000000e+04
3.059895833333333453e-06,3.129069010416666792e-06,5.971300781250000000e+03,7.689140625000000000e+02,1.000000000000000000e+00,-1.280634273386403177e-01,-2.003437500000000000e+06,-1.336000000000000000e+03,-3.276800000000000000e+04
3.063964843750000096e-06,3.133138020833333434e-06,5.935621093750000000e+03,1.079554687500000000e+03,1.000000000000000000e+00,-1.799071842792128451e-01,-2.027812500000000000e+06,-1.877000000000000000e+03,-3.276800000000000000e+04
3.068033854166666738e-06,3.137207031250000076e-06,5.868578125000000000e+03,1.378070312500000000e+03,1.000000000000000000e+00,-2.306483925284925907e-01,-1.984687500000000000e+06,-2.406000000000000000e+03,-3.276800000000000000e+04
3.072102864583333380e-06,3.141276041666666718e-06,5.780574218750000000e+03,1.678156250000000000e+03,1.000000000000000000e+00,-2.825400863686865494e-01,-2.029687500000000000e+06,-2.947000000000000000e+03,-3.276800000000000000e+04
3.076171875000000022e-06,3.145345052083333360e-06,5.703761718750000000e+03,1.978777343750000000e+03,1.000000000000000000e+00,-3.339284427628554930e-01,-2.010000000000000000e+06,-3.483000000000000000e+03,-3.276800000000000000e+04
3.080240885416666664e-06,3.149414062500000002e-06,5.594058593750000000e+03,2.249531250000000000e+03,1.000000000000000000e+00,-3.823447113804960829e-01,-1.893750000000000000e+06,-3.988000000000000000e+03,-3.276800000000000000e+04
3.084309895833333306e-06,3.153483072916666644e-06,5.467917968750000000e+03,2.539007812500000000e+03,1.000000000000000000e+00,-4.347157742169042716e-01,-2.048437500000000000e+06,-4.535000000000000000e+03,-3.276800000000000000e+04
3.088378906249999948e-06,3.157552083333333286e-06,5.333023437500000000e+03,2.831386718750000000e+03,1.000000000000000000e+00,-4.880695434955517609e-01,-2.086875000000000000e+06,-5.091000000000000000e+03,-3.276800000000000000e+04
3.092447916666666590e-06,3.161621093749999928e-06,5.187785156250000000e+03,3.086589843750000000e+03,1.000000000000000000e+00,-5.367015281614887501e-01,-1.902187500000000000e+06,-5.598000000000000000e+03,-3.276800000000000000e+04
3.096516927083333232e-06,3.165690104166666570e-06,5.008992187500000000e+03,3.360230468750000000e+03,1.000000000000000000e+00,-5.908941931835111072e-01,-2.119687500000000000e+06,-6.164000000000000000e+03,-3.276800000000000000e+04
3.100585937499999874e-06,3.169759114583333212e-06,4.835773437500000000e+03,3.603269531250000000e+03,1.000000000000000000e+00,-6.403890420426338048e-01,-1.935937500000000000e+06,-6.680000000000000000e+03,-3.276800000000000000e+04
3.104654947916666516e-06,3.173828124999999854e-06,4.652667968750000000e+03,3.844175781250000000e+03,1.000000000000000000e+00,-6.905310390466457005e-01,-1.961250000000000000e+06,-7.203000000000000000e+03,-3.276800000000000000e+04
3.108723958333333158e-06,3.177897135416666496e-06,4.440218750000000000e+03,4.061261718750000000e+03,1.000000000000000000e+00,-7.408647836491432104e-01,-1.968750000000000000e+06,-7.728000000000000000e+03,-3.276800000000000000e+04
3.112792968749999800e-06,3.181966145833333138e-06,4.231070312500000000e+03,4.305402343750000000e+03,1.000000000000000000e+00,-7.940987106787371630e-01,-2.082187500000000000e+06,-8.283000000000000000e+03,-3.276800000000000000e+04
3.116861979166666866e-06,3.186035156250000204e-06,4.013835937500000000e+03,4.506023437500000000e+03,1.000000000000000000e+00,-8.431141905416454918e-01,-1.917187500000000000e+06,-8.794000000000000000e+03,-3.276800000000000000e+04
3.120930989583333508e-06,3.190104166666666846e-06,3.767039062500000000e+03,4.698554687500000000e+03,1.000000000000000000e+00,-8.950058843818394783e-01,-2.029687500000000000e+06,-9.336000000000000000e+03,-3.276800000000000000e+04
3.125000000000000150e-06,3.194173177083333488e-06,3.525742187500000000e+03,4.897089843750000000e+03,1.000000000000000000e+00,-9.468017044227905465e-01,-2.025937500000000000e+06,-9.876000000000000000e+03,-3.276800000000000000e+04
3.129069010416666792e-06,3.198242187500000130e-06,3.274230468750000000e+03,5.067234375000000000e+03,1.000000000000000000e+00,-9.971114805754774935e-01,-1.967812500000000000e+06,-1.040100000000000000e+04,-3.276800000000000000e+04
3.133138020833333434e-06,3.202311197916666772e-06,3.000203125000000000e+03,5.227812500000000000e+03,1.000000000000000000e+00,-1.049794133259424944e+00,-2.060625000000000000e+06,-1.095000000000000000e+04,-3.276800000000000000e+04
3.137207031250000076e-06,3.206380208333333414e-06,2.727957031250000000e+03,5.376035156250000000e+03,1.000000000000000000e+00,-1.101206458103404673e+00,-2.010937500000000000e+06,-1.148600000000000000e+04,-3.276800000000000000e+04
3.141276041666666718e-06,3.210449218750000056e-06,2.470253906250000000e+03,5.514343750000000000e+03,1.000000000000000000e+00,-1.149622726721045263e+00,-1.893750000000000000e+06,-1.199100000000000000e+04,-3.276800000000000000e+04
3.145345052083333360e-06,3.214518229166666698e-06,2.178308593750000000e+03,5.618933593750000000e+03,1.000000000000000000e+00,-1.200963146215592747e+00,-2.008125000000000000e+06,-1.252700000000000000e+04,-3.276800000000000000e+04
3.149414062500000002e-06,3.218587239583333340e-06,1.878703125000000000e+03,5.728808593750000000e+03,1.000000000000000000e+00,-1.253909451847458056e+00,-2.070937500000000000e+06,-1.307900000000000000e+04,-3.276800000000000000e+04
3.153483072916666644e-06,3.222656249999999982e-06,1.592261718750000000e+03,5.824343750000000000e+03,1.000000000000000000e+00,-1.303931606602416471e+00,-1.956562500000000000e+06,-1.360100000000000000e+04,-3.276800000000000000e+04
3.157552083333333286e-06,3.226725260416666624e-06,1.285812500000000000e+03,5.890457031250000000e+03,1.000000000000000000e+00,-1.355871237342231694e+00,-2.031562500000000000e+06,-1.414300000000000000e+04,-3.276800000000000000e+04
3.161621093749999928e-06,3.230794270833333266e-06,9.769414062500000000e+02,5.950714843750000000e+03,1.000000000000000000e+00,-1.408074521029964998e+00,-2.041875000000000000e+06,-1.468700000000000000e+04,-3.276800000000000000e+04
3.165690104166666570e-06,3.234863281249999909e-06,6.786523437500000000e+02,6.000882812500000000e+03,1.000000000000000000e+00,-1.458168581134355435e+00,-1.959375000000000000e+06,-1.521000000000000000e+04,-3.276800000000000000e+04
3.169759114583333212e-06,3.238932291666666551e-06,3.782929687500000000e+02,6.019925781250000000e+03,1.000000000000000000e+00,-1.508046925190449583e+00,-1.950937500000000000e+06,-1.573000000000000000e+04,-3.276800000000000000e+04
3.173828124999999854e-06,3.243001302083333193e-06,5.141406250000000000e+01,6.021480468750000000e+03,1.000000000000000000e+00,-1.562263558662282614e+00,-2.120625000000000000e+06,-1.629500000000000000e+04,-3.276800000000000000e+04
3.177897135416666496e-06,3.247070312499999835e-06,-2.447539062500000000e+02,6.028585937500000000e+03,1.000000000000000000e+00,-1.611374912324433861e+00,-1.920937500000000000e+06,-1.680800000000000000e+04,-3.276800000000000000e+04
3.181966145833333138e-06,3.251139322916666477e-06,-5.463437500000000000e+02,6.011007812500000000e+03,1.000000000000000000e+00,-1.661445003979013624e+00,-1.958437500000000000e+06,-1.733000000000000000e+04,-3.276800000000000000e+04
3.186035156250000204e-06,3.255208333333333542e-06,-8.616953125000000000e+02,5.962960937500000000e+03,1.000000000000000000e+00,-1.714319404261446911e+00,-2.068125000000000000e+06,-1.788100000000000000e+04,-3.276800000000000000e+04
3.190104166666666846e-06,3.259277343750000184e-06,-1.167144531250000000e+03,5.916097656250000000e+03,1.000000000000000000e+00,-1.765587918406562373e+00,-2.005312500000000000e+06,-1.841600000000000000e+04,-3.276800000000000000e+04
3.194173177083333488e-06,3.263346354166666826e-06,-1.462011718750000000e+03,5.857257812500000000e+03,1.000000000000000000e+00,-1.815418325563034951e+00,-1.949062500000000000e+06,-1.893600000000000000e+04,-3.276800000000000000e+04
3.198242187500000130e-06,3.267415364583333468e-06,-1.756015625000000000e+03,5.759480468750000000e+03,1.000000000000000000e+00,-1.866734776607771762e+00,-2.007187500000000000e+06,-1.947100000000000000e+04,-3.276800000000000000e+04
3.202311197916666772e-06,3.271484375000000110e-06,-2.051191406250000000e+03,5.664761718750000000e+03,1.000000000000000000e+00,-1.918219006801183513e+00,-2.013750000000000000e+06,-2.000800000000000000e+04,-3.276800000000000000e+04
3.206380208333333414e-06,3.275553385416666752e-06,-2.342042968750000000e+03,5.550316406250000000e+03,1.000000000000000000e+00,-1.970110700641377610e+00,-2.029687500000000000e+06,-2.054900000000000000e+04,-3.276800000000000000e+04
3.210449218750000056e-06,3.279622395833333395e-06,-2.615582031250000000e+03,5.422027343750000000e+03,1.000000000000000000e+00,-2.020276666095200291e+00,-1.962187500000000000e+06,-2.107300000000000000e+04,-3.276800000000000000e+04
3.214518229166666698e-06,3.283691406250000037e-06,-2.905437500000000000e+03,5.276796875000000000e+03,1.000000000000000000e+00,-2.074109804370061649e+00,-2.105625000000000000e+06,-2.163400000000000000e+04,-3.276800000000000000e+04
3.218587239583333340e-06,3.287760416666666679e-06,-3.168964843750000000e+03,5.131972656250000000e+03,1.000000000000000000e+00,-2.123988148426156020e+00,-1.950937500000000000e+06,-2.215400000000000000e+04,-3.276800000000000000e+04
3.222656249999999982e-06,3.291829427083333321e-06,-3.418519531250000000e+03,4.970039062500000000e+03,1.000000000000000000e+00,-2.173315218136603555e+00,-1.929375000000000000e+06,-2.266900000000000000e+04,-3.276800000000000000e+04
3.226725260416666624e-06,3.295898437499999963e-06,-3.667261718750000000e+03,4.781851562500000000e+03,1.000000000000000000e+00,-2.225039132828122490e+00,-2.023125000000000000e+06,-2.320800000000000000e+04,-3.276800000000000000e+04
3.230794270833333266e-06,3.299967447916666605e-06,-3.910542968750000000e+03,4.608917968750000000e+03,1.000000000000000000e+00,-2.274414139438191373e+00,-1.931250000000000000e+06,-2.372300000000000000e+04,-3.276800000000000000e+04
3.234863281249999909e-06,3.304036458333333247e-06,-4.132273437500000000e+03,4.389421875000000000e+03,1.000000000000000000e+00,-2.326018211880656938e+00,-2.018437500000000000e+06,-2.426200000000000000e+04,-3.276800000000000000e+04
3.238932291666666551e-06,3.308105468749999889e-06,-4.363136718750000000e+03,4.162921875000000000e+03,1.000000000000000000e+00,-2.379659602557032905e+00,-2.098125000000000000e+06,-2.482100000000000000e+04,-3.276800000000000000e+04
3.243001302083333193e-06,3.312174479166666531e-06,-4.571347656250000000e+03,3.947488281250000000e+03,1.000000000000000000e+00,-2.429298262115020091e+00,-1.941562500000000000e+06,-2.533900000000000000e+04,-3.276800000000000000e+04
3.247070312499999835e-06,3.316243489583333173e-06,-4.756078125000000000e+03,3.702617187500000000e+03,1.000000000000000000e+00,-2.480087407263920962e+00,-1.986562500000000000e+06,-2.586900000000000000e+04,-3.276800000000000000e+04
3.251139322916666477e-06,3.320312499999999815e-06,-4.933425781250000000e+03,3.454531250000000000e+03,1.000000000000000000e+00,-2.530708773264147116e+00,-1.980000000000000000e+06,-2.639700000000000000e+04,-3.276800000000000000e+04
3.255208333333333542e-06,3.324381510416666881e-06,-5.126753906250000000e+03,3.199113281250000000e+03,1.000000000000000000e+00,-2.583703015795633995e+00,-2.072812500000000000e+06,-2.694900000000000000e+04,-3.276800000000000000e+04
3.259277343750000184e-06,3.328450520833333523e-06,-5.280593750000000000e+03,2.935750000000000000e+03,1.000000000000000000e+00,-2.634180571096995660e+00,-1.974375000000000000e+06,-2.747600000000000000e+04,-3.276800000000000000e+04
3.263346354166666826e-06,3.332519531250000165e-06,-5.399890625000000000e+03,2.654589843750000000e+03,1.000000000000000000e+00,-2.684682094848168443e+00,-1.975312500000000000e+06,-2.800300000000000000e+04,-3.276800000000000000e+04
3.267415364583333468e-06,3.336588541666666807e-06,-5.547472656250000000e+03,2.377386718750000000e+03,1.000000000000000000e+00,-2.736717599387226585e+00,-2.035312500000000000e+06,-2.854500000000000000e+04,-3.276800000000000000e+04
3.271484375000000110e-06,3.340657552083333449e-06,-5.650550781250000000e+03,2.100074218750000000e+03,1.000000000000000000e+00,-2.785757047699945588e+00,-1.918125000000000000e+06,-2.905700000000000000e+04,-3.276800000000000000e+04
3.275553385416666752e-06,3.344726562500000091e-06,-5.747910156250000000e+03,1.802574218750000000e+03,1.000000000000000000e+00,-2.837696678439761033e+00,-2.031562500000000000e+06,-2.959900000000000000e+04,-3.276800000000000000e+04
3.279622395833333395e-06,3.348795572916666733e-06,-5.849097656250000000e+03,1.508621093750000000e+03,1.000000000000000000e+00,-2.889180908633172784e+00,-2.013750000000000000e+06,-3.013600000000000000e+04,-3.276800000000000000e+04
3.283691406250000037e-06,3.352864583333333375e-06,-5.915539062500000000e+03,1.210667968750000000e+03,1.000000000000000000e+00,-2.939730369283966915e+00,-1.977187500000000000e+06,-3.066300000000000000e+04,-3.276800000000000000e+04
3.287760416666666679e-06,3.356933593750000017e-06,-5.959015625000000000e+03,9.027695312500000000e+02,1.000000000000000000e+00,-2.991238567927189784e+00,-2.014687500000000000e+06,-3.120000000000000000e+04,-3.276800000000000000e+04
3.291829427083333321e-06,3.361002604166666659e-06,-6.004785156250000000e+03,5.941953125000000000e+02,1.000000000000000000e+00,-3.042962482618708719e+00,-2.023125000000000000e+06,-3.174000000000000000e+04,-3.276800000000000000e+04
3.295898437499999963e-06,3.365071614583333301e-06,-6.020878906250000000e+03,2.827929687500000000e+02,1.000000000000000000e+00,-3.094662428860416981e+00,-2.022187500000000000e+06,-3.227900000000000000e+04,-3.276800000000000000e+04
3.299967447916666605e-06,3.369140624999999943e-06,-6.024816406250000000e+03,-1.973437500000000000e+01,1.000000000000000000e+00,3.138332944415536119e+00,-1.963125000000000000e+06,3.273400000000000000e+04,-7.700000000000000000e+02
3.304036458333333247e-06,3.373209635416666585e-06,-6.013058593750000000e+03,-3.308281250000000000e+02,1.000000000000000000e+00,3.086632998173827858e+00,-2.022187500000000000e+06,3.219400000000000000e+04,-2.318000000000000000e+03
3.308105468749999889e-06,3.377278645833333227e-06,-6.002191406250000000e+03,-6.284375000000000000e+02,1.000000000000000000e+00,3.037281960013569648e+00,-1.930312500000000000e+06,3.168000000000000000e+04,-1.264000000000000000e+03
3.312174479166666531e-06,3.381347656249999869e-06,-5.951914062500000000e+03,-9.356835937500000000e+02,1.000000000000000000e+00,2.985653919121293409e+00,-2.019375000000000000e+06,3.114100000000000000e+04,-3.323000000000000000e+03
3.316243489583333173e-06,3.385416666666666511e-06,-5.894769531250000000e+03,-1.243457031250000000e+03,1.000000000000000000e+00,2.933690319931667290e+00,-2.032500000000000000e+06,3.059900000000000000e+04,-4.089000000000000000e+03
3.320312499999999815e-06,3.389485677083333153e-06,-5.832023437500000000e+03,-1.547066406250000000e+03,1.000000000000000000e+00,2.882277995087687561e+00,-2.010937500000000000e+06,3.006300000000000000e+04,-4.257000000000000000e+03
3.324381510416666457e-06,3.393554687499999795e-06,-5.744882812500000000e+03,-1.831148437500000000e+03,1.000000000000000000e+00,2.833022830726672048e+00,-1.926562500000000000e+06,2.954900000000000000e+04,-3.331000000000000000e+03
3.328450520833333523e-06,3.397623697916666861e-06,-5.637230468750000000e+03,-2.133183593750000000e+03,1.000000000000000000e+00,2.779836840596699776e+00,-2.080312500000000000e+06,2.899400000000000000e+04,-6.510000000000000000e+03
3.332519531250000165e-06,3.401692708333333503e-06,-5.524550781250000000e+03,-2.418753906250000000e+03,1.000000000000000000e+00,2.728903884748934416e+00,-1.992187500000000000e+06,2.846300000000000000e+04,-5.537000000000000000e+03
3.336588541666666807e-06,3.405761718750000145e-06,-5.390609375000000000e+03,-2.689667968750000000e+03,1.000000000000000000e+00,2.678785856194732862e+00,-1.960312500000000000e+06,2.794000000000000000e+04,-5.516000000000000000e+03
3.340657552083333449e-06,3.409830729166666787e-06,-5.239750000000000000e+03,-2.969371093750000000e+03,1.000000000000000000e+00,2.626007329711542493e+00,-2.064375000000000000e+06,2.739000000000000000e+04,-7.842000000000000000e+03
3.344726562500000091e-06,3.413899739583333429e-06,-5.085476562500000000e+03,-3.244570312500000000e+03,1.000000000000000000e+00,2.573708172224566493e+00,-2.045625000000000000e+06,2.684400000000000000e+04,-8.068000000000000000e+03
3.348795572916666733e-06,3.417968750000000071e-06,-4.914460937500000000e+03,-3.489878906250000000e+03,1.000000000000000000e+00,2.524117449566201099e+00,-1.939687500000000000e+06,2.632700000000000000e+04,-6.777000000000000000e+03
3.352864583333333375e-06,3.422037760416666713e-06,-4.726808593750000000e+03,-3.735964843750000000e+03,1.000000000000000000e+00,2.472729093172032044e+00,-2.010000000000000000e+06,2.579100000000000000e+04,-8.513000000000000000e+03
3.356933593750000017e-06,3.426106770833333355e-06,-4.529328125000000000e+03,-3.983085937500000000e+03,1.000000000000000000e+00,2.420286124986192000e+00,-2.051250000000000000e+06,2.524400000000000000e+04,-9.764000000000000000e+03
3.361002604166666659e-06,3.430175781249999997e-06,-4.327464843750000000e+03,-4.205675781250000000e+03,1.000000000000000000e+00,2.370455717829718978e+00,-1.949062500000000000e+06,2.472400000000000000e+04,-8.540000000000000000e+03
3.365071614583333301e-06,3.434244791666666639e-06,-4.106234375000000000e+03,-4.405359375000000000e+03,1.000000000000000000e+00,2.321056742769839421e+00,-1.932187500000000000e+06,2.420900000000000000e+04,-8.767000000000000000e+03
3.369140624999999943e-06,3.438313802083333281e-06,-3.870867187500000000e+03,-4.624886718750000000e+03,1.000000000000000000e+00,2.267679005041381313e+00,-2.087812500000000000e+06,2.365200000000000000e+04,-1.198000000000000000e+04
3.373209635416666585e-06,3.442382812499999923e-06,-3.637457031250000000e+03,-4.814269531250000000e+03,1.000000000000000000e+00,2.217848597884908735e+00,-1.949062500000000000e+06,2.313300000000000000e+04,-1.013100000000000000e+04
3.377278645833333227e-06,3.446451822916666565e-06,-3.380804687500000000e+03,-4.978554687500000000e+03,1.000000000000000000e+00,2.167347074133735951e+00,-1.975312500000000000e+06,2.260600000000000000e+04,-1.110600000000000000e+04
3.381347656249999869e-06,3.450520833333333208e-06,-3.115101562500000000e+03,-5.158855468750000000e+03,1.000000000000000000e+00,2.114041241754709866e+00,-2.085000000000000000e+06,2.205000000000000000e+04,-1.353400000000000000e+04
3.385416666666666511e-06,3.454589843749999850e-06,-2.855500000000000000e+03,-5.311503906250000000e+03,1.000000000000000000e+00,2.064067023899373243e+00,-1.954687500000000000e+06,2.152900000000000000e+04,-1.183100000000000000e+04
3.389485677083333153e-06,3.458658854166666492e-06,-2.583597656250000000e+03,-5.442621093750000000e+03,1.000000000000000000e+00,2.013996932244793481e+00,-1.958437500000000000e+06,2.100600000000000000e+04,-1.241800000000000000e+04
3.393554687499999795e-06,3.462727864583333134e-06,-2.293781250000000000e+03,-5.574968750000000000e+03,1.000000000000000000e+00,1.961122531962360194e+00,-2.068125000000000000e+06,2.045500000000000000e+04,-1.484100000000000000e+04
3.397623697916666861e-06,3.466796875000000199e-06,-2.011234375000000000e+03,-5.693792968750000000e+03,1.000000000000000000e+00,1.910357355263269552e+00,-1.985625000000000000e+06,1.992500000000000000e+04,-1.396300000000000000e+04
3.401692708333333503e-06,3.470865885416666841e-06,-1.719906250000000000e+03,-5.780812500000000000e+03,1.000000000000000000e+00,1.859975673761150583e+00,-1.970625000000000000e+06,1.940000000000000000e+04,-1.423200000000000000e+04
3.405761718750000145e-06,3.474934895833333483e-06,-1.404941406250000000e+03,-5.860207031250000000e+03,1.000000000000000000e+00,1.806094598586667432e+00,-2.107500000000000000e+06,1.883800000000000000e+04,-1.713000000000000000e+04
3.409830729166666787e-06,3.479003906250000125e-06,-1.110679687500000000e+03,-5.926449218750000000e+03,1.000000000000000000e+00,1.756048475381898344e+00,-1.957500000000000000e+06,1.831600000000000000e+04,-1.509200000000000000e+04
3.413899739583333429e-06,3.483072916666666767e-06,-8.126718750000000000e+02,-5.969992187500000000e+03,1.000000000000000000e+00,1.706098225976372174e+00,-1.953750000000000000e+06,1.779500000000000000e+04,-1.554900000000000000e+04
3.417968750000000071e-06,3.487141927083333409e-06,-5.042304687500000000e+02,-6.001597656250000000e+03,1.000000000000000000e+00,1.654613995782960423e+00,-2.013750000000000000e+06,1.725800000000000000e+04,-1.711000000000000000e+04
3.422037760416666713e-06,3.491210937500000051e-06,-1.928398437500000000e+02,-6.028890625000000000e+03,1.000000000000000000e+00,1.602770238842387895e+00,-2.027812500000000000e+06,1.671700000000000000e+04,-1.789100000000000000e+04
3.426106770833333355e-06,3.495279947916666694e-06,1.015273437500000000e+02,-6.038929687500000000e+03,1.000000000000000000e+00,1.553994443477586751e+00,-1.907812500000000000e+06,1.620800000000000000e+04,-1.635200000000000000e+04
3.430175781249999997e-06,3.499348958333333336e-06,4.214335937500000000e+02,-6.010878906250000000e+03,1.000000000000000000e+00,1.500808453347614257e+00,-2.080312500000000000e+06,1.565400000000000000e+04,-1.985000000000000000e+04
3.434244791666666639e-06,3.503417968749999978e-06,7.398515625000000000e+02,-5.989781250000000000e+03,1.000000000000000000e+00,1.447886116165559622e+00,-2.070000000000000000e+06,1.510200000000000000e+04,-2.022600000000000000e+04
3.438313802083333281e-06,3.507486979166666620e-06,1.026359375000000000e+03,-5.947300781250000000e+03,1.000000000000000000e+00,1.399901279644511831e+00,-1.876875000000000000e+06,1.460100000000000000e+04,-1.743100000000000000e+04
3.442382812499999923e-06,3.511555989583333262e-06,1.328894531250000000e+03,-5.877007812500000000e+03,1.000000000000000000e+00,1.348417049451100080e+00,-2.013750000000000000e+06,1.406400000000000000e+04,-2.030400000000000000e+04
3.446451822916666565e-06,3.515624999999999904e-06,1.633210937500000000e+03,-5.804449218750000000e+03,1.000000000000000000e+00,1.296501387161095309e+00,-2.030625000000000000e+06,1.352300000000000000e+04,-2.113300000000000000e+04
3.450520833333333208e-06,3.519694010416666546e-06,1.919503906250000000e+03,-5.715332031250000000e+03,1.000000000000000000e+00,1.246766853803865649e+00,-1.945312500000000000e+06,1.300400000000000000e+04,-2.019600000000000000e+04
3.454589843749999850e-06,3.523763020833333188e-06,2.211371093750000000e+03,-5.603582031250000000e+03,1.000000000000000000e+00,1.194923096863293122e+00,-2.027812500000000000e+06,1.246300000000000000e+04,-2.214500000000000000e+04
3.458658854166666492e-06,3.527832031249999830e-06,2.504558593750000000e+03,-5.480742187500000000e+03,1.000000000000000000e+00,1.142144570380102753e+00,-2.064375000000000000e+06,1.191300000000000000e+04,-2.331900000000000000e+04
3.462727864583333134e-06,3.531901041666666472e-06,2.774937500000000000e+03,-5.357671875000000000e+03,1.000000000000000000e+00,1.092913374468897914e+00,-1.925625000000000000e+06,1.139900000000000000e+04,-2.146500000000000000e+04
3.466796875000000199e-06,3.535970052083333538e-06,3.032843750000000000e+03,-5.198941406250000000e+03,1.000000000000000000e+00,1.042699472115453885e+00,-1.964062500000000000e+06,1.087500000000000000e+04,-2.264500000000000000e+04
3.470865885416666841e-06,3.540039062500000180e-06,3.309875000000000000e+03,-5.043062500000000000e+03,1.000000000000000000e+00,9.899928509816956490e-01,-2.061562500000000000e+06,1.032600000000000000e+04,-2.485800000000000000e+04
3.474934895833333483e-06,3.544108072916666822e-06,3.568902343750000000e+03,-4.862128906250000000e+03,1.000000000000000000e+00,9.375978196954767308e-01,-2.049375000000000000e+06,9.779000000000000000e+03,-2.519700000000000000e+04
3.479003906250000125e-06,3.548177083333333464e-06,3.798242187500000000e+03,-4.677816406250000000e+03,1.000000000000000000e+00,8.887980558808648013e-01,-1.908750000000000000e+06,9.270000000000000000e+03,-2.330600000000000000e+04
3.483072916666666767e-06,3.552246093750000106e-06,4.037613281250000000e+03,-4.476144531250000000e+03,1.000000000000000000e+00,8.368584251410493557e-01,-2.031562500000000000e+06,8.728000000000000000e+03,-2.594400000000000000e+04
3.487141927083333409e-06,3.556315104166666748e-06,4.260710937500000000e+03,-4.265679687500000000e+03,1.000000000000000000e+00,7.859973746427161290e-01,-1.989375000000000000e+06,8.198000000000000000e+03,-2.575400000000000000e+04
3.491210937500000051e-06,3.560384114583333390e-06,4.467644531250000000e+03,-4.050996093750000000e+03,1.000000000000000000e+00,7.365264942334042164e-01,-1.935000000000000000e+06,7.682000000000000000e+03,-2.534200000000000000e+04
3.495279947916666694e-06,3.564453125000000032e-06,4.672933593750000000e+03,-3.804488281250000000e+03,1.000000000000000000e+00,6.833165356536210489e-01,-2.081250000000000000e+06,7.127000000000000000e+03,-2.839300000000000000e+04
3.499348958333333336e-06,3.568522135416666674e-06,4.867148437500000000e+03,-3.560687500000000000e+03,1.000000000000000000e+00,6.316165894119127877e-01,-2.022187500000000000e+06,6.588000000000000000e+03,-2.792400000000000000e+04
3.503417968749999978e-06,3.572591145833333316e-06,5.032843750000000000e+03,-3.317601562500000000e+03,1.000000000000000000e+00,5.827928571474900732e-01,-1.909687500000000000e+06,6.078000000000000000e+03,-2.651400000000000000e+04
3.507486979166666620e-06,3.576660156249999958e-06,5.195296875000000000e+03,-3.049242187500000000e+03,1.000000000000000000e+00,5.307573526084318205e-01,-2.035312500000000000e+06,5.536000000000000000e+03,-2.920000000000000000e+04
3.511555989583333262e-06,3.580729166666666600e-06,5.351027343750000000e+03,-2.774199218750000000e+03,1.000000000000000000e+00,4.782904159727807691e-01,-2.052187500000000000e+06,4.988000000000000000e+03,-3.003600000000000000e+04
3.515624999999999904e-06,3.584798177083333242e-06,5.475359375000000000e+03,-2.509750000000000000e+03,1.000000000000000000e+00,4.297782735558973721e-01,-1.897500000000000000e+06,4.482000000000000000e+03,-2.790200000000000000e+04
3.519694010416666546e-06,3.588867187499999884e-06,5.605406250000000000e+03,-2.221414062500000000e+03,1.000000000000000000e+00,3.773113369202463208e-01,-2.052187500000000000e+06,3.935000000000000000e+03,-3.108900000000000000e+04
3.523763020833333188e-06,3.592936197916666526e-06,5.717218750000000000e+03,-1.939902343750000000e+03,1.000000000000000000e+00,3.271214030166129660e-01,-1.963125000000000000e+06,3.412000000000000000e+03,-3.009200000000000000e+04
3.527832031249999830e-06,3.597005208333333168e-06,5.812046875000000000e+03,-1.645160156250000000e+03,1.000000000000000000e+00,2.758528888714975591e-01,-2.005312500000000000e+06,2.877000000000000000e+03,-3.134700000000000000e+04
3.531901041666666472e-06,3.601074218749999810e-06,5.866511718750000000e+03,-1.333707031250000000e+03,1.000000000000000000e+00,2.235297629347107740e-01,-2.046562500000000000e+06,2.331000000000000000e+03,-3.259700000000000000e+04
3.535970052083333538e-06,3.605143229166666876e-06,5.938175781250000000e+03,-1.029789062500000000e+03,1.000000000000000000e+00,1.717099744439489484e-01,-2.026875000000000000e+06,1.791000000000000000e+03,-3.276800000000000000e+04
3.540039062500000180e-06,3.609212239583333518e-06,5.995074218750000000e+03,-7.391445312500000000e+02,1.000000000000000000e+00,1.226705261312298623e-01,-1.918125000000000000e+06,1.279000000000000000e+03,-3.145700000000000000e+04
3.544108072916666822e-06,3.613281250000000160e-06,6.014132812500000000e+03,-4.352500000000000000e+02,1.000000000000000000e+00,7.224090772948942030e-02,-1.972500000000000000e+06,7.530000000000000000e+02,-3.276800000000000000e+04
3.548177083333333464e-06,3.617350260416666802e-06,6.027097656250000000e+03,-1.273281250000000000e+02,1.000000000000000000e+00,2.111620428323827958e-02,-1.999687500000000000e+06,2.200000000000000000e+02,-3.276800000000000000e+04
3.552246093750000106e-06,3.621419270833333444e-06,6.040644531250000000e+03,1.836562500000000000e+02,1.000000000000000000e+00,-3.039199435998426665e-02,-2.014687500000000000e+06,-3.170000000000000000e+02,-3.276800000000000000e+04
3.556315104166666748e-06,3.625488281250000086e-06,6.008019531250000000e+03,4.826250000000000000e+02,1.000000000000000000e+00,-8.017446461683545855e-02,-1.947187500000000000e+06,-8.370000000000000000e+02,-3.276800000000000000e+04
3.560384114583333390e-06,3.629557291666666728e-06,5.975652343750000000e+03,8.121484375000000000e+02,1.000000000000000000e+00,-1.350861831331792717e-01,-2.147812500000000000e+06,-1.409000000000000000e+03,-3.276800000000000000e+04
3.564453125000000032e-06,3.633626302083333370e-06,5.929636718750000000e+03,1.100042968750000000e+03,1.000000000000000000e+00,-1.834305464013876730e-01,-1.890937500000000000e+06,-1.914000000000000000e+03,-3.276800000000000000e+04
3.568522135416666674e-06,3.637695312500000012e-06,5.868621093750000000e+03,1.400968750000000000e+03,1.000000000000000000e+00,-2.343395337993424143e-01,-1.991250000000000000e+06,-2.445000000000000000e+03,-3.276800000000000000e+04
3.572591145833333316e-06,3.641764322916666654e-06,5.779160156250000000e+03,1.706875000000000000e+03,1.000000000000000000e+00,-2.871899656319648608e-01,-2.067187500000000000e+06,-2.996000000000000000e+03,-3.276800000000000000e+04
3.576660156249999958e-06,3.645833333333333296e-06,5.695281250000000000e+03,2.002976562500000000e+03,1.000000000000000000e+00,-3.381708583793517353e-01,-1.994062500000000000e+06,-3.528000000000000000e+03,-3.276800000000000000e+04
3.580729166666666600e-06,3.649902343749999938e-06,5.588074218750000000e+03,2.284343750000000000e+03,1.000000000000000000e+00,-3.880492024354457725e-01,-1.950937500000000000e+06,-4.048000000000000000e+03,-3.276800000000000000e+04
3.584798177083333242e-06,3.653971354166666580e-06,5.439906250000000000e+03,2.577402343750000000e+03,1.000000000000000000e+00,-4.424575835057646400e-01,-2.128125000000000000e+06,-4.615000000000000000e+03,-3.276800000000000000e+04
3.588867187499999884e-06,3.658040364583333222e-06,5.318992187500000000e+03,2.848714843750000000e+03,1.000000000000000000e+00,-4.917127478667801532e-01,-1.926562500000000000e+06,-5.129000000000000000e+03,-3.276800000000000000e+04
3.592936197916666526e-06,3.662109374999999864e-06,5.163734375000000000e+03,3.110609375000000000e+03,1.000000000000000000e+00,-5.421663347183313109e-01,-1.973437500000000000e+06,-5.655000000000000000e+03,-3.276800000000000000e+04
3.597005208333333168e-06,3.666178385416666507e-06,4.991496093750000000e+03,3.372839843750000000e+03,1.000000000000000000e+00,-5.942497761570109116e-01,-2.037187500000000000e+06,-6.199000000000000000e+03,-3.276800000000000000e+04
3.601074218749999810e-06,3.670247395833333149e-06,4.823128906250000000e+03,3.629906250000000000e+03,1.000000000000000000e+00,-6.451587635549657085e-01,-1.991250000000000000e+06,-6.730000000000000000e+03,-3.276800000000000000e+04
3.605143229166666876e-06,3.674316406250000214e-06,4.631601562500000000e+03,3.866656250000000000e+03,1.000000000000000000e+00,-6.956363188563275957e-01,-1.974375000000000000e+06,-7.256000000000000000e+03,-3.276800000000000000e+04
3.609212239583333518e-06,3.678385416666666856e-06,4.424984375000000000e+03,4.094757812500000000e+03,1.000000000000000000e+00,-7.466411800535250887e-01,-1.995000000000000000e+06,-7.788000000000000000e+03,-3.276800000000000000e+04
3.613281250000000160e-06,3.682454427083333498e-06,4.202742187500000000e+03,4.322292968750000000e+03,1.000000000000000000e+00,-7.994197065367154575e-01,-2.064375000000000000e+06,-8.339000000000000000e+03,-3.276800000000000000e+04
3.617350260416666802e-06,3.686523437500000140e-06,3.987003906250000000e+03,4.526601562500000000e+03,1.000000000000000000e+00,-8.486988393475416448e-01,-1.927500000000000000e+06,-8.853000000000000000e+03,-3.276800000000000000e+04
3.621419270833333444e-06,3.690592447916666782e-06,3.742542968750000000e+03,4.722597656250000000e+03,1.000000000000000000e+00,-9.006624385371677644e-01,-2.032500000000000000e+06,-9.395000000000000000e+03,-3.276800000000000000e+04
3.625488281250000086e-06,3.694661458333333424e-06,3.491445312500000000e+03,4.914113281250000000e+03,1.000000000000000000e+00,-9.530814382731974677e-01,-2.050312500000000000e+06,-9.941000000000000000e+03,-3.276800000000000000e+04
3.629557291666666728e-06,3.698730468750000066e-06,3.240589843750000000e+03,5.089769531250000000e+03,1.000000000000000000e+00,-1.003822646522477102e+00,-1.984687500000000000e+06,-1.047100000000000000e+04,-3.276800000000000000e+04
3.633626302083333370e-06,3.702799479166666708e-06,2.976476562500000000e+03,5.240621093750000000e+03,1.000000000000000000e+00,-1.054276233374028315e+00,-1.973437500000000000e+06,-1.099700000000000000e+04,-3.276800000000000000e+04
3.637695312500000012e-06,3.706868489583333350e-06,2.700316406250000000e+03,5.388468750000000000e+03,1.000000000000000000e+00,-1.106263801013465109e+00,-2.033437500000000000e+06,-1.153900000000000000e+04,-3.276800000000000000e+04
3.641764322916666654e-06,3.710937499999999993e-06,2.427628906250000000e+03,5.521714843750000000e+03,1.000000000000000000e+00,-1.156597545615962730e+00,-1.968750000000000000e+06,-1.206400000000000000e+04,-3.276800000000000000e+04
3.645833333333333296e-06,3.715006510416666635e-06,2.140871093750000000e+03,5.631867187500000000e+03,1.000000000000000000e+00,-1.207530501463728090e+00,-1.992187500000000000e+06,-1.259500000000000000e+04,-3.276800000000000000e+04
3.649902343749999938e-06,3.719075520833333277e-06,1.840183593750000000e+03,5.739058593750000000e+03,1.000000000000000000e+00,-1.260524743995214969e+00,-2.072812500000000000e+06,-1.314800000000000000e+04,-3.276800000000000000e+04
3.653971354166666580e-06,3.723144531249999919e-06,1.554757812500000000e+03,5.829109375000000000e+03,1.000000000000000000e+00,-1.310139435103391037e+00,-1.940625000000000000e+06,-1.366600000000000000e+04,-3.276800000000000000e+04
3.658040364583333222e-06,3.727213541666666561e-06,1.252519531250000000e+03,5.894144531250000000e+03,1.000000000000000000e+00,-1.361407949248506499e+00,-2.005312500000000000e+06,-1.420000000000000000e+04,-3.276800000000000000e+04
3.662109374999999864e-06,3.731282552083333203e-06,9.451015625000000000e+02,5.961734375000000000e+03,1.000000000000000000e+00,-1.413587264486429129e+00,-2.040937500000000000e+06,-1.474500000000000000e+04,-3.276800000000000000e+04
3.666178385416666507e-06,3.735351562499999845e-06,6.390429687500000000e+02,5.999769531250000000e+03,1.000000000000000000e+00,-1.464687999482869429e+00,-1.998750000000000000e+06,-1.527800000000000000e+04,-3.276800000000000000e+04
3.670247395833333149e-06,3.739420572916666487e-06,3.328554687500000000e+02,6.017972656250000000e+03,1.000000000000000000e+00,-1.515549049981202767e+00,-1.989375000000000000e+06,-1.580800000000000000e+04,-3.276800000000000000e+04
3.674316406249999791e-06,3.743489583333333129e-06,2.111328125000000000e+01,6.019160156250000000e+03,1.000000000000000000e+00,-1.567272964672721702e+00,-2.023125000000000000e+06,-1.634800000000000000e+04,-3.276800000000000000e+04
3.678385416666666856e-06,3.747558593750000194e-06,-2.916445312500000000e+02,6.031300781250000000e+03,1.000000000000000000e+00,-1.619116721613294230e+00,-2.027812500000000000e+06,-1.688800000000000000e+04,-3.276800000000000000e+04
3.682454427083333498e-06,3.751627604166666837e-06,-5.846796875000000000e+02,6.002992187500000000e+03,1.000000000000000000e+00,-1.667892516978095596e+00,-1.907812500000000000e+06,-1.739700000000000000e+04,-3.276800000000000000e+04
3.686523437500000140e-06,3.755696614583333479e-06,-8.961757812500000000e+02,5.960089843750000000e+03,1.000000000000000000e+00,-1.720047863766207330e+00,-2.040000000000000000e+06,-1.794100000000000000e+04,-3.276800000000000000e+04
3.690592447916666782e-06,3.759765625000000121e-06,-1.207894531250000000e+03,5.909660156250000000e+03,1.000000000000000000e+00,-1.772418926602615574e+00,-2.048437500000000000e+06,-1.848700000000000000e+04,-3.276800000000000000e+04
3.694661458333333424e-06,3.763834635416666763e-06,-1.497710937500000000e+03,5.851660156250000000e+03,1.000000000000000000e+00,-1.821362501116091659e+00,-1.914375000000000000e+06,-1.899800000000000000e+04,-3.276800000000000000e+04
3.698730468750000066e-06,3.767903645833333405e-06,-1.791742187500000000e+03,5.756285156250000000e+03,1.000000000000000000e+00,-1.872559109911775099e+00,-2.002500000000000000e+06,-1.953200000000000000e+04,-3.276800000000000000e+04
3.702799479166666708e-06,3.771972656250000047e-06,-2.091746093750000000e+03,5.666320312500000000e+03,1.000000000000000000e+00,-1.924426835302158301e+00,-2.028750000000000000e+06,-2.007300000000000000e+04,-3.276800000000000000e+04
3.706868489583333350e-06,3.776041666666666689e-06,-2.377996093750000000e+03,5.554402343750000000e+03,1.000000000000000000e+00,-1.975311854250302313e+00,-1.990312500000000000e+06,-2.060400000000000000e+04,-3.276800000000000000e+04
3.710937499999999993e-06,3.780110677083333331e-06,-2.642070312500000000e+03,5.409671875000000000e+03,1.000000000000000000e+00,-2.025118292956963995e+00,-1.948125000000000000e+06,-2.112300000000000000e+04,-3.276800000000000000e+04
3.715006510416666635e-06,3.784179687499999973e-06,-2.932089843750000000e+03,5.267937500000000000e+03,1.000000000000000000e+00,-2.078687778283907939e+00,-2.095312500000000000e+06,-2.168200000000000000e+04,-3.276800000000000000e+04
3.719075520833333277e-06,3.788248697916666615e-06,-3.197718750000000000e+03,5.117781250000000000e+03,1.000000000000000000e+00,-2.129261207384512744e+00,-1.978125000000000000e+06,-2.220900000000000000e+04,-3.276800000000000000e+04
3.723144531249999919e-06,3.792317708333333257e-06,-3.449992187500000000e+03,4.941890625000000000e+03,1.000000000000000000e+00,-2.180242100131899452e+00,-1.994062500000000000e+06,-2.274100000000000000e+04,-3.276800000000000000e+04
3.727213541666666561e-06,3.796386718749999899e-06,-3.704898437500000000e+03,4.754980468750000000e+03,1.000000000000000000e+00,-2.232709036767550614e+00,-2.052187500000000000e+06,-2.328800000000000000e+04,-3.276800000000000000e+04
3.731282552083333203e-06,3.800455729166666541e-06,-3.947414062500000000e+03,4.571183593750000000e+03,1.000000000000000000e+00,-2.283114686719480257e+00,-1.971562500000000000e+06,-2.381400000000000000e+04,-3.276800000000000000e+04
3.735351562499999845e-06,3.804524739583333183e-06,-4.165035156250000000e+03,4.363863281250000000e+03,1.000000000000000000e+00,-2.332897156976331487e+00,-1.947187500000000000e+06,-2.433300000000000000e+04,-3.276800000000000000e+04
3.739420572916666487e-06,3.808593749999999825e-06,-4.383410156250000000e+03,4.129691406250000000e+03,1.000000000000000000e+00,-2.385987273307061063e+00,-2.076562500000000000e+06,-2.488700000000000000e+04,-3.276800000000000000e+04
3.743489583333333129e-06,3.812662760416666467e-06,-4.589777343750000000e+03,3.903714843750000000e+03,1.000000000000000000e+00,-2.436800386905773053e+00,-1.987500000000000000e+06,-2.541700000000000000e+04,-3.276800000000000000e+04
3.747558593750000194e-06,3.816731770833333109e-06,-4.784800781250000000e+03,3.679199218750000000e+03,1.000000000000000000e+00,-2.486079519716599240e+00,-1.927500000000000000e+06,-2.593100000000000000e+04,-3.276800000000000000e+04
3.751627604166666837e-06,3.820800781250000175e-06,-4.963382812500000000e+03,3.409238281250000000e+03,1.000000000000000000e+00,-2.539744878842785880e+00,-2.099062500000000000e+06,-2.649100000000000000e+04,-3.276800000000000000e+04
3.755696614583333479e-06,3.824869791666667240e-06,-5.143667968750000000e+03,3.154515625000000000e+03,1.000000000000000000e+00,-2.591468793534305259e+00,-2.023125000000000000e+06,-2.703000000000000000e+04,-3.276800000000000000e+04
3.759765625000000121e-06,3.828938802083333459e-06,-5.284945312500000000e+03,2.903164062500000000e+03,1.000000000000000000e+00,-2.639261882456866992e+00,-1.869375000000000000e+06,-2.752900000000000000e+04,-3.276800000000000000e+04
3.763834635416666763e-06,3.833007812499999677e-06,-5.429746093750000000e+03,2.621511718750000000e+03,1.000000000000000000e+00,-2.691776755992139503e+00,-2.054062500000000000e+06,-2.807700000000000000e+04,-3.276800000000000000e+04
3.767903645833333405e-06,3.837076822916666743e-06,-5.559945312500000000e+03,2.340960937500000000e+03,1.000000000000000000e+00,-2.743093207036876535e+00,-2.007187500000000000e+06,-2.861200000000000000e+04,-3.276800000000000000e+04
3.771972656250000047e-06,3.841145833333333809e-06,-5.667093750000000000e+03,2.053507812500000000e+03,1.000000000000000000e+00,-2.793954257535209873e+00,-1.989375000000000000e+06,-2.914200000000000000e+04,-3.276800000000000000e+04
3.776041666666666689e-06,3.845214843750000027e-06,-5.763316406250000000e+03,1.754152343750000000e+03,1.000000000000000000e+00,-2.846133572773132059e+00,-2.040937500000000000e+06,-2.968700000000000000e+04,-3.276800000000000000e+04
3.780110677083333331e-06,3.849283854166666246e-06,-5.852285156250000000e+03,1.455722656250000000e+03,1.000000000000000000e+00,-2.897785582115218972e+00,-2.020312500000000000e+06,-3.022500000000000000e+04,-3.276800000000000000e+04
3.784179687499999973e-06,3.853352864583333311e-06,-5.922535156250000000e+03,1.165480468750000000e+03,1.000000000000000000e+00,-2.947280430974341670e+00,-1.935937500000000000e+06,-3.074200000000000000e+04,-3.276800000000000000e+04
3.788248697916666615e-06,3.857421875000000377e-06,-5.966750000000000000e+03,8.587187500000000000e+02,1.000000000000000000e+00,-2.998668787368510724e+00,-2.010000000000000000e+06,-3.127800000000000000e+04,-3.276800000000000000e+04
3.792317708333333257e-06,3.861490885416666595e-06,-6.004910156250000000e+03,5.505742187500000000e+02,1.000000000000000000e+00,-3.050176986011733149e+00,-2.014687500000000000e+06,-3.181500000000000000e+04,-3.276800000000000000e+04
3.796386718749999899e-06,3.865559895833332814e-06,-6.026773437500000000e+03,2.439531250000000000e+02,1.000000000000000000e+00,-3.101133910309309183e+00,-1.993125000000000000e+06,-3.234600000000000000e+04,-3.276800000000000000e+04
3.800455729166666541e-06,3.869628906249999879e-06,-6.024941406250000000e+03,-6.570703125000000000e+01,1.000000000000000000e+00,3.130687008925918668e+00,-2.009062500000000000e+06,3.265400000000000000e+04,-1.634000000000000000e+03
3.804524739583333183e-06,3.873697916666666945e-06,-6.017968750000000000e+03,-3.794765625000000000e+02,1.000000000000000000e+00,3.078627535937049853e+00,-2.036250000000000000e+06,3.211100000000000000e+04,-2.641000000000000000e+03
3.808593749999999825e-06,3.877766927083333163e-06,-5.998140625000000000e+03,-6.866054687500000000e+02,1.000000000000000000e+00,3.027622674739852027e+00,-1.995000000000000000e+06,3.157900000000000000e+04,-2.469000000000000000e+03
3.812662760416666467e-06,3.881835937499999382e-06,-5.950535156250000000e+03,-9.717460937500000000e+02,1.000000000000000000e+00,2.979733712018047154e+00,-1.873125000000000000e+06,3.107900000000000000e+04,-8.890000000000000000e+02
3.816731770833333109e-06,3.885904947916666448e-06,-5.892023437500000000e+03,-1.286117187500000000e+03,1.000000000000000000e+00,2.926691532586938926e+00,-2.074687500000000000e+06,3.052600000000000000e+04,-4.882000000000000000e+03
3.820800781250000175e-06,3.889973958333333513e-06,-5.820835937500000000e+03,-1.582722656250000000e+03,1.000000000000000000e+00,2.876118103486334121e+00,-1.978125000000000000e+06,2.999900000000000000e+04,-3.761000000000000000e+03
3.824869791666666393e-06,3.894042968749999732e-06,-5.732558593750000000e+03,-1.869757812500000000e+03,1.000000000000000000e+00,2.826311664779672217e+00,-1.948125000000000000e+06,2.947900000000000000e+04,-3.769000000000000000e+03
3.828938802083333459e-06,3.898111979166666797e-06,-5.624660156250000000e+03,-2.164910156250000000e+03,1.000000000000000000e+00,2.774180286441371379e+00,-2.039062500000000000e+06,2.893500000000000000e+04,-5.865000000000000000e+03
3.833007812499999677e-06,3.902180989583333016e-06,-5.508503906250000000e+03,-2.454902343750000000e+03,1.000000000000000000e+00,2.722360497950609748e+00,-2.026875000000000000e+06,2.839500000000000000e+04,-6.197000000000000000e+03
3.837076822916666743e-06,3.906250000000000081e-06,-5.385308593750000000e+03,-2.727687500000000000e+03,1.000000000000000000e+00,2.672769775292243910e+00,-1.939687500000000000e+06,2.787800000000000000e+04,-5.226000000000000000e+03
3.841145833333332962e-06,3.910319010416666300e-06,-5.226945312500000000e+03,-2.990054687500000000e+03,1.000000000000000000e+00,2.621980630143343038e+00,-1.986562500000000000e+06,2.734800000000000000e+04,-6.556000000000000000e+03
3.845214843750000027e-06,3.914388020833333365e-06,-5.067648437500000000e+03,-3.262906250000000000e+03,1.000000000000000000e+00,2.569537661957502550e+00,-2.051250000000000000e+06,2.680100000000000000e+04,-8.207000000000000000e+03
3.849283854166666246e-06,3.918457031249999584e-06,-4.902242187500000000e+03,-3.511757812500000000e+03,1.000000000000000000e+00,2.519970907748947830e+00,-1.938750000000000000e+06,2.628400000000000000e+04,-6.804000000000000000e+03
3.853352864583333311e-06,3.922526041666666650e-06,-4.699843750000000000e+03,-3.748312500000000000e+03,1.000000000000000000e+00,2.468366835306482265e+00,-2.018437500000000000e+06,2.574600000000000000e+04,-8.702000000000000000e+03
3.857421875000000377e-06,3.926595052083333715e-06,-4.506257812500000000e+03,-4.005582031250000000e+03,1.000000000000000000e+00,2.414941160678402809e+00,-2.089687500000000000e+06,2.518800000000000000e+04,-1.047600000000000000e+04
3.861490885416666595e-06,3.930664062499999934e-06,-4.303656250000000000e+03,-4.225554687500000000e+03,1.000000000000000000e+00,2.365350438020037416e+00,-1.939687500000000000e+06,2.467100000000000000e+04,-8.433000000000000000e+03
3.865559895833333661e-06,3.934733072916666999e-06,-4.078820312500000000e+03,-4.432839843750000000e+03,1.000000000000000000e+00,2.314633198220568122e+00,-1.983750000000000000e+06,2.414200000000000000e+04,-9.714000000000000000e+03
3.869628906249999879e-06,3.938802083333333218e-06,-3.845496093750000000e+03,-4.646039062500000000e+03,1.000000000000000000e+00,2.262190230034728078e+00,-2.051250000000000000e+06,2.359500000000000000e+04,-1.141300000000000000e+04
3.873697916666666945e-06,3.942871093750000283e-06,-3.613054687500000000e+03,-4.830710937500000000e+03,1.000000000000000000e+00,2.212983002573333913e+00,-1.924687500000000000e+06,2.308200000000000000e+04,-9.766000000000000000e+03
3.877766927083333163e-06,3.946940104166666502e-06,-3.354722656250000000e+03,-5.001843750000000000e+03,1.000000000000000000e+00,2.161570677729354184e+00,-2.010937500000000000e+06,2.254600000000000000e+04,-1.177400000000000000e+04
3.881835937500000229e-06,3.951009114583333567e-06,-3.088957031250000000e+03,-5.172242187500000000e+03,1.000000000000000000e+00,2.109175646443135044e+00,-2.049375000000000000e+06,2.199900000000000000e+04,-1.297700000000000000e+04
3.885904947916666448e-06,3.955078124999999786e-06,-2.828832031250000000e+03,-5.335785156250000000e+03,1.000000000000000000e+00,2.058290627494991032e+00,-1.990312500000000000e+06,2.146800000000000000e+04,-1.250000000000000000e+04
3.889973958333333513e-06,3.959147135416666851e-06,-2.553656250000000000e+03,-5.451355468750000000e+03,1.000000000000000000e+00,2.008891652435111475e+00,-1.932187500000000000e+06,2.095300000000000000e+04,-1.202300000000000000e+04
3.894042968749999732e-06,3.963216145833333070e-06,-2.264574218750000000e+03,-5.592542968750000000e+03,1.000000000000000000e+00,1.955537883156464041e+00,-2.086875000000000000e+06,2.039700000000000000e+04,-1.521900000000000000e+04
3.898111979166666797e-06,3.967285156250000136e-06,-1.969949218750000000e+03,-5.701613281250000000e+03,1.000000000000000000e+00,1.903478410167595003e+00,-2.036250000000000000e+06,1.985400000000000000e+04,-1.489800000000000000e+04
3.902180989583333016e-06,3.971354166666666354e-06,-1.687589843750000000e+03,-5.791160156250000000e+03,1.000000000000000000e+00,1.854343088055633082e+00,-1.921875000000000000e+06,1.934100000000000000e+04,-1.345900000000000000e+04
3.906250000000000081e-06,3.975423177083333420e-06,-1.380500000000000000e+03,-5.868992187500000000e+03,1.000000000000000000e+00,1.801804246070549897e+00,-2.055000000000000000e+06,1.879300000000000000e+04,-1.627900000000000000e+04
3.910319010416666300e-06,3.979492187499999638e-06,-1.082777343750000000e+03,-5.943007812500000000e+03,1.000000000000000000e+00,1.751015100921648582e+00,-1.986562500000000000e+06,1.826300000000000000e+04,-1.564100000000000000e+04
3.914388020833333365e-06,3.983561197916666704e-06,-7.958359375000000000e+02,-5.972308593750000000e+03,1.000000000000000000e+00,1.703269948898708197e+00,-1.867500000000000000e+06,1.776500000000000000e+04,-1.410700000000000000e+04
3.918457031249999584e-06,3.987630208333332922e-06,-4.735156250000000000e+02,-6.005914062500000000e+03,1.000000000000000000e+00,1.649484747523467743e+00,-2.103750000000000000e+06,1.720400000000000000e+04,-1.870000000000000000e+04
3.922526041666666650e-06,3.991699218749999988e-06,-1.570351562500000000e+02,-6.026429687500000000e+03,1.000000000000000000e+00,1.596850031739141640e+00,-2.058750000000000000e+06,1.665500000000000000e+04,-1.848100000000000000e+04
3.926595052083333715e-06,3.995768229166667053e-06,1.350312500000000000e+02,-6.027777343750000000e+03,1.000000000000000000e+00,1.548385826221879702e+00,-1.895625000000000000e+06,1.615000000000000000e+04,-1.620200000000000000e+04
3.930664062499999934e-06,3.999837239583333272e-06,4.553671875000000000e+02,-6.001375000000000000e+03,1.000000000000000000e+00,1.495056025393042942e+00,-2.085937500000000000e+06,1.559400000000000000e+04,-2.000600000000000000e+04
3.934733072916666999e-06,4.003906250000000337e-06,7.606484375000000000e+02,-5.977281250000000000e+03,1.000000000000000000e+00,1.444218943344520500e+00,-1.988437500000000000e+06,1.506300000000000000e+04,-1.887300000000000000e+04
3.938802083333333218e-06,4.007975260416666556e-06,1.059828125000000000e+03,-5.938785156250000000e+03,1.000000000000000000e+00,1.394196788589562086e+00,-1.956562500000000000e+06,1.454200000000000000e+04,-1.885000000000000000e+04
3.942871093750000283e-06,4.012044270833333622e-06,1.365054687500000000e+03,-5.867269531250000000e+03,1.000000000000000000e+00,1.342209220950125292e+00,-2.033437500000000000e+06,1.399900000000000000e+04,-2.070500000000000000e+04
3.946940104166666502e-06,4.016113281249999840e-06,1.672519531250000000e+03,-5.789507812500000000e+03,1.000000000000000000e+00,1.289574505165799190e+00,-2.058750000000000000e+06,1.345000000000000000e+04,-2.168600000000000000e+04
3.951009114583333567e-06,4.020182291666666906e-06,1.962964843750000000e+03,-5.704898437500000000e+03,1.000000000000000000e+00,1.239408539711976731e+00,-1.962187500000000000e+06,1.292700000000000000e+04,-2.056100000000000000e+04
3.955078124999999786e-06,4.024251302083333124e-06,2.246363281250000000e+03,-5.585218750000000000e+03,1.000000000000000000e+00,1.188403678514779127e+00,-1.995000000000000000e+06,1.239500000000000000e+04,-2.165300000000000000e+04
3.959147135416666851e-06,4.028320312500000190e-06,2.531417968750000000e+03,-5.458660156250000000e+03,1.000000000000000000e+00,1.136559921574206600e+00,-2.027812500000000000e+06,1.185400000000000000e+04,-2.275400000000000000e+04
3.963216145833333070e-06,4.032389322916666408e-06,2.811972656250000000e+03,-5.338980468750000000e+03,1.000000000000000000e+00,1.086010460923412468e+00,-1.977187500000000000e+06,1.132700000000000000e+04,-2.241700000000000000e+04
3.967285156250000136e-06,4.036458333333333474e-06,3.074925781250000000e+03,-5.181648437500000000e+03,1.000000000000000000e+00,1.035221315774511375e+00,-1.986562500000000000e+06,1.079700000000000000e+04,-2.310700000000000000e+04
3.971354166666666354e-06,4.040527343749999692e-06,3.334007812500000000e+03,-5.014671875000000000e+03,1.000000000000000000e+00,9.840486754286388305e-01,-2.001562500000000000e+06,1.026400000000000000e+04,-2.389600000000000000e+04
3.975423177083333420e-06,4.044596354166666758e-06,3.578753906250000000e+03,-4.849207031250000000e+03,1.000000000000000000e+00,9.350092271159197166e-01,-1.918125000000000000e+06,9.752000000000000000e+03,-2.298400000000000000e+04
3.979492187499999638e-06,4.048665364583332976e-06,3.828960937500000000e+03,-4.654886718750000000e+03,1.000000000000000000e+00,8.824464166810257471e-01,-2.055937500000000000e+06,9.204000000000000000e+03,-2.588400000000000000e+04
3.983561197916666704e-06,4.052734375000000042e-06,4.056343750000000000e+03,-4.445898437500000000e+03,1.000000000000000000e+00,8.311779025359103956e-01,-2.005312500000000000e+06,8.669000000000000000e+03,-2.555500000000000000e+04
3.987630208333332922e-06,4.056803385416666261e-06,4.301050781250000000e+03,-4.243609375000000000e+03,1.000000000000000000e+00,7.786869974504485592e-01,-2.053125000000000000e+06,8.122000000000000000e+03,-2.691800000000000000e+04
3.991699218749999988e-06,4.060872395833333326e-06,4.494097656250000000e+03,-4.019148437500000000e+03,1.000000000000000000e+00,7.296715175875402304e-01,-1.917187500000000000e+06,7.610000000000000000e+03,-2.511000000000000000e+04
3.995768229166667053e-06,4.064941406250000392e-06,4.691566406250000000e+03,-3.780753906250000000e+03,1.000000000000000000e+00,6.783071296431819608e-01,-2.009062500000000000e+06,7.075000000000000000e+03,-2.721300000000000000e+04
3.999837239583333272e-06,4.069010416666666610e-06,4.879945312500000000e+03,-3.538152343750000000e+03,1.000000000000000000e+00,6.273502053456058158e-01,-1.993125000000000000e+06,6.543000000000000000e+03,-2.747300000000000000e+04
4.003906250000000337e-06,4.073079427083333676e-06,5.057847656250000000e+03,-3.292093750000000000e+03,1.000000000000000000e+00,5.769924922932975209e-01,-1.969687500000000000e+06,6.018000000000000000e+03,-2.759800000000000000e+04
4.007975260416666556e-06,4.077148437499999894e-06,5.209847656250000000e+03,-3.008281250000000000e+03,1.000000000000000000e+00,5.236626914644607611e-01,-2.085937500000000000e+06,5.462000000000000000e+03,-3.013800000000000000e+04
4.012044270833333622e-06,4.081217447916666960e-06,5.371296875000000000e+03,-2.746628906250000000e+03,1.000000000000000000e+00,4.726817987170738866e-01,-1.994062500000000000e+06,4.930000000000000000e+03,-2.910200000000000000e+04
4.016113281249999840e-06,4.085286458333333178e-06,5.501457031250000000e+03,-2.476542968750000000e+03,1.000000000000000000e+00,4.229712338096548452e-01,-1.944375000000000000e+06,4.411000000000000000e+03,-2.877300000000000000e+04
4.020182291666666906e-06,4.089355468750000244e-06,5.621414062500000000e+03,-2.186214843750000000e+03,1.000000000000000000e+00,3.709117608207859185e-01,-2.036250000000000000e+06,3.868000000000000000e+03,-3.088400000000000000e+04
4.024251302083333124e-06,4.093424479166666462e-06,5.724843750000000000e+03,-1.893335937500000000e+03,1.000000000000000000e+00,3.194035621775633271e-01,-2.014687500000000000e+06,3.331000000000000000e+03,-3.105300000000000000e+04
4.028320312500000190e-06,4.097493489583333528e-06,5.828000000000000000e+03,-1.605960937500000000e+03,1.000000000000000000e+00,2.688780699765800364e-01,-1.976250000000000000e+06,2.804000000000000000e+03,-3.092400000000000000e+04
4.032389322916666408e-06,4.101562499999999747e-06,5.886160156250000000e+03,-1.300792968750000000e+03,1.000000000000000000e+00,2.174897135824110650e-01,-2.010000000000000000e+06,2.268000000000000000e+03,-3.203600000000000000e+04
4.036458333333333474e-06,4.105631510416666812e-06,5.946964843750000000e+03,-9.914843750000000000e+02,1.000000000000000000e+00,1.651905560954349816e-01,-2.045625000000000000e+06,1.723000000000000000e+03,-3.276800000000000000e+04
4.040527343749999692e-06,4.109700520833333031e-06,5.993156250000000000e+03,-6.913867187500000000e+02,1.000000000000000000e+00,1.148568114929373885e-01,-1.968750000000000000e+06,1.198000000000000000e+03,-3.240200000000000000e+04
4.044596354166666758e-06,4.113769531250000096e-06,6.006257812500000000e+03,-3.925742187500000000e+02,1.000000000000000000e+00,6.526608883457188370e-02,-1.939687500000000000e+06,6.800000000000000000e+02,-3.242400000000000000e+04
4.048665364583332976e-06,4.117838541666666315e-06,6.024394531250000000e+03,-8.799609375000000000e+01,1.000000000000000000e+00,1.459678593472430418e-02,-1.981875000000000000e+06,1.520000000000000000e+02,-3.276800000000000000e+04
4.052734375000000042e-06,4.121907552083333380e-06,6.024875000000000000e+03,2.227148437500000000e+02,1.000000000000000000e+00,-3.693538115830895252e-02,-2.015625000000000000e+06,-3.860000000000000000e+02,-3.276800000000000000e+04
4.056803385416666261e-06,4.125976562499999599e-06,5.995972656250000000e+03,5.296484375000000000e+02,1.000000000000000000e+00,-8.810802150418151069e-02,-2.001562500000000000e+06,-9.190000000000000000e+02,-3.276800000000000000e+04
4.060872395833333326e-06,4.130045572916666664e-06,5.962964843750000000e+03,8.414843750000000000e+02,1.000000000000000000e+00,-1.401914629428611669e-01,-2.037187500000000000e+06,-1.463000000000000000e+03,-3.276800000000000000e+04
4.064941406250000392e-06,4.134114583333333730e-06,5.927453125000000000e+03,1.137750000000000000e+03,1.000000000000000000e+00,-1.896383749023623777e-01,-1.934062500000000000e+06,-1.978000000000000000e+03,-3.276800000000000000e+04
4.069010416666666610e-06,4.138183593749999949e-06,5.852269531250000000e+03,1.437140625000000000e+03,1.000000000000000000e+00,-2.407870467984242480e-01,-2.000625000000000000e+06,-2.512000000000000000e+03,-3.276800000000000000e+04
4.073079427083333676e-06,4.142252604166667014e-06,5.761207031250000000e+03,1.738515625000000000e+03,1.000000000000000000e+00,-2.930622358355896018e-01,-2.044687500000000000e+06,-3.057000000000000000e+03,-3.276800000000000000e+04
4.077148437499999894e-06,4.146321614583333233e-06,5.671386718750000000e+03,2.045863281250000000e+03,1.000000000000000000e+00,-3.462002890659406362e-01,-2.078437500000000000e+06,-3.611000000000000000e+03,-3.276800000000000000e+04
4.081217447916666960e-06,4.150390625000000298e-06,5.562636718750000000e+03,2.316285156250000000e+03,1.000000000000000000e+00,-3.945686207839597670e-01,-1.891875000000000000e+06,-4.116000000000000000e+03,-3.276800000000000000e+04
4.085286458333333178e-06,4.154459635416666517e-06,5.431804687500000000e+03,2.607179687500000000e+03,1.000000000000000000e+00,-4.474909579660144021e-01,-2.070000000000000000e+06,-4.668000000000000000e+03,-3.276800000000000000e+04
4.089355468750000244e-06,4.158528645833333582e-06,5.297890625000000000e+03,2.885003906250000000e+03,1.000000000000000000e+00,-4.986635983118869464e-01,-2.001562500000000000e+06,-5.202000000000000000e+03,-3.276800000000000000e+04
4.093424479166666462e-06,4.162597656249999801e-06,5.148652343750000000e+03,3.142375000000000000e+03,1.000000000000000000e+00,-5.479906680223346482e-01,-1.929375000000000000e+06,-5.716000000000000000e+03,-3.276800000000000000e+04
4.097493489583333528e-06,4.166666666666666866e-06,4.969187500000000000e+03,3.396976562500000000e+03,1.000000000000000000e+00,-5.996426773644214503e-01,-2.020312500000000000e+06,-6.255000000000000000e+03,-3.276800000000000000e+04
4.101562499999999747e-06,4.170735677083333085e-06,4.789761718750000000e+03,3.657601562500000000e+03,1.000000000000000000e+00,-6.521575508996939607e-01,-2.054062500000000000e+06,-6.803000000000000000e+03,-3.276800000000000000e+04
4.105631510416666812e-06,4.174804687500000150e-06,4.610617187500000000e+03,3.895574218750000000e+03,1.000000000000000000e+00,-7.015325575097629551e-01,-1.931250000000000000e+06,-7.318000000000000000e+03,-3.276800000000000000e+04
4.109700520833333031e-06,4.178873697916666369e-06,4.394527343750000000e+03,4.121398437500000000e+03,1.000000000000000000e+00,-7.533283775507141344e-01,-2.025937500000000000e+06,-7.858000000000000000e+03,-3.276800000000000000e+04
4.113769531250000096e-06,4.182942708333333435e-06,4.172562500000000000e+03,4.345929687500000000e+03,1.000000000000000000e+00,-8.057473772867437267e-01,-2.050312500000000000e+06,-8.405000000000000000e+03,-3.276800000000000000e+04
4.117838541666666315e-06,4.187011718749999653e-06,3.952308593750000000e+03,4.557312500000000000e+03,1.000000000000000000e+00,-8.563687432869698801e-01,-1.980000000000000000e+06,-8.933000000000000000e+03,-3.276800000000000000e+04
4.121907552083333380e-06,4.191080729166666719e-06,3.713312500000000000e+03,4.744808593750000000e+03,1.000000000000000000e+00,-9.067504247890889602e-01,-1.970625000000000000e+06,-9.458000000000000000e+03,-3.276800000000000000e+04
4.125976562499999599e-06,4.195149739583332937e-06,3.457445312500000000e+03,4.939453125000000000e+03,1.000000000000000000e+00,-9.600802256179257199e-01,-2.085937500000000000e+06,-1.001400000000000000e+04,-3.276800000000000000e+04
4.130045572916666664e-06,4.199218750000000003e-06,3.214292968750000000e+03,5.115910156250000000e+03,1.000000000000000000e+00,-1.009814758975155380e+00,-1.945312500000000000e+06,-1.053300000000000000e+04,-3.276800000000000000e+04
4.134114583333333730e-06,4.203287760416667068e-06,2.950855468750000000e+03,5.260824218750000000e+03,1.000000000000000000e+00,-1.059621197681817284e+00,-1.948125000000000000e+06,-1.105300000000000000e+04,-3.276800000000000000e+04
4.138183593749999949e-06,4.207356770833333287e-06,2.655242187500000000e+03,5.397121093750000000e+03,1.000000000000000000e+00,-1.113598146655543353e+00,-2.111250000000000000e+06,-1.161600000000000000e+04,-3.276800000000000000e+04
4.142252604166667014e-06,4.211425781250000352e-06,2.391035156250000000e+03,5.546507812500000000e+03,1.000000000000000000e+00,-1.163764112109366033e+00,-1.962187500000000000e+06,-1.213900000000000000e+04,-3.276800000000000000e+04
4.146321614583333233e-06,4.215494791666666571e-06,2.107421875000000000e+03,5.650101562500000000e+03,1.000000000000000000e+00,-1.213786266864324226e+00,-1.956562500000000000e+06,-1.266100000000000000e+04,-3.276800000000000000e+04
4.150390625000000298e-06,4.219563802083333636e-06,1.810035156250000000e+03,5.747601562500000000e+03,1.000000000000000000e+00,-1.265701929154328997e+00,-2.030625000000000000e+06,-1.320200000000000000e+04,-3.276800000000000000e+04
4.154459635416666517e-06,4.223632812499999855e-06,1.510281250000000000e+03,5.836835937500000000e+03,1.000000000000000000e+00,-1.317593622994522873e+00,-2.029687500000000000e+06,-1.374300000000000000e+04,-3.276800000000000000e+04
4.158528645833333582e-06,4.227701822916666921e-06,1.223222656250000000e+03,5.902921875000000000e+03,1.000000000000000000e+00,-1.366465292158566935e+00,-1.911562500000000000e+06,-1.425300000000000000e+04,-3.276800000000000000e+04
4.162597656249999801e-06,4.231770833333333139e-06,9.075976562500000000e+02,5.952183593750000000e+03,1.000000000000000000e+00,-1.419483503139864489e+00,-2.073750000000000000e+06,-1.480600000000000000e+04,-3.276800000000000000e+04
4.166666666666666866e-06,4.235839843750000205e-06,6.094765625000000000e+02,6.000460937500000000e+03,1.000000000000000000e+00,-1.469577563244254925e+00,-1.959375000000000000e+06,-1.532900000000000000e+04,-3.276800000000000000e+04
4.170735677083333085e-06,4.239908854166666423e-06,3.086640625000000000e+02,6.026714843750000000e+03,1.000000000000000000e+00,-1.519623686449024014e+00,-1.957500000000000000e+06,-1.585100000000000000e+04,-3.276800000000000000e+04
4.174804687500000150e-06,4.243977864583333489e-06,-8.152343750000000000e+00,6.019535156250000000e+03,1.000000000000000000e+00,-1.572138559984296524e+00,-2.054062500000000000e+06,-1.639800000000000000e+04,-3.276800000000000000e+04
4.178873697916666369e-06,4.248046874999999707e-06,-3.221015625000000000e+02,6.020347656250000000e+03,1.000000000000000000e+00,-1.624245969872786910e+00,-2.038125000000000000e+06,-1.694200000000000000e+04,-3.276800000000000000e+04
4.182942708333333435e-06,4.252115885416666773e-06,-6.189101562500000000e+02,6.000175781250000000e+03,1.000000000000000000e+00,-1.673597008033045119e+00,-1.930312500000000000e+06,-1.745700000000000000e+04,-3.276800000000000000e+04
4.187011718749999653e-06,4.256184895833332991e-06,-9.224960937500000000e+02,5.952613281250000000e+03,1.000000000000000000e+00,-1.724553932330621375e+00,-1.993125000000000000e+06,-1.798800000000000000e+04,-3.276800000000000000e+04
4.191080729166666719e-06,4.260253906250000057e-06,-1.239207031250000000e+03,5.904605468750000000e+03,1.000000000000000000e+00,-1.777668017111161625e+00,-2.077500000000000000e+06,-1.854200000000000000e+04,-3.276800000000000000e+04
4.195149739583332937e-06,4.264322916666666275e-06,-1.530664062500000000e+03,5.828843750000000000e+03,1.000000000000000000e+00,-1.827594298066877121e+00,-1.952812500000000000e+06,-1.906300000000000000e+04,-3.276800000000000000e+04
4.199218750000000003e-06,4.268391927083333341e-06,-1.822140625000000000e+03,5.735597656250000000e+03,1.000000000000000000e+00,-1.878407411665589111e+00,-1.987500000000000000e+06,-1.959300000000000000e+04,-3.276800000000000000e+04
4.203287760416667068e-06,4.272460937500000407e-06,-2.122628906250000000e+03,5.639550781250000000e+03,1.000000000000000000e+00,-1.930778474501997355e+00,-2.048437500000000000e+06,-2.013900000000000000e+04,-3.276800000000000000e+04
4.207356770833333287e-06,4.276529947916666625e-06,-2.411664062500000000e+03,5.541507812500000000e+03,1.000000000000000000e+00,-1.981279998253169916e+00,-1.975312500000000000e+06,-2.066600000000000000e+04,-3.276800000000000000e+04
4.211425781250000352e-06,4.280598958333333691e-06,-2.676832031250000000e+03,5.403988281250000000e+03,1.000000000000000000e+00,-2.030726910212671044e+00,-1.934062500000000000e+06,-2.118200000000000000e+04,-3.276800000000000000e+04
4.215494791666666571e-06,4.284667968749999909e-06,-2.954500000000000000e+03,5.249875000000000000e+03,1.000000000000000000e+00,-2.083409562896618716e+00,-2.060625000000000000e+06,-2.173100000000000000e+04,-3.276800000000000000e+04
4.219563802083333636e-06,4.288736979166666975e-06,-3.228351562500000000e+03,5.104832031250000000e+03,1.000000000000000000e+00,-2.134702045491544631e+00,-2.006250000000000000e+06,-2.226600000000000000e+04,-3.276800000000000000e+04
4.223632812499999855e-06,4.292805989583333193e-06,-3.471781250000000000e+03,4.923179687500000000e+03,1.000000000000000000e+00,-2.184987853194420904e+00,-1.966875000000000000e+06,-2.279100000000000000e+04,-3.276800000000000000e+04
4.227701822916666921e-06,4.296875000000000259e-06,-3.721960937500000000e+03,4.745996093750000000e+03,1.000000000000000000e+00,-2.235848903692754241e+00,-1.989375000000000000e+06,-2.332100000000000000e+04,-3.276800000000000000e+04
4.231770833333333139e-06,4.300944010416666477e-06,-3.961976562500000000e+03,4.545523437500000000e+03,1.000000000000000000e+00,-2.287716629083137221e+00,-2.028750000000000000e+06,-2.386200000000000000e+04,-3.276800000000000000e+04
4.235839843750000205e-06,4.305013020833333543e-06,-4.191843750000000000e+03,4.343367187500000000e+03,1.000000000000000000e+00,-2.338433868882606514e+00,-1.983750000000000000e+06,-2.439100000000000000e+04,-3.276800000000000000e+04
4.239908854166666423e-06,4.309082031249999761e-06,-4.408679687500000000e+03,4.108105468750000000e+03,1.000000000000000000e+00,-2.391476048313714742e+00,-2.074687500000000000e+06,-2.494400000000000000e+04,-3.276800000000000000e+04
4.243977864583333489e-06,4.313151041666666827e-06,-4.611796875000000000e+03,3.882125000000000000e+03,1.000000000000000000e+00,-2.441881698265644385e+00,-1.971562500000000000e+06,-2.547000000000000000e+04,-3.276800000000000000e+04
4.248046874999999707e-06,4.317220052083333046e-06,-4.802886718750000000e+03,3.646152343750000000e+03,1.000000000000000000e+00,-2.492263379767763354e+00,-1.970625000000000000e+06,-2.599600000000000000e+04,-3.276800000000000000e+04
4.252115885416666773e-06,4.321289062500000111e-06,-4.979878906250000000e+03,3.393863281250000000e+03,1.000000000000000000e+00,-2.543388083214014550e+00,-1.999687500000000000e+06,-2.652900000000000000e+04,-3.276800000000000000e+04
4.256184895833332991e-06,4.325358072916666330e-06,-5.149761718750000000e+03,3.133589843750000000e+03,1.000000000000000000e+00,-2.594944218756858323e+00,-2.016562500000000000e+06,-2.706700000000000000e+04,-3.276800000000000000e+04
4.260253906250000057e-06,4.329427083333333395e-06,-5.310359375000000000e+03,2.871183593750000000e+03,1.000000000000000000e+00,-2.645949079954056149e+00,-1.995000000000000000e+06,-2.759900000000000000e+04,-3.276800000000000000e+04
4.264322916666666275e-06,4.333496093749999614e-06,-5.443261718750000000e+03,2.592832031250000000e+03,1.000000000000000000e+00,-2.697049814950496227e+00,-1.998750000000000000e+06,-2.813200000000000000e+04,-3.276800000000000000e+04
4.268391927083333341e-06,4.337565104166666679e-06,-5.573492187500000000e+03,2.307769531250000000e+03,1.000000000000000000e+00,-2.749013414140122347e+00,-2.032500000000000000e+06,-2.867400000000000000e+04,-3.276800000000000000e+04
4.272460937500000407e-06,4.341634114583333745e-06,-5.675925781250000000e+03,2.026917968750000000e+03,1.000000000000000000e+00,-2.798604136798488184e+00,-1.939687500000000000e+06,-2.919100000000000000e+04,-3.276800000000000000e+04
4.276529947916666625e-06,4.345703124999999963e-06,-5.773214843750000000e+03,1.729519531250000000e+03,1.000000000000000000e+00,-2.850519799088492512e+00,-2.030625000000000000e+06,-2.973200000000000000e+04,-3.276800000000000000e+04
4.280598958333333691e-06,4.349772135416667029e-06,-5.867132812500000000e+03,1.428281250000000000e+03,1.000000000000000000e+00,-2.902794988125658282e+00,-2.044687500000000000e+06,-3.027800000000000000e+04,-3.276800000000000000e+04
4.284667968749999909e-06,4.353841145833333248e-06,-5.926757812500000000e+03,1.133070312500000000e+03,1.000000000000000000e+00,-2.952697300631562882e+00,-1.951875000000000000e+06,-3.079800000000000000e+04,-3.276800000000000000e+04
4.288736979166666975e-06,4.357910156250000313e-06,-5.965320312500000000e+03,8.262070312500000000e+02,1.000000000000000000e+00,-3.003965814776678123e+00,-2.005312500000000000e+06,-3.133300000000000000e+04,-3.276800000000000000e+04
4.292805989583333193e-06,4.361979166666666532e-06,-6.000355468750000000e+03,5.140351562500000000e+02,1.000000000000000000e+00,-3.056145130014600753e+00,-2.040937500000000000e+06,-3.187700000000000000e+04,-3.276800000000000000e+04
4.296875000000000259e-06,4.366048177083333597e-06,-6.033980468750000000e+03,2.195820312500000000e+02,1.000000000000000000e+00,-3.105208546777130429e+00,-1.919062500000000000e+06,-3.238900000000000000e+04,-3.276800000000000000e+04
4.300944010416666477e-06,4.370117187499999816e-06,-6.023324218750000000e+03,-8.052734375000000000e+01,1.000000000000000000e+00,3.128218258595415247e+00,-1.946250000000000000e+06,3.262800000000000000e+04,-5.880000000000000000e+02
4.305013020833333543e-06,4.374186197916666881e-06,-6.012011718750000000e+03,-3.970546875000000000e+02,1.000000000000000000e+00,3.075655448160521388e+00,-2.055937500000000000e+06,3.208000000000000000e+04,-3.008000000000000000e+03
4.309082031249999761e-06,4.378255208333333100e-06,-5.996843750000000000e+03,-7.133164062500000000e+02,1.000000000000000000e+00,3.023212479974680900e+00,-2.051250000000000000e+06,3.153300000000000000e+04,-3.475000000000000000e+03
4.313151041666666827e-06,4.382324218750000165e-06,-5.938933593750000000e+03,-1.008394531250000000e+03,1.000000000000000000e+00,2.973406041268018996e+00,-1.948125000000000000e+06,3.101300000000000000e+04,-2.235000000000000000e+03
4.317220052083333046e-06,4.386393229166666384e-06,-5.881992187500000000e+03,-1.313878906250000000e+03,1.000000000000000000e+00,2.921825937275364105e+00,-2.017500000000000000e+06,3.047500000000000000e+04,-3.957000000000000000e+03
4.321289062500000111e-06,4.390462239583333449e-06,-5.816074218750000000e+03,-1.622937500000000000e+03,1.000000000000000000e+00,2.869478842888766756e+00,-2.047500000000000000e+06,2.992900000000000000e+04,-5.015000000000000000e+03
4.325358072916666330e-06,4.394531249999999668e-06,-5.721933593750000000e+03,-1.897074218750000000e+03,1.000000000000000000e+00,2.821446069468097839e+00,-1.878750000000000000e+06,2.942800000000000000e+04,-2.636000000000000000e+03
4.329427083333333395e-06,4.398600260416666734e-06,-5.601207031250000000e+03,-2.199308593750000000e+03,1.000000000000000000e+00,2.767445152044560874e+00,-2.112187500000000000e+06,2.886500000000000000e+04,-7.183000000000000000e+03
4.333496093749999614e-06,4.402669270833332952e-06,-5.494125000000000000e+03,-2.484683593750000000e+03,1.000000000000000000e+00,2.716871722943956069e+00,-1.978125000000000000e+06,2.833800000000000000e+04,-5.422000000000000000e+03
4.337565104166666679e-06,4.406738281250000018e-06,-5.364953125000000000e+03,-2.759214843750000000e+03,1.000000000000000000e+00,2.666561946791269122e+00,-1.967812500000000000e+06,2.781300000000000000e+04,-5.771000000000000000e+03
4.341634114583333745e-06,4.410807291666667083e-06,-5.204496093750000000e+03,-3.022726562500000000e+03,1.000000000000000000e+00,2.615413274895207696e+00,-2.000625000000000000e+06,2.727900000000000000e+04,-6.865000000000000000e+03
4.345703124999999963e-06,4.414876302083333302e-06,-5.055101562500000000e+03,-3.299750000000000000e+03,1.000000000000000000e+00,2.563281896556906414e+00,-2.039062500000000000e+06,2.673600000000000000e+04,-8.064000000000000000e+03
4.349772135416667029e-06,4.418945312500000367e-06,-4.881832031250000000e+03,-3.541585937500000000e+03,1.000000000000000000e+00,2.513978795296269553e+00,-1.928437500000000000e+06,2.622100000000000000e+04,-6.691000000000000000e+03
4.353841145833333248e-06,4.423014322916666586e-06,-4.693617187500000000e+03,-3.779367187500000000e+03,1.000000000000000000e+00,2.463669019143582606e+00,-1.967812500000000000e+06,2.569700000000000000e+04,-7.887000000000000000e+03
4.357910156250000313e-06,4.427083333333333651e-06,-4.484417968750000000e+03,-4.031046875000000000e+03,1.000000000000000000e+00,2.409380480322317108e+00,-2.123437500000000000e+06,2.513000000000000000e+04,-1.111000000000000000e+04
4.361979166666666532e-06,4.431152343749999870e-06,-4.282957031250000000e+03,-4.254468750000000000e+03,1.000000000000000000e+00,2.359526104716033856e+00,-1.950000000000000000e+06,2.461000000000000000e+04,-8.670000000000000000e+03
4.366048177083333597e-06,4.435221354166666935e-06,-4.061515625000000000e+03,-4.458929687500000000e+03,1.000000000000000000e+00,2.309599823760318582e+00,-1.952812500000000000e+06,2.409000000000000000e+04,-9.238000000000000000e+03
4.370117187499999816e-06,4.439290364583333154e-06,-3.811484375000000000e+03,-4.667390625000000000e+03,1.000000000000000000e+00,2.255598906336781617e+00,-2.112187500000000000e+06,2.352600000000000000e+04,-1.252200000000000000e+04
4.374186197916666881e-06,4.443359375000000220e-06,-3.586902343750000000e+03,-4.857289062500000000e+03,1.000000000000000000e+00,2.206871047871601821e+00,-1.905937500000000000e+06,2.301800000000000000e+04,-9.510000000000000000e+03
4.378255208333333100e-06,4.447428385416666438e-06,-3.325773437500000000e+03,-5.021722656250000000e+03,1.000000000000000000e+00,2.155746344425350625e+00,-1.999687500000000000e+06,2.248500000000000000e+04,-1.164300000000000000e+04
4.382324218750000165e-06,4.451497395833333504e-06,-3.057832031250000000e+03,-5.189695312500000000e+03,1.000000000000000000e+00,2.103255439339889232e+00,-2.053125000000000000e+06,2.193700000000000000e+04,-1.310300000000000000e+04
4.386393229166666384e-06,4.455566406249999722e-06,-2.793726562500000000e+03,-5.346195312500000000e+03,1.000000000000000000e+00,2.052346451941934102e+00,-1.991250000000000000e+06,2.140600000000000000e+04,-1.257800000000000000e+04
4.390462239583333449e-06,4.459635416666666788e-06,-2.520027343750000000e+03,-5.484894531250000000e+03,1.000000000000000000e+00,2.001485401443601209e+00,-1.989375000000000000e+06,2.087600000000000000e+04,-1.307600000000000000e+04
4.394531249999999668e-06,4.463704427083333006e-06,-2.234761718750000000e+03,-5.603250000000000000e+03,1.000000000000000000e+00,1.950288792647917768e+00,-2.002500000000000000e+06,2.034200000000000000e+04,-1.383400000000000000e+04
4.398600260416666734e-06,4.467773437500000072e-06,-1.952593750000000000e+03,-5.706140625000000000e+03,1.000000000000000000e+00,1.900482353941255864e+00,-1.948125000000000000e+06,1.982200000000000000e+04,-1.342600000000000000e+04
4.402669270833332952e-06,4.471842447916666290e-06,-1.652011718750000000e+03,-5.789812500000000000e+03,1.000000000000000000e+00,1.848734470799926255e+00,-2.024062500000000000e+06,1.928300000000000000e+04,-1.526100000000000000e+04
4.406738281250000018e-06,4.475911458333333356e-06,-1.352878906250000000e+03,-5.871437500000000000e+03,1.000000000000000000e+00,1.797274209056324956e+00,-2.012812500000000000e+06,1.874600000000000000e+04,-1.560600000000000000e+04
4.410807291666667083e-06,4.479980468750000421e-06,-1.053855468750000000e+03,-5.941796875000000000e+03,1.000000000000000000e+00,1.746341253208559596e+00,-1.992187500000000000e+06,1.821500000000000000e+04,-1.578500000000000000e+04
4.414876302083333302e-06,4.484049479166666640e-06,-7.463828125000000000e+02,-5.987851562500000000e+03,1.000000000000000000e+00,1.694809086115526275e+00,-2.015625000000000000e+06,1.767700000000000000e+04,-1.672300000000000000e+04
4.418945312500000367e-06,4.488118489583333706e-06,-4.390039062500000000e+02,-6.006339843750000000e+03,1.000000000000000000e+00,1.643756288018707323e+00,-1.996875000000000000e+06,1.714500000000000000e+04,-1.693500000000000000e+04
4.423014322916666586e-06,4.492187499999999924e-06,-1.362343750000000000e+02,-6.033468750000000000e+03,1.000000000000000000e+00,1.593374606516588354e+00,-1.970625000000000000e+06,1.661900000000000000e+04,-1.701300000000000000e+04
4.427083333333333651e-06,4.496256510416666990e-06,1.747382812500000000e+02,-6.022562500000000000e+03,1.000000000000000000e+00,1.541794502523933685e+00,-2.017500000000000000e+06,1.608100000000000000e+04,-1.835100000000000000e+04
4.431152343749999870e-06,4.500325520833333208e-06,4.836210937500000000e+02,-5.995246093750000000e+03,1.000000000000000000e+00,1.490286303880711039e+00,-2.014687500000000000e+06,1.554400000000000000e+04,-1.884000000000000000e+04
4.435221354166666935e-06,4.504394531250000274e-06,8.031210937500000000e+02,-5.979839843750000000e+03,1.000000000000000000e+00,1.437292061349224381e+00,-2.072812500000000000e+06,1.499100000000000000e+04,-2.038500000000000000e+04
4.439290364583333154e-06,4.508463541666666492e-06,1.092109375000000000e+03,-5.930941406250000000e+03,1.000000000000000000e+00,1.388684045133098177e+00,-1.901250000000000000e+06,1.448400000000000000e+04,-1.796400000000000000e+04
4.443359375000000220e-06,4.512532552083333558e-06,1.396152343750000000e+03,-5.859710937500000000e+03,1.000000000000000000e+00,1.336888225092146998e+00,-2.025937500000000000e+06,1.394400000000000000e+04,-2.063200000000000000e+04
4.447428385416666438e-06,4.516601562499999776e-06,1.706019531250000000e+03,-5.777730468750000000e+03,1.000000000000000000e+00,1.283678266512363830e+00,-2.081250000000000000e+06,1.338900000000000000e+04,-2.213100000000000000e+04
4.451497395833333504e-06,4.520670572916666842e-06,1.987746093750000000e+03,-5.696820312500000000e+03,1.000000000000000000e+00,1.235094218746048300e+00,-1.900312500000000000e+06,1.288200000000000000e+04,-1.955000000000000000e+04
4.455566406249999722e-06,4.524739583333333060e-06,2.274289062500000000e+03,-5.580660156250000000e+03,1.000000000000000000e+00,1.183801736151122164e+00,-2.006250000000000000e+06,1.234700000000000000e+04,-2.189300000000000000e+04
4.459635416666666788e-06,4.528808593750000126e-06,2.555679687500000000e+03,-5.456664062500000000e+03,1.000000000000000000e+00,1.132796874953924560e+00,-1.995000000000000000e+06,1.181500000000000000e+04,-2.223300000000000000e+04
4.463704427083333006e-06,4.532877604166666345e-06,2.838066406250000000e+03,-5.325171875000000000e+03,1.000000000000000000e+00,1.081144865611837647e+00,-2.020312500000000000e+06,1.127600000000000000e+04,-2.320400000000000000e+04
4.467773437500000072e-06,4.536946614583333410e-06,3.101000000000000000e+03,-5.179523437500000000e+03,1.000000000000000000e+00,1.031314458455365068e+00,-1.949062500000000000e+06,1.075700000000000000e+04,-2.250700000000000000e+04
4.471842447916666290e-06,4.541015624999999629e-06,3.368851562500000000e+03,-5.000050781250000000e+03,1.000000000000000000e+00,9.778887838272855015e-01,-2.089687500000000000e+06,1.019900000000000000e+04,-2.546500000000000000e+04
4.475911458333333356e-06,4.545084635416666694e-06,3.627921875000000000e+03,-4.831296875000000000e+03,1.000000000000000000e+00,9.267161434814129573e-01,-2.001562500000000000e+06,9.666000000000000000e+03,-2.449400000000000000e+04
4.479980468750000421e-06,4.549153645833333760e-06,3.859628906250000000e+03,-4.629652343750000000e+03,1.000000000000000000e+00,8.758550929830797305e-01,-1.989375000000000000e+06,9.135000000000000000e+03,-2.481700000000000000e+04
4.484049479166666640e-06,4.553222656249999978e-06,4.092277343750000000e+03,-4.415910156250000000e+03,1.000000000000000000e+00,8.234121247972393531e-01,-2.051250000000000000e+06,8.588000000000000000e+03,-2.642000000000000000e+04
4.488118489583333706e-06,4.557291666666667044e-06,4.315332031250000000e+03,-4.224593750000000000e+03,1.000000000000000000e+00,7.747801401313023639e-01,-1.902187500000000000e+06,8.081000000000000000e+03,-2.438300000000000000e+04
4.492187499999999924e-06,4.561360677083333262e-06,4.516125000000000000e+03,-4.000148437500000000e+03,1.000000000000000000e+00,7.248778276253975417e-01,-1.951875000000000000e+06,7.560000000000000000e+03,-2.575200000000000000e+04
4.496256510416666990e-06,4.565429687500000328e-06,4.712722656250000000e+03,-3.746921875000000000e+03,1.000000000000000000e+00,6.717158059452358332e-01,-2.079375000000000000e+06,7.006000000000000000e+03,-2.848200000000000000e+04
4.500325520833333208e-06,4.569498697916666547e-06,4.908421875000000000e+03,-3.492527343750000000e+03,1.000000000000000000e+00,6.184339420160205325e-01,-2.084062500000000000e+06,6.450000000000000000e+03,-2.911800000000000000e+04
4.504394531250000274e-06,4.573567708333333612e-06,5.079632812500000000e+03,-3.259875000000000000e+03,1.000000000000000000e+00,5.705689477440263335e-01,-1.872187500000000000e+06,5.951000000000000000e+03,-2.600100000000000000e+04
4.508463541666666492e-06,4.577636718749999831e-06,5.229992187500000000e+03,-2.990187500000000000e+03,1.000000000000000000e+00,5.193723389483431152e-01,-2.002500000000000000e+06,5.417000000000000000e+03,-2.875900000000000000e+04
4.512532552083333558e-06,4.581705729166666896e-06,5.382910156250000000e+03,-2.722750000000000000e+03,1.000000000000000000e+00,4.682716039519027040e-01,-1.998750000000000000e+06,4.884000000000000000e+03,-2.922800000000000000e+04
4.516601562499999776e-06,4.585774739583333115e-06,5.515617187500000000e+03,-2.441105468750000000e+03,1.000000000000000000e+00,4.166675315094373055e-01,-2.018437500000000000e+06,4.346000000000000000e+03,-3.010200000000000000e+04
4.520670572916666842e-06,4.589843750000000180e-06,5.618648437500000000e+03,-2.158753906250000000e+03,1.000000000000000000e+00,3.668131559031539424e-01,-1.950000000000000000e+06,3.826000000000000000e+03,-2.945400000000000000e+04
4.524739583333333060e-06,4.593912760416666399e-06,5.730914062500000000e+03,-1.860500000000000000e+03,1.000000000000000000e+00,3.139147871709100368e-01,-2.069062500000000000e+06,3.274000000000000000e+03,-3.203800000000000000e+04
4.528808593750000126e-06,4.597981770833333464e-06,5.827917968750000000e+03,-1.583984375000000000e+03,1.000000000000000000e+00,2.653786763042159103e-01,-1.898437500000000000e+06,2.768000000000000000e+03,-2.963200000000000000e+04
4.532877604166666345e-06,4.602050781249999683e-06,5.887066406250000000e+03,-1.271863281250000000e+03,1.000000000000000000e+00,2.127679289697005649e-01,-2.057812500000000000e+06,2.219000000000000000e+03,-3.276800000000000000e+04
4.536946614583333410e-06,4.606119791666666748e-06,5.953261718750000000e+03,-9.678671875000000000e+02,1.000000000000000000e+00,1.611638565272351664e-01,-2.018437500000000000e+06,1.681000000000000000e+03,-3.276700000000000000e+04
4.541015624999999629e-06,4.610188802083332967e-06,5.997781250000000000e+03,-6.615000000000000000e+02,1.000000000000000000e+00,1.098474054824983420e-01,-2.007187500000000000e+06,1.145000000000000000e+03,-3.276800000000000000e+04
4.545084635416666694e-06,4.614257812500000033e-06,6.023765625000000000e+03,-3.520273437500000000e+02,1.000000000000000000e+00,5.838714373889721670e-02,-2.012812500000000000e+06,6.090000000000000000e+02,-3.276800000000000000e+04
4.549153645833332913e-06,4.618326822916666251e-06,6.021593750000000000e+03,-3.428125000000000000e+01,1.000000000000000000e+00,5.704491054949727830e-03,-2.060625000000000000e+06,5.900000000000000000e+01,-3.276800000000000000e+04
4.553222656249999978e-06,4.622395833333333317e-06,6.024328125000000000e+03,2.632070312500000000e+02,1.000000000000000000e+00,-4.364654710530863069e-02,-1.930312500000000000e+06,-4.560000000000000000e+02,-3.276800000000000000e+04
4.557291666666667044e-06,4.626464843750000382e-06,6.005554687500000000e+03,5.683203125000000000e+02,1.000000000000000000e+00,-9.436378690477764675e-02,-1.983750000000000000e+06,-9.850000000000000000e+02,-3.276800000000000000e+04
4.561360677083333262e-06,4.630533854166666601e-06,5.957597656250000000e+03,8.849648437500000000e+02,1.000000000000000000e+00,-1.474778716853179794e-01,-2.077500000000000000e+06,-1.539000000000000000e+03,-3.276800000000000000e+04
4.565429687500000328e-06,4.634602864583333666e-06,5.917351562500000000e+03,1.183660156250000000e+03,1.000000000000000000e+00,-1.974281210908441497e-01,-1.953750000000000000e+06,-2.060000000000000000e+03,-3.276800000000000000e+04
4.569498697916666547e-06,4.638671874999999885e-06,5.834378906250000000e+03,1.478265625000000000e+03,1.000000000000000000e+00,-2.481453608903131658e-01,-1.983750000000000000e+06,-2.589000000000000000e+03,-3.276800000000000000e+04
4.573567708333333612e-06,4.642740885416666950e-06,5.754816406250000000e+03,1.777910156250000000e+03,1.000000000000000000e+00,-2.996535595335357294e-01,-2.014687500000000000e+06,-3.126000000000000000e+03,-3.276800000000000000e+04
4.577636718749999831e-06,4.646809895833333169e-06,5.663015625000000000e+03,2.084269531250000000e+03,1.000000000000000000e+00,-3.526478020650224976e-01,-2.072812500000000000e+06,-3.679000000000000000e+03,-3.276800000000000000e+04
4.581705729166666896e-06,4.650878906250000234e-06,5.550691406250000000e+03,2.356636718750000000e+03,1.000000000000000000e+00,-4.014955027792558861e-01,-1.910625000000000000e+06,-4.188000000000000000e+03,-3.276800000000000000e+04
4.585774739583333115e-06,4.654947916666666453e-06,5.410707031250000000e+03,2.642460937500000000e+03,1.000000000000000000e+00,-4.542979977122569291e-01,-2.065312500000000000e+06,-4.739000000000000000e+03,-3.276800000000000000e+04
4.589843750000000180e-06,4.659016927083333519e-06,5.281828125000000000e+03,2.924964843750000000e+03,1.000000000000000000e+00,-5.057342910060472763e-01,-2.011875000000000000e+06,-5.275000000000000000e+03,-3.276800000000000000e+04
4.593912760416666399e-06,4.663085937499999737e-06,5.126019531250000000e+03,3.180949218750000000e+03,1.000000000000000000e+00,-5.553969190138449141e-01,-1.942500000000000000e+06,-5.793000000000000000e+03,-3.276800000000000000e+04
4.597981770833333464e-06,4.667154947916666803e-06,4.950070312500000000e+03,3.431917968750000000e+03,1.000000000000000000e+00,-6.062100326125567928e-01,-1.987500000000000000e+06,-6.323000000000000000e+03,-3.276800000000000000e+04
4.602050781249999683e-06,4.671223958333333021e-06,4.766687500000000000e+03,3.692453125000000000e+03,1.000000000000000000e+00,-6.590844328949899689e-01,-2.068125000000000000e+06,-6.875000000000000000e+03,-3.276800000000000000e+04
4.606119791666666748e-06,4.675292968750000087e-06,4.580421875000000000e+03,3.931148437500000000e+03,1.000000000000000000e+00,-7.092743667986233236e-01,-1.963125000000000000e+06,-7.398000000000000000e+03,-3.276800000000000000e+04
4.610188802083332967e-06,4.679361979166666305e-06,4.364621093750000000e+03,4.148066406250000000e+03,1.000000000000000000e+00,-7.599676381482816101e-01,-1.982812500000000000e+06,-7.927000000000000000e+03,-3.276800000000000000e+04
4.614257812500000033e-06,4.683430989583333371e-06,4.149769531250000000e+03,4.382558593750000000e+03,1.000000000000000000e+00,-8.126742592820398459e-01,-2.061562500000000000e+06,-8.477000000000000000e+03,-3.276800000000000000e+04
4.618326822916666251e-06,4.687499999999999589e-06,3.915699218750000000e+03,4.588914062500000000e+03,1.000000000000000000e+00,-8.643981739735587810e-01,-2.023125000000000000e+06,-9.016000000000000000e+03,-3.276800000000000000e+04
4.622395833333333317e-06,4.691569010416666655e-06,3.678968750000000000e+03,4.771562500000000000e+03,1.000000000000000000e+00,-9.139888966319242858e-01,-1.939687500000000000e+06,-9.534000000000000000e+03,-3.276800000000000000e+04
4.626464843750000382e-06,4.695638020833333720e-06,3.422687500000000000e+03,4.956945312500000000e+03,1.000000000000000000e+00,-9.664798017173861222e-01,-2.053125000000000000e+06,-1.008100000000000000e+04,-3.276800000000000000e+04
4.630533854166666601e-06,4.699707031249999939e-06,3.176597656250000000e+03,5.132332031250000000e+03,1.000000000000000000e+00,-1.016573861821776559e+00,-1.959375000000000000e+06,-1.060400000000000000e+04,-3.276800000000000000e+04
4.634602864583333666e-06,4.703776041666667005e-06,2.912312500000000000e+03,5.274707031250000000e+03,1.000000000000000000e+00,-1.066332363628817115e+00,-1.946250000000000000e+06,-1.112300000000000000e+04,-3.276800000000000000e+04
4.638671874999999885e-06,4.707845052083333223e-06,2.633230468750000000e+03,5.418730468750000000e+03,1.000000000000000000e+00,-1.118463741967118175e+00,-2.039062500000000000e+06,-1.166600000000000000e+04,-3.276800000000000000e+04
4.642740885416666950e-06,4.711914062500000289e-06,2.365617187500000000e+03,5.554679687500000000e+03,1.000000000000000000e+00,-1.168174306874537161e+00,-1.944375000000000000e+06,-1.218500000000000000e+04,-3.276800000000000000e+04
4.646809895833333169e-06,4.715983072916666507e-06,2.072457031250000000e+03,5.654562500000000000e+03,1.000000000000000000e+00,-1.219490757919273971e+00,-2.007187500000000000e+06,-1.272000000000000000e+04,-3.276800000000000000e+04
4.650878906250000234e-06,4.720052083333333573e-06,1.774984375000000000e+03,5.755621093750000000e+03,1.000000000000000000e+00,-1.271646104707385927e+00,-2.040000000000000000e+06,-1.326400000000000000e+04,-3.276800000000000000e+04
4.654947916666666453e-06,4.724121093749999791e-06,1.481093750000000000e+03,5.846070312500000000e+03,1.000000000000000000e+00,-1.322674934354394205e+00,-1.995937500000000000e+06,-1.379600000000000000e+04,-3.276800000000000000e+04
4.659016927083333519e-06,4.728190104166666857e-06,1.191164062500000000e+03,5.913511718750000000e+03,1.000000000000000000e+00,-1.372025972514652414e+00,-1.930312500000000000e+06,-1.431100000000000000e+04,-3.276800000000000000e+04
4.663085937499999737e-06,4.732259114583333075e-06,8.675273437500000000e+02,5.962652343750000000e+03,1.000000000000000000e+00,-1.426314511335917690e+00,-2.123437500000000000e+06,-1.487700000000000000e+04,-3.276800000000000000e+04
4.667154947916666803e-06,4.736328125000000141e-06,5.637734375000000000e+02,5.998656250000000000e+03,1.000000000000000000e+00,-1.477079688035008109e+00,-1.985625000000000000e+06,-1.540700000000000000e+04,-3.276800000000000000e+04
4.671223958333333021e-06,4.740397135416666359e-06,2.697148437500000000e+02,6.025957031250000000e+03,1.000000000000000000e+00,-1.526071199448105764e+00,-1.916250000000000000e+06,-1.591800000000000000e+04,-3.276800000000000000e+04
4.675292968750000087e-06,4.744466145833333425e-06,-3.334765625000000000e+01,6.018507812500000000e+03,1.000000000000000000e+00,-1.576333038701171363e+00,-1.965937500000000000e+06,-1.644200000000000000e+04,-3.276800000000000000e+04
4.679361979166666305e-06,4.748535156249999644e-06,-3.465546875000000000e+02,6.010449218750000000e+03,1.000000000000000000e+00,-1.628392511690040179e+00,-2.036250000000000000e+06,-1.698500000000000000e+04,-3.276800000000000000e+04
4.683430989583333371e-06,4.752604166666666709e-06,-6.588671875000000000e+02,5.995144531250000000e+03,1.000000000000000000e+00,-1.680260237080423380e+00,-2.028750000000000000e+06,-1.752600000000000000e+04,-3.276800000000000000e+04
4.687499999999999589e-06,4.756673177083332928e-06,-9.607812500000000000e+02,5.957070312500000000e+03,1.000000000000000000e+00,-1.730689855482163919e+00,-1.972500000000000000e+06,-1.805200000000000000e+04,-3.276800000000000000e+04
4.691569010416666655e-06,4.760742187499999993e-06,-1.267714843750000000e+03,5.898875000000000000e+03,1.000000000000000000e+00,-1.782485675523115098e+00,-2.025937500000000000e+06,-1.859200000000000000e+04,-3.276800000000000000e+04
4.695638020833333720e-06,4.764811197916667059e-06,-1.567226562500000000e+03,5.824304687500000000e+03,1.000000000000000000e+00,-1.833658315868987643e+00,-2.001562500000000000e+06,-1.912600000000000000e+04,-3.276800000000000000e+04
4.699707031249999939e-06,4.768880208333333277e-06,-1.849640625000000000e+03,5.737121093750000000e+03,1.000000000000000000e+00,-1.882673795731895972e+00,-1.917187500000000000e+06,-1.963700000000000000e+04,-3.276800000000000000e+04
4.703776041666667005e-06,4.772949218750000343e-06,-2.149156250000000000e+03,5.634082031250000000e+03,1.000000000000000000e+00,-1.935212637716979156e+00,-2.055000000000000000e+06,-2.018500000000000000e+04,-3.276800000000000000e+04
4.707845052083333223e-06,4.777018229166666561e-06,-2.438011718750000000e+03,5.520175781250000000e+03,1.000000000000000000e+00,-1.986672899460580233e+00,-2.012812500000000000e+06,-2.072200000000000000e+04,-3.276800000000000000e+04
4.711914062500000289e-06,4.781087239583333627e-06,-2.707675781250000000e+03,5.384847656250000000e+03,1.000000000000000000e+00,-2.036719022665349321e+00,-1.957500000000000000e+06,-2.124400000000000000e+04,-3.276800000000000000e+04
4.715983072916666507e-06,4.785156249999999846e-06,-2.980335937500000000e+03,5.227605468750000000e+03,1.000000000000000000e+00,-2.088946274802893299e+00,-2.042812500000000000e+06,-2.178900000000000000e+04,-3.276800000000000000e+04
4.720052083333333573e-06,4.789225260416666911e-06,-3.252300781250000000e+03,5.078816406250000000e+03,1.000000000000000000e+00,-2.140358599646873028e+00,-2.010937500000000000e+06,-2.232500000000000000e+04,-3.276800000000000000e+04
4.724121093749999791e-06,4.793294270833333130e-06,-3.490601562500000000e+03,4.909363281250000000e+03,1.000000000000000000e+00,-2.188870742063756314e+00,-1.897500000000000000e+06,-2.283100000000000000e+04,-3.276800000000000000e+04
4.728190104166666857e-06,4.797363281250000195e-06,-3.750105468750000000e+03,4.716500000000000000e+03,1.000000000000000000e+00,-2.242560069639753628e+00,-2.100000000000000000e+06,-2.339100000000000000e+04,-3.276800000000000000e+04
4.732259114583333075e-06,4.801432291666666414e-06,-3.987394531250000000e+03,4.524921875000000000e+03,1.000000000000000000e+00,-2.293133498740358434e+00,-1.978125000000000000e+06,-2.391900000000000000e+04,-3.276800000000000000e+04
4.736328125000000141e-06,4.805501302083333479e-06,-4.209121093750000000e+03,4.320328125000000000e+03,1.000000000000000000e+00,-2.343155653495316848e+00,-1.956562500000000000e+06,-2.444000000000000000e+04,-3.276800000000000000e+04
4.740397135416666359e-06,4.809570312499999698e-06,-4.419371093750000000e+03,4.095316406250000000e+03,1.000000000000000000e+00,-2.394232420041946696e+00,-1.997812500000000000e+06,-2.497300000000000000e+04,-3.276800000000000000e+04
4.744466145833333425e-06,4.813639322916666763e-06,-4.632203125000000000e+03,3.861906250000000000e+03,1.000000000000000000e+00,-2.446627451328165392e+00,-2.049375000000000000e+06,-2.552000000000000000e+04,-3.276800000000000000e+04
4.748535156249999644e-06,4.817708333333332982e-06,-4.815703125000000000e+03,3.620554687500000000e+03,1.000000000000000000e+00,-2.496913259031041665e+00,-1.966875000000000000e+06,-2.604400000000000000e+04,-3.276800000000000000e+04
4.752604166666666709e-06,4.821777343750000047e-06,-4.996621093750000000e+03,3.370753906250000000e+03,1.000000000000000000e+00,-2.548109867826724884e+00,-2.002500000000000000e+06,-2.657800000000000000e+04,-3.276800000000000000e+04
4.756673177083332928e-06,4.825846354166666266e-06,-5.174691406250000000e+03,3.110261718750000000e+03,1.000000000000000000e+00,-2.600385056863890210e+00,-2.044687500000000000e+06,-2.712300000000000000e+04,-3.276800000000000000e+04
4.760742187499999993e-06,4.829915364583333332e-06,-5.330406250000000000e+03,2.856687500000000000e+03,1.000000000000000000e+00,-2.649616252775095049e+00,-1.925625000000000000e+06,-2.763700000000000000e+04,-3.276800000000000000e+04
4.764811197916667059e-06,4.833984375000000397e-06,-5.451464843750000000e+03,2.566796875000000000e+03,1.000000000000000000e+00,-2.701531915065099820e+00,-2.030625000000000000e+06,-2.817800000000000000e+04,-3.276800000000000000e+04
4.768880208333333277e-06,4.838053385416666616e-06,-5.580207031250000000e+03,2.282484375000000000e+03,1.000000000000000000e+00,-2.753327735106050778e+00,-2.025937500000000000e+06,-2.871900000000000000e+04,-3.276800000000000000e+04
4.772949218750000343e-06,4.842122395833333681e-06,-5.690207031250000000e+03,1.990003906250000000e+03,1.000000000000000000e+00,-2.805171492046623527e+00,-2.027812500000000000e+06,-2.925900000000000000e+04,-3.276800000000000000e+04
4.777018229166666561e-06,4.846191406249999900e-06,-5.785535156250000000e+03,1.707558593750000000e+03,1.000000000000000000e+00,-2.854594435556313758e+00,-1.933125000000000000e+06,-2.977500000000000000e+04,-3.276800000000000000e+04
4.781087239583333627e-06,4.850260416666666965e-06,-5.866371093750000000e+03,1.402417968750000000e+03,1.000000000000000000e+00,-2.906941529942911551e+00,-2.047500000000000000e+06,-3.032100000000000000e+04,-3.276800000000000000e+04
4.785156249999999846e-06,4.854329427083333184e-06,-5.929035156250000000e+03,1.107824218750000000e+03,1.000000000000000000e+00,-2.956891779348437499e+00,-1.953750000000000000e+06,-3.084200000000000000e+04,-3.276800000000000000e+04
4.789225260416666911e-06,4.858398437500000249e-06,-5.979445312500000000e+03,8.026250000000000000e+02,1.000000000000000000e+00,-3.008160293493553183e+00,-2.005312500000000000e+06,-3.137700000000000000e+04,-3.276800000000000000e+04
4.793294270833333130e-06,4.862467447916666468e-06,-5.996785156250000000e+03,4.884570312500000000e+02,1.000000000000000000e+00,-3.060315640281664695e+00,-2.040000000000000000e+06,-3.192100000000000000e+04,-3.276800000000000000e+04
4.797363281250000195e-06,4.866536458333333533e-06,-6.033914062500000000e+03,1.784062500000000000e+02,1.000000000000000000e+00,-3.112039554973183630e+00,-2.023125000000000000e+06,-3.246000000000000000e+04,-3.276800000000000000e+04
4.801432291666666414e-06,4.870605468749999752e-06,-6.020828125000000000e+03,-1.254414062500000000e+02,1.000000000000000000e+00,3.120764070704283188e+00,-1.970625000000000000e+06,3.255000000000000000e+04,-1.082000000000000000e+03
4.805501302083333479e-06,4.874674479166666818e-06,-6.008785156250000000e+03,-4.312031250000000000e+02,1.000000000000000000e+00,3.069950957105571643e+00,-1.987500000000000000e+06,3.202000000000000000e+04,-1.900000000000000000e+03
4.809570312499999698e-06,4.878743489583333036e-06,-5.992531250000000000e+03,-7.424453125000000000e+02,1.000000000000000000e+00,3.018322916213295404e+00,-2.019375000000000000e+06,3.148200000000000000e+04,-2.982000000000000000e+03
4.813639322916666763e-06,4.882812500000000102e-06,-5.938980468750000000e+03,-1.046335937500000000e+03,1.000000000000000000e+00,2.967198212767044208e+00,-1.999687500000000000e+06,3.094900000000000000e+04,-3.179000000000000000e+03
4.817708333333332982e-06,4.886881510416666320e-06,-5.872660156250000000e+03,-1.346628906250000000e+03,1.000000000000000000e+00,2.916193351569846826e+00,-1.995000000000000000e+06,3.041700000000000000e+04,-3.631000000000000000e+03
4.821777343750000047e-06,4.890950520833333386e-06,-5.794871093750000000e+03,-1.648695312500000000e+03,1.000000000000000000e+00,2.864397531528895424e+00,-2.025937500000000000e+06,2.987600000000000000e+04,-4.700000000000000000e+03
4.825846354166666266e-06,4.895019531249999604e-06,-5.710558593750000000e+03,-1.944441406250000000e+03,1.000000000000000000e+00,2.813416638781508716e+00,-1.994062500000000000e+06,2.934500000000000000e+04,-4.687000000000000000e+03
4.829915364583333332e-06,4.899088541666666670e-06,-5.591328125000000000e+03,-2.229843750000000000e+03,1.000000000000000000e+00,2.762124156186582802e+00,-2.006250000000000000e+06,2.881000000000000000e+04,-5.430000000000000000e+03
4.833984375000000397e-06,4.903157552083333735e-06,-5.474386718750000000e+03,-2.519292968750000000e+03,1.000000000000000000e+00,2.710304367695820726e+00,-2.026875000000000000e+06,2.826900000000000000e+04,-6.323000000000000000e+03
4.838053385416666616e-06,4.907226562499999954e-06,-5.348738281250000000e+03,-2.790894531250000000e+03,1.000000000000000000e+00,2.660665708137833985e+00,-1.941562500000000000e+06,2.775100000000000000e+04,-5.385000000000000000e+03
4.842122395833333681e-06,4.911295572916667019e-06,-5.187253906250000000e+03,-3.058484375000000000e+03,1.000000000000000000e+00,2.608845919647071909e+00,-2.026875000000000000e+06,2.721100000000000000e+04,-7.381000000000000000e+03
4.846191406249999900e-06,4.915364583333333238e-06,-5.026226562500000000e+03,-3.321585937500000000e+03,1.000000000000000000e+00,2.557625342401578017e+00,-2.003437500000000000e+06,2.667700000000000000e+04,-7.515000000000000000e+03
4.850260416666666965e-06,4.919433593750000304e-06,-4.857773437500000000e+03,-3.579035156250000000e+03,1.000000000000000000e+00,2.506620481204380635e+00,-1.995000000000000000e+06,2.614500000000000000e+04,-7.903000000000000000e+03
4.854329427083333184e-06,4.923502604166666522e-06,-4.660988281250000000e+03,-3.817117187500000000e+03,1.000000000000000000e+00,2.455399903958886743e+00,-2.003437500000000000e+06,2.561000000000000000e+04,-8.582000000000000000e+03
4.858398437500000249e-06,4.927571614583333588e-06,-4.467589843750000000e+03,-4.054789062500000000e+03,1.000000000000000000e+00,2.404586790360174753e+00,-1.987500000000000000e+06,2.508000000000000000e+04,-8.840000000000000000e+03
4.862467447916666468e-06,4.931640624999999806e-06,-4.253414062500000000e+03,-4.274285156250000000e+03,1.000000000000000000e+00,2.353749708311652089e+00,-1.988437500000000000e+06,2.455000000000000000e+04,-9.386000000000000000e+03
4.866536458333333533e-06,4.935709635416666872e-06,-4.025621093750000000e+03,-4.476613281250000000e+03,1.000000000000000000e+00,2.303200247660857958e+00,-1.977187500000000000e+06,2.402300000000000000e+04,-9.721000000000000000e+03
4.870605468749999752e-06,4.939778645833333090e-06,-3.790199218750000000e+03,-4.696031250000000000e+03,1.000000000000000000e+00,2.249846478382210524e+00,-2.086875000000000000e+06,2.346600000000000000e+04,-1.215000000000000000e+04
4.874674479166666818e-06,4.943847656250000156e-06,-3.557804687500000000e+03,-4.884046875000000000e+03,1.000000000000000000e+00,2.200351629523087826e+00,-1.935937500000000000e+06,2.295000000000000000e+04,-1.009000000000000000e+04
4.878743489583333036e-06,4.947916666666666374e-06,-3.289421875000000000e+03,-5.054519531250000000e+03,1.000000000000000000e+00,2.147716913738761946e+00,-2.058750000000000000e+06,2.240100000000000000e+04,-1.273500000000000000e+04
4.882812500000000102e-06,4.951985677083333440e-06,-3.018074218750000000e+03,-5.208957031250000000e+03,1.000000000000000000e+00,2.095921093697810988e+00,-2.025937500000000000e+06,2.186100000000000000e+04,-1.271500000000000000e+04
4.886881510416666320e-06,4.956054687499999658e-06,-2.749949218750000000e+03,-5.368273437500000000e+03,1.000000000000000000e+00,2.044197179006292053e+00,-2.023125000000000000e+06,2.132100000000000000e+04,-1.320700000000000000e+04
4.890950520833333386e-06,4.960123697916666724e-06,-2.480171875000000000e+03,-5.496015625000000000e+03,1.000000000000000000e+00,1.994702330147169134e+00,-1.935937500000000000e+06,2.080500000000000000e+04,-1.223500000000000000e+04
4.895019531249999604e-06,4.964192708333332943e-06,-2.189753906250000000e+03,-5.606207031250000000e+03,1.000000000000000000e+00,1.943170163054136035e+00,-2.015625000000000000e+06,2.026800000000000000e+04,-1.413200000000000000e+04
4.899088541666666670e-06,4.968261718750000008e-06,-1.902492187500000000e+03,-5.721531250000000000e+03,1.000000000000000000e+00,1.891805775109777654e+00,-2.009062500000000000e+06,1.973200000000000000e+04,-1.455600000000000000e+04
4.903157552083333735e-06,4.972330729166667074e-06,-1.603789062500000000e+03,-5.804585937500000000e+03,1.000000000000000000e+00,1.840369481815987251e+00,-2.011875000000000000e+06,1.919500000000000000e+04,-1.514100000000000000e+04
4.907226562499999954e-06,4.976399739583333292e-06,-1.308277343750000000e+03,-5.881890625000000000e+03,1.000000000000000000e+00,1.789652242016518180e+00,-1.983750000000000000e+06,1.866600000000000000e+04,-1.519000000000000000e+04
4.911295572916667019e-06,4.980468750000000358e-06,-1.002675781250000000e+03,-5.939531250000000000e+03,1.000000000000000000e+00,1.738048169574052837e+00,-2.018437500000000000e+06,1.812800000000000000e+04,-1.632000000000000000e+04
4.915364583333333238e-06,4.984537760416666576e-06,-7.062226562500000000e+02,-5.998496093750000000e+03,1.000000000000000000e+00,1.688002046369283748e+00,-1.957500000000000000e+06,1.760600000000000000e+04,-1.580200000000000000e+04
4.919433593750000304e-06,4.988606770833333642e-06,-3.968632812500000000e+02,-6.015535156250000000e+03,1.000000000000000000e+00,1.636661626874736264e+00,-2.008125000000000000e+06,1.707100000000000000e+04,-1.720100000000000000e+04
4.923502604166666522e-06,4.992675781249999860e-06,-9.171875000000000000e+01,-6.028542968750000000e+03,1.000000000000000000e+00,1.586016292424699436e+00,-1.980937500000000000e+06,1.654200000000000000e+04,-1.726600000000000000e+04
4.927571614583333588e-06,4.996744791666666926e-06,2.205039062500000000e+02,-6.034207031250000000e+03,1.000000000000000000e+00,1.534268409283369827e+00,-2.024062500000000000e+06,1.600300000000000000e+04,-1.854100000000000000e+04
4.931640624999999806e-06,5.000813802083333145e-06,5.223867187500000000e+02,-5.998027343750000000e+03,1.000000000000000000e+00,1.483910696231061310e+00,-1.969687500000000000e+06,1.547700000000000000e+04,-1.813900000000000000e+04
4.935709635416666872e-06,5.004882812500000210e-06,8.382851562500000000e+02,-5.962859375000000000e+03,1.000000000000000000e+00,1.431132169747871163e+00,-2.064375000000000000e+06,1.492700000000000000e+04,-2.030500000000000000e+04
4.939778645833333090e-06,5.008951822916666429e-06,1.139066406250000000e+03,-5.924386718750000000e+03,1.000000000000000000e+00,1.380846362044994891e+00,-1.966875000000000000e+06,1.440200000000000000e+04,-1.916600000000000000e+04
4.943847656250000156e-06,5.013020833333333494e-06,1.431828125000000000e+03,-5.848164062500000000e+03,1.000000000000000000e+00,1.330680396591172210e+00,-1.962187500000000000e+06,1.387900000000000000e+04,-1.960900000000000000e+04
4.947916666666666374e-06,5.017089843749999713e-06,1.734515625000000000e+03,-5.770562500000000000e+03,1.000000000000000000e+00,1.278812671200789008e+00,-2.028750000000000000e+06,1.333800000000000000e+04,-2.128600000000000000e+04
4.951985677083333440e-06,5.021158854166666778e-06,2.029500000000000000e+03,-5.680628906250000000e+03,1.000000000000000000e+00,1.227663999304727138e+00,-2.000625000000000000e+06,1.280500000000000000e+04,-2.133900000000000000e+04
4.956054687499999658e-06,5.025227864583332997e-06,2.301875000000000000e+03,-5.568867187500000000e+03,1.000000000000000000e+00,1.178840267040304424e+00,-1.909687500000000000e+06,1.229500000000000000e+04,-2.029700000000000000e+04
4.960123697916666724e-06,5.029296875000000062e-06,2.598089843750000000e+03,-5.430089843750000000e+03,1.000000000000000000e+00,1.124527759769228474e+00,-2.124375000000000000e+06,1.172900000000000000e+04,-2.452700000000000000e+04
4.964192708333332943e-06,5.033365885416666281e-06,2.878402343750000000e+03,-5.307242187500000000e+03,1.000000000000000000e+00,1.073834488419570299e+00,-1.982812500000000000e+06,1.120000000000000000e+04,-2.264000000000000000e+04
4.968261718750000008e-06,5.037434895833333346e-06,3.136703125000000000e+03,-5.152449218750000000e+03,1.000000000000000000e+00,1.023956144363476151e+00,-1.950937500000000000e+06,1.068000000000000000e+04,-2.261600000000000000e+04
4.972330729166667074e-06,5.041503906250000412e-06,3.393453125000000000e+03,-4.978042968750000000e+03,1.000000000000000000e+00,9.724719141700643998e-01,-2.013750000000000000e+06,1.014300000000000000e+04,-2.422500000000000000e+04
4.976399739583333292e-06,5.045572916666666631e-06,3.659324218750000000e+03,-4.801167968750000000e+03,1.000000000000000000e+00,9.195495769880097647e-01,-2.070000000000000000e+06,9.591000000000000000e+03,-2.573700000000000000e+04
4.980468750000000358e-06,5.049641927083333696e-06,3.888503906250000000e+03,-4.603847656250000000e+03,1.000000000000000000e+00,8.694315484338085431e-01,-1.960312500000000000e+06,9.068000000000000000e+03,-2.438800000000000000e+04
4.984537760416666576e-06,5.053710937499999915e-06,4.118175781250000000e+03,-4.407800781250000000e+03,1.000000000000000000e+00,8.193614567792287806e-01,-1.958437500000000000e+06,8.546000000000000000e+03,-2.487800000000000000e+04
4.988606770833333642e-06,5.057779947916666980e-06,4.337988281250000000e+03,-4.192742187500000000e+03,1.000000000000000000e+00,7.683805640318419616e-01,-1.994062500000000000e+06,8.014000000000000000e+03,-2.601800000000000000e+04
4.992675781249999860e-06,5.061848958333333199e-06,4.552007812500000000e+03,-3.964878906250000000e+03,1.000000000000000000e+00,7.165607755410801083e-01,-2.026875000000000000e+06,7.474000000000000000e+03,-2.711800000000000000e+04
4.996744791666666926e-06,5.065917968750000264e-06,4.735640625000000000e+03,-3.724140625000000000e+03,1.000000000000000000e+00,6.663948100872575386e-01,-1.962187500000000000e+06,6.950000000000000000e+03,-2.653800000000000000e+04
5.000813802083333145e-06,5.069986979166666483e-06,4.936609375000000000e+03,-3.469339843750000000e+03,1.000000000000000000e+00,6.125856402622065211e-01,-2.104687500000000000e+06,6.389000000000000000e+03,-2.953100000000000000e+04
5.004882812500000210e-06,5.074055989583333548e-06,5.101097656250000000e+03,-3.221253906250000000e+03,1.000000000000000000e+00,5.632346021019482007e-01,-1.930312500000000000e+06,5.874000000000000000e+03,-2.707000000000000000e+04
5.008951822916666429e-06,5.078124999999999767e-06,5.250730468750000000e+03,-2.948964843750000000e+03,1.000000000000000000e+00,5.117264034587255539e-01,-2.014687500000000000e+06,5.337000000000000000e+03,-2.904700000000000000e+04
5.013020833333333494e-06,5.082194010416666832e-06,5.397246093750000000e+03,-2.668015625000000000e+03,1.000000000000000000e+00,4.590916876743995623e-01,-2.058750000000000000e+06,4.788000000000000000e+03,-3.034800000000000000e+04
5.017089843749999713e-06,5.086263020833333051e-06,5.532691406250000000e+03,-2.407695312500000000e+03,1.000000000000000000e+00,4.104597030084625731e-01,-1.902187500000000000e+06,4.281000000000000000e+03,-2.818300000000000000e+04
5.021158854166666778e-06,5.090332031250000117e-06,5.642019531250000000e+03,-2.117476562500000000e+03,1.000000000000000000e+00,3.590473781644828999e-01,-2.010937500000000000e+06,3.745000000000000000e+03,-3.057500000000000000e+04
5.025227864583332997e-06,5.094401041666666335e-06,5.748664062500000000e+03,-1.821230468750000000e+03,1.000000000000000000e+00,3.067961575771282479e-01,-2.043750000000000000e+06,3.200000000000000000e+03,-3.168000000000000000e+04
5.029296875000000062e-06,5.098470052083333401e-06,5.838144531250000000e+03,-1.530050781250000000e+03,1.000000000000000000e+00,2.563186022757663607e-01,-1.974375000000000000e+06,2.673000000000000000e+03,-3.102300000000000000e+04
5.033365885416666281e-06,5.102539062499999619e-06,5.890605468750000000e+03,-1.242300781250000000e+03,1.000000000000000000e+00,2.078543967585043672e-01,-1.895625000000000000e+06,2.168000000000000000e+03,-3.018400000000000000e+04
5.037434895833333346e-06,5.106608072916666685e-06,5.955460937500000000e+03,-9.313125000000000000e+02,1.000000000000000000e+00,1.551238071749354575e-01,-2.062500000000000000e+06,1.618000000000000000e+03,-3.276800000000000000e+04
5.041503906250000412e-06,5.110677083333333750e-06,5.997257812500000000e+03,-6.152460937500000000e+02,1.000000000000000000e+00,1.022254384426915519e-01,-2.069062500000000000e+06,1.066000000000000000e+03,-3.276800000000000000e+04
5.045572916666666631e-06,5.114746093749999969e-06,6.026457031250000000e+03,-3.051953125000000000e+02,1.000000000000000000e+00,5.059739755041544468e-02,-2.019375000000000000e+06,5.270000000000000000e+02,-3.276800000000000000e+04
5.049641927083333696e-06,5.118815104166667034e-06,6.026531250000000000e+03,1.199218750000000000e+01,1.000000000000000000e+00,-1.989381334289191082e-03,-2.056875000000000000e+06,-2.100000000000000000e+01,-3.276800000000000000e+04
5.053710937499999915e-06,5.122884114583333253e-06,6.022457031250000000e+03,3.097109375000000000e+02,1.000000000000000000e+00,-5.138835639416897832e-02,-1.932187500000000000e+06,-5.360000000000000000e+02,-3.276800000000000000e+04
5.057779947916666980e-06,5.126953125000000318e-06,6.002839843750000000e+03,6.075351562500000000e+02,1.000000000000000000e+00,-1.008592368034809117e-01,-1.935000000000000000e+06,-1.052000000000000000e+03,-3.276800000000000000e+04
5.061848958333333199e-06,5.131022135416666537e-06,5.952710937500000000e+03,9.175468750000000000e+02,1.000000000000000000e+00,-1.529187097923498662e-01,-2.036250000000000000e+06,-1.595000000000000000e+03,-3.276800000000000000e+04
5.065917968750000264e-06,5.135091145833333603e-06,5.905003906250000000e+03,1.217925781250000000e+03,1.000000000000000000e+00,-2.033962650937117256e-01,-1.974375000000000000e+06,-2.122000000000000000e+03,-3.276800000000000000e+04
5.069986979166666483e-06,5.139160156249999821e-06,5.838796875000000000e+03,1.515265625000000000e+03,1.000000000000000000e+00,-2.539217572946950163e-01,-1.976250000000000000e+06,-2.649000000000000000e+03,-3.276800000000000000e+04
5.074055989583333548e-06,5.143229166666666887e-06,5.744925781250000000e+03,1.805355468750000000e+03,1.000000000000000000e+00,-3.044712179454890366e-01,-1.977187500000000000e+06,-3.176000000000000000e+03,-3.276800000000000000e+04
5.078124999999999767e-06,5.147298177083333105e-06,5.644679687500000000e+03,2.116273437500000000e+03,1.000000000000000000e+00,-3.587118198671329083e-01,-2.121562500000000000e+06,-3.742000000000000000e+03,-3.276800000000000000e+04
5.082194010416666832e-06,5.151367187500000171e-06,5.536710937500000000e+03,2.392914062500000000e+03,1.000000000000000000e+00,-4.079430157783376920e-01,-1.925625000000000000e+06,-4.255000000000000000e+03,-3.276800000000000000e+04
5.086263020833333051e-06,5.155436197916666389e-06,5.394582031250000000e+03,2.663972656250000000e+03,1.000000000000000000e+00,-4.587081924774281116e-01,-1.985625000000000000e+06,-4.785000000000000000e+03,-3.276800000000000000e+04
5.090332031250000117e-06,5.159505208333333455e-06,5.259492187500000000e+03,2.949417968750000000e+03,1.000000000000000000e+00,-5.110792553138363559e-01,-2.048437500000000000e+06,-5.331000000000000000e+03,-3.276800000000000000e+04
5.094401041666666335e-06,5.163574218749999673e-06,5.113488281250000000e+03,3.203886718750000000e+03,1.000000000000000000e+00,-5.597112399797733451e-01,-1.902187500000000000e+06,-5.838000000000000000e+03,-3.276800000000000000e+04
5.098470052083333401e-06,5.167643229166666739e-06,4.936132812500000000e+03,3.456148437500000000e+03,1.000000000000000000e+00,-6.108359434260244303e-01,-1.999687500000000000e+06,-6.372000000000000000e+03,-3.276800000000000000e+04
5.102539062499999619e-06,5.171712239583332957e-06,4.750796875000000000e+03,3.717816406250000000e+03,1.000000000000000000e+00,-6.640219335559969238e-01,-2.080312500000000000e+06,-6.926000000000000000e+03,-3.276800000000000000e+04
5.106608072916666685e-06,5.175781250000000023e-06,4.564050781250000000e+03,3.954191406250000000e+03,1.000000000000000000e+00,-7.139242460619016351e-01,-1.951875000000000000e+06,-7.447000000000000000e+03,-3.276800000000000000e+04
5.110677083333333750e-06,5.179850260416667089e-06,4.345324218750000000e+03,4.174835937500000000e+03,1.000000000000000000e+00,-7.653845078055028228e-01,-2.012812500000000000e+06,-7.984000000000000000e+03,-3.276800000000000000e+04
5.114746093749999969e-06,5.183919270833333307e-06,4.119023437500000000e+03,4.397753906250000000e+03,1.000000000000000000e+00,-8.181150973890717326e-01,-2.062500000000000000e+06,-8.534000000000000000e+03,-3.276800000000000000e+04
5.118815104166667034e-06,5.187988281250000373e-06,3.902941406250000000e+03,4.613804687500000000e+03,1.000000000000000000e+00,-8.686645580398657529e-01,-1.977187500000000000e+06,-9.061000000000000000e+03,-3.276800000000000000e+04
5.122884114583333253e-06,5.192057291666666591e-06,3.654753906250000000e+03,4.793140625000000000e+03,1.000000000000000000e+00,-9.193578293895240394e-01,-1.982812500000000000e+06,-9.590000000000000000e+03,-3.276800000000000000e+04
5.126953125000000318e-06,5.196126302083333657e-06,3.388847656250000000e+03,4.979332031250000000e+03,1.000000000000000000e+00,-9.732389045640071901e-01,-2.107500000000000000e+06,-1.015200000000000000e+04,-3.276800000000000000e+04
5.131022135416666537e-06,5.200195312499999875e-06,3.157507812500000000e+03,5.154738281250000000e+03,1.000000000000000000e+00,-1.021199772635244196e+00,-1.875937500000000000e+06,-1.065200000000000000e+04,-3.276800000000000000e+04
5.135091145833333603e-06,5.204264322916666941e-06,2.882359375000000000e+03,5.295972656250000000e+03,1.000000000000000000e+00,-1.072372412981116740e+00,-2.001562500000000000e+06,-1.118600000000000000e+04,-3.276800000000000000e+04
5.139160156249999821e-06,5.208333333333333159e-06,2.602777343750000000e+03,5.433558593750000000e+03,1.000000000000000000e+00,-1.124072359222825002e+00,-2.022187500000000000e+06,-1.172500000000000000e+04,-3.276800000000000000e+04
5.143229166666666887e-06,5.212402343750000225e-06,2.320703125000000000e+03,5.566117187500000000e+03,1.000000000000000000e+00,-1.175772305464533263e+00,-2.022187500000000000e+06,-1.226400000000000000e+04,-3.276800000000000000e+04
5.147298177083333105e-06,5.216471354166666444e-06,2.038316406250000000e+03,5.673316406250000000e+03,1.000000000000000000e+00,-1.225866365568923699e+00,-1.959375000000000000e+06,-1.278700000000000000e+04,-3.276800000000000000e+04
5.151367187500000171e-06,5.220540364583333509e-06,1.745042968750000000e+03,5.767496093750000000e+03,1.000000000000000000e+00,-1.276991069015174896e+00,-1.999687500000000000e+06,-1.332000000000000000e+04,-3.276800000000000000e+04
5.155436197916666389e-06,5.224609374999999728e-06,1.444050781250000000e+03,5.858691406250000000e+03,1.000000000000000000e+00,-1.329122447353475955e+00,-2.039062500000000000e+06,-1.386400000000000000e+04,-3.276800000000000000e+04
5.159505208333333455e-06,5.228678385416666793e-06,1.144210937500000000e+03,5.922468750000000000e+03,1.000000000000000000e+00,-1.379959529401998619e+00,-1.988437500000000000e+06,-1.439400000000000000e+04,-3.276800000000000000e+04
5.163574218749999673e-06,5.232747395833333012e-06,8.362421875000000000e+02,5.968914062500000000e+03,1.000000000000000000e+00,-1.431611538744085310e+00,-2.020312500000000000e+06,-1.493300000000000000e+04,-3.276800000000000000e+04
5.167643229166666739e-06,5.236816406250000077e-06,5.294218750000000000e+02,6.003046875000000000e+03,1.000000000000000000e+00,-1.482832115989579425e+00,-2.003437500000000000e+06,-1.546700000000000000e+04,-3.276800000000000000e+04
5.171712239583332957e-06,5.240885416666666296e-06,2.338437500000000000e+02,6.023363281250000000e+03,1.000000000000000000e+00,-1.531991406551352020e+00,-1.922812500000000000e+06,-1.598000000000000000e+04,-3.276800000000000000e+04
5.175781250000000023e-06,5.244954427083333361e-06,-8.379687500000000000e+01,6.024890625000000000e+03,1.000000000000000000e+00,-1.584698027685110144e+00,-2.061562500000000000e+06,-1.652900000000000000e+04,-3.276800000000000000e+04
5.179850260416667089e-06,5.249023437500000427e-06,-3.908476562500000000e+02,6.016132812500000000e+03,1.000000000000000000e+00,-1.635678920432497074e+00,-1.994062500000000000e+06,-1.706100000000000000e+04,-3.276800000000000000e+04
5.183919270833333307e-06,5.253092447916666645e-06,-6.929492187500000000e+02,5.995433593750000000e+03,1.000000000000000000e+00,-1.685868854336130429e+00,-1.963125000000000000e+06,-1.758500000000000000e+04,-3.276800000000000000e+04
5.187988281250000373e-06,5.257161458333333711e-06,-1.000496093750000000e+03,5.944117187500000000e+03,1.000000000000000000e+00,-1.737544832128027794e+00,-2.021250000000000000e+06,-1.812400000000000000e+04,-3.276800000000000000e+04
5.192057291666666591e-06,5.261230468749999930e-06,-1.304042968750000000e+03,5.878878906250000000e+03,1.000000000000000000e+00,-1.789076999221061115e+00,-2.015625000000000000e+06,-1.866100000000000000e+04,-3.276800000000000000e+04
5.196126302083333657e-06,5.265299479166666995e-06,-1.608523437500000000e+03,5.812539062500000000e+03,1.000000000000000000e+00,-1.840776945462769376e+00,-2.022187500000000000e+06,-1.920000000000000000e+04,-3.276800000000000000e+04
5.200195312499999875e-06,5.269368489583333214e-06,-1.891832031250000000e+03,5.715046875000000000e+03,1.000000000000000000e+00,-1.890463541920377688e+00,-1.943437500000000000e+06,-1.971900000000000000e+04,-3.276800000000000000e+04
5.204264322916666941e-06,5.273437500000000279e-06,-2.188097656250000000e+03,5.612062500000000000e+03,1.000000000000000000e+00,-1.942570951808868074e+00,-2.038125000000000000e+06,-2.026200000000000000e+04,-3.276800000000000000e+04
5.208333333333333159e-06,5.277506510416666498e-06,-2.481277343750000000e+03,5.506281250000000000e+03,1.000000000000000000e+00,-1.994175024251333417e+00,-2.018437500000000000e+06,-2.080000000000000000e+04,-3.276800000000000000e+04
5.212402343750000225e-06,5.281575520833333563e-06,-2.751878906250000000e+03,5.363812500000000000e+03,1.000000000000000000e+00,-2.044820358701370466e+00,-1.980937500000000000e+06,-2.132900000000000000e+04,-3.276800000000000000e+04
5.216471354166666444e-06,5.285644531249999782e-06,-3.017218750000000000e+03,5.219085937500000000e+03,1.000000000000000000e+00,-2.094962355705382251e+00,-1.961250000000000000e+06,-2.185200000000000000e+04,-3.276800000000000000e+04
5.220540364583333509e-06,5.289713541666666847e-06,-3.288035156250000000e+03,5.057347656250000000e+03,1.000000000000000000e+00,-2.147285481642168925e+00,-2.046562500000000000e+06,-2.239700000000000000e+04,-3.276800000000000000e+04
5.224609374999999728e-06,5.293782552083333066e-06,-3.540753906250000000e+03,4.887347656250000000e+03,1.000000000000000000e+00,-2.197763036943531034e+00,-1.974375000000000000e+06,-2.292400000000000000e+04,-3.276800000000000000e+04
5.228678385416666793e-06,5.297851562500000131e-06,-3.777351562500000000e+03,4.694390625000000000e+03,1.000000000000000000e+00,-2.248360434493946514e+00,-1.979062500000000000e+06,-2.345200000000000000e+04,-3.276800000000000000e+04
5.232747395833333012e-06,5.301920572916666350e-06,-4.028785156250000000e+03,4.488375000000000000e+03,1.000000000000000000e+00,-2.302289446568051012e+00,-2.109375000000000000e+06,-2.401400000000000000e+04,-3.276800000000000000e+04
5.236816406250000077e-06,5.305989583333333416e-06,-4.247062500000000000e+03,4.285476562500000000e+03,1.000000000000000000e+00,-2.351688421627930570e+00,-1.932187500000000000e+06,-2.452900000000000000e+04,-3.276800000000000000e+04
5.240885416666666296e-06,5.310058593749999634e-06,-4.450039062500000000e+03,4.066152343750000000e+03,1.000000000000000000e+00,-2.401231207386674615e+00,-1.937812500000000000e+06,-2.504600000000000000e+04,-3.276800000000000000e+04
5.244954427083333361e-06,5.314127604166666700e-06,-4.662250000000000000e+03,3.824468750000000000e+03,1.000000000000000000e+00,-2.454608945115133167e+00,-2.087812500000000000e+06,-2.560300000000000000e+04,-3.276800000000000000e+04
5.249023437499999580e-06,5.318196614583332918e-06,-4.851257812500000000e+03,3.596367187500000000e+03,1.000000000000000000e+00,-2.503672361877662844e+00,-1.919062500000000000e+06,-2.611500000000000000e+04,-3.276800000000000000e+04
5.253092447916666645e-06,5.322265624999999984e-06,-5.017980468750000000e+03,3.325855468750000000e+03,1.000000000000000000e+00,-2.556283109212178051e+00,-2.057812500000000000e+06,-2.666300000000000000e+04,-3.276800000000000000e+04
5.257161458333333711e-06,5.326334635416667049e-06,-5.191695312500000000e+03,3.068765625000000000e+03,1.000000000000000000e+00,-2.607743370955779127e+00,-2.012812500000000000e+06,-2.720000000000000000e+04,-3.276800000000000000e+04
5.261230468749999930e-06,5.330403645833333268e-06,-5.348066406250000000e+03,2.795164062500000000e+03,1.000000000000000000e+00,-2.659994591543133780e+00,-2.043750000000000000e+06,-2.774500000000000000e+04,-3.276800000000000000e+04
5.265299479166666995e-06,5.334472656250000333e-06,-5.470433593750000000e+03,2.532386718750000000e+03,1.000000000000000000e+00,-2.708027364963803141e+00,-1.878750000000000000e+06,-2.824600000000000000e+04,-3.276800000000000000e+04
5.269368489583333214e-06,5.338541666666666552e-06,-5.596394531250000000e+03,2.241273437500000000e+03,1.000000000000000000e+00,-2.760662080748129021e+00,-2.058750000000000000e+06,-2.879500000000000000e+04,-3.276800000000000000e+04
5.273437500000000279e-06,5.342610677083333617e-06,-5.714253906250000000e+03,1.952070312500000000e+03,1.000000000000000000e+00,-2.812409963889458631e+00,-2.024062500000000000e+06,-2.933500000000000000e+04,-3.276800000000000000e+04
5.277506510416666498e-06,5.346679687499999836e-06,-5.790578125000000000e+03,1.667636718750000000e+03,1.000000000000000000e+00,-2.861185759254260219e+00,-1.907812500000000000e+06,-2.984400000000000000e+04,-3.276800000000000000e+04
5.281575520833333563e-06,5.350748697916666902e-06,-5.876171875000000000e+03,1.361167968750000000e+03,1.000000000000000000e+00,-2.913964285737450588e+00,-2.064375000000000000e+06,-3.039400000000000000e+04,-3.276800000000000000e+04
5.285644531249999782e-06,5.354817708333333120e-06,-5.947289062500000000e+03,1.061355468750000000e+03,1.000000000000000000e+00,-2.964993115384458644e+00,-1.995937500000000000e+06,-3.092600000000000000e+04,-3.276800000000000000e+04
5.289713541666666847e-06,5.358886718750000186e-06,-5.978367187500000000e+03,7.592070312500000000e+02,1.000000000000000000e+00,-3.015278923087334917e+00,-1.966875000000000000e+06,-3.145100000000000000e+04,-3.276800000000000000e+04
5.293782552083333066e-06,5.362955729166666404e-06,-6.007250000000000000e+03,4.479921875000000000e+02,1.000000000000000000e+00,-3.067170616927529014e+00,-2.029687500000000000e+06,-3.199200000000000000e+04,-3.276800000000000000e+04
5.297851562500000131e-06,5.367024739583333470e-06,-6.022585937500000000e+03,1.344960937500000000e+02,1.000000000000000000e+00,-3.119254058366208504e+00,-2.037187500000000000e+06,-3.253500000000000000e+04,-3.276800000000000000e+04
5.301920572916666350e-06,5.371093749999999688e-06,-6.022968750000000000e+03,-1.581992187500000000e+02,1.000000000000000000e+00,3.115323232597251302e+00,-1.901250000000000000e+06,3.249400000000000000e+04,4.600000000000000000e+01
5.305989583333333416e-06,5.375162760416666754e-06,-5.993324218750000000e+03,-4.763007812500000000e+02,1.000000000000000000e+00,3.062281053166143518e+00,-2.074687500000000000e+06,3.194000000000000000e+04,-3.468000000000000000e+03
5.310058593749999634e-06,5.379231770833332972e-06,-5.972683593750000000e+03,-7.907578125000000000e+02,1.000000000000000000e+00,3.009957927229356400e+00,-2.046562500000000000e+06,3.139500000000000000e+04,-3.533000000000000000e+03
5.314127604166666700e-06,5.383300781250000038e-06,-5.939136718750000000e+03,-1.086449218750000000e+03,1.000000000000000000e+00,2.960654825968719539e+00,-1.928437500000000000e+06,3.088000000000000000e+04,-2.032000000000000000e+03
5.318196614583332918e-06,5.387369791666666256e-06,-5.863515625000000000e+03,-1.381738281250000000e+03,1.000000000000000000e+00,2.910153302217547200e+00,-1.975312500000000000e+06,3.035400000000000000e+04,-3.358000000000000000e+03
5.322265624999999984e-06,5.391438802083333322e-06,-5.794933593750000000e+03,-1.687667968750000000e+03,1.000000000000000000e+00,2.858189703027921080e+00,-2.032500000000000000e+06,2.981200000000000000e+04,-4.876000000000000000e+03
5.326334635416667049e-06,5.395507812500000388e-06,-5.704152343750000000e+03,-1.974351562500000000e+03,1.000000000000000000e+00,2.808359295871448502e+00,-1.949062500000000000e+06,2.929200000000000000e+04,-3.972000000000000000e+03
5.330403645833333268e-06,5.399576822916666606e-06,-5.579414062500000000e+03,-2.265730468750000000e+03,1.000000000000000000e+00,2.755844422336175992e+00,-2.054062500000000000e+06,2.874400000000000000e+04,-6.312000000000000000e+03
5.334472656250000333e-06,5.403645833333333672e-06,-5.463597656250000000e+03,-2.557695312500000000e+03,1.000000000000000000e+00,2.703760980897496058e+00,-2.037187500000000000e+06,2.820100000000000000e+04,-6.567000000000000000e+03
5.338541666666666552e-06,5.407714843749999890e-06,-5.330910156250000000e+03,-2.819613281250000000e+03,1.000000000000000000e+00,2.655081059331937610e+00,-1.904062500000000000e+06,2.769300000000000000e+04,-4.803000000000000000e+03
5.342610677083333617e-06,5.411783854166666956e-06,-5.169839843750000000e+03,-3.089230468750000000e+03,1.000000000000000000e+00,2.602973649443447446e+00,-2.038125000000000000e+06,2.715000000000000000e+04,-7.634000000000000000e+03
5.346679687499999836e-06,5.415852864583333174e-06,-5.008296875000000000e+03,-3.358507812500000000e+03,1.000000000000000000e+00,2.550866239554956838e+00,-2.038125000000000000e+06,2.660600000000000000e+04,-8.178000000000000000e+03
5.350748697916666902e-06,5.419921875000000240e-06,-4.842031250000000000e+03,-3.607082031250000000e+03,1.000000000000000000e+00,2.501323453796212792e+00,-1.937812500000000000e+06,2.608900000000000000e+04,-6.983000000000000000e+03
5.354817708333333120e-06,5.423990885416666458e-06,-4.645660156250000000e+03,-3.835101562500000000e+03,1.000000000000000000e+00,2.451493046639740214e+00,-1.949062500000000000e+06,2.557000000000000000e+04,-7.694000000000000000e+03
5.358886718750000186e-06,5.428059895833333524e-06,-4.435300781250000000e+03,-4.084765625000000000e+03,1.000000000000000000e+00,2.397300381617717857e+00,-2.119687500000000000e+06,2.500400000000000000e+04,-1.117200000000000000e+04
5.362955729166666404e-06,5.432128906249999743e-06,-4.229062500000000000e+03,-4.308078125000000000e+03,1.000000000000000000e+00,2.346942668565409562e+00,-1.969687500000000000e+06,2.447900000000000000e+04,-9.137000000000000000e+03
5.367024739583333470e-06,5.436197916666666808e-06,-3.993343750000000000e+03,-4.508222656250000000e+03,1.000000000000000000e+00,2.295698122870104996e+00,-2.004375000000000000e+06,2.394500000000000000e+04,-1.026300000000000000e+04
5.371093749999999688e-06,5.440266927083333027e-06,-3.764468750000000000e+03,-4.703488281250000000e+03,1.000000000000000000e+00,2.245747873464578603e+00,-1.953750000000000000e+06,2.342400000000000000e+04,-9.920000000000000000e+03
5.375162760416666754e-06,5.444335937500000092e-06,-3.514343750000000000e+03,-4.899890625000000000e+03,1.000000000000000000e+00,2.192993315431198909e+00,-2.063437500000000000e+06,2.287300000000000000e+04,-1.234300000000000000e+04
5.379231770833332972e-06,5.448404947916666311e-06,-3.270656250000000000e+03,-5.063613281250000000e+03,1.000000000000000000e+00,2.144289425415829786e+00,-1.905000000000000000e+06,2.236500000000000000e+04,-1.014700000000000000e+04
5.383300781250000038e-06,5.452473958333333376e-06,-2.994445312500000000e+03,-5.227925781250000000e+03,1.000000000000000000e+00,2.090959624586993026e+00,-2.085937500000000000e+06,2.180900000000000000e+04,-1.379100000000000000e+04
5.387369791666666256e-06,5.456542968749999595e-06,-2.728125000000000000e+03,-5.382269531250000000e+03,1.000000000000000000e+00,2.039930794939984970e+00,-1.995937500000000000e+06,2.127700000000000000e+04,-1.278700000000000000e+04
5.391438802083333322e-06,5.460611979166666660e-06,-2.446957031250000000e+03,-5.513183593750000000e+03,1.000000000000000000e+00,1.988518470096005242e+00,-2.010937500000000000e+06,2.074100000000000000e+04,-1.357900000000000000e+04
5.395507812500000388e-06,5.464680989583333726e-06,-2.158589843750000000e+03,-5.625656250000000000e+03,1.000000000000000000e+00,1.937178050601457757e+00,-2.008125000000000000e+06,2.020500000000000000e+04,-1.406700000000000000e+04
5.399576822916666606e-06,5.468749999999999944e-06,-1.864312500000000000e+03,-5.734679687500000000e+03,1.000000000000000000e+00,1.885118577612588719e+00,-2.036250000000000000e+06,1.966200000000000000e+04,-1.509000000000000000e+04
5.403645833333333672e-06,5.472819010416667010e-06,-1.586312500000000000e+03,-5.823468750000000000e+03,1.000000000000000000e+00,1.836750245894569700e+00,-1.891875000000000000e+06,1.915800000000000000e+04,-1.313000000000000000e+04
5.407714843749999890e-06,5.476888020833333229e-06,-1.281355468750000000e+03,-5.883144531250000000e+03,1.000000000000000000e+00,1.785242047251347053e+00,-2.014687500000000000e+06,1.862000000000000000e+04,-1.576400000000000000e+04
5.411783854166666956e-06,5.480957031250000294e-06,-9.684492187500000000e+02,-5.947945312500000000e+03,1.000000000000000000e+00,1.732199867820238826e+00,-2.074687500000000000e+06,1.806700000000000000e+04,-1.734100000000000000e+04
5.415852864583333174e-06,5.485026041666666513e-06,-6.754101562500000000e+02,-5.994511718750000000e+03,1.000000000000000000e+00,1.682992640358844882e+00,-1.924687500000000000e+06,1.755400000000000000e+04,-1.529400000000000000e+04
5.419921875000000240e-06,5.489095052083333578e-06,-3.655195312500000000e+02,-6.016566406250000000e+03,1.000000000000000000e+00,1.631484441715622236e+00,-2.014687500000000000e+06,1.701700000000000000e+04,-1.736700000000000000e+04
5.423990885416666458e-06,5.493164062499999797e-06,-5.125781250000000000e+01,-6.030515625000000000e+03,1.000000000000000000e+00,1.579305126477699828e+00,-2.040937500000000000e+06,1.647200000000000000e+04,-1.836000000000000000e+04
5.428059895833333524e-06,5.497233072916666862e-06,2.531132812500000000e+02,-6.037421875000000000e+03,1.000000000000000000e+00,1.528899476525769963e+00,-1.971562500000000000e+06,1.594700000000000000e+04,-1.770100000000000000e+04
5.432128906249999743e-06,5.501302083333333081e-06,5.617656250000000000e+02,-5.995929687500000000e+03,1.000000000000000000e+00,1.477367309432736642e+00,-2.015625000000000000e+06,1.540900000000000000e+04,-1.899100000000000000e+04
5.436197916666666808e-06,5.505371093750000146e-06,8.824296875000000000e+02,-5.952097656250000000e+03,1.000000000000000000e+00,1.423630044957117757e+00,-2.101875000000000000e+06,1.484900000000000000e+04,-2.102300000000000000e+04
5.440266927083333027e-06,5.509440104166666365e-06,1.172757812500000000e+03,-5.922644531250000000e+03,1.000000000000000000e+00,1.375309650138720086e+00,-1.890000000000000000e+06,1.434500000000000000e+04,-1.791100000000000000e+04
5.444335937500000092e-06,5.513509114583333430e-06,1.472699218750000000e+03,-5.847589843750000000e+03,1.000000000000000000e+00,1.324089072893226193e+00,-2.003437500000000000e+06,1.381000000000000000e+04,-2.038200000000000000e+04
5.448404947916666311e-06,5.517578124999999649e-06,1.765546875000000000e+03,-5.756976562500000000e+03,1.000000000000000000e+00,1.273228022394892855e+00,-1.989375000000000000e+06,1.328000000000000000e+04,-2.067200000000000000e+04
5.452473958333333376e-06,5.521647135416666715e-06,2.066917968750000000e+03,-5.673601562500000000e+03,1.000000000000000000e+00,1.221432202353941676e+00,-2.025937500000000000e+06,1.274000000000000000e+04,-2.183600000000000000e+04
5.456542968749999595e-06,5.525716145833332933e-06,2.350199218750000000e+03,-5.561015625000000000e+03,1.000000000000000000e+00,1.170954647052580011e+00,-1.974375000000000000e+06,1.221300000000000000e+04,-2.148300000000000000e+04
5.460611979166666660e-06,5.529785156249999999e-06,2.627214843750000000e+03,-5.412167968750000000e+03,1.000000000000000000e+00,1.118871205613900299e+00,-2.037187500000000000e+06,1.167000000000000000e+04,-2.309800000000000000e+04
5.464680989583333726e-06,5.533854166666667064e-06,2.907171875000000000e+03,-5.283390625000000000e+03,1.000000000000000000e+00,1.067746502167649103e+00,-1.999687500000000000e+06,1.113700000000000000e+04,-2.299100000000000000e+04
5.468749999999999944e-06,5.537923177083333283e-06,3.167921875000000000e+03,-5.137609375000000000e+03,1.000000000000000000e+00,1.018251653308526405e+00,-1.935937500000000000e+06,1.062000000000000000e+04,-2.242000000000000000e+04
5.472819010416667010e-06,5.541992187500000348e-06,3.426789062500000000e+03,-4.957828125000000000e+03,1.000000000000000000e+00,9.660004327211718644e-01,-2.043750000000000000e+06,1.007500000000000000e+04,-2.480500000000000000e+04
5.476888020833333229e-06,5.546061197916666567e-06,3.684480468750000000e+03,-4.773308593750000000e+03,1.000000000000000000e+00,9.134376222862778949e-01,-2.055937500000000000e+06,9.527000000000000000e+03,-2.556100000000000000e+04
5.480957031250000294e-06,5.550130208333333632e-06,3.911269531250000000e+03,-4.585187500000000000e+03,1.000000000000000000e+00,8.645419846724230473e-01,-1.912500000000000000e+06,9.017000000000000000e+03,-2.362300000000000000e+04
5.485026041666666513e-06,5.554199218749999851e-06,4.144628906250000000e+03,-4.372980468750000000e+03,1.000000000000000000e+00,8.121948902858255881e-01,-2.047500000000000000e+06,8.471000000000000000e+03,-2.647300000000000000e+04
5.489095052083333578e-06,5.558268229166666916e-06,4.365257812500000000e+03,-4.155968750000000000e+03,1.000000000000000000e+00,7.608305023414673185e-01,-2.009062500000000000e+06,7.935000000000000000e+03,-2.635300000000000000e+04
5.493164062499999797e-06,5.562337239583333135e-06,4.571792968750000000e+03,-3.933242187500000000e+03,1.000000000000000000e+00,7.104727892891590235e-01,-1.969687500000000000e+06,7.410000000000000000e+03,-2.620600000000000000e+04
5.497233072916666862e-06,5.566406250000000201e-06,4.762187500000000000e+03,-3.692203125000000000e+03,1.000000000000000000e+00,6.594918965417720935e-01,-1.994062500000000000e+06,6.878000000000000000e+03,-2.715400000000000000e+04
5.501302083333333081e-06,5.570475260416666419e-06,4.954636718750000000e+03,-3.436816406250000000e+03,1.000000000000000000e+00,6.064497171106639772e-01,-2.074687500000000000e+06,6.325000000000000000e+03,-2.908300000000000000e+04
5.505371093750000146e-06,5.574544270833333485e-06,5.124582031250000000e+03,-3.182257812500000000e+03,1.000000000000000000e+00,5.557085088613842316e-01,-1.984687500000000000e+06,5.796000000000000000e+03,-2.807600000000000000e+04
5.509440104166666365e-06,5.578613281249999703e-06,5.266488281250000000e+03,-2.919636718750000000e+03,1.000000000000000000e+00,5.061896915524508600e-01,-1.936875000000000000e+06,5.279000000000000000e+03,-2.777700000000000000e+04
5.513509114583333430e-06,5.582682291666666769e-06,5.417707031250000000e+03,-2.638335937500000000e+03,1.000000000000000000e+00,4.531714805711534177e-01,-2.073750000000000000e+06,4.726000000000000000e+03,-3.066600000000000000e+04
5.517578124999999649e-06,5.586751302083332987e-06,5.551695312500000000e+03,-2.364914062500000000e+03,1.000000000000000000e+00,4.026939252697915306e-01,-1.974375000000000000e+06,4.200000000000000000e+03,-2.949600000000000000e+04
5.521647135416666715e-06,5.590820312500000053e-06,5.655945312500000000e+03,-2.077425781250000000e+03,1.000000000000000000e+00,3.520006539201332441e-01,-1.982812500000000000e+06,3.671000000000000000e+03,-3.016900000000000000e+04
5.525716145833332933e-06,5.594889322916666271e-06,5.760253906250000000e+03,-1.779714843750000000e+03,1.000000000000000000e+00,2.996535595335357294e-01,-2.047500000000000000e+06,3.125000000000000000e+03,-3.181900000000000000e+04
5.529785156249999999e-06,5.598958333333333337e-06,5.846312500000000000e+03,-1.490921875000000000e+03,1.000000000000000000e+00,2.497033101280095313e-01,-1.953750000000000000e+06,2.604000000000000000e+03,-3.074000000000000000e+04
5.533854166666667064e-06,5.603027343750000403e-06,5.906945312500000000e+03,-1.202835937500000000e+03,1.000000000000000000e+00,2.008795778635868445e-01,-1.909687500000000000e+06,2.095000000000000000e+03,-3.049700000000000000e+04
5.537923177083333283e-06,5.607096354166666621e-06,5.962621093750000000e+03,-8.885820312500000000e+02,1.000000000000000000e+00,1.479332722317215076e-01,-2.070937500000000000e+06,1.543000000000000000e+03,-3.276800000000000000e+04
5.541992187500000348e-06,5.611165364583333687e-06,6.018300781250000000e+03,-5.784765625000000000e+02,1.000000000000000000e+00,9.582586234323114960e-02,-2.038125000000000000e+06,9.990000000000000000e+02,-3.276800000000000000e+04
5.546061197916666567e-06,5.615234374999999905e-06,6.022195312500000000e+03,-2.814140625000000000e+02,1.000000000000000000e+00,4.669054023126920083e-02,-1.921875000000000000e+06,4.870000000000000000e+02,-3.231300000000000000e+04
5.550130208333333632e-06,5.619303385416666971e-06,6.017769531250000000e+03,3.028125000000000000e+01,1.000000000000000000e+00,-5.033374460249760360e-03,-2.023125000000000000e+06,-5.300000000000000000e+01,-3.276800000000000000e+04
5.554199218749999851e-06,5.623372395833333189e-06,6.019359375000000000e+03,3.500546875000000000e+02,1.000000000000000000e+00,-5.809952234116865649e-02,-2.075625000000000000e+06,-6.060000000000000000e+02,-3.276800000000000000e+04
5.558268229166666916e-06,5.627441406250000255e-06,5.994816406250000000e+03,6.330859375000000000e+02,1.000000000000000000e+00,-1.052214946690307046e-01,-1.843125000000000000e+06,-1.098000000000000000e+03,-3.255400000000000000e+04
5.562337239583333135e-06,5.631510416666666473e-06,5.939324218750000000e+03,9.412460937500000000e+02,1.000000000000000000e+00,-1.571611254088460807e-01,-2.031562500000000000e+06,-1.640000000000000000e+03,-3.276800000000000000e+04
5.566406250000000201e-06,5.635579427083333539e-06,5.895128906250000000e+03,1.257203125000000000e+03,1.000000000000000000e+00,-2.101074310407114176e-01,-2.070937500000000000e+06,-2.192000000000000000e+03,-3.276800000000000000e+04
5.570475260416666419e-06,5.639648437499999757e-06,5.821492187500000000e+03,1.544957031250000000e+03,1.000000000000000000e+00,-2.594105323013483622e-01,-1.928437500000000000e+06,-2.706000000000000000e+03,-3.276800000000000000e+04
5.574544270833333485e-06,5.643717447916666823e-06,5.732972656250000000e+03,1.844308593750000000e+03,1.000000000000000000e+00,-3.112303207921101600e-01,-2.026875000000000000e+06,-3.247000000000000000e+03,-3.276800000000000000e+04
5.578613281249999703e-06,5.647786458333333042e-06,5.636824218750000000e+03,2.147968750000000000e+03,1.000000000000000000e+00,-3.640807526247326620e-01,-2.067187500000000000e+06,-3.798000000000000000e+03,-3.276800000000000000e+04
5.582682291666666769e-06,5.651855468750000107e-06,5.521394531250000000e+03,2.427898437500000000e+03,1.000000000000000000e+00,-4.142946549781766907e-01,-1.964062500000000000e+06,-4.322000000000000000e+03,-3.276800000000000000e+04
5.586751302083332987e-06,5.655924479166666326e-06,5.389343750000000000e+03,2.696832031250000000e+03,1.000000000000000000e+00,-4.639572829859743286e-01,-1.942500000000000000e+06,-4.840000000000000000e+03,-3.276800000000000000e+04
5.590820312500000053e-06,5.659993489583333391e-06,5.241859375000000000e+03,2.983699218750000000e+03,1.000000000000000000e+00,-5.174788314132967582e-01,-2.093437500000000000e+06,-5.398000000000000000e+03,-3.276800000000000000e+04
5.594889322916666271e-06,5.664062499999999610e-06,5.092250000000000000e+03,3.243382812500000000e+03,1.000000000000000000e+00,-5.671414594210943960e-01,-1.942500000000000000e+06,-5.916000000000000000e+03,-3.276800000000000000e+04
5.598958333333333337e-06,5.668131510416666675e-06,4.907390625000000000e+03,3.492550781250000000e+03,1.000000000000000000e+00,-6.185298158152633397e-01,-2.010000000000000000e+06,-6.452000000000000000e+03,-3.276800000000000000e+04
5.603027343750000403e-06,5.672200520833333741e-06,4.717902343750000000e+03,3.739046875000000000e+03,1.000000000000000000e+00,-6.701578567075394677e-01,-2.019375000000000000e+06,-6.990000000000000000e+03,-3.276800000000000000e+04
5.607096354166666621e-06,5.676269531249999959e-06,4.533378906250000000e+03,3.983460937500000000e+03,1.000000000000000000e+00,-7.209230334066298873e-01,-1.985625000000000000e+06,-7.520000000000000000e+03,-3.276800000000000000e+04
5.611165364583333687e-06,5.680338541666667025e-06,4.318472656250000000e+03,4.210375000000000000e+03,1.000000000000000000e+00,-7.727188534475810666e-01,-2.025937500000000000e+06,-8.060000000000000000e+03,-3.276800000000000000e+04
5.615234374999999905e-06,5.684407552083333243e-06,4.088066406250000000e+03,4.419250000000000000e+03,1.000000000000000000e+00,-8.243229258900464096e-01,-2.018437500000000000e+06,-8.598000000000000000e+03,-3.276800000000000000e+04
5.619303385416666971e-06,5.688476562500000309e-06,3.869605468750000000e+03,4.635199218750000000e+03,1.000000000000000000e+00,-8.751839763883797474e-01,-1.989375000000000000e+06,-9.129000000000000000e+03,-3.276800000000000000e+04
5.623372395833333189e-06,5.692545572916666528e-06,3.626906250000000000e+03,4.813718750000000000e+03,1.000000000000000000e+00,-9.250862888942844586e-01,-1.951875000000000000e+06,-9.649000000000000000e+03,-3.276800000000000000e+04
5.627441406250000255e-06,5.696614583333333593e-06,3.360050781250000000e+03,4.989066406250000000e+03,1.000000000000000000e+00,-9.780805314257712268e-01,-2.072812500000000000e+06,-1.020200000000000000e+04,-3.276800000000000000e+04
5.631510416666666473e-06,5.700683593749999812e-06,3.104460937500000000e+03,5.161500000000000000e+03,1.000000000000000000e+00,-1.029301108671265119e+00,-2.003437500000000000e+06,-1.073600000000000000e+04,-3.276800000000000000e+04
5.635579427083333539e-06,5.704752604166666877e-06,2.848859375000000000e+03,5.315128906250000000e+03,1.000000000000000000e+00,-1.078771989080577143e+00,-1.935000000000000000e+06,-1.125200000000000000e+04,-3.276800000000000000e+04
5.639648437499999757e-06,5.708821614583333096e-06,2.569511718750000000e+03,5.452746093750000000e+03,1.000000000000000000e+00,-1.130423998422664056e+00,-2.020312500000000000e+06,-1.179100000000000000e+04,-3.276800000000000000e+04
5.643717447916666823e-06,5.712890625000000161e-06,2.288535156250000000e+03,5.588062500000000000e+03,1.000000000000000000e+00,-1.182099976214561421e+00,-2.021250000000000000e+06,-1.233000000000000000e+04,-3.276800000000000000e+04
5.647786458333333042e-06,5.716959635416666380e-06,2.009562500000000000e+03,5.690632812500000000e+03,1.000000000000000000e+00,-1.231331172125766260e+00,-1.925625000000000000e+06,-1.284400000000000000e+04,-3.276800000000000000e+04
5.651855468750000107e-06,5.721028645833333445e-06,1.706964843750000000e+03,5.775804687500000000e+03,1.000000000000000000e+00,-1.283438582014256646e+00,-2.038125000000000000e+06,-1.338700000000000000e+04,-3.276800000000000000e+04
5.655924479166666326e-06,5.725097656249999664e-06,1.399804687500000000e+03,5.867433593750000000e+03,1.000000000000000000e+00,-1.336600603694418465e+00,-2.079375000000000000e+06,-1.394200000000000000e+04,-3.276800000000000000e+04
5.659993489583333391e-06,5.729166666666666729e-06,1.109902343750000000e+03,5.927152343750000000e+03,1.000000000000000000e+00,-1.385664020456948142e+00,-1.919062500000000000e+06,-1.445300000000000000e+04,-3.276800000000000000e+04
5.664062499999999610e-06,5.733235677083332948e-06,8.069960937500000000e+02,5.965957031250000000e+03,1.000000000000000000e+00,-1.436333323356795866e+00,-1.981875000000000000e+06,-1.498200000000000000e+04,-3.276800000000000000e+04
5.668131510416666675e-06,5.737304687500000014e-06,4.849609375000000000e+02,6.005546875000000000e+03,1.000000000000000000e+00,-1.490214398531279016e+00,-2.107500000000000000e+06,-1.554400000000000000e+04,-3.276800000000000000e+04
5.672200520833333741e-06,5.741373697916667079e-06,1.876093750000000000e+02,6.025699218750000000e+03,1.000000000000000000e+00,-1.539685278940590818e+00,-1.935000000000000000e+06,-1.606000000000000000e+04,-3.276800000000000000e+04
5.676269531249999959e-06,5.745442708333333298e-06,-1.158789062500000000e+02,6.021363281250000000e+03,1.000000000000000000e+00,-1.590042991992899113e+00,-1.969687500000000000e+06,-1.658500000000000000e+04,-3.276800000000000000e+04
5.680338541666667025e-06,5.749511718750000363e-06,-4.315585937500000000e+02,6.012535156250000000e+03,1.000000000000000000e+00,-1.642461991728928927e+00,-2.050312500000000000e+06,-1.713200000000000000e+04,-3.276800000000000000e+04
5.684407552083333243e-06,5.753580729166666582e-06,-7.340078125000000000e+02,5.987515625000000000e+03,1.000000000000000000e+00,-1.692771767881615652e+00,-1.967812500000000000e+06,-1.765700000000000000e+04,-3.276800000000000000e+04
5.688476562500000309e-06,5.757649739583333647e-06,-1.030394531250000000e+03,5.938156250000000000e+03,1.000000000000000000e+00,-1.742602175038088452e+00,-1.949062500000000000e+06,-1.817600000000000000e+04,-3.276800000000000000e+04
5.692545572916666528e-06,5.761718749999999866e-06,-1.341812500000000000e+03,5.877171875000000000e+03,1.000000000000000000e+00,-1.795260859272225229e+00,-2.059687500000000000e+06,-1.872600000000000000e+04,-3.276800000000000000e+04
5.696614583333333593e-06,5.765787760416666931e-06,-1.641671875000000000e+03,5.807054687500000000e+03,1.000000000000000000e+00,-1.846313657369044181e+00,-1.996875000000000000e+06,-1.925800000000000000e+04,-3.276800000000000000e+04
5.700683593749999812e-06,5.769856770833333150e-06,-1.926679687500000000e+03,5.710257812500000000e+03,1.000000000000000000e+00,-1.896215969874949003e+00,-1.951875000000000000e+06,-1.977900000000000000e+04,-3.276800000000000000e+04
5.704752604166666877e-06,5.773925781250000215e-06,-2.212402343750000000e+03,5.603425781250000000e+03,1.000000000000000000e+00,-1.946837335875175157e+00,-1.980000000000000000e+06,-2.030700000000000000e+04,-3.276800000000000000e+04
5.708821614583333096e-06,5.777994791666666434e-06,-2.512812500000000000e+03,5.484847656250000000e+03,1.000000000000000000e+00,-2.000406821202119101e+00,-2.095312500000000000e+06,-2.086500000000000000e+04,-3.276800000000000000e+04
5.712890625000000161e-06,5.782063802083333500e-06,-2.781410156250000000e+03,5.355144531250000000e+03,1.000000000000000000e+00,-2.049829764711809332e+00,-1.933125000000000000e+06,-2.138100000000000000e+04,-3.276800000000000000e+04
5.716959635416666380e-06,5.786132812499999718e-06,-3.045324218750000000e+03,5.193605468750000000e+03,1.000000000000000000e+00,-2.101122247306735691e+00,-2.006250000000000000e+06,-2.191600000000000000e+04,-3.276800000000000000e+04
5.721028645833333445e-06,5.790201822916666784e-06,-3.321007812500000000e+03,5.037328125000000000e+03,1.000000000000000000e+00,-2.153685057741629549e+00,-2.055937500000000000e+06,-2.246400000000000000e+04,-3.276800000000000000e+04
5.725097656249999664e-06,5.794270833333333002e-06,-3.567660156250000000e+03,4.866375000000000000e+03,1.000000000000000000e+00,-2.203419591098859431e+00,-1.945312500000000000e+06,-2.298300000000000000e+04,-3.276800000000000000e+04
5.729166666666666729e-06,5.798339843750000068e-06,-3.814488281250000000e+03,4.668886718750000000e+03,1.000000000000000000e+00,-2.255814622385078128e+00,-2.049375000000000000e+06,-2.352900000000000000e+04,-3.276800000000000000e+04
5.733235677083332948e-06,5.802408854166666286e-06,-4.049949218750000000e+03,4.463753906250000000e+03,1.000000000000000000e+00,-2.307634410875840203e+00,-2.026875000000000000e+06,-2.407000000000000000e+04,-3.276800000000000000e+04
5.737304687500000014e-06,5.806477864583333352e-06,-4.268253906250000000e+03,4.261480468750000000e+03,1.000000000000000000e+00,-2.356985449036098412e+00,-1.930312500000000000e+06,-2.458500000000000000e+04,-3.276800000000000000e+04
5.741373697916667079e-06,5.810546875000000417e-06,-4.474777343750000000e+03,4.037613281250000000e+03,1.000000000000000000e+00,-2.407510941237081870e+00,-1.976250000000000000e+06,-2.511200000000000000e+04,-3.276800000000000000e+04
5.745442708333333298e-06,5.814615885416666636e-06,-4.687140625000000000e+03,3.797992187500000000e+03,1.000000000000000000e+00,-2.460601057567811445e+00,-2.076562500000000000e+06,-2.566500000000000000e+04,-3.276800000000000000e+04
5.749511718750000363e-06,5.818684895833333702e-06,-4.869605468750000000e+03,3.565730468750000000e+03,1.000000000000000000e+00,-2.509544632081287308e+00,-1.914375000000000000e+06,-2.617600000000000000e+04,-3.276800000000000000e+04
5.753580729166666582e-06,5.822753906249999920e-06,-5.037066406250000000e+03,3.298894531250000000e+03,1.000000000000000000e+00,-2.561771884218831286e+00,-2.042812500000000000e+06,-2.672100000000000000e+04,-3.276800000000000000e+04
5.757649739583333647e-06,5.826822916666666986e-06,-5.210691406250000000e+03,3.038613281250000000e+03,1.000000000000000000e+00,-2.613663578059025383e+00,-2.029687500000000000e+06,-2.726200000000000000e+04,-3.276800000000000000e+04
5.761718749999999866e-06,5.830891927083333204e-06,-5.366437500000000000e+03,2.771488281250000000e+03,1.000000000000000000e+00,-2.664884155304519275e+00,-2.003437500000000000e+06,-2.779600000000000000e+04,-3.276800000000000000e+04
5.765787760416666931e-06,5.834960937500000270e-06,-5.486019531250000000e+03,2.496246093750000000e+03,1.000000000000000000e+00,-2.714570751762127809e+00,-1.943437500000000000e+06,-2.831400000000000000e+04,-3.276800000000000000e+04
5.769856770833333150e-06,5.839029947916666488e-06,-5.611136718750000000e+03,2.201640625000000000e+03,1.000000000000000000e+00,-2.767684836542668059e+00,-2.077500000000000000e+06,-2.886800000000000000e+04,-3.276800000000000000e+04
5.773925781250000215e-06,5.843098958333333554e-06,-5.721187500000000000e+03,1.923066406250000000e+03,1.000000000000000000e+00,-2.817323496100654801e+00,-1.941562500000000000e+06,-2.938600000000000000e+04,-3.276800000000000000e+04
5.777994791666666434e-06,5.847167968749999772e-06,-5.798070312500000000e+03,1.631218750000000000e+03,1.000000000000000000e+00,-2.867345650855613215e+00,-1.956562500000000000e+06,-2.990800000000000000e+04,-3.276800000000000000e+04
5.782063802083333500e-06,5.851236979166666838e-06,-5.885453125000000000e+03,1.316386718750000000e+03,1.000000000000000000e+00,-2.921538315877635572e+00,-2.119687500000000000e+06,-3.047300000000000000e+04,-3.276800000000000000e+04
5.786132812499999718e-06,5.855305989583333056e-06,-5.946207031250000000e+03,1.012054687500000000e+03,1.000000000000000000e+00,-2.972998577621236649e+00,-2.012812500000000000e+06,-3.101000000000000000e+04,-3.276800000000000000e+04
5.790201822916666784e-06,5.859375000000000122e-06,-5.989382812500000000e+03,7.155781250000000000e+02,1.000000000000000000e+00,-3.022685174078845183e+00,-1.943437500000000000e+06,-3.152800000000000000e+04,-3.276800000000000000e+04
5.794270833333333002e-06,5.863444010416666341e-06,-6.001953125000000000e+03,4.136367187500000000e+02,1.000000000000000000e+00,-3.072779234183235619e+00,-1.959375000000000000e+06,-3.205100000000000000e+04,-3.276800000000000000e+04
5.798339843750000068e-06,5.867513020833333406e-06,-6.030996093750000000e+03,9.791406250000000000e+01,1.000000000000000000e+00,-3.125366013067940152e+00,-2.056875000000000000e+06,-3.259900000000000000e+04,-3.276800000000000000e+04
5.802408854166666286e-06,5.871582031249999625e-06,-6.024632812500000000e+03,-1.940585937500000000e+02,1.000000000000000000e+00,3.109403025494005490e+00,-1.893750000000000000e+06,3.243200000000000000e+04,1.120000000000000000e+02
5.806477864583333352e-06,5.875651041666666690e-06,-5.999722656250000000e+03,-5.118398437500000000e+02,1.000000000000000000e+00,3.056480688311950633e+00,-2.070000000000000000e+06,3.188000000000000000e+04,-3.448000000000000000e+03
5.810546875000000417e-06,5.879720052083333756e-06,-5.972617187500000000e+03,-8.348203125000000000e+02,1.000000000000000000e+00,3.002719455386521297e+00,-2.102812500000000000e+06,3.131900000000000000e+04,-4.569000000000000000e+03
5.814615885416666636e-06,5.883789062499999974e-06,-5.924316406250000000e+03,-1.127054687500000000e+03,1.000000000000000000e+00,2.953608101724369828e+00,-1.920937500000000000e+06,3.080700000000000000e+04,-1.977000000000000000e+03
5.818684895833333702e-06,5.887858072916667040e-06,-5.854000000000000000e+03,-1.426914062500000000e+03,1.000000000000000000e+00,2.902507366727929305e+00,-1.998750000000000000e+06,3.027400000000000000e+04,-3.838000000000000000e+03
5.822753906249999920e-06,5.891927083333333258e-06,-5.770031250000000000e+03,-1.727816406250000000e+03,1.000000000000000000e+00,2.850639641337546326e+00,-2.028750000000000000e+06,2.973300000000000000e+04,-4.891000000000000000e+03
5.826822916666666986e-06,5.895996093750000324e-06,-5.694171875000000000e+03,-2.010066406250000000e+03,1.000000000000000000e+00,2.802247341169716410e+00,-1.892812500000000000e+06,2.922800000000000000e+04,-3.076000000000000000e+03
5.830891927083333204e-06,5.900065104166666542e-06,-5.571375000000000000e+03,-2.298386718750000000e+03,1.000000000000000000e+00,2.750331678879711639e+00,-2.030625000000000000e+06,2.868700000000000000e+04,-5.969000000000000000e+03
5.834960937500000270e-06,5.904134114583333608e-06,-5.446066406250000000e+03,-2.586281250000000000e+03,1.000000000000000000e+00,2.698248237441032149e+00,-2.037187500000000000e+06,2.814300000000000000e+04,-6.625000000000000000e+03
5.839029947916666488e-06,5.908203124999999827e-06,-5.316160156250000000e+03,-2.865859375000000000e+03,1.000000000000000000e+00,2.647171470894402301e+00,-1.997812500000000000e+06,2.761100000000000000e+04,-6.485000000000000000e+03
5.843098958333333554e-06,5.912272135416666892e-06,-5.154273437500000000e+03,-3.120851562500000000e+03,1.000000000000000000e+00,2.597149316139443886e+00,-1.956562500000000000e+06,2.708900000000000000e+04,-6.303000000000000000e+03
5.847167968749999772e-06,5.916341145833333111e-06,-4.982378906250000000e+03,-3.393035156250000000e+03,1.000000000000000000e+00,2.543723641511364431e+00,-2.089687500000000000e+06,2.653200000000000000e+04,-9.132000000000000000e+03
5.851236979166666838e-06,5.920410156250000176e-06,-4.812820312500000000e+03,-3.635273437500000000e+03,1.000000000000000000e+00,2.494684193198645428e+00,-1.918125000000000000e+06,2.602000000000000000e+04,-6.716000000000000000e+03
5.855305989583333056e-06,5.924479166666666395e-06,-4.622597656250000000e+03,-3.876015625000000000e+03,1.000000000000000000e+00,2.443799174250501416e+00,-1.990312500000000000e+06,2.548900000000000000e+04,-8.479000000000000000e+03
5.859375000000000122e-06,5.928548177083333460e-06,-4.410464843750000000e+03,-4.111683593750000000e+03,1.000000000000000000e+00,2.391236363815607557e+00,-2.055937500000000000e+06,2.494100000000000000e+04,-1.014700000000000000e+04
5.863444010416666341e-06,5.932617187499999679e-06,-4.197984375000000000e+03,-4.342601562500000000e+03,1.000000000000000000e+00,2.339272764625981438e+00,-2.032500000000000000e+06,2.439900000000000000e+04,-1.028900000000000000e+04
5.867513020833333406e-06,5.936686197916666744e-06,-3.976425781250000000e+03,-4.532351562500000000e+03,1.000000000000000000e+00,2.290952369807583544e+00,-1.890000000000000000e+06,2.389500000000000000e+04,-8.361000000000000000e+03
5.871582031249999625e-06,5.940755208333332963e-06,-3.729175781250000000e+03,-4.733375000000000000e+03,1.000000000000000000e+00,2.238077969525150479e+00,-2.068125000000000000e+06,2.334400000000000000e+04,-1.195200000000000000e+04
5.875651041666666690e-06,5.944824218750000028e-06,-3.478363281250000000e+03,-4.930164062500000000e+03,1.000000000000000000e+00,2.185227537692528088e+00,-2.067187500000000000e+06,2.279200000000000000e+04,-1.248800000000000000e+04
5.879720052083333756e-06,5.948893229166667094e-06,-3.225742187500000000e+03,-5.090863281250000000e+03,1.000000000000000000e+00,2.135588878134540902e+00,-1.941562500000000000e+06,2.227500000000000000e+04,-1.086100000000000000e+04
5.883789062499999974e-06,5.952962239583333313e-06,-2.957847656250000000e+03,-5.240308593750000000e+03,1.000000000000000000e+00,2.084655922286775542e+00,-1.992187500000000000e+06,2.174300000000000000e+04,-1.225700000000000000e+04
5.887858072916667040e-06,5.957031250000000378e-06,-2.686308593750000000e+03,-5.403648437500000000e+03,1.000000000000000000e+00,2.032141048751503032e+00,-2.054062500000000000e+06,2.119600000000000000e+04,-1.386000000000000000e+04
5.891927083333333258e-06,5.961100260416666597e-06,-2.412402343750000000e+03,-5.533699218750000000e+03,1.000000000000000000e+00,1.981903177948248329e+00,-1.965000000000000000e+06,2.067200000000000000e+04,-1.286400000000000000e+04
5.895996093750000324e-06,5.965169270833333662e-06,-2.132644531250000000e+03,-5.640273437500000000e+03,1.000000000000000000e+00,1.932288486840072261e+00,-1.940625000000000000e+06,2.015400000000000000e+04,-1.296600000000000000e+04
5.900065104166666542e-06,5.969238281249999881e-06,-1.840050781250000000e+03,-5.752617187500000000e+03,1.000000000000000000e+00,1.880372824550067490e+00,-2.030625000000000000e+06,1.961300000000000000e+04,-1.504300000000000000e+04
5.904134114583333608e-06,5.973307291666666946e-06,-1.548968750000000000e+03,-5.835679687500000000e+03,1.000000000000000000e+00,1.830230827546055705e+00,-1.961250000000000000e+06,1.909000000000000000e+04,-1.438200000000000000e+04
5.908203124999999827e-06,5.977376302083333165e-06,-1.233453125000000000e+03,-5.894714843750000000e+03,1.000000000000000000e+00,1.777068805865893886e+00,-2.079375000000000000e+06,1.853500000000000000e+04,-1.695300000000000000e+04
5.912272135416666892e-06,5.981445312500000230e-06,-9.286992187500000000e+02,-5.947886718750000000e+03,1.000000000000000000e+00,1.725680449471724831e+00,-2.010000000000000000e+06,1.799900000000000000e+04,-1.630500000000000000e+04
5.916341145833333111e-06,5.985514322916666449e-06,-6.326679687500000000e+02,-6.003000000000000000e+03,1.000000000000000000e+00,1.675802105415630905e+00,-1.950937500000000000e+06,1.747900000000000000e+04,-1.581700000000000000e+04
5.920410156250000176e-06,5.989583333333333514e-06,-3.305820312500000000e+02,-6.016554687500000000e+03,1.000000000000000000e+00,1.625684076861429572e+00,-1.960312500000000000e+06,1.695600000000000000e+04,-1.650000000000000000e+04
5.924479166666666395e-06,5.993652343749999733e-06,-2.980468750000000000e+00,-6.025558593750000000e+03,1.000000000000000000e+00,1.571299664240921601e+00,-2.127187500000000000e+06,1.638900000000000000e+04,-1.991500000000000000e+04
5.928548177083333460e-06,5.997721354166666799e-06,2.917500000000000000e+02,-6.025722656250000000e+03,1.000000000000000000e+00,1.522404026627066642e+00,-1.912500000000000000e+06,1.587900000000000000e+04,-1.676100000000000000e+04
5.932617187499999679e-06,6.001790364583333017e-06,5.975195312500000000e+02,-5.995906250000000000e+03,1.000000000000000000e+00,1.471471070779301282e+00,-1.992187500000000000e+06,1.534800000000000000e+04,-1.865200000000000000e+04
5.936686197916666744e-06,6.005859375000000083e-06,9.107890625000000000e+02,-5.956968750000000000e+03,1.000000000000000000e+00,1.419076039493082364e+00,-2.049375000000000000e+06,1.480100000000000000e+04,-2.017500000000000000e+04
5.940755208333332963e-06,6.009928385416666301e-06,1.218101562500000000e+03,-5.916800781250000000e+03,1.000000000000000000e+00,1.367759588448345554e+00,-2.007187500000000000e+06,1.426600000000000000e+04,-1.999000000000000000e+04
5.944824218750000028e-06,6.013997395833333367e-06,1.511671875000000000e+03,-5.843433593750000000e+03,1.000000000000000000e+00,1.317665528343955117e+00,-1.959375000000000000e+06,1.374300000000000000e+04,-1.969700000000000000e+04
5.948893229166666247e-06,6.018066406249999585e-06,1.813984375000000000e+03,-5.750652343750000000e+03,1.000000000000000000e+00,1.265222560158114629e+00,-2.051250000000000000e+06,1.319600000000000000e+04,-2.181200000000000000e+04
5.952962239583333313e-06,6.022135416666666651e-06,2.097757812500000000e+03,-5.657058593750000000e+03,1.000000000000000000e+00,1.215703742849181257e+00,-1.936875000000000000e+06,1.268000000000000000e+04,-2.037600000000000000e+04
5.957031250000000378e-06,6.026204427083333716e-06,2.380816406250000000e+03,-5.533542968750000000e+03,1.000000000000000000e+00,1.164483165603687365e+00,-2.003437500000000000e+06,1.214600000000000000e+04,-2.204600000000000000e+04
5.961100260416666597e-06,6.030273437499999935e-06,2.662910156250000000e+03,-5.400363281250000000e+03,1.000000000000000000e+00,1.112687345562736185e+00,-2.025937500000000000e+06,1.160500000000000000e+04,-2.297100000000000000e+04
5.965169270833333662e-06,6.034342447916667001e-06,2.940515625000000000e+03,-5.268703125000000000e+03,1.000000000000000000e+00,1.061754389714970825e+00,-1.992187500000000000e+06,1.107400000000000000e+04,-2.292600000000000000e+04
5.969238281249999881e-06,6.038411458333333219e-06,3.190261718750000000e+03,-5.117871093750000000e+03,1.000000000000000000e+00,1.013386057996951806e+00,-1.891875000000000000e+06,1.057000000000000000e+04,-2.171800000000000000e+04
5.973307291666666946e-06,6.042480468750000285e-06,3.456308593750000000e+03,-4.941718750000000000e+03,1.000000000000000000e+00,9.604637208148970595e-01,-2.070000000000000000e+06,1.001800000000000000e+04,-2.531000000000000000e+04
5.977376302083333165e-06,6.046549479166666503e-06,3.715152343750000000e+03,-4.758152343750000000e+03,1.000000000000000000e+00,9.078769419301924160e-01,-2.056875000000000000e+06,9.469000000000000000e+03,-2.563500000000000000e+04
5.981445312500000230e-06,6.050618489583333569e-06,3.954039062500000000e+03,-4.570160156250000000e+03,1.000000000000000000e+00,8.575671657775055801e-01,-1.967812500000000000e+06,8.944000000000000000e+03,-2.464000000000000000e+04
5.985514322916666449e-06,6.054687499999999787e-06,4.168175781250000000e+03,-4.348222656250000000e+03,1.000000000000000000e+00,8.065383361304973020e-01,-1.995937500000000000e+06,8.412000000000000000e+03,-2.565200000000000000e+04
5.989583333333333514e-06,6.058756510416666853e-06,4.388179687500000000e+03,-4.135773437500000000e+03,1.000000000000000000e+00,7.557971278812175564e-01,-1.984687500000000000e+06,7.883000000000000000e+03,-2.598900000000000000e+04
5.993652343749999733e-06,6.062825520833333071e-06,4.603261718750000000e+03,-3.904640625000000000e+03,1.000000000000000000e+00,7.034740019444307713e-01,-2.046562500000000000e+06,7.337000000000000000e+03,-2.759100000000000000e+04
5.997721354166666799e-06,6.066894531250000137e-06,4.788898437500000000e+03,-3.660894531250000000e+03,1.000000000000000000e+00,6.526848567955295666e-01,-1.986562500000000000e+06,6.807000000000000000e+03,-2.709700000000000000e+04
6.001790364583333017e-06,6.070963541666666355e-06,4.979039062500000000e+03,-3.407789062500000000e+03,1.000000000000000000e+00,6.001939517100678412e-01,-2.053125000000000000e+06,6.260000000000000000e+03,-2.878000000000000000e+04
6.005859375000000083e-06,6.075032552083333421e-06,5.138613281250000000e+03,-3.155949218750000000e+03,1.000000000000000000e+00,5.507710082003772767e-01,-1.933125000000000000e+06,5.744000000000000000e+03,-2.724800000000000000e+04
6.009928385416666301e-06,6.079101562499999640e-06,5.285937500000000000e+03,-2.888550781250000000e+03,1.000000000000000000e+00,5.001256737503404493e-01,-1.980937500000000000e+06,5.216000000000000000e+03,-2.859200000000000000e+04
6.013997395833333367e-06,6.083170572916666705e-06,5.433289062500000000e+03,-2.612332031250000000e+03,1.000000000000000000e+00,4.481620745607143297e-01,-2.032500000000000000e+06,4.674000000000000000e+03,-3.001400000000000000e+04
6.018066406249999585e-06,6.087239583333332924e-06,5.570468750000000000e+03,-2.338632812500000000e+03,1.000000000000000000e+00,3.974927716608667727e-01,-1.981875000000000000e+06,4.146000000000000000e+03,-2.967800000000000000e+04
6.022135416666666651e-06,6.091308593749999989e-06,5.662996093750000000e+03,-2.056718750000000000e+03,1.000000000000000000e+00,3.483814179987155257e-01,-1.920937500000000000e+06,3.633000000000000000e+03,-2.915100000000000000e+04
6.026204427083333716e-06,6.095377604166667055e-06,5.758867187500000000e+03,-1.752109375000000000e+03,1.000000000000000000e+00,2.953392385676073539e-01,-2.074687500000000000e+06,3.080000000000000000e+03,-3.232800000000000000e+04
6.030273437499999935e-06,6.099446614583333273e-06,5.847093750000000000e+03,-1.459082031250000000e+03,1.000000000000000000e+00,2.445500934187062048e-01,-1.986562500000000000e+06,2.550000000000000000e+03,-3.135400000000000000e+04
6.034342447916667001e-06,6.103515625000000339e-06,5.921335937500000000e+03,-1.166875000000000000e+03,1.000000000000000000e+00,1.945758755633693049e-01,-1.954687500000000000e+06,2.029000000000000000e+03,-3.133100000000000000e+04
6.038411458333333219e-06,6.107584635416666557e-06,5.966414062500000000e+03,-8.527539062500000000e+02,1.000000000000000000e+00,1.419651282288539595e-01,-2.057812500000000000e+06,1.480000000000000000e+03,-3.276800000000000000e+04
6.042480468750000285e-06,6.111653645833333623e-06,6.006664062500000000e+03,-5.396367187500000000e+02,1.000000000000000000e+00,8.959406539244572920e-02,-2.048437500000000000e+06,9.340000000000000000e+02,-3.276800000000000000e+04
6.046549479166666503e-06,6.115722656249999841e-06,6.023003906250000000e+03,-2.442812500000000000e+02,1.000000000000000000e+00,4.053064862991592743e-02,-1.919062500000000000e+06,4.220000000000000000e+02,-3.233000000000000000e+04
6.050618489583333569e-06,6.119791666666666907e-06,6.024667968750000000e+03,7.282031250000000000e+01,1.000000000000000000e+00,-1.208009870459942486e-02,-2.057812500000000000e+06,-1.260000000000000000e+02,-3.276800000000000000e+04
6.054687499999999787e-06,6.123860677083333126e-06,6.013136718750000000e+03,3.795937500000000000e+02,1.000000000000000000e+00,-6.306099145198627853e-02,-1.994062500000000000e+06,-6.580000000000000000e+02,-3.276800000000000000e+04
6.058756510416666853e-06,6.127929687500000191e-06,5.990332031250000000e+03,6.873164062500000000e+02,1.000000000000000000e+00,-1.142336317978588367e-01,-2.001562500000000000e+06,-1.192000000000000000e+03,-3.276800000000000000e+04
6.062825520833333071e-06,6.131998697916666410e-06,5.954179687500000000e+03,9.878281250000000000e+02,1.000000000000000000e+00,-1.643995972516814619e-01,-1.962187500000000000e+06,-1.715000000000000000e+03,-3.276800000000000000e+04
6.066894531250000137e-06,6.136067708333333475e-06,5.895617187500000000e+03,1.306062500000000000e+03,1.000000000000000000e+00,-2.180170194782467541e-01,-2.097187500000000000e+06,-2.274000000000000000e+03,-3.276800000000000000e+04
6.070963541666666355e-06,6.140136718749999694e-06,5.818679687500000000e+03,1.582675781250000000e+03,1.000000000000000000e+00,-2.655704239027016356e-01,-1.860000000000000000e+06,-2.770000000000000000e+03,-3.276800000000000000e+04
6.075032552083333421e-06,6.144205729166666759e-06,5.731222656250000000e+03,1.882007812500000000e+03,1.000000000000000000e+00,-3.172943385942205707e-01,-2.023125000000000000e+06,-3.310000000000000000e+03,-3.276800000000000000e+04
6.079101562499999640e-06,6.148274739583332978e-06,5.624003906250000000e+03,2.174332031250000000e+03,1.000000000000000000e+00,-3.688984110366859692e-01,-2.018437500000000000e+06,-3.848000000000000000e+03,-3.276800000000000000e+04
6.083170572916666705e-06,6.152343750000000043e-06,5.508273437500000000e+03,2.455894531250000000e+03,1.000000000000000000e+00,-4.193999347878585859e-01,-1.975312500000000000e+06,-4.375000000000000000e+03,-3.276800000000000000e+04
6.087239583333332924e-06,6.156412760416666262e-06,5.368417968750000000e+03,2.735070312500000000e+03,1.000000000000000000e+00,-4.711957548288097097e-01,-2.025937500000000000e+06,-4.915000000000000000e+03,-3.276800000000000000e+04
6.091308593749999989e-06,6.160481770833333327e-06,5.220636718750000000e+03,3.008734375000000000e+03,1.000000000000000000e+00,-5.228237957210858378e-01,-2.019375000000000000e+06,-5.454000000000000000e+03,-3.276800000000000000e+04
6.095377604166667055e-06,6.164550781250000393e-06,5.072324218750000000e+03,3.264312500000000000e+03,1.000000000000000000e+00,-5.718392755839941666e-01,-1.917187500000000000e+06,-5.965000000000000000e+03,-3.276800000000000000e+04
6.099446614583333273e-06,6.168619791666666612e-06,4.890589843750000000e+03,3.515820312500000000e+03,1.000000000000000000e+00,-6.232995373275952433e-01,-2.012812500000000000e+06,-6.502000000000000000e+03,-3.276800000000000000e+04
6.103515625000000339e-06,6.172688802083333677e-06,4.701953125000000000e+03,3.776730468750000000e+03,1.000000000000000000e+00,-6.767012435058641362e-01,-2.088750000000000000e+06,-7.059000000000000000e+03,-3.276800000000000000e+04
6.107584635416666557e-06,6.176757812499999896e-06,4.515710937500000000e+03,4.008207031250000000e+03,1.000000000000000000e+00,-7.259324394170689754e-01,-1.925625000000000000e+06,-7.572000000000000000e+03,-3.276800000000000000e+04
6.111653645833333623e-06,6.180826822916666961e-06,4.290097656250000000e+03,4.228023437500000000e+03,1.000000000000000000e+00,-7.781117546549914943e-01,-2.040937500000000000e+06,-8.116000000000000000e+03,-3.276800000000000000e+04
6.115722656249999841e-06,6.184895833333333180e-06,4.068140625000000000e+03,4.443863281250000000e+03,1.000000000000000000e+00,-8.295240794989712230e-01,-2.010937500000000000e+06,-8.653000000000000000e+03,-3.276800000000000000e+04
6.119791666666666907e-06,6.188964843750000245e-06,3.840871093750000000e+03,4.651625000000000000e+03,1.000000000000000000e+00,-8.805768775957901751e-01,-1.996875000000000000e+06,-9.185000000000000000e+03,-3.276800000000000000e+04
6.123860677083333126e-06,6.193033854166666464e-06,3.595058593750000000e+03,4.839093750000000000e+03,1.000000000000000000e+00,-9.318453917409056375e-01,-2.005312500000000000e+06,-9.720000000000000000e+03,-3.276800000000000000e+04
6.127929687500000191e-06,6.197102864583333529e-06,3.346277343750000000e+03,5.016738281250000000e+03,1.000000000000000000e+00,-9.825386630905639240e-01,-1.982812500000000000e+06,-1.024900000000000000e+04,-3.276800000000000000e+04
6.131998697916666410e-06,6.201171874999999748e-06,3.074933593750000000e+03,5.195652343750000000e+03,1.000000000000000000e+00,-1.036395769815236401e+00,-2.106562500000000000e+06,-1.081000000000000000e+04,-3.276800000000000000e+04
6.136067708333333475e-06,6.205240885416666813e-06,2.821718750000000000e+03,5.328699218750000000e+03,1.000000000000000000e+00,-1.083805363540826905e+00,-1.854375000000000000e+06,-1.130500000000000000e+04,-3.276800000000000000e+04
6.140136718749999694e-06,6.209309895833333032e-06,2.531363281250000000e+03,5.466300781250000000e+03,1.000000000000000000e+00,-1.137111195919852991e+00,-2.085000000000000000e+06,-1.186100000000000000e+04,-3.276800000000000000e+04
6.144205729166666759e-06,6.213378906250000098e-06,2.243593750000000000e+03,5.592484375000000000e+03,1.000000000000000000e+00,-1.189266542707964724e+00,-2.040000000000000000e+06,-1.240500000000000000e+04,-3.276800000000000000e+04
6.148274739583332978e-06,6.217447916666666316e-06,1.966332031250000000e+03,5.701496093750000000e+03,1.000000000000000000e+00,-1.238689486217655178e+00,-1.933125000000000000e+06,-1.292000000000000000e+04,-3.276800000000000000e+04
6.152343750000000043e-06,6.221516927083333382e-06,1.677386718750000000e+03,5.789355468750000000e+03,1.000000000000000000e+00,-1.288783546322045614e+00,-1.959375000000000000e+06,-1.344300000000000000e+04,-3.276800000000000000e+04
6.156412760416666262e-06,6.225585937499999600e-06,1.372109375000000000e+03,5.869562500000000000e+03,1.000000000000000000e+00,-1.341154609158453859e+00,-2.048437500000000000e+06,-1.398900000000000000e+04,-3.276800000000000000e+04
6.160481770833333327e-06,6.229654947916666666e-06,1.078375000000000000e+03,5.934964843750000000e+03,1.000000000000000000e+00,-1.391056921664358681e+00,-1.951875000000000000e+06,-1.451000000000000000e+04,-3.276800000000000000e+04
6.164550781250000393e-06,6.233723958333333731e-06,7.655351562500000000e+02,5.981585937500000000e+03,1.000000000000000000e+00,-1.443499889850198947e+00,-2.051250000000000000e+06,-1.505700000000000000e+04,-3.276800000000000000e+04
6.168619791666666612e-06,6.237792968749999950e-06,4.567890625000000000e+02,6.011320312500000000e+03,1.000000000000000000e+00,-1.494960151593800246e+00,-2.012812500000000000e+06,-1.559300000000000000e+04,-3.276800000000000000e+04
6.172688802083333677e-06,6.241861979166667015e-06,1.595585937500000000e+02,6.036125000000000000e+03,1.000000000000000000e+00,-1.544359126653680025e+00,-1.932187500000000000e+06,-1.610900000000000000e+04,-3.276800000000000000e+04
6.176757812499999896e-06,6.245930989583333234e-06,-1.451250000000000000e+02,6.019804687500000000e+03,1.000000000000000000e+00,-1.594884618854663261e+00,-1.976250000000000000e+06,-1.663600000000000000e+04,-3.276800000000000000e+04
6.180826822916666961e-06,6.250000000000000300e-06,-4.711054687500000000e+02,6.003882812500000000e+03,1.000000000000000000e+00,-1.649101252326496292e+00,-2.120625000000000000e+06,-1.720100000000000000e+04,-3.276800000000000000e+04
6.184895833333333180e-06,6.254069010416666518e-06,-7.736289062500000000e+02,5.993058593750000000e+03,1.000000000000000000e+00,-1.699171343981076054e+00,-1.958437500000000000e+06,-1.772300000000000000e+04,-3.276800000000000000e+04
6.188964843750000245e-06,6.258138020833333584e-06,-1.071312500000000000e+03,5.931144531250000000e+03,1.000000000000000000e+00,-1.749505088583573675e+00,-1.968750000000000000e+06,-1.824800000000000000e+04,-3.276800000000000000e+04
6.193033854166666464e-06,6.262207031249999802e-06,-1.380867187500000000e+03,5.866949218750000000e+03,1.000000000000000000e+00,-1.801948056769414164e+00,-2.051250000000000000e+06,-1.879500000000000000e+04,-3.276800000000000000e+04
6.197102864583333529e-06,6.266276041666666868e-06,-1.693050781250000000e+03,5.796035156250000000e+03,1.000000000000000000e+00,-1.854990236200522391e+00,-2.074687500000000000e+06,-1.934900000000000000e+04,-3.276800000000000000e+04
6.201171874999999748e-06,6.270345052083333086e-06,-1.970347656250000000e+03,5.691152343750000000e+03,1.000000000000000000e+00,-1.904101589862673638e+00,-1.920937500000000000e+06,-1.986100000000000000e+04,-3.276800000000000000e+04
6.205240885416666813e-06,6.274414062500000152e-06,-2.255464843750000000e+03,5.585437500000000000e+03,1.000000000000000000e+00,-1.954579145164035303e+00,-1.974375000000000000e+06,-2.038700000000000000e+04,-3.276800000000000000e+04
6.209309895833333032e-06,6.278483072916666370e-06,-2.545902343750000000e+03,5.471972656250000000e+03,1.000000000000000000e+00,-2.006279091405743564e+00,-2.022187500000000000e+06,-2.092700000000000000e+04,-3.276800000000000000e+04
6.213378906250000098e-06,6.282552083333333436e-06,-2.824292968750000000e+03,5.341656250000000000e+03,1.000000000000000000e+00,-2.057164110353887576e+00,-1.990312500000000000e+06,-2.145700000000000000e+04,-3.276800000000000000e+04
6.217447916666666316e-06,6.286621093749999654e-06,-3.089113281250000000e+03,5.174933593750000000e+03,1.000000000000000000e+00,-2.108959930394838977e+00,-2.025937500000000000e+06,-2.199800000000000000e+04,-3.276800000000000000e+04
6.221516927083333382e-06,6.290690104166666720e-06,-3.352250000000000000e+03,5.018785156250000000e+03,1.000000000000000000e+00,-2.159677170194307827e+00,-1.983750000000000000e+06,-2.252700000000000000e+04,-3.276800000000000000e+04
6.225585937499999600e-06,6.294759114583332939e-06,-3.603375000000000000e+03,4.842632812500000000e+03,1.000000000000000000e+00,-2.210514252242830491e+00,-1.988437500000000000e+06,-2.305700000000000000e+04,-3.276800000000000000e+04
6.229654947916666666e-06,6.298828125000000004e-06,-3.834597656250000000e+03,4.644367187500000000e+03,1.000000000000000000e+00,-2.260991807544192156e+00,-1.974375000000000000e+06,-2.358300000000000000e+04,-3.276800000000000000e+04
6.233723958333333731e-06,6.302897135416667070e-06,-4.072828125000000000e+03,4.433480468750000000e+03,1.000000000000000000e+00,-2.313818270927003873e+00,-2.066250000000000000e+06,-2.413400000000000000e+04,-3.276800000000000000e+04
6.237792968749999950e-06,6.306966145833333288e-06,-4.288816406250000000e+03,4.241023437500000000e+03,1.000000000000000000e+00,-2.361803107448051886e+00,-1.876875000000000000e+06,-2.463500000000000000e+04,-3.276800000000000000e+04
6.241861979166667015e-06,6.311035156250000354e-06,-4.487667968750000000e+03,4.013789062500000000e+03,1.000000000000000000e+00,-2.411873199102631649e+00,-1.958437500000000000e+06,-2.515700000000000000e+04,-3.276800000000000000e+04
6.245930989583333234e-06,6.315104166666666572e-06,-4.692617187500000000e+03,3.767406250000000000e+03,1.000000000000000000e+00,-2.465131094582035942e+00,-2.083125000000000000e+06,-2.571300000000000000e+04,-3.276800000000000000e+04
6.250000000000000300e-06,6.319173177083333638e-06,-4.895539062500000000e+03,3.526250000000000000e+03,1.000000000000000000e+00,-2.517358346719579920e+00,-2.042812500000000000e+06,-2.625700000000000000e+04,-3.276800000000000000e+04
6.254069010416666518e-06,6.323242187499999856e-06,-5.059015625000000000e+03,3.268757812500000000e+03,1.000000000000000000e+00,-2.567955744269995400e+00,-1.979062500000000000e+06,-2.678500000000000000e+04,-3.276800000000000000e+04
6.258138020833333584e-06,6.327311197916666922e-06,-5.223167968750000000e+03,2.998203125000000000e+03,1.000000000000000000e+00,-2.620494586255078584e+00,-2.055000000000000000e+06,-2.733300000000000000e+04,-3.276800000000000000e+04
6.262207031249999802e-06,6.331380208333333140e-06,-5.378746093750000000e+03,2.744667968750000000e+03,1.000000000000000000e+00,-2.669749750616094097e+00,-1.926562500000000000e+06,-2.784700000000000000e+04,-3.276800000000000000e+04
6.266276041666666868e-06,6.335449218750000206e-06,-5.504652343750000000e+03,2.465695312500000000e+03,1.000000000000000000e+00,-2.720466990415563391e+00,-1.983750000000000000e+06,-2.837600000000000000e+04,-3.276800000000000000e+04
6.270345052083333086e-06,6.339518229166666425e-06,-5.619640625000000000e+03,2.169125000000000000e+03,1.000000000000000000e+00,-2.773221548448942642e+00,-2.063437500000000000e+06,-2.892600000000000000e+04,-3.276800000000000000e+04
6.274414062500000152e-06,6.343587239583333490e-06,-5.740230468750000000e+03,1.888894531250000000e+03,1.000000000000000000e+00,-2.823675135300494077e+00,-1.973437500000000000e+06,-2.945200000000000000e+04,-3.276800000000000000e+04
6.278483072916666370e-06,6.347656249999999709e-06,-5.819824218750000000e+03,1.598566406250000000e+03,1.000000000000000000e+00,-2.873529510906777329e+00,-1.950000000000000000e+06,-2.997200000000000000e+04,-3.276800000000000000e+04
6.282552083333333436e-06,6.351725260416666774e-06,-5.883726562500000000e+03,1.283507812500000000e+03,1.000000000000000000e+00,-2.926811374835992741e+00,-2.084062500000000000e+06,-3.052800000000000000e+04,-3.276800000000000000e+04
6.286621093749999654e-06,6.355794270833332993e-06,-5.947011718750000000e+03,9.810546875000000000e+02,1.000000000000000000e+00,-2.978103857430918655e+00,-2.006250000000000000e+06,-3.106300000000000000e+04,-3.276800000000000000e+04
6.290690104166666720e-06,6.359863281250000058e-06,-5.993199218750000000e+03,6.937812500000000000e+02,1.000000000000000000e+00,-3.026328378450073409e+00,-1.886250000000000000e+06,-3.156600000000000000e+04,-3.276800000000000000e+04
6.294759114583332939e-06,6.363932291666666277e-06,-6.003203125000000000e+03,3.683789062500000000e+02,1.000000000000000000e+00,-3.080305327423799699e+00,-2.111250000000000000e+06,-3.212900000000000000e+04,-3.276800000000000000e+04
6.298828125000000004e-06,6.368001302083333342e-06,-6.035378906250000000e+03,6.293359375000000000e+01,1.000000000000000000e+00,-3.131166377922133037e+00,-1.989375000000000000e+06,-3.266000000000000000e+04,-3.276800000000000000e+04
6.302897135416667070e-06,6.372070312500000408e-06,-6.026960937500000000e+03,-2.401640625000000000e+02,1.000000000000000000e+00,3.101757090004388040e+00,-1.965937500000000000e+06,3.235200000000000000e+04,-1.200000000000000000e+03
6.306966145833333288e-06,6.376139322916666626e-06,-5.993410156250000000e+03,-5.488476562500000000e+02,1.000000000000000000e+00,3.050272859810975845e+00,-2.013750000000000000e+06,3.181500000000000000e+04,-2.553000000000000000e+03
6.311035156250000354e-06,6.380208333333333692e-06,-5.963769531250000000e+03,-8.618281250000000000e+02,1.000000000000000000e+00,2.998069576123242985e+00,-2.041875000000000000e+06,3.127100000000000000e+04,-3.577000000000000000e+03
6.315104166666666572e-06,6.384277343749999911e-06,-5.918503906250000000e+03,-1.161187500000000000e+03,1.000000000000000000e+00,2.947855673769798734e+00,-1.964062500000000000e+06,3.074700000000000000e+04,-2.773000000000000000e+03
6.319173177083333638e-06,6.388346354166666976e-06,-5.842812500000000000e+03,-1.452738281250000000e+03,1.000000000000000000e+00,2.897905424364272786e+00,-1.953750000000000000e+06,3.022600000000000000e+04,-3.118000000000000000e+03
6.323242187499999856e-06,6.392415364583333195e-06,-5.764718750000000000e+03,-1.758703125000000000e+03,1.000000000000000000e+00,2.845462456178432298e+00,-2.051250000000000000e+06,2.967900000000000000e+04,-5.329000000000000000e+03
6.327311197916666922e-06,6.396484375000000260e-06,-5.677710937500000000e+03,-2.054410156250000000e+03,1.000000000000000000e+00,2.794409658081613124e+00,-1.996875000000000000e+06,2.914600000000000000e+04,-4.934000000000000000e+03
6.331380208333333140e-06,6.400553385416666479e-06,-5.556171875000000000e+03,-2.334687500000000000e+03,1.000000000000000000e+00,2.743812260531197644e+00,-1.979062500000000000e+06,2.861900000000000000e+04,-5.157000000000000000e+03
6.335449218750000206e-06,6.404622395833333544e-06,-5.425625000000000000e+03,-2.617644531250000000e+03,1.000000000000000000e+00,2.692088345839678709e+00,-2.023125000000000000e+06,2.807900000000000000e+04,-6.449000000000000000e+03
6.339518229166666425e-06,6.408691406249999763e-06,-5.295390625000000000e+03,-2.890183593750000000e+03,1.000000000000000000e+00,2.641994285735288273e+00,-1.959375000000000000e+06,2.755700000000000000e+04,-5.883000000000000000e+03
6.343587239583333490e-06,6.412760416666666828e-06,-5.142636718750000000e+03,-3.155480468750000000e+03,1.000000000000000000e+00,2.591229109036198075e+00,-1.985625000000000000e+06,2.702700000000000000e+04,-6.861000000000000000e+03
6.347656249999999709e-06,6.416829427083333047e-06,-4.968644531250000000e+03,-3.420441406250000000e+03,1.000000000000000000e+00,2.538690267051114891e+00,-2.055000000000000000e+06,2.647900000000000000e+04,-8.593000000000000000e+03
6.351725260416666774e-06,6.420898437500000112e-06,-4.797585937500000000e+03,-3.670332031250000000e+03,1.000000000000000000e+00,2.488524301597291988e+00,-1.962187500000000000e+06,2.595600000000000000e+04,-7.532000000000000000e+03
6.355794270833332993e-06,6.424967447916666331e-06,-4.603660156250000000e+03,-3.904773437500000000e+03,1.000000000000000000e+00,2.438142620095173019e+00,-1.970625000000000000e+06,2.543000000000000000e+04,-8.202000000000000000e+03
6.359863281250000058e-06,6.429036458333333397e-06,-4.383839843750000000e+03,-4.135203125000000000e+03,1.000000000000000000e+00,2.385364093611982650e+00,-2.064375000000000000e+06,2.488000000000000000e+04,-1.035200000000000000e+04
6.363932291666666277e-06,6.433105468749999615e-06,-4.171609375000000000e+03,-4.356531250000000000e+03,1.000000000000000000e+00,2.334527011563459986e+00,-1.988437500000000000e+06,2.435000000000000000e+04,-9.586000000000000000e+03
6.368001302083333342e-06,6.437174479166666681e-06,-3.949324218750000000e+03,-4.558195312500000000e+03,1.000000000000000000e+00,2.284744541306608756e+00,-1.947187500000000000e+06,2.383000000000000000e+04,-9.402000000000000000e+03
6.372070312500000408e-06,6.441243489583333746e-06,-3.696972656250000000e+03,-4.755136718750000000e+03,1.000000000000000000e+00,2.231654424975879181e+00,-2.076562500000000000e+06,2.327700000000000000e+04,-1.216300000000000000e+04
6.376139322916666626e-06,6.445312499999999965e-06,-3.451851562500000000e+03,-4.947511718750000000e+03,1.000000000000000000e+00,2.179978447183981594e+00,-2.021250000000000000e+06,2.273800000000000000e+04,-1.175800000000000000e+04
6.380208333333333692e-06,6.449381510416667030e-06,-3.203066406250000000e+03,-5.110667968750000000e+03,1.000000000000000000e+00,2.130651377473534058e+00,-1.929375000000000000e+06,2.222300000000000000e+04,-1.070500000000000000e+04
6.384277343749999911e-06,6.453450520833333249e-06,-2.936363281250000000e+03,-5.262742187500000000e+03,1.000000000000000000e+00,2.079718421625768698e+00,-1.992187500000000000e+06,2.169200000000000000e+04,-1.230800000000000000e+04
6.388346354166666976e-06,6.457519531250000314e-06,-2.661968750000000000e+03,-5.416992187500000000e+03,1.000000000000000000e+00,2.027539106387846068e+00,-2.040937500000000000e+06,2.114800000000000000e+04,-1.368400000000000000e+04
6.392415364583333195e-06,6.461588541666666533e-06,-2.381593750000000000e+03,-5.542640625000000000e+03,1.000000000000000000e+00,1.976630118989891605e+00,-1.991250000000000000e+06,2.061700000000000000e+04,-1.336700000000000000e+04
6.396484375000000260e-06,6.465657552083333599e-06,-2.090011718750000000e+03,-5.647472656250000000e+03,1.000000000000000000e+00,1.925241762595722550e+00,-2.010000000000000000e+06,2.008100000000000000e+04,-1.422300000000000000e+04
6.400553385416666479e-06,6.469726562499999817e-06,-1.795605468750000000e+03,-5.757281250000000000e+03,1.000000000000000000e+00,1.873134352707232164e+00,-2.038125000000000000e+06,1.953700000000000000e+04,-1.524700000000000000e+04
6.404622395833333544e-06,6.473795572916666883e-06,-1.501234375000000000e+03,-5.838792968750000000e+03,1.000000000000000000e+00,1.822465049807384663e+00,-1.981875000000000000e+06,1.900900000000000000e+04,-1.481500000000000000e+04
6.408691406249999763e-06,6.477864583333333101e-06,-1.202941406250000000e+03,-5.899617187500000000e+03,1.000000000000000000e+00,1.771939557606401205e+00,-1.976250000000000000e+06,1.848200000000000000e+04,-1.524600000000000000e+04
6.412760416666666828e-06,6.481933593750000167e-06,-9.050117187500000000e+02,-5.962062500000000000e+03,1.000000000000000000e+00,1.721438033855228644e+00,-1.975312500000000000e+06,1.795500000000000000e+04,-1.575700000000000000e+04
6.416829427083333047e-06,6.486002604166666385e-06,-5.973828125000000000e+02,-6.008023437500000000e+03,1.000000000000000000e+00,1.669905866762195323e+00,-2.015625000000000000e+06,1.741700000000000000e+04,-1.698300000000000000e+04
6.420898437500000112e-06,6.490071614583333451e-06,-2.867226562500000000e+02,-6.022839843750000000e+03,1.000000000000000000e+00,1.618349731219351328e+00,-2.016562500000000000e+06,1.688000000000000000e+04,-1.753600000000000000e+04
6.424967447916666331e-06,6.494140624999999669e-06,2.058593750000000000e+01,-6.028273437500000000e+03,1.000000000000000000e+00,1.567392806921775295e+00,-1.993125000000000000e+06,1.634800000000000000e+04,-1.766800000000000000e+04
6.429036458333333397e-06,6.498209635416666735e-06,3.314609375000000000e+02,-6.024390625000000000e+03,1.000000000000000000e+00,1.515836671378931300e+00,-2.016562500000000000e+06,1.581000000000000000e+04,-1.860600000000000000e+04
6.433105468749999615e-06,6.502278645833332953e-06,6.381992187500000000e+02,-5.999566406250000000e+03,1.000000000000000000e+00,1.464807841731923022e+00,-1.995937500000000000e+06,1.527800000000000000e+04,-1.878600000000000000e+04
6.437174479166666681e-06,6.506347656250000019e-06,9.326835937500000000e+02,-5.949734375000000000e+03,1.000000000000000000e+00,1.415312992872800324e+00,-1.935937500000000000e+06,1.476200000000000000e+04,-1.827800000000000000e+04
6.441243489583333746e-06,6.510416666666667085e-06,1.249945312500000000e+03,-5.904121093750000000e+03,1.000000000000000000e+00,1.362150971192638726e+00,-2.079375000000000000e+06,1.420700000000000000e+04,-2.128100000000000000e+04
6.445312499999999965e-06,6.514485677083333303e-06,1.547199218750000000e+03,-5.825753906250000000e+03,1.000000000000000000e+00,1.311194046895062471e+00,-1.993125000000000000e+06,1.367600000000000000e+04,-2.034000000000000000e+04
6.449381510416667030e-06,6.518554687500000369e-06,1.843097656250000000e+03,-5.731410156250000000e+03,1.000000000000000000e+00,1.259661879802029150e+00,-2.015625000000000000e+06,1.313800000000000000e+04,-2.126200000000000000e+04
6.453450520833333249e-06,6.522623697916666587e-06,2.131035156250000000e+03,-5.643722656250000000e+03,1.000000000000000000e+00,1.209759567296124549e+00,-1.951875000000000000e+06,1.261800000000000000e+04,-2.069400000000000000e+04
6.457519531250000314e-06,6.526692708333333653e-06,2.417566406250000000e+03,-5.525687500000000000e+03,1.000000000000000000e+00,1.158371210901955495e+00,-2.010000000000000000e+06,1.208200000000000000e+04,-2.222200000000000000e+04
6.461588541666666533e-06,6.530761718749999871e-06,2.700789062500000000e+03,-5.391792968750000000e+03,1.000000000000000000e+00,1.106431580162140049e+00,-2.031562500000000000e+06,1.154000000000000000e+04,-2.313200000000000000e+04
6.465657552083333599e-06,6.534830729166666937e-06,2.971183593750000000e+03,-5.244355468750000000e+03,1.000000000000000000e+00,1.055330845165699749e+00,-1.998750000000000000e+06,1.100700000000000000e+04,-2.310500000000000000e+04
6.469726562499999817e-06,6.538899739583333155e-06,3.228769531250000000e+03,-5.093578125000000000e+03,1.000000000000000000e+00,1.005835996306577051e+00,-1.935937500000000000e+06,1.049100000000000000e+04,-2.254900000000000000e+04
6.473795572916666883e-06,6.542968750000000221e-06,3.486863281250000000e+03,-4.911832031250000000e+03,1.000000000000000000e+00,9.534649334701688073e-01,-2.048437500000000000e+06,9.945000000000000000e+03,-2.501500000000000000e+04
6.477864583333333101e-06,6.547037760416666439e-06,3.740863281250000000e+03,-4.724988281250000000e+03,1.000000000000000000e+00,9.011178390835713481e-01,-2.047500000000000000e+06,9.399000000000000000e+03,-2.554500000000000000e+04
6.481933593750000167e-06,6.551106770833333505e-06,3.979437500000000000e+03,-4.538300781250000000e+03,1.000000000000000000e+00,8.509279051799379934e-01,-1.963125000000000000e+06,8.875000000000000000e+03,-2.462900000000000000e+04
6.486002604166666385e-06,6.555175781249999724e-06,4.197718750000000000e+03,-4.333781250000000000e+03,1.000000000000000000e+00,8.013611509713832737e-01,-1.938750000000000000e+06,8.358000000000000000e+03,-2.473000000000000000e+04
6.490071614583333451e-06,6.559244791666666789e-06,4.424667968750000000e+03,-4.101699218750000000e+03,1.000000000000000000e+00,7.475280126965214711e-01,-2.105625000000000000e+06,7.797000000000000000e+03,-2.813900000000000000e+04
6.494140624999999669e-06,6.563313802083333008e-06,4.618531250000000000e+03,-3.874414062500000000e+03,1.000000000000000000e+00,6.980091953875882105e-01,-1.936875000000000000e+06,7.280000000000000000e+03,-2.577600000000000000e+04
6.498209635416666735e-06,6.567382812500000073e-06,4.805531250000000000e+03,-3.646562500000000000e+03,1.000000000000000000e+00,6.491135577737333628e-01,-1.912500000000000000e+06,6.770000000000000000e+03,-2.587000000000000000e+04
6.502278645833332953e-06,6.571451822916666292e-06,4.984621093750000000e+03,-3.383050781250000000e+03,1.000000000000000000e+00,5.962870943909215349e-01,-2.066250000000000000e+06,6.219000000000000000e+03,-2.904500000000000000e+04
6.506347656250000019e-06,6.575520833333333357e-06,5.161628906250000000e+03,-3.131273437500000000e+03,1.000000000000000000e+00,5.452822331937240419e-01,-1.995000000000000000e+06,5.687000000000000000e+03,-2.836100000000000000e+04
6.510416666666667085e-06,6.579589843750000423e-06,5.302855468750000000e+03,-2.856269531250000000e+03,1.000000000000000000e+00,4.940616559482300385e-01,-2.003437500000000000e+06,5.153000000000000000e+03,-2.903900000000000000e+04
6.514485677083333303e-06,6.583658854166666641e-06,5.446125000000000000e+03,-2.580085937500000000e+03,1.000000000000000000e+00,4.424096466061431809e-01,-2.020312500000000000e+06,4.614000000000000000e+03,-2.986600000000000000e+04
6.518554687500000369e-06,6.587727864583333707e-06,5.582355468750000000e+03,-2.301433593750000000e+03,1.000000000000000000e+00,3.910212902119742373e-01,-2.010000000000000000e+06,4.078000000000000000e+03,-3.022600000000000000e+04
6.522623697916666587e-06,6.591796874999999925e-06,5.680054687500000000e+03,-2.018152343750000000e+03,1.000000000000000000e+00,3.413826306539872735e-01,-1.941562500000000000e+06,3.560000000000000000e+03,-2.957600000000000000e+04
6.526692708333333653e-06,6.595865885416666991e-06,5.776578125000000000e+03,-1.716539062500000000e+03,1.000000000000000000e+00,2.888437886689040890e-01,-2.055000000000000000e+06,3.012000000000000000e+03,-3.206000000000000000e+04
6.530761718749999871e-06,6.599934895833333210e-06,5.857218750000000000e+03,-1.417808593750000000e+03,1.000000000000000000e+00,2.375033691743565489e-01,-2.008125000000000000e+06,2.477000000000000000e+03,-3.179500000000000000e+04
6.534830729166666937e-06,6.604003906250000275e-06,5.933183593750000000e+03,-1.125070312500000000e+03,1.000000000000000000e+00,1.873853406201553551e-01,-1.960312500000000000e+06,1.954000000000000000e+03,-3.150200000000000000e+04
6.538899739583333155e-06,6.608072916666666494e-06,5.970875000000000000e+03,-8.206289062500000000e+02,1.000000000000000000e+00,1.365961954712542059e-01,-1.986562500000000000e+06,1.424000000000000000e+03,-3.248000000000000000e+04
6.542968750000000221e-06,6.612141927083333559e-06,6.018621093750000000e+03,-5.134375000000000000e+02,1.000000000000000000e+00,8.508799682803165620e-02,-2.014687500000000000e+06,8.870000000000000000e+02,-3.276800000000000000e+04
6.547037760416666439e-06,6.616210937499999778e-06,6.030867187500000000e+03,-2.161054687500000000e+02,1.000000000000000000e+00,3.580886401720543427e-02,-1.927500000000000000e+06,3.730000000000000000e+02,-3.252300000000000000e+04
6.551106770833333505e-06,6.620279947916666843e-06,6.015433593750000000e+03,1.049765625000000000e+02,1.000000000000000000e+00,-1.744903146219916809e-02,-2.083125000000000000e+06,-1.820000000000000000e+02,-3.276800000000000000e+04
6.555175781249999724e-06,6.624348958333333062e-06,6.016671875000000000e+03,4.178554687500000000e+02,1.000000000000000000e+00,-6.934072530239313026e-02,-2.029687500000000000e+06,-7.240000000000000000e+02,-3.276800000000000000e+04
6.559244791666666789e-06,6.628417968750000127e-06,5.989558593750000000e+03,7.168437500000000000e+02,1.000000000000000000e+00,-1.191231955592443187e-01,-1.947187500000000000e+06,-1.243000000000000000e+03,-3.276800000000000000e+04
6.563313802083333008e-06,6.632486979166666346e-06,5.943019531250000000e+03,1.024292968750000000e+03,1.000000000000000000e+00,-1.706793311020882997e-01,-2.016562500000000000e+06,-1.781000000000000000e+03,-3.276800000000000000e+04
6.567382812500000073e-06,6.636555989583333411e-06,5.883835937500000000e+03,1.342042968750000000e+03,1.000000000000000000e+00,-2.242488164290321606e-01,-2.095312500000000000e+06,-2.339000000000000000e+03,-3.276800000000000000e+04
6.571451822916666292e-06,6.640624999999999630e-06,5.813964843750000000e+03,1.633714843750000000e+03,1.000000000000000000e+00,-2.739354128866405280e-01,-1.943437500000000000e+06,-2.858000000000000000e+03,-3.276800000000000000e+04
6.575520833333333357e-06,6.644694010416666696e-06,5.708703125000000000e+03,1.920882812500000000e+03,1.000000000000000000e+00,-3.245807473366774110e-01,-1.980937500000000000e+06,-3.386000000000000000e+03,-3.276800000000000000e+04
6.579589843750000423e-06,6.648763020833333761e-06,5.605726562500000000e+03,2.220214843750000000e+03,1.000000000000000000e+00,-3.770956208719498659e-01,-2.054062500000000000e+06,-3.934000000000000000e+03,-3.276800000000000000e+04
6.583658854166666641e-06,6.652832031249999980e-06,5.499316406250000000e+03,2.499886718750000000e+03,1.000000000000000000e+00,-4.266623750805046411e-01,-1.938750000000000000e+06,-4.451000000000000000e+03,-3.276800000000000000e+04
6.587727864583333707e-06,6.656901041666667045e-06,5.356371093750000000e+03,2.764378906250000000e+03,1.000000000000000000e+00,-4.764448453373558712e-01,-1.947187500000000000e+06,-4.970000000000000000e+03,-3.276800000000000000e+04
6.591796874999999925e-06,6.660970052083333264e-06,5.202929687500000000e+03,3.038578125000000000e+03,1.000000000000000000e+00,-5.285762236756569310e-01,-2.039062500000000000e+06,-5.514000000000000000e+03,-3.276800000000000000e+04
6.595865885416666991e-06,6.665039062500000329e-06,5.046515625000000000e+03,3.315757812500000000e+03,1.000000000000000000e+00,-5.813068132592258408e-01,-2.062500000000000000e+06,-6.064000000000000000e+03,-3.276800000000000000e+04
6.599934895833333210e-06,6.669108072916666548e-06,4.877683593750000000e+03,3.556488281250000000e+03,1.000000000000000000e+00,-6.300107032745949631e-01,-1.905000000000000000e+06,-6.572000000000000000e+03,-3.276800000000000000e+04
6.604003906250000275e-06,6.673177083333333613e-06,4.678292968750000000e+03,3.799082031250000000e+03,1.000000000000000000e+00,-6.820462078136532158e-01,-2.035312500000000000e+06,-7.114000000000000000e+03,-3.276800000000000000e+04
6.608072916666666494e-06,6.677246093749999832e-06,4.470871093750000000e+03,4.038210937500000000e+03,1.000000000000000000e+00,-7.346090182485470743e-01,-2.055937500000000000e+06,-7.663000000000000000e+03,-3.276800000000000000e+04
6.612141927083333559e-06,6.681315104166666898e-06,4.274406250000000000e+03,4.264433593750000000e+03,1.000000000000000000e+00,-7.842237093567233641e-01,-1.940625000000000000e+06,-8.180000000000000000e+03,-3.276800000000000000e+04
6.616210937499999778e-06,6.685384114583333116e-06,4.030078125000000000e+03,4.468878906250000000e+03,1.000000000000000000e+00,-8.369782673901029479e-01,-2.063437500000000000e+06,-8.730000000000000000e+03,-3.276800000000000000e+04
6.620279947916666843e-06,6.689453125000000182e-06,3.807910156250000000e+03,4.680066406250000000e+03,1.000000000000000000e+00,-8.877913809888148267e-01,-1.987500000000000000e+06,-9.260000000000000000e+03,-3.276800000000000000e+04
6.624348958333333062e-06,6.693522135416666400e-06,3.569726562500000000e+03,4.856617187500000000e+03,1.000000000000000000e+00,-9.369506715505875327e-01,-1.922812500000000000e+06,-9.773000000000000000e+03,-3.276800000000000000e+04
6.628417968750000127e-06,6.697591145833333466e-06,3.310195312500000000e+03,5.031507812500000000e+03,1.000000000000000000e+00,-9.888903022904028672e-01,-2.031562500000000000e+06,-1.031500000000000000e+04,-3.276800000000000000e+04
6.632486979166666346e-06,6.701660156249999684e-06,3.053910156250000000e+03,5.200812500000000000e+03,1.000000000000000000e+00,-1.039847226587979012e+00,-1.993125000000000000e+06,-1.084600000000000000e+04,-3.276800000000000000e+04
6.636555989583333411e-06,6.705729166666666750e-06,2.783050781250000000e+03,5.349355468750000000e+03,1.000000000000000000e+00,-1.091067803833472905e+00,-2.003437500000000000e+06,-1.138100000000000000e+04,-3.276800000000000000e+04
6.640624999999999630e-06,6.709798177083332968e-06,2.508234375000000000e+03,5.475449218750000000e+03,1.000000000000000000e+00,-1.141233769287295585e+00,-1.962187500000000000e+06,-1.190400000000000000e+04,-3.276800000000000000e+04
6.644694010416666696e-06,6.713867187500000034e-06,2.220625000000000000e+03,5.605089843750000000e+03,1.000000000000000000e+00,-1.193580863673893155e+00,-2.047500000000000000e+06,-1.245000000000000000e+04,-3.276800000000000000e+04
6.648763020833332914e-06,6.717936197916666252e-06,1.935355468750000000e+03,5.722363281250000000e+03,1.000000000000000000e+00,-1.244681598670333456e+00,-1.998750000000000000e+06,-1.298300000000000000e+04,-3.276800000000000000e+04
6.652832031249999980e-06,6.722005208333333318e-06,1.642675781250000000e+03,5.804058593750000000e+03,1.000000000000000000e+00,-1.294991374823020402e+00,-1.967812500000000000e+06,-1.350800000000000000e+04,-3.276800000000000000e+04
6.656901041666667045e-06,6.726074218750000384e-06,1.331601562500000000e+03,5.872175781250000000e+03,1.000000000000000000e+00,-1.347793869756021445e+00,-2.065312500000000000e+06,-1.405800000000000000e+04,-3.276800000000000000e+04
6.660970052083333264e-06,6.730143229166666602e-06,1.047214843750000000e+03,5.935972656250000000e+03,1.000000000000000000e+00,-1.396162201474040687e+00,-1.891875000000000000e+06,-1.456300000000000000e+04,-3.276800000000000000e+04
6.665039062500000329e-06,6.734212239583333668e-06,7.391250000000000000e+02,5.982281250000000000e+03,1.000000000000000000e+00,-1.447862147715748948e+00,-2.022187500000000000e+06,-1.510200000000000000e+04,-3.276800000000000000e+04
6.669108072916666548e-06,6.738281249999999886e-06,4.252460937500000000e+02,6.013519531250000000e+03,1.000000000000000000e+00,-1.500185273652535622e+00,-2.046562500000000000e+06,-1.564800000000000000e+04,-3.276800000000000000e+04
6.673177083333333613e-06,6.742350260416666952e-06,1.121953125000000000e+02,6.033933593750000000e+03,1.000000000000000000e+00,-1.552196809741783090e+00,-2.034375000000000000e+06,-1.619000000000000000e+04,-3.276800000000000000e+04
6.677246093749999832e-06,6.746419270833333170e-06,-1.886484375000000000e+02,6.026230468750000000e+03,1.000000000000000000e+00,-1.602099122247687912e+00,-1.951875000000000000e+06,-1.671100000000000000e+04,-3.276800000000000000e+04
6.681315104166666898e-06,6.750488281250000236e-06,-5.047304687500000000e+02,6.000214843750000000e+03,1.000000000000000000e+00,-1.654709869582203341e+00,-2.057812500000000000e+06,-1.726000000000000000e+04,-3.276800000000000000e+04
6.685384114583333116e-06,6.754557291666666454e-06,-8.045000000000000000e+02,5.976011718750000000e+03,1.000000000000000000e+00,-1.704612182088107941e+00,-1.951875000000000000e+06,-1.778000000000000000e+04,-3.276800000000000000e+04
6.689453125000000182e-06,6.758626302083333520e-06,-1.109929687500000000e+03,5.928414062500000000e+03,1.000000000000000000e+00,-1.755880696233223404e+00,-2.005312500000000000e+06,-1.831500000000000000e+04,-3.276800000000000000e+04
6.693522135416666400e-06,6.762695312499999738e-06,-1.415285156250000000e+03,5.856312500000000000e+03,1.000000000000000000e+00,-1.807916200772281767e+00,-2.035312500000000000e+06,-1.885800000000000000e+04,-3.276800000000000000e+04
6.697591145833333466e-06,6.766764322916666804e-06,-1.713824218750000000e+03,5.784394531250000000e+03,1.000000000000000000e+00,-1.858849156620047127e+00,-1.992187500000000000e+06,-1.938900000000000000e+04,-3.276800000000000000e+04
6.701660156249999684e-06,6.770833333333333023e-06,-1.992796875000000000e+03,5.691093750000000000e+03,1.000000000000000000e+00,-1.907624951984848272e+00,-1.907812500000000000e+06,-1.989800000000000000e+04,-3.276800000000000000e+04
6.705729166666666750e-06,6.774902343750000088e-06,-2.281785156250000000e+03,5.572585937500000000e+03,1.000000000000000000e+00,-1.959444740475610125e+00,-2.026875000000000000e+06,-2.043800000000000000e+04,-3.276800000000000000e+04
6.709798177083332968e-06,6.778971354166666307e-06,-2.572628906250000000e+03,5.451238281250000000e+03,1.000000000000000000e+00,-2.011743897962586125e+00,-2.045625000000000000e+06,-2.098400000000000000e+04,-3.276800000000000000e+04
6.713867187500000034e-06,6.783040364583333372e-06,-2.850406250000000000e+03,5.316816406250000000e+03,1.000000000000000000e+00,-2.062916538308458669e+00,-2.001562500000000000e+06,-2.151700000000000000e+04,-3.276800000000000000e+04
6.717936197916666252e-06,6.787109374999999591e-06,-3.111816406250000000e+03,5.156046875000000000e+03,1.000000000000000000e+00,-2.113801557256602681e+00,-1.990312500000000000e+06,-2.204800000000000000e+04,-3.276800000000000000e+04
6.722005208333333318e-06,6.791178385416666656e-06,-3.383878906250000000e+03,4.993921875000000000e+03,1.000000000000000000e+00,-2.166316430791875192e+00,-2.054062500000000000e+06,-2.259600000000000000e+04,-3.276800000000000000e+04
6.726074218750000384e-06,6.795247395833333722e-06,-3.624917968750000000e+03,4.811648437500000000e+03,1.000000000000000000e+00,-2.216434459346076302e+00,-1.960312500000000000e+06,-2.311900000000000000e+04,-3.276800000000000000e+04
6.730143229166666602e-06,6.799316406249999940e-06,-3.868179687500000000e+03,4.622355468750000000e+03,1.000000000000000000e+00,-2.267607099691948846e+00,-2.001562500000000000e+06,-2.365200000000000000e+04,-3.276800000000000000e+04
6.734212239583333668e-06,6.803385416666667006e-06,-4.101753906250000000e+03,4.415476562500000000e+03,1.000000000000000000e+00,-2.319378951283089574e+00,-2.025000000000000000e+06,-2.419200000000000000e+04,-3.276800000000000000e+04
6.738281249999999886e-06,6.807454427083333224e-06,-4.319054687500000000e+03,4.207457031250000000e+03,1.000000000000000000e+00,-2.369281263788994174e+00,-1.951875000000000000e+06,-2.471300000000000000e+04,-3.276800000000000000e+04
6.742350260416666952e-06,6.811523437500000290e-06,-4.520917968750000000e+03,3.971859375000000000e+03,1.000000000000000000e+00,-2.420765493982405925e+00,-2.013750000000000000e+06,-2.525000000000000000e+04,-3.276800000000000000e+04
6.746419270833333170e-06,6.815592447916666509e-06,-4.721910156250000000e+03,3.734234375000000000e+03,1.000000000000000000e+00,-2.472465440224114186e+00,-2.022187500000000000e+06,-2.578900000000000000e+04,-3.276800000000000000e+04
6.750488281250000236e-06,6.819661458333333574e-06,-4.922277343750000000e+03,3.493507812500000000e+03,1.000000000000000000e+00,-2.524381102514118957e+00,-2.030625000000000000e+06,-2.633100000000000000e+04,-3.276800000000000000e+04
6.754557291666666454e-06,6.823730468749999793e-06,-5.075324218750000000e+03,3.248484375000000000e+03,1.000000000000000000e+00,-2.572222128336302482e+00,-1.871250000000000000e+06,-2.683000000000000000e+04,-3.276800000000000000e+04
6.758626302083333520e-06,6.827799479166666858e-06,-5.251425781250000000e+03,2.963695312500000000e+03,1.000000000000000000e+00,-2.627804963447346154e+00,-2.174062500000000000e+06,-2.740900000000000000e+04,-3.276800000000000000e+04
6.762695312499999738e-06,6.831868489583333077e-06,-5.392574218750000000e+03,2.701019531250000000e+03,1.000000000000000000e+00,-2.677251875406847503e+00,-1.934062500000000000e+06,-2.792500000000000000e+04,-3.276800000000000000e+04
6.766764322916666804e-06,6.835937500000000142e-06,-5.516753906250000000e+03,2.429125000000000000e+03,1.000000000000000000e+00,-2.726818629615402223e+00,-1.938750000000000000e+06,-2.844200000000000000e+04,-3.276800000000000000e+04
6.770833333333333023e-06,6.840006510416666361e-06,-5.639484375000000000e+03,2.138691406250000000e+03,1.000000000000000000e+00,-2.779117787102378223e+00,-2.045625000000000000e+06,-2.898800000000000000e+04,-3.276800000000000000e+04
6.774902343750000088e-06,6.844075520833333426e-06,-5.742023437500000000e+03,1.849500000000000000e+03,1.000000000000000000e+00,-2.829978837600711561e+00,-1.989375000000000000e+06,-2.951800000000000000e+04,-3.276800000000000000e+04
6.778971354166666307e-06,6.848144531249999645e-06,-5.828632812500000000e+03,1.566347656250000000e+03,1.000000000000000000e+00,-2.879066222813051912e+00,-1.920000000000000000e+06,-3.003000000000000000e+04,-3.276800000000000000e+04
6.783040364583333372e-06,6.852213541666666710e-06,-5.893789062500000000e+03,1.250808593750000000e+03,1.000000000000000000e+00,-2.932467928991321138e+00,-2.088750000000000000e+06,-3.058700000000000000e+04,-3.276800000000000000e+04
6.787109374999999591e-06,6.856282552083332929e-06,-5.954988281250000000e+03,9.546679687500000000e+02,1.000000000000000000e+00,-2.982633894445143596e+00,-1.962187500000000000e+06,-3.111000000000000000e+04,-3.276800000000000000e+04
6.791178385416666656e-06,6.860351562499999995e-06,-5.998640625000000000e+03,6.515273437500000000e+02,1.000000000000000000e+00,-3.033399071144233794e+00,-1.985625000000000000e+06,-3.164000000000000000e+04,-3.276800000000000000e+04
6.795247395833333722e-06,6.864420572916667060e-06,-6.004796875000000000e+03,3.368359375000000000e+02,1.000000000000000000e+00,-3.085554417932345750e+00,-2.040000000000000000e+06,-3.218400000000000000e+04,-3.276800000000000000e+04
6.799316406249999940e-06,6.868489583333333279e-06,-6.031867187500000000e+03,2.309765625000000000e+01,1.000000000000000000e+00,-3.137757701620079054e+00,-2.041875000000000000e+06,-3.272800000000000000e+04,-3.276800000000000000e+04
6.803385416666667006e-06,6.872558593750000344e-06,-6.029390625000000000e+03,-2.762382812500000000e+02,1.000000000000000000e+00,3.095812914451331110e+00,-1.940625000000000000e+06,3.229000000000000000e+04,-8.300000000000000000e+02
6.807454427083333224e-06,6.876627604166666563e-06,-5.998660156250000000e+03,-5.811445312500000000e+02,1.000000000000000000e+00,3.044999800852619121e+00,-1.987500000000000000e+06,3.176000000000000000e+04,-2.160000000000000000e+03
6.811523437500000290e-06,6.880696614583333628e-06,-5.954492187500000000e+03,-8.913515625000000000e+02,1.000000000000000000e+00,2.992988264763371653e+00,-2.034375000000000000e+06,3.121800000000000000e+04,-3.502000000000000000e+03
6.815592447916666509e-06,6.884765624999999847e-06,-5.922121093750000000e+03,-1.191738281250000000e+03,1.000000000000000000e+00,2.943014046908034587e+00,-1.954687500000000000e+06,3.069600000000000000e+04,-2.664000000000000000e+03
6.819661458333333574e-06,6.888834635416666912e-06,-5.835011718750000000e+03,-1.485039062500000000e+03,1.000000000000000000e+00,2.892368712457997759e+00,-1.980937500000000000e+06,3.016800000000000000e+04,-3.640000000000000000e+03
6.823730468749999793e-06,6.892903645833333131e-06,-5.757410156250000000e+03,-1.795593750000000000e+03,1.000000000000000000e+00,2.839278596127268184e+00,-2.076562500000000000e+06,2.961400000000000000e+04,-5.826000000000000000e+03
6.827799479166666858e-06,6.896972656250000197e-06,-5.664425781250000000e+03,-2.092386718750000000e+03,1.000000000000000000e+00,2.787746429034235085e+00,-2.015625000000000000e+06,2.907700000000000000e+04,-5.323000000000000000e+03
6.831868489583333077e-06,6.901041666666666415e-06,-5.540671875000000000e+03,-2.367460937500000000e+03,1.000000000000000000e+00,2.737796179628708693e+00,-1.953750000000000000e+06,2.855600000000000000e+04,-4.788000000000000000e+03
6.835937500000000142e-06,6.905110677083333481e-06,-5.408449218750000000e+03,-2.647136718750000000e+03,1.000000000000000000e+00,2.686407823234539638e+00,-2.010000000000000000e+06,2.802000000000000000e+04,-6.284000000000000000e+03
6.840006510416666361e-06,6.909179687499999699e-06,-5.281488281250000000e+03,-2.919820312500000000e+03,1.000000000000000000e+00,2.636577416078067060e+00,-1.949062500000000000e+06,2.750000000000000000e+04,-5.764000000000000000e+03
6.844075520833333426e-06,6.913248697916666765e-06,-5.123957031250000000e+03,-3.183652343750000000e+03,1.000000000000000000e+00,2.585644460230301700e+00,-1.992187500000000000e+06,2.696900000000000000e+04,-7.031000000000000000e+03
6.848144531249999645e-06,6.917317708333332983e-06,-4.949714843750000000e+03,-3.435718750000000000e+03,1.000000000000000000e+00,2.534831346631589710e+00,-1.987500000000000000e+06,2.643900000000000000e+04,-7.481000000000000000e+03
6.852213541666666710e-06,6.921386718750000049e-06,-4.772097656250000000e+03,-3.695820312500000000e+03,1.000000000000000000e+00,2.482604094494046176e+00,-2.042812500000000000e+06,2.589400000000000000e+04,-8.970000000000000000e+03
6.856282552083332929e-06,6.925455729166666267e-06,-4.571183593750000000e+03,-3.926726562500000000e+03,1.000000000000000000e+00,2.431886854694576883e+00,-1.983750000000000000e+06,2.536500000000000000e+04,-8.491000000000000000e+03
6.860351562499999995e-06,6.929524739583333333e-06,-4.365613281250000000e+03,-4.157140625000000000e+03,1.000000000000000000e+00,2.380642308999272316e+00,-2.004375000000000000e+06,2.483100000000000000e+04,-9.377000000000000000e+03
6.864420572916667060e-06,6.933593750000000398e-06,-4.151949218750000000e+03,-4.385796875000000000e+03,1.000000000000000000e+00,2.328822520508510241e+00,-2.026875000000000000e+06,2.429000000000000000e+04,-1.030200000000000000e+04
6.868489583333333279e-06,6.937662760416666617e-06,-3.918953125000000000e+03,-4.582156250000000000e+03,1.000000000000000000e+00,2.278344965207148576e+00,-1.974375000000000000e+06,2.376400000000000000e+04,-9.932000000000000000e+03
6.872558593750000344e-06,6.941731770833333683e-06,-3.672457031250000000e+03,-4.774449218750000000e+03,1.000000000000000000e+00,2.226477239816765152e+00,-2.028750000000000000e+06,2.322300000000000000e+04,-1.140100000000000000e+04
6.876627604166666563e-06,6.945800781249999901e-06,-3.425492187500000000e+03,-4.969691406250000000e+03,1.000000000000000000e+00,2.174273956129032292e+00,-2.041875000000000000e+06,2.267800000000000000e+04,-1.217000000000000000e+04
6.880696614583333628e-06,6.949869791666666967e-06,-3.177929687500000000e+03,-5.128375000000000000e+03,1.000000000000000000e+00,2.125546097663852052e+00,-1.905937500000000000e+06,2.217000000000000000e+04,-1.035800000000000000e+04
6.884765624999999847e-06,6.953938802083333185e-06,-2.909613281250000000e+03,-5.284132812500000000e+03,1.000000000000000000e+00,2.074133772819872767e+00,-2.010937500000000000e+06,2.163400000000000000e+04,-1.268600000000000000e+04
6.888834635416666912e-06,6.958007812500000251e-06,-2.622437500000000000e+03,-5.425851562500000000e+03,1.000000000000000000e+00,2.021019688039332074e+00,-2.077500000000000000e+06,2.108000000000000000e+04,-1.437600000000000000e+04
6.892903645833333131e-06,6.962076822916666469e-06,-2.351468750000000000e+03,-5.560492187500000000e+03,1.000000000000000000e+00,1.970877691035320289e+00,-1.961250000000000000e+06,2.055700000000000000e+04,-1.291500000000000000e+04
6.896972656250000197e-06,6.966145833333333535e-06,-2.067878906250000000e+03,-5.658496093750000000e+03,1.000000000000000000e+00,1.921167126127901303e+00,-1.944375000000000000e+06,2.003800000000000000e+04,-1.314600000000000000e+04
6.901041666666666415e-06,6.970214843749999753e-06,-1.771250000000000000e+03,-5.762437500000000000e+03,1.000000000000000000e+00,1.869011779339789570e+00,-2.040000000000000000e+06,1.949400000000000000e+04,-1.532200000000000000e+04
6.905110677083333481e-06,6.974283854166666819e-06,-1.475078125000000000e+03,-5.848160156250000000e+03,1.000000000000000000e+00,1.817887075893538373e+00,-1.999687500000000000e+06,1.896100000000000000e+04,-1.516700000000000000e+04
6.909179687499999699e-06,6.978352864583333037e-06,-1.182300781250000000e+03,-5.914773437500000000e+03,1.000000000000000000e+00,1.768080637186876469e+00,-1.948125000000000000e+06,1.844100000000000000e+04,-1.480700000000000000e+04
6.913248697916666765e-06,6.982421875000000103e-06,-8.675039062500000000e+02,-5.969812500000000000e+03,1.000000000000000000e+00,1.715110363105200486e+00,-2.071875000000000000e+06,1.788900000000000000e+04,-1.747100000000000000e+04
6.917317708333332983e-06,6.986490885416666322e-06,-5.555585937500000000e+02,-6.002238281250000000e+03,1.000000000000000000e+00,1.663098827015952796e+00,-2.034375000000000000e+06,1.734600000000000000e+04,-1.737400000000000000e+04
6.921386718750000049e-06,6.990559895833333387e-06,-2.611796875000000000e+02,-6.028562500000000000e+03,1.000000000000000000e+00,1.614083347153044468e+00,-1.917187500000000000e+06,1.683500000000000000e+04,-1.588500000000000000e+04
6.925455729166666267e-06,6.994628906249999606e-06,5.364062500000000000e+01,-6.020464843750000000e+03,1.000000000000000000e+00,1.561880063465311164e+00,-2.041875000000000000e+06,1.629100000000000000e+04,-1.855700000000000000e+04
6.929524739583333333e-06,6.998697916666666671e-06,3.590429687500000000e+02,-6.020632812500000000e+03,1.000000000000000000e+00,1.511234729015274336e+00,-1.980937500000000000e+06,1.576200000000000000e+04,-1.804600000000000000e+04
6.933593750000000398e-06,7.002766927083333737e-06,6.574179687500000000e+02,-5.995945312500000000e+03,1.000000000000000000e+00,1.461572101007476698e+00,-1.942500000000000000e+06,1.524400000000000000e+04,-1.790800000000000000e+04
6.937662760416666617e-06,7.006835937499999955e-06,9.832812500000000000e+02,-5.943667968750000000e+03,1.000000000000000000e+00,1.406852130089618624e+00,-2.140312500000000000e+06,1.467400000000000000e+04,-2.185400000000000000e+04
6.941731770833333683e-06,7.010904947916667021e-06,1.288000000000000000e+03,-5.897972656250000000e+03,1.000000000000000000e+00,1.355775363542988998e+00,-1.997812500000000000e+06,1.414100000000000000e+04,-1.995500000000000000e+04
6.945800781249999901e-06,7.014973958333333239e-06,1.579570312500000000e+03,-5.826214843750000000e+03,1.000000000000000000e+00,1.306040830185759116e+00,-1.945312500000000000e+06,1.362200000000000000e+04,-1.957800000000000000e+04
6.949869791666666967e-06,7.019042968750000305e-06,1.866914062500000000e+03,-5.731550781250000000e+03,1.000000000000000000e+00,1.255898833181747332e+00,-1.961250000000000000e+06,1.309900000000000000e+04,-2.037300000000000000e+04
6.953938802083333185e-06,7.023111979166666523e-06,2.176234375000000000e+03,-5.631972656250000000e+03,1.000000000000000000e+00,1.202065694906885529e+00,-2.105625000000000000e+06,1.253800000000000000e+04,-2.339800000000000000e+04
6.958007812500000251e-06,7.027180989583333589e-06,2.440000000000000000e+03,-5.510398437500000000e+03,1.000000000000000000e+00,1.153937047686973472e+00,-1.882500000000000000e+06,1.203600000000000000e+04,-2.009200000000000000e+04
6.962076822916666469e-06,7.031249999999999808e-06,2.723234375000000000e+03,-5.379515625000000000e+03,1.000000000000000000e+00,1.102189164545643862e+00,-2.024062500000000000e+06,1.149600000000000000e+04,-2.304800000000000000e+04
6.966145833333333535e-06,7.035319010416666873e-06,3.007527343750000000e+03,-5.228265625000000000e+03,1.000000000000000000e+00,1.048787458367375081e+00,-2.088750000000000000e+06,1.093900000000000000e+04,-2.470900000000000000e+04
6.970214843749999753e-06,7.039388020833333092e-06,3.262039062500000000e+03,-5.085472656250000000e+03,1.000000000000000000e+00,1.000467063548977409e+00,-1.890000000000000000e+06,1.043500000000000000e+04,-2.182100000000000000e+04
6.974283854166666819e-06,7.043457031250000157e-06,3.503222656250000000e+03,-4.894187500000000000e+03,1.000000000000000000e+00,9.495341077012119380e-01,-1.992187500000000000e+06,9.904000000000000000e+03,-2.409600000000000000e+04
6.978352864583333037e-06,7.047526041666666376e-06,3.764398437500000000e+03,-4.716609375000000000e+03,1.000000000000000000e+00,8.972109817644250418e-01,-2.046562500000000000e+06,9.358000000000000000e+03,-2.557000000000000000e+04
6.982421875000000103e-06,7.051595052083333441e-06,4.008425781250000000e+03,-4.517484375000000000e+03,1.000000000000000000e+00,8.450316665265026339e-01,-2.040937500000000000e+06,8.814000000000000000e+03,-2.601800000000000000e+04
6.986490885416666322e-06,7.055664062499999660e-06,4.206371093750000000e+03,-4.306718750000000000e+03,1.000000000000000000e+00,7.971906407043191090e-01,-1.871250000000000000e+06,8.315000000000000000e+03,-2.362100000000000000e+04
6.990559895833333387e-06,7.059733072916666725e-06,4.432335937500000000e+03,-4.081097656250000000e+03,1.000000000000000000e+00,7.441724297230216667e-01,-2.073750000000000000e+06,7.762000000000000000e+03,-2.763000000000000000e+04
6.994628906249999606e-06,7.063802083333332944e-06,4.636339843750000000e+03,-3.855835937500000000e+03,1.000000000000000000e+00,6.937428113212812386e-01,-1.972500000000000000e+06,7.236000000000000000e+03,-2.642800000000000000e+04
6.998697916666666671e-06,7.067871093750000009e-06,4.820871093750000000e+03,-3.608757812500000000e+03,1.000000000000000000e+00,6.425701709754086943e-01,-2.001562500000000000e+06,6.702000000000000000e+03,-2.745800000000000000e+04
7.002766927083333737e-06,7.071940104166667075e-06,4.999921875000000000e+03,-3.353093750000000000e+03,1.000000000000000000e+00,5.907264140348361670e-01,-2.027812500000000000e+06,6.161000000000000000e+03,-2.844700000000000000e+04
7.006835937499999955e-06,7.076009114583333294e-06,5.177332031250000000e+03,-3.104636718750000000e+03,1.000000000000000000e+00,5.401769533840421467e-01,-1.977187500000000000e+06,5.634000000000000000e+03,-2.811000000000000000e+04
7.010904947916667021e-06,7.080078125000000359e-06,5.330199218750000000e+03,-2.831507812500000000e+03,1.000000000000000000e+00,4.883092279936588898e-01,-2.028750000000000000e+06,5.093000000000000000e+03,-2.953100000000000000e+04
7.014973958333333239e-06,7.084147135416666578e-06,5.451988281250000000e+03,-2.549734375000000000e+03,1.000000000000000000e+00,4.374481774953255520e-01,-1.989375000000000000e+06,4.562000000000000000e+03,-2.939000000000000000e+04
7.019042968750000305e-06,7.088216145833333643e-06,5.594667968750000000e+03,-2.268535156250000000e+03,1.000000000000000000e+00,3.852209253577816295e-01,-2.042812500000000000e+06,4.018000000000000000e+03,-3.084600000000000000e+04
7.023111979166666523e-06,7.092285156249999862e-06,5.698253906250000000e+03,-1.990324218750000000e+03,1.000000000000000000e+00,3.360376663461982494e-01,-1.923750000000000000e+06,3.505000000000000000e+03,-2.932700000000000000e+04
7.027180989583333589e-06,7.096354166666666927e-06,5.786613281250000000e+03,-1.686351562500000000e+03,1.000000000000000000e+00,2.835707297105471980e-01,-2.052187500000000000e+06,2.957000000000000000e+03,-3.206700000000000000e+04
7.031249999999999808e-06,7.100423177083333146e-06,5.872855468750000000e+03,-1.378121093750000000e+03,1.000000000000000000e+00,2.304806133798175949e-01,-2.076562500000000000e+06,2.404000000000000000e+03,-3.276800000000000000e+04
7.035319010416666873e-06,7.104492187500000211e-06,5.933914062500000000e+03,-1.090906250000000000e+03,1.000000000000000000e+00,1.818006918142592021e-01,-1.904062500000000000e+06,1.896000000000000000e+03,-3.060000000000000000e+04
7.039388020833333092e-06,7.108561197916666430e-06,5.977808593750000000e+03,-7.921289062500000000e+02,1.000000000000000000e+00,1.317545686094901414e-01,-1.957500000000000000e+06,1.374000000000000000e+03,-3.203400000000000000e+04
7.043457031250000157e-06,7.112630208333333496e-06,6.014800781250000000e+03,-4.770820312500000000e+02,1.000000000000000000e+00,7.916778972478551168e-02,-2.056875000000000000e+06,8.250000000000000000e+02,-3.276800000000000000e+04
7.047526041666666376e-06,7.116699218749999714e-06,6.038453125000000000e+03,-1.665703125000000000e+02,1.000000000000000000e+00,2.756371728232011320e-02,-2.018437500000000000e+06,2.870000000000000000e+02,-3.276800000000000000e+04
7.051595052083333441e-06,7.120768229166666780e-06,6.025582031250000000e+03,1.396875000000000000e+02,1.000000000000000000e+00,-2.317749096695960812e-02,-1.984687500000000000e+06,-2.420000000000000000e+02,-3.276800000000000000e+04
7.055664062499999660e-06,7.124837239583332998e-06,6.015152343750000000e+03,4.544843750000000000e+02,1.000000000000000000e+00,-7.540474310450355488e-02,-2.042812500000000000e+06,-7.870000000000000000e+02,-3.276800000000000000e+04
7.059733072916666725e-06,7.128906250000000064e-06,5.986003906250000000e+03,7.620507812500000000e+02,1.000000000000000000e+00,-1.266253203499975444e-01,-2.003437500000000000e+06,-1.321000000000000000e+03,-3.276800000000000000e+04
7.063802083333332944e-06,7.132975260416666282e-06,5.933027343750000000e+03,1.054289062500000000e+03,1.000000000000000000e+00,-1.758565162612023280e-01,-1.925625000000000000e+06,-1.835000000000000000e+03,-3.276800000000000000e+04
7.067871093750000009e-06,7.137044270833333348e-06,5.877718750000000000e+03,1.365566406250000000e+03,1.000000000000000000e+00,-2.282755159972319758e-01,-2.050312500000000000e+06,-2.381000000000000000e+03,-3.276800000000000000e+04
7.071940104166667075e-06,7.141113281250000413e-06,5.801308593750000000e+03,1.658996093750000000e+03,1.000000000000000000e+00,-2.785373552502974359e-01,-1.965937500000000000e+06,-2.906000000000000000e+03,-3.276800000000000000e+04
7.076009114583333294e-06,7.145182291666666632e-06,5.694363281250000000e+03,1.952234375000000000e+03,1.000000000000000000e+00,-3.302852383916271006e-01,-2.024062500000000000e+06,-3.445000000000000000e+03,-3.276800000000000000e+04
7.080078125000000359e-06,7.149251302083333697e-06,5.587082031250000000e+03,2.242355468750000000e+03,1.000000000000000000e+00,-3.816735947857960998e-01,-2.010000000000000000e+06,-3.981000000000000000e+03,-3.276800000000000000e+04
7.084147135416666578e-06,7.153320312499999916e-06,5.471136718750000000e+03,2.526152343750000000e+03,1.000000000000000000e+00,-4.325586137339401116e-01,-1.990312500000000000e+06,-4.512000000000000000e+03,-3.276800000000000000e+04
7.088216145833333643e-06,7.157389322916666982e-06,5.336101562500000000e+03,2.794144531250000000e+03,1.000000000000000000e+00,-4.823650524406020157e-01,-1.948125000000000000e+06,-5.032000000000000000e+03,-3.276800000000000000e+04
7.092285156249999862e-06,7.161458333333333200e-06,5.189144531250000000e+03,3.070253906250000000e+03,1.000000000000000000e+00,-5.342807147306066762e-01,-2.030625000000000000e+06,-5.573000000000000000e+03,-3.276800000000000000e+04
7.096354166666666927e-06,7.165527343750000266e-06,5.042113281250000000e+03,3.332484375000000000e+03,1.000000000000000000e+00,-5.840152480878364472e-01,-1.945312500000000000e+06,-6.092000000000000000e+03,-3.276800000000000000e+04
7.100423177083333146e-06,7.169596354166666484e-06,4.856750000000000000e+03,3.579886718750000000e+03,1.000000000000000000e+00,-6.351878884337089914e-01,-2.001562500000000000e+06,-6.626000000000000000e+03,-3.276800000000000000e+04
7.104492187500000211e-06,7.173665364583333550e-06,4.656156250000000000e+03,3.826265625000000000e+03,1.000000000000000000e+00,-6.878705411176565532e-01,-2.060625000000000000e+06,-7.175000000000000000e+03,-3.276800000000000000e+04
7.108561197916666430e-06,7.177734374999999768e-06,4.461808593750000000e+03,4.070363281250000000e+03,1.000000000000000000e+00,-7.395465189095540293e-01,-2.021250000000000000e+06,-7.714000000000000000e+03,-3.276800000000000000e+04
7.112630208333333496e-06,7.181803385416666834e-06,4.247445312500000000e+03,4.280476562500000000e+03,1.000000000000000000e+00,-7.892570838169731262e-01,-1.944375000000000000e+06,-8.233000000000000000e+03,-3.276800000000000000e+04
7.116699218749999714e-06,7.185872395833333052e-06,4.029421875000000000e+03,4.485781250000000000e+03,1.000000000000000000e+00,-8.389436802745814381e-01,-1.943437500000000000e+06,-8.751000000000000000e+03,-3.276800000000000000e+04
7.120768229166666780e-06,7.189941406250000118e-06,3.787773437500000000e+03,4.691964843750000000e+03,1.000000000000000000e+00,-8.916263329585288888e-01,-2.060625000000000000e+06,-9.300000000000000000e+03,-3.276800000000000000e+04
7.124837239583332998e-06,7.194010416666666336e-06,3.548035156250000000e+03,4.883820312500000000e+03,1.000000000000000000e+00,-9.425113519066729006e-01,-1.990312500000000000e+06,-9.831000000000000000e+03,-3.276800000000000000e+04
7.128906250000000064e-06,7.198079427083333402e-06,3.287062500000000000e+03,5.049484375000000000e+03,1.000000000000000000e+00,-9.937558976019775780e-01,-2.004375000000000000e+06,-1.036600000000000000e+04,-3.276800000000000000e+04
7.132975260416666282e-06,7.202148437499999621e-06,3.016296875000000000e+03,5.220933593750000000e+03,1.000000000000000000e+00,-1.046917919282139398e+00,-2.079375000000000000e+06,-1.092000000000000000e+04,-3.276800000000000000e+04
7.137044270833333348e-06,7.206217447916666686e-06,2.751941406250000000e+03,5.377453125000000000e+03,1.000000000000000000e+00,-1.097778969780472735e+00,-1.989375000000000000e+06,-1.145100000000000000e+04,-3.276800000000000000e+04
7.141113281250000413e-06,7.210286458333333752e-06,2.474089843750000000e+03,5.487160156250000000e+03,1.000000000000000000e+00,-1.147201913290163189e+00,-1.933125000000000000e+06,-1.196600000000000000e+04,-3.276800000000000000e+04
7.145182291666666632e-06,7.214355468749999970e-06,2.192519531250000000e+03,5.615593750000000000e+03,1.000000000000000000e+00,-1.198566301234521347e+00,-2.009062500000000000e+06,-1.250200000000000000e+04,-3.276800000000000000e+04
7.149251302083333697e-06,7.218424479166667036e-06,1.910152343750000000e+03,5.727976562500000000e+03,1.000000000000000000e+00,-1.248924014286829864e+00,-1.969687500000000000e+06,-1.302700000000000000e+04,-3.276800000000000000e+04
7.153320312499999916e-06,7.222493489583333254e-06,1.619492187500000000e+03,5.802253906250000000e+03,1.000000000000000000e+00,-1.298610610744438176e+00,-1.943437500000000000e+06,-1.354500000000000000e+04,-3.276800000000000000e+04
7.157389322916666982e-06,7.226562500000000320e-06,1.301359375000000000e+03,5.885656250000000000e+03,1.000000000000000000e+00,-1.353186770963431984e+00,-2.134687500000000000e+06,-1.411500000000000000e+04,-3.276800000000000000e+04
7.161458333333333200e-06,7.230631510416666538e-06,1.002500000000000000e+03,5.958203125000000000e+03,1.000000000000000000e+00,-1.404095758361386670e+00,-1.991250000000000000e+06,-1.464600000000000000e+04,-3.276800000000000000e+04
7.165527343750000266e-06,7.234700520833333604e-06,7.109921875000000000e+02,5.989808593750000000e+03,1.000000000000000000e+00,-1.452655837677891526e+00,-1.899375000000000000e+06,-1.515200000000000000e+04,-3.276800000000000000e+04
7.169596354166666484e-06,7.238769531249999822e-06,3.819062500000000000e+02,6.012332031250000000e+03,1.000000000000000000e+00,-1.507375808595749600e+00,-2.140312500000000000e+06,-1.572300000000000000e+04,-3.276800000000000000e+04
7.173665364583333550e-06,7.242838541666666888e-06,7.284375000000000000e+01,6.038960937500000000e+03,1.000000000000000000e+00,-1.558740196540107759e+00,-2.009062500000000000e+06,-1.625900000000000000e+04,-3.276800000000000000e+04
7.177734374999999768e-06,7.246907552083333107e-06,-2.268945312500000000e+02,6.025570312500000000e+03,1.000000000000000000e+00,-1.608426792997716293e+00,-1.943437500000000000e+06,-1.677700000000000000e+04,-3.276800000000000000e+04
7.181803385416666834e-06,7.250976562500000172e-06,-5.356445312500000000e+02,5.997792968750000000e+03,1.000000000000000000e+00,-1.659863086291506695e+00,-2.011875000000000000e+06,-1.731300000000000000e+04,-3.276800000000000000e+04
7.185872395833333052e-06,7.255045572916666391e-06,-8.376093750000000000e+02,5.979968750000000000e+03,1.000000000000000000e+00,-1.709957146395897132e+00,-1.959375000000000000e+06,-1.783600000000000000e+04,-3.276800000000000000e+04
7.189941406250000118e-06,7.259114583333333456e-06,-1.146476562500000000e+03,5.929847656250000000e+03,1.000000000000000000e+00,-1.761776934886658985e+00,-2.026875000000000000e+06,-1.837600000000000000e+04,-3.276800000000000000e+04
7.194010416666666336e-06,7.263183593749999675e-06,-1.440175781250000000e+03,5.860550781250000000e+03,1.000000000000000000e+00,-1.811751152741995829e+00,-1.954687500000000000e+06,-1.889800000000000000e+04,-3.276800000000000000e+04
7.198079427083333402e-06,7.267252604166666740e-06,-1.744082031250000000e+03,5.776570312500000000e+03,1.000000000000000000e+00,-1.864026341779161156e+00,-2.044687500000000000e+06,-1.944300000000000000e+04,-3.276800000000000000e+04
7.202148437499999621e-06,7.271321614583332959e-06,-2.033679687500000000e+03,5.680789062500000000e+03,1.000000000000000000e+00,-1.914575802429955065e+00,-1.977187500000000000e+06,-1.997000000000000000e+04,-3.276800000000000000e+04
7.206217447916666686e-06,7.275390625000000024e-06,-2.311664062500000000e+03,5.562410156250000000e+03,1.000000000000000000e+00,-1.964669862534345723e+00,-1.959375000000000000e+06,-2.049300000000000000e+04,-3.276800000000000000e+04
7.210286458333333752e-06,7.279459635416667090e-06,-2.605996093750000000e+03,5.446867187500000000e+03,1.000000000000000000e+00,-2.017040925370753968e+00,-2.048437500000000000e+06,-2.103900000000000000e+04,-3.276800000000000000e+04
7.214355468749999970e-06,7.283528645833333308e-06,-2.884976562500000000e+03,5.298855468750000000e+03,1.000000000000000000e+00,-2.069364051307540642e+00,-2.046562500000000000e+06,-2.158500000000000000e+04,-3.276800000000000000e+04
7.218424479166667036e-06,7.287597656250000374e-06,-3.136281250000000000e+03,5.147578125000000000e+03,1.000000000000000000e+00,-2.117996035973477742e+00,-1.902187500000000000e+06,-2.209200000000000000e+04,-3.276800000000000000e+04
7.222493489583333254e-06,7.291666666666666593e-06,-3.399761718750000000e+03,4.973308593750000000e+03,1.000000000000000000e+00,-2.170415035709507112e+00,-2.050312500000000000e+06,-2.263900000000000000e+04,-3.276800000000000000e+04
7.226562500000000320e-06,7.295735677083333658e-06,-3.660726562500000000e+03,4.796417968750000000e+03,1.000000000000000000e+00,-2.222690224746672438e+00,-2.044687500000000000e+06,-2.318400000000000000e+04,-3.276800000000000000e+04
7.230631510416666538e-06,7.299804687499999877e-06,-3.886593750000000000e+03,4.603289062500000000e+03,1.000000000000000000e+00,-2.271993326007309744e+00,-1.928437500000000000e+06,-2.369800000000000000e+04,-3.276800000000000000e+04
7.234700520833333604e-06,7.303873697916666942e-06,-4.122496093750000000e+03,4.394703125000000000e+03,1.000000000000000000e+00,-2.324244546594664396e+00,-2.043750000000000000e+06,-2.424300000000000000e+04,-3.276800000000000000e+04
7.238769531249999822e-06,7.307942708333333161e-06,-4.349875000000000000e+03,4.187925781250000000e+03,1.000000000000000000e+00,-2.375177502442429756e+00,-1.992187500000000000e+06,-2.477400000000000000e+04,-3.276800000000000000e+04
7.242838541666666888e-06,7.312011718750000226e-06,-4.553601562500000000e+03,3.960257812500000000e+03,1.000000000000000000e+00,-2.425774899992845235e+00,-1.979062500000000000e+06,-2.530200000000000000e+04,-3.276800000000000000e+04
7.246907552083333107e-06,7.316080729166666445e-06,-4.744910156250000000e+03,3.707226562500000000e+03,1.000000000000000000e+00,-2.478361678877549767e+00,-2.056875000000000000e+06,-2.585100000000000000e+04,-3.276800000000000000e+04
7.250976562500000172e-06,7.320149739583333510e-06,-4.934652343750000000e+03,3.466523437500000000e+03,1.000000000000000000e+00,-2.529198760926072431e+00,-1.988437500000000000e+06,-2.638100000000000000e+04,-3.276800000000000000e+04
7.255045572916666391e-06,7.324218749999999729e-06,-5.097066406250000000e+03,3.216894531250000000e+03,1.000000000000000000e+00,-2.578597735985951989e+00,-1.932187500000000000e+06,-2.689600000000000000e+04,-3.276800000000000000e+04
7.259114583333333456e-06,7.328287760416666795e-06,-5.259527343750000000e+03,2.947234375000000000e+03,1.000000000000000000e+00,-2.630824988123495967e+00,-2.042812500000000000e+06,-2.744100000000000000e+04,-3.276800000000000000e+04
7.263183593749999675e-06,7.332356770833333013e-06,-5.418429687500000000e+03,2.668597656250000000e+03,1.000000000000000000e+00,-2.683963041353846890e+00,-2.078437500000000000e+06,-2.799500000000000000e+04,-3.276800000000000000e+04
7.267252604166666740e-06,7.336425781250000079e-06,-5.536406250000000000e+03,2.401597656250000000e+03,1.000000000000000000e+00,-2.732307404622055458e+00,-1.890937500000000000e+06,-2.849900000000000000e+04,-3.276800000000000000e+04
7.271321614583332959e-06,7.340494791666666297e-06,-5.642777343750000000e+03,2.111152343750000000e+03,1.000000000000000000e+00,-2.783575918767170698e+00,-2.005312500000000000e+06,-2.903400000000000000e+04,-3.276800000000000000e+04
7.275390625000000024e-06,7.344563802083333363e-06,-5.747363281250000000e+03,1.813378906250000000e+03,1.000000000000000000e+00,-2.835970950053389839e+00,-2.049375000000000000e+06,-2.958100000000000000e+04,-3.276800000000000000e+04
7.279459635416667090e-06,7.348632812500000428e-06,-5.837539062500000000e+03,1.530695312500000000e+03,1.000000000000000000e+00,-2.885154209064973330e+00,-1.923750000000000000e+06,-3.009400000000000000e+04,-3.276800000000000000e+04
7.283528645833333308e-06,7.352701822916666647e-06,-5.896964843750000000e+03,1.215632812500000000e+03,1.000000000000000000e+00,-2.938292262295324253e+00,-2.078437500000000000e+06,-3.064800000000000000e+04,-3.276800000000000000e+04
7.287597656250000374e-06,7.356770833333333712e-06,-5.960972656250000000e+03,9.058085937500000000e+02,1.000000000000000000e+00,-2.990783167380786089e+00,-2.053125000000000000e+06,-3.119500000000000000e+04,-3.276800000000000000e+04
7.291666666666666593e-06,7.360839843749999931e-06,-6.000347656250000000e+03,6.089687500000000000e+02,1.000000000000000000e+00,-3.040445795388583505e+00,-1.942500000000000000e+06,-3.171300000000000000e+04,-3.276800000000000000e+04
7.295735677083333658e-06,7.364908854166666996e-06,-6.015464843750000000e+03,3.093867187500000000e+02,1.000000000000000000e+00,-3.090204297195624061e+00,-1.946250000000000000e+06,-3.223200000000000000e+04,-3.276800000000000000e+04
7.299804687499999877e-06,7.368977864583333215e-06,-6.028707031250000000e+03,-7.023437500000000000e+00,1.000000000000000000e+00,3.140418199549068312e+00,-2.055937500000000000e+06,3.275500000000000000e+04,-2.333000000000000000e+03
7.303873697916666942e-06,7.373046875000000281e-06,-6.024406250000000000e+03,-3.097500000000000000e+02,1.000000000000000000e+00,3.090204297195624061e+00,-1.964062500000000000e+06,3.223200000000000000e+04,-1.288000000000000000e+03
7.307942708333333161e-06,7.377115885416666499e-06,-5.990570312500000000e+03,-6.137773437500000000e+02,1.000000000000000000e+00,3.039487057396155212e+00,-1.983750000000000000e+06,3.170300000000000000e+04,-2.153000000000000000e+03
7.312011718750000226e-06,7.381184895833333565e-06,-5.951457031250000000e+03,-9.327773437500000000e+02,1.000000000000000000e+00,2.986133288117507778e+00,-2.086875000000000000e+06,3.114600000000000000e+04,-4.470000000000000000e+03
7.316080729166666445e-06,7.385253906249999783e-06,-5.909265625000000000e+03,-1.237109375000000000e+03,1.000000000000000000e+00,2.935224300719553092e+00,-1.991250000000000000e+06,3.061500000000000000e+04,-3.369000000000000000e+03
7.320149739583333510e-06,7.389322916666666849e-06,-5.834898437500000000e+03,-1.525414062500000000e+03,1.000000000000000000e+00,2.885897231009105113e+00,-1.929375000000000000e+06,3.010100000000000000e+04,-2.827000000000000000e+03
7.324218749999999729e-06,7.393391927083333067e-06,-5.749867187500000000e+03,-1.832699218750000000e+03,1.000000000000000000e+00,2.833046799176482722e+00,-2.067187500000000000e+06,2.954900000000000000e+04,-5.731000000000000000e+03
7.328287760416666795e-06,7.397460937500000133e-06,-5.653906250000000000e+03,-2.118417968750000000e+03,1.000000000000000000e+00,2.783096549770956774e+00,-1.953750000000000000e+06,2.902800000000000000e+04,-4.316000000000000000e+03
7.332356770833333013e-06,7.401529947916666351e-06,-5.539070312500000000e+03,-2.402128906250000000e+03,1.000000000000000000e+00,2.732403278421298154e+00,-1.982812500000000000e+06,2.850000000000000000e+04,-5.340000000000000000e+03
7.336425781250000079e-06,7.405598958333333417e-06,-5.392082031250000000e+03,-2.687359375000000000e+03,1.000000000000000000e+00,2.679241256741136556e+00,-2.079375000000000000e+06,2.794500000000000000e+04,-7.543000000000000000e+03
7.340494791666666297e-06,7.409667968749999635e-06,-5.250953125000000000e+03,-2.956937500000000000e+03,1.000000000000000000e+00,2.628739732989963773e+00,-1.975312500000000000e+06,2.741800000000000000e+04,-6.294000000000000000e+03
7.344563802083333363e-06,7.413736979166666701e-06,-5.109601562500000000e+03,-3.211136718750000000e+03,1.000000000000000000e+00,2.580515211970809020e+00,-1.886250000000000000e+06,2.691500000000000000e+04,-5.277000000000000000e+03
7.348632812499999581e-06,7.417805989583332920e-06,-4.920042968750000000e+03,-3.467277343750000000e+03,1.000000000000000000e+00,2.527688748587997303e+00,-2.066250000000000000e+06,2.636400000000000000e+04,-8.900000000000000000e+03
7.352701822916666647e-06,7.421874999999999985e-06,-4.734863281250000000e+03,-3.728988281250000000e+03,1.000000000000000000e+00,2.474478790008214357e+00,-2.081250000000000000e+06,2.580900000000000000e+04,-9.711000000000000000e+03
7.356770833333333712e-06,7.425944010416667051e-06,-4.551242187500000000e+03,-3.958917968750000000e+03,1.000000000000000000e+00,2.425679026193602095e+00,-1.908750000000000000e+06,2.530000000000000000e+04,-7.276000000000000000e+03
7.360839843749999931e-06,7.430013020833333269e-06,-4.324199218750000000e+03,-4.185765625000000000e+03,1.000000000000000000e+00,2.372469067613819149e+00,-2.081250000000000000e+06,2.474500000000000000e+04,-1.077500000000000000e+04
7.364908854166666996e-06,7.434082031250000335e-06,-4.125527343750000000e+03,-4.406679687500000000e+03,1.000000000000000000e+00,2.323261840152424984e+00,-1.924687500000000000e+06,2.423200000000000000e+04,-8.616000000000000000e+03
7.368977864583333215e-06,7.438151041666666553e-06,-3.896765625000000000e+03,-4.609542968750000000e+03,1.000000000000000000e+00,2.272592537252577483e+00,-1.981875000000000000e+06,2.370400000000000000e+04,-1.012000000000000000e+04
7.373046875000000281e-06,7.442220052083333619e-06,-3.644363281250000000e+03,-4.797335937500000000e+03,1.000000000000000000e+00,2.220461158914276201e+00,-2.039062500000000000e+06,2.316000000000000000e+04,-1.164000000000000000e+04
7.377115885416666499e-06,7.446289062499999837e-06,-3.396953125000000000e+03,-4.986742187500000000e+03,1.000000000000000000e+00,2.168785181122378614e+00,-2.021250000000000000e+06,2.262100000000000000e+04,-1.187500000000000000e+04
7.381184895833333565e-06,7.450358072916666903e-06,-3.140558593750000000e+03,-5.154371093750000000e+03,1.000000000000000000e+00,2.118020004423288416e+00,-1.985625000000000000e+06,2.209100000000000000e+04,-1.179700000000000000e+04
7.385253906249999783e-06,7.454427083333333121e-06,-2.863628906250000000e+03,-5.296218750000000000e+03,1.000000000000000000e+00,2.066463868880444199e+00,-2.016562500000000000e+06,2.155400000000000000e+04,-1.286200000000000000e+04
7.389322916666666849e-06,7.458496093750000187e-06,-2.588367187500000000e+03,-5.443683593750000000e+03,1.000000000000000000e+00,2.014644080389682568e+00,-2.026875000000000000e+06,2.101300000000000000e+04,-1.357900000000000000e+04
7.393391927083333067e-06,7.462565104166666406e-06,-2.317519531250000000e+03,-5.579902343750000000e+03,1.000000000000000000e+00,1.964454146486049213e+00,-1.963125000000000000e+06,2.049000000000000000e+04,-1.301400000000000000e+04
7.397460937500000133e-06,7.466634114583333471e-06,-2.028781250000000000e+03,-5.681812500000000000e+03,1.000000000000000000e+00,1.913760875136390815e+00,-1.982812500000000000e+06,1.996100000000000000e+04,-1.387900000000000000e+04
7.401529947916666351e-06,7.470703124999999690e-06,-1.726503906250000000e+03,-5.777078125000000000e+03,1.000000000000000000e+00,1.861198064701496957e+00,-2.055937500000000000e+06,1.941300000000000000e+04,-1.567500000000000000e+04
7.405598958333333417e-06,7.474772135416666755e-06,-1.431105468750000000e+03,-5.863343750000000000e+03,1.000000000000000000e+00,1.810193203504299353e+00,-1.995000000000000000e+06,1.888100000000000000e+04,-1.516700000000000000e+04
7.409667968749999635e-06,7.478841145833332974e-06,-1.136324218750000000e+03,-5.920843750000000000e+03,1.000000000000000000e+00,1.760410733247448345e+00,-1.947187500000000000e+06,1.836100000000000000e+04,-1.487100000000000000e+04
7.413736979166666701e-06,7.482910156250000039e-06,-8.144531250000000000e+02,-5.965296875000000000e+03,1.000000000000000000e+00,1.706481721173343624e+00,-2.109375000000000000e+06,1.779900000000000000e+04,-1.820100000000000000e+04
7.417805989583332920e-06,7.486979166666666258e-06,-5.108281250000000000e+02,-6.019285156250000000e+03,1.000000000000000000e+00,1.655452891526335346e+00,-1.995937500000000000e+06,1.726700000000000000e+04,-1.679700000000000000e+04
7.421874999999999985e-06,7.491048177083333323e-06,-2.103281250000000000e+02,-6.017273437500000000e+03,1.000000000000000000e+00,1.605742326618916360e+00,-1.944375000000000000e+06,1.674800000000000000e+04,-1.643600000000000000e+04
7.425944010416667051e-06,7.495117187500000389e-06,9.908203125000000000e+01,-6.024808593750000000e+03,1.000000000000000000e+00,1.554353970224747306e+00,-2.010000000000000000e+06,1.621200000000000000e+04,-1.809200000000000000e+04
7.430013020833333269e-06,7.499186197916666607e-06,4.138984375000000000e+02,-6.011652343750000000e+03,1.000000000000000000e+00,1.502054812737771305e+00,-2.045625000000000000e+06,1.566700000000000000e+04,-1.924500000000000000e+04
7.434082031250000335e-06,7.503255208333333673e-06,7.071132812500000000e+02,-5.990796875000000000e+03,1.000000000000000000e+00,1.453302985822780835e+00,-1.906875000000000000e+06,1.515800000000000000e+04,-1.738600000000000000e+04
7.438151041666666553e-06,7.507324218749999892e-06,1.018800781250000000e+03,-5.944847656250000000e+03,1.000000000000000000e+00,1.401075733685236857e+00,-2.042812500000000000e+06,1.461300000000000000e+04,-2.025100000000000000e+04
7.442220052083333619e-06,7.511393229166666957e-06,1.325902343750000000e+03,-5.890121093750000000e+03,1.000000000000000000e+00,1.349375787443528596e+00,-2.022187500000000000e+06,1.407400000000000000e+04,-2.043800000000000000e+04
7.446289062499999837e-06,7.515462239583333176e-06,1.621257812500000000e+03,-5.810695312500000000e+03,1.000000000000000000e+00,1.298706484543680872e+00,-1.981875000000000000e+06,1.354600000000000000e+04,-2.027800000000000000e+04
7.450358072916666903e-06,7.519531250000000241e-06,1.910324218750000000e+03,-5.717773437500000000e+03,1.000000000000000000e+00,1.248348771491372577e+00,-1.969687500000000000e+06,1.302000000000000000e+04,-2.059600000000000000e+04
7.454427083333333121e-06,7.523600260416666460e-06,2.202937500000000000e+03,-5.613183593750000000e+03,1.000000000000000000e+00,1.196816604398339479e+00,-2.015625000000000000e+06,1.248300000000000000e+04,-2.191700000000000000e+04
7.458496093750000187e-06,7.527669270833333525e-06,2.482500000000000000e+03,-5.498519531250000000e+03,1.000000000000000000e+00,1.146698575844138146e+00,-1.960312500000000000e+06,1.196000000000000000e+04,-2.149600000000000000e+04
7.462565104166666406e-06,7.531738281249999744e-06,2.752992187500000000e+03,-5.351503906250000000e+03,1.000000000000000000e+00,1.095669746197129868e+00,-1.995937500000000000e+06,1.142800000000000000e+04,-2.263600000000000000e+04
7.466634114583333471e-06,7.535807291666666809e-06,3.042191406250000000e+03,-5.212140625000000000e+03,1.000000000000000000e+00,1.042459787617346700e+00,-2.081250000000000000e+06,1.087300000000000000e+04,-2.464700000000000000e+04
7.470703124999999690e-06,7.539876302083333028e-06,3.306375000000000000e+03,-5.056144531250000000e+03,1.000000000000000000e+00,9.916466740186348217e-01,-1.987500000000000000e+06,1.034300000000000000e+04,-2.357700000000000000e+04
7.474772135416666755e-06,7.543945312500000094e-06,3.546878906250000000e+03,-4.870957031250000000e+03,1.000000000000000000e+00,9.414088032153801189e-01,-1.965000000000000000e+06,9.819000000000000000e+03,-2.371700000000000000e+04
7.478841145833332974e-06,7.548014322916666312e-06,3.799921875000000000e+03,-4.682601562500000000e+03,1.000000000000000000e+00,8.890856772785933337e-01,-2.046562500000000000e+06,9.273000000000000000e+03,-2.565500000000000000e+04
7.482910156250000039e-06,7.552083333333333378e-06,4.029968750000000000e+03,-4.494871093750000000e+03,1.000000000000000000e+00,8.398784498171992796e-01,-1.924687500000000000e+06,8.760000000000000000e+03,-2.408800000000000000e+04
7.486979166666666258e-06,7.556152343749999596e-06,4.246839843750000000e+03,-4.275070312500000000e+03,1.000000000000000000e+00,7.887058094713267353e-01,-2.001562500000000000e+06,8.226000000000000000e+03,-2.593400000000000000e+04
7.491048177083333323e-06,7.560221354166666662e-06,4.464488281250000000e+03,-4.043707031250000000e+03,1.000000000000000000e+00,7.359752198877578255e-01,-2.062500000000000000e+06,7.676000000000000000e+03,-2.752400000000000000e+04
7.495117187500000389e-06,7.564290364583333727e-06,4.674964843750000000e+03,-3.823425781250000000e+03,1.000000000000000000e+00,6.855216330362066124e-01,-1.973437500000000000e+06,7.150000000000000000e+03,-2.653000000000000000e+04
7.499186197916666607e-06,7.568359374999999946e-06,4.858488281250000000e+03,-3.586632812500000000e+03,1.000000000000000000e+00,6.359069419280304336e-01,-1.940625000000000000e+06,6.632000000000000000e+03,-2.648800000000000000e+04
7.503255208333333673e-06,7.572428385416667011e-06,5.035121093750000000e+03,-3.322953125000000000e+03,1.000000000000000000e+00,5.833441314931364641e-01,-2.055937500000000000e+06,6.084000000000000000e+03,-2.900400000000000000e+04
7.507324218749999892e-06,7.576497395833333230e-06,5.200593750000000000e+03,-3.072183593750000000e+03,1.000000000000000000e+00,5.335856296860960191e-01,-1.946250000000000000e+06,5.565000000000000000e+03,-2.765100000000000000e+04
7.511393229166666957e-06,7.580566406250000295e-06,5.343964843750000000e+03,-2.805195312500000000e+03,1.000000000000000000e+00,4.833956957824626643e-01,-1.963125000000000000e+06,5.042000000000000000e+03,-2.846200000000000000e+04
7.515462239583333176e-06,7.584635416666666514e-06,5.478308593750000000e+03,-2.510984375000000000e+03,1.000000000000000000e+00,4.297782735558973721e-01,-2.097187500000000000e+06,4.482000000000000000e+03,-3.131000000000000000e+04
7.519531250000000241e-06,7.588704427083333580e-06,5.605542968750000000e+03,-2.233535156250000000e+03,1.000000000000000000e+00,3.791569075556712187e-01,-1.980000000000000000e+06,3.954000000000000000e+03,-2.983800000000000000e+04
7.523600260416666460e-06,7.592773437499999798e-06,5.704863281250000000e+03,-1.955257812500000000e+03,1.000000000000000000e+00,3.301893645923842380e-01,-1.915312500000000000e+06,3.444000000000000000e+03,-2.924400000000000000e+04
7.527669270833333525e-06,7.596842447916666864e-06,5.794292968750000000e+03,-1.651710937500000000e+03,1.000000000000000000e+00,2.776984595069224571e-01,-2.053125000000000000e+06,2.896000000000000000e+03,-3.214400000000000000e+04
7.531738281249999744e-06,7.600911458333333082e-06,5.876332031250000000e+03,-1.349554687500000000e+03,1.000000000000000000e+00,2.257348603172963930e-01,-2.032500000000000000e+06,2.354000000000000000e+03,-3.233400000000000000e+04
7.535807291666666809e-06,7.604980468750000148e-06,5.936484375000000000e+03,-1.052691406250000000e+03,1.000000000000000000e+00,1.754969895140416347e-01,-1.965000000000000000e+06,1.830000000000000000e+03,-3.170600000000000000e+04
7.539876302083333028e-06,7.609049479166666366e-06,5.971347656250000000e+03,-7.421250000000000000e+02,1.000000000000000000e+00,1.236532325734691073e-01,-2.027812500000000000e+06,1.289000000000000000e+03,-3.276800000000000000e+04
7.543945312500000094e-06,7.613118489583333432e-06,6.016289062500000000e+03,-4.312890625000000000e+02,1.000000000000000000e+00,7.156979113478945109e-02,-2.037187500000000000e+06,7.460000000000000000e+02,-3.276800000000000000e+04
7.548014322916666312e-06,7.617187499999999650e-06,6.026875000000000000e+03,-1.313046875000000000e+02,1.000000000000000000e+00,2.178732087793824879e-02,-1.947187500000000000e+06,2.270000000000000000e+02,-3.276800000000000000e+04
7.552083333333333378e-06,7.621256510416666716e-06,6.022367187500000000e+03,1.821992187500000000e+02,1.000000000000000000e+00,-3.024818366111998655e-02,-2.035312500000000000e+06,-3.160000000000000000e+02,-3.276800000000000000e+04
7.556152343749999596e-06,7.625325520833332934e-06,6.008027343750000000e+03,4.865625000000000000e+02,1.000000000000000000e+00,-8.079764431191401031e-02,-1.977187500000000000e+06,-8.430000000000000000e+02,-3.276800000000000000e+04
7.560221354166666662e-06,7.629394531250000000e-06,5.981128906250000000e+03,7.906562500000000000e+02,1.000000000000000000e+00,-1.314429787619508794e-01,-1.980937500000000000e+06,-1.371000000000000000e+03,-3.276800000000000000e+04
7.564290364583333727e-06,7.633463541666666219e-06,5.925730468750000000e+03,1.099601562500000000e+03,1.000000000000000000e+00,-1.834784833010091043e-01,-2.035312500000000000e+06,-1.914000000000000000e+03,-3.276800000000000000e+04
7.568359374999999946e-06,7.637532552083332437e-06,5.856078125000000000e+03,1.404292968750000000e+03,1.000000000000000000e+00,-2.353462086913923612e-01,-2.028750000000000000e+06,-2.455000000000000000e+03,-3.276800000000000000e+04
7.572428385416667011e-06,7.641601562500000350e-06,5.792523437500000000e+03,1.702183593750000000e+03,1.000000000000000000e+00,-2.857997955429435466e-01,-1.973437500000000000e+06,-2.981000000000000000e+03,-3.276800000000000000e+04
7.576497395833333230e-06,7.645670572916666568e-06,5.691605468750000000e+03,1.988636718750000000e+03,1.000000000000000000e+00,-3.361335401454411120e-01,-1.968750000000000000e+06,-3.506000000000000000e+03,-3.276800000000000000e+04
7.580566406250000295e-06,7.649739583333334481e-06,5.589093750000000000e+03,2.279960937500000000e+03,1.000000000000000000e+00,-3.873301489411243859e-01,-2.002500000000000000e+06,-4.040000000000000000e+03,-3.276800000000000000e+04
7.584635416666666514e-06,7.653808593750000699e-06,5.459902343750000000e+03,2.564734375000000000e+03,1.000000000000000000e+00,-4.391499374318861837e-01,-2.026875000000000000e+06,-4.581000000000000000e+03,-3.276800000000000000e+04
7.588704427083333580e-06,7.657877604166666918e-06,5.327859375000000000e+03,2.837222656250000000e+03,1.000000000000000000e+00,-4.893159028857088089e-01,-1.962187500000000000e+06,-5.104000000000000000e+03,-3.276800000000000000e+04
7.592773437499999798e-06,7.661946614583333136e-06,5.165175781250000000e+03,3.103257812500000000e+03,1.000000000000000000e+00,-5.410158491274170700e-01,-2.022187500000000000e+06,-5.643000000000000000e+03,-3.276800000000000000e+04
7.596842447916666864e-06,7.666015624999999355e-06,5.008578125000000000e+03,3.368402343750000000e+03,1.000000000000000000e+00,-5.920446787744253481e-01,-1.995937500000000000e+06,-6.176000000000000000e+03,-3.276800000000000000e+04
7.600911458333333082e-06,7.670084635416665573e-06,4.828847656250000000e+03,3.617511718750000000e+03,1.000000000000000000e+00,-6.429536661723800339e-01,-1.991250000000000000e+06,-6.707000000000000000e+03,-3.276800000000000000e+04
7.604980468750000148e-06,7.674153645833333486e-06,4.633699218750000000e+03,3.843917968750000000e+03,1.000000000000000000e+00,-6.924964519311241906e-01,-1.937812500000000000e+06,-7.223000000000000000e+03,-3.276800000000000000e+04
7.609049479166666366e-06,7.678222656249999705e-06,4.436656250000000000e+03,4.090378906250000000e+03,1.000000000000000000e+00,-7.447956094181001907e-01,-2.045625000000000000e+06,-7.769000000000000000e+03,-3.276800000000000000e+04
7.613118489583333432e-06,7.682291666666667617e-06,4.220542968750000000e+03,4.310136718750000000e+03,1.000000000000000000e+00,-7.958963444145406019e-01,-1.998750000000000000e+06,-8.302000000000000000e+03,-3.276800000000000000e+04
7.617187499999999650e-06,7.686360677083333836e-06,3.983593750000000000e+03,4.517378906250000000e+03,1.000000000000000000e+00,-8.481235965520845799e-01,-2.042812500000000000e+06,-8.847000000000000000e+03,-3.276800000000000000e+04
7.621256510416666716e-06,7.690429687500000054e-06,3.750320312500000000e+03,4.715867187500000000e+03,1.000000000000000000e+00,-8.989606786006071326e-01,-1.988437500000000000e+06,-9.377000000000000000e+03,-3.276800000000000000e+04
7.625325520833332934e-06,7.694498697916666273e-06,3.513527343750000000e+03,4.910472656250000000e+03,1.000000000000000000e+00,-9.497258552996975522e-01,-1.985625000000000000e+06,-9.906000000000000000e+03,-3.276800000000000000e+04
7.629394531250000000e-06,7.698567708333332491e-06,3.260542968750000000e+03,5.079246093750000000e+03,1.000000000000000000e+00,-1.000107536801816632e+00,-1.970625000000000000e+06,-1.043200000000000000e+04,-3.276800000000000000e+04
7.633463541666666219e-06,7.702636718749998710e-06,2.989511718750000000e+03,5.239351562500000000e+03,1.000000000000000000e+00,-1.052286852039739040e+00,-2.040937500000000000e+06,-1.097600000000000000e+04,-3.276800000000000000e+04
7.637532552083334131e-06,7.706705729166668316e-06,2.716214843750000000e+03,5.387011718750000000e+03,1.000000000000000000e+00,-1.103771082233151013e+00,-2.013750000000000000e+06,-1.151300000000000000e+04,-3.276800000000000000e+04
7.641601562500000350e-06,7.710774739583334535e-06,2.442347656250000000e+03,5.508867187500000000e+03,1.000000000000000000e+00,-1.153481647140569999e+00,-1.944375000000000000e+06,-1.203200000000000000e+04,-3.276800000000000000e+04
7.645670572916666568e-06,7.714843750000000754e-06,2.160687500000000000e+03,5.627656250000000000e+03,1.000000000000000000e+00,-1.204198886940039070e+00,-1.983750000000000000e+06,-1.256100000000000000e+04,-3.276800000000000000e+04
7.649739583333332787e-06,7.718912760416666972e-06,1.873992187500000000e+03,5.746523437500000000e+03,1.000000000000000000e+00,-1.255563274884397229e+00,-2.009062500000000000e+06,-1.309600000000000000e+04,-3.276800000000000000e+04
7.653808593750000699e-06,7.722981770833333191e-06,1.576972656250000000e+03,5.821558593750000000e+03,1.000000000000000000e+00,-1.306256546234055627e+00,-1.982812500000000000e+06,-1.362500000000000000e+04,-3.276800000000000000e+04
7.657877604166666918e-06,7.727050781249999409e-06,1.271847656250000000e+03,5.882777343750000000e+03,1.000000000000000000e+00,-1.357884587126331644e+00,-2.019375000000000000e+06,-1.416400000000000000e+04,-3.276800000000000000e+04
7.661946614583333136e-06,7.731119791666665628e-06,9.688046875000000000e+02,5.944292968750000000e+03,1.000000000000000000e+00,-1.409225006620879350e+00,-2.008125000000000000e+06,-1.469900000000000000e+04,-3.276800000000000000e+04
7.666015624999999355e-06,7.735188802083331846e-06,6.754062500000000000e+02,5.988007812500000000e+03,1.000000000000000000e+00,-1.458480170981894863e+00,-1.926562500000000000e+06,-1.521300000000000000e+04,-3.276800000000000000e+04
7.670084635416667267e-06,7.739257812500001453e-06,3.596757812500000000e+02,6.008082031250000000e+03,1.000000000000000000e+00,-1.510995044517167374e+00,-2.054062500000000000e+06,-1.576100000000000000e+04,-3.276800000000000000e+04
7.674153645833333486e-06,7.743326822916667671e-06,4.865625000000000000e+01,6.026480468750000000e+03,1.000000000000000000e+00,-1.562718959208686309e+00,-2.023125000000000000e+06,-1.630000000000000000e+04,-3.276800000000000000e+04
7.678222656249999705e-06,7.747395833333333890e-06,-2.593046875000000000e+02,6.019492187500000000e+03,1.000000000000000000e+00,-1.613843662654937283e+00,-1.999687500000000000e+06,-1.683300000000000000e+04,-3.276800000000000000e+04
7.682291666666665923e-06,7.751464843750000108e-06,-5.654023437500000000e+02,6.000757812500000000e+03,1.000000000000000000e+00,-1.664728681603081295e+00,-1.990312500000000000e+06,-1.736400000000000000e+04,-3.276800000000000000e+04
7.686360677083333836e-06,7.755533854166666327e-06,-8.832460937500000000e+02,5.985960937500000000e+03,1.000000000000000000e+00,-1.717291492037975376e+00,-2.055937500000000000e+06,-1.791200000000000000e+04,-3.276800000000000000e+04
7.690429687500000054e-06,7.759602864583332545e-06,-1.172539062500000000e+03,5.924093750000000000e+03,1.000000000000000000e+00,-1.766211098101640786e+00,-1.913437500000000000e+06,-1.842300000000000000e+04,-3.276800000000000000e+04
7.694498697916666273e-06,7.763671874999998764e-06,-1.483375000000000000e+03,5.839042968750000000e+03,1.000000000000000000e+00,-1.819564867380288220e+00,-2.086875000000000000e+06,-1.897900000000000000e+04,-3.276800000000000000e+04
7.698567708333332491e-06,7.767740885416664983e-06,-1.783445312500000000e+03,5.761386718750000000e+03,1.000000000000000000e+00,-1.871001160674078623e+00,-2.011875000000000000e+06,-1.951600000000000000e+04,-3.276800000000000000e+04
7.702636718750000404e-06,7.771809895833334589e-06,-2.070113281250000000e+03,5.668128906250000000e+03,1.000000000000000000e+00,-1.920975378529415689e+00,-1.954687500000000000e+06,-2.003700000000000000e+04,-3.276800000000000000e+04
7.706705729166666622e-06,7.775878906250000808e-06,-2.353617187500000000e+03,5.546863281250000000e+03,1.000000000000000000e+00,-1.972076113525855989e+00,-1.998750000000000000e+06,-2.057000000000000000e+04,-3.276800000000000000e+04
7.710774739583332841e-06,7.779947916666667026e-06,-2.649820312500000000e+03,5.428058593750000000e+03,1.000000000000000000e+00,-2.024926545358478602e+00,-2.067187500000000000e+06,-2.112100000000000000e+04,-3.276800000000000000e+04
7.714843750000000754e-06,7.784016927083333245e-06,-2.919316406250000000e+03,5.279894531250000000e+03,1.000000000000000000e+00,-2.075883469656054636e+00,-1.993125000000000000e+06,-2.165300000000000000e+04,-3.276800000000000000e+04
7.718912760416666972e-06,7.788085937499999463e-06,-3.163617187500000000e+03,5.119734375000000000e+03,1.000000000000000000e+00,-2.124299738273695226e+00,-1.893750000000000000e+06,-2.215800000000000000e+04,-3.276800000000000000e+04
7.722981770833333191e-06,7.792154947916665682e-06,-3.436109375000000000e+03,4.946972656250000000e+03,1.000000000000000000e+00,-2.177893192050449844e+00,-2.096250000000000000e+06,-2.271700000000000000e+04,-3.276800000000000000e+04
7.727050781249999409e-06,7.796223958333331900e-06,-3.687972656250000000e+03,4.776492187500000000e+03,1.000000000000000000e+00,-2.228298842002379487e+00,-1.971562500000000000e+06,-2.324200000000000000e+04,-3.276800000000000000e+04
7.731119791666667322e-06,7.800292968750001507e-06,-3.920789062500000000e+03,4.579195312500000000e+03,1.000000000000000000e+00,-2.278896239552794967e+00,-1.979062500000000000e+06,-2.377000000000000000e+04,-3.276800000000000000e+04
7.735188802083333540e-06,7.804361979166667726e-06,-4.158582031250000000e+03,4.367386718750000000e+03,1.000000000000000000e+00,-2.331722702935606684e+00,-2.066250000000000000e+06,-2.432100000000000000e+04,-3.276800000000000000e+04
7.739257812499999759e-06,7.808430989583333944e-06,-4.382875000000000000e+03,4.148343750000000000e+03,1.000000000000000000e+00,-2.383686302125232803e+00,-2.032500000000000000e+06,-2.486300000000000000e+04,-3.276800000000000000e+04
7.743326822916665977e-06,7.812500000000000163e-06,-4.568023437500000000e+03,3.927582031250000000e+03,1.000000000000000000e+00,-2.431431454148173188e+00,-1.867500000000000000e+06,-2.536100000000000000e+04,-3.276800000000000000e+04
7.747395833333333890e-06,7.816569010416666381e-06,-4.765542968750000000e+03,3.675101562500000000e+03,1.000000000000000000e+00,-2.484665381177767252e+00,-2.082187500000000000e+06,-2.591600000000000000e+04,-3.276800000000000000e+04
7.751464843750000108e-06,7.820638020833332600e-06,-4.959937500000000000e+03,3.431042968750000000e+03,1.000000000000000000e+00,-2.536413264319096861e+00,-2.024062500000000000e+06,-2.645600000000000000e+04,-3.276800000000000000e+04
7.755533854166666327e-06,7.824707031249998818e-06,-5.125855468750000000e+03,3.182058593750000000e+03,1.000000000000000000e+00,-2.586027955427273373e+00,-1.940625000000000000e+06,-2.697400000000000000e+04,-3.276800000000000000e+04
7.759602864583332545e-06,7.828776041666665037e-06,-5.276187500000000000e+03,2.905503906250000000e+03,1.000000000000000000e+00,-2.638231239115006233e+00,-2.041875000000000000e+06,-2.751800000000000000e+04,-3.276800000000000000e+04
7.763671875000000458e-06,7.832845052083334643e-06,-5.417750000000000000e+03,2.636945312500000000e+03,1.000000000000000000e+00,-2.688636889066936320e+00,-1.971562500000000000e+06,-2.804400000000000000e+04,-3.276800000000000000e+04
7.767740885416666677e-06,7.836914062500000862e-06,-5.555765625000000000e+03,2.354152343750000000e+03,1.000000000000000000e+00,-2.740792235855047831e+00,-2.040000000000000000e+06,-2.858800000000000000e+04,-3.276800000000000000e+04
7.771809895833332895e-06,7.840983072916667080e-06,-5.661820312500000000e+03,2.072605468750000000e+03,1.000000000000000000e+00,-2.790670579911142202e+00,-1.950937500000000000e+06,-2.910800000000000000e+04,-3.276800000000000000e+04
7.775878906250000808e-06,7.845052083333333299e-06,-5.760519531250000000e+03,1.777710937500000000e+03,1.000000000000000000e+00,-2.842274652353607323e+00,-2.018437500000000000e+06,-2.964600000000000000e+04,-3.276800000000000000e+04
7.779947916666667026e-06,7.849121093749999518e-06,-5.851457031250000000e+03,1.485097656250000000e+03,1.000000000000000000e+00,-2.893039829052697964e+00,-1.985625000000000000e+06,-3.017600000000000000e+04,-3.276800000000000000e+04
7.784016927083333245e-06,7.853190104166665736e-06,-5.906539062500000000e+03,1.178562500000000000e+03,1.000000000000000000e+00,-2.944643901495163085e+00,-2.018437500000000000e+06,-3.071400000000000000e+04,-3.276800000000000000e+04
7.788085937499999463e-06,7.857259114583331955e-06,-5.969062500000000000e+03,8.708632812500000000e+02,1.000000000000000000e+00,-2.996727342933843019e+00,-2.037187500000000000e+06,-3.125700000000000000e+04,-3.276800000000000000e+04
7.792154947916667376e-06,7.861328125000001561e-06,-6.004402343750000000e+03,5.716484375000000000e+02,1.000000000000000000e+00,-3.046677592339368967e+00,-1.953750000000000000e+06,-3.177800000000000000e+04,-3.276800000000000000e+04
7.796223958333333594e-06,7.865397135416667780e-06,-6.018187500000000000e+03,2.690351562500000000e+02,1.000000000000000000e+00,-3.096915463142623892e+00,-1.965000000000000000e+06,-3.230200000000000000e+04,-3.276800000000000000e+04
7.800292968749999813e-06,7.869466145833333998e-06,-6.025277343750000000e+03,-4.418750000000000000e+01,1.000000000000000000e+00,3.134258307947714872e+00,-2.034375000000000000e+06,3.269100000000000000e+04,-2.029000000000000000e+03
7.804361979166666032e-06,7.873535156250000217e-06,-6.024953125000000000e+03,-3.514179687500000000e+02,1.000000000000000000e+00,3.083325352099949512e+00,-1.992187500000000000e+06,3.216000000000000000e+04,-1.840000000000000000e+03
7.808430989583333944e-06,7.877604166666666435e-06,-5.987675781250000000e+03,-6.567578125000000000e+02,1.000000000000000000e+00,3.032344459352562804e+00,-1.994062500000000000e+06,3.162800000000000000e+04,-2.404000000000000000e+03
7.812500000000000163e-06,7.881673177083332654e-06,-5.941585937500000000e+03,-9.706875000000000000e+02,1.000000000000000000e+00,2.979637838218804458e+00,-2.061562500000000000e+06,3.107800000000000000e+04,-4.106000000000000000e+03
7.816569010416666381e-06,7.885742187499998872e-06,-5.894941406250000000e+03,-1.265746093750000000e+03,1.000000000000000000e+00,2.930095052460060412e+00,-1.937812500000000000e+06,3.056200000000000000e+04,-2.510000000000000000e+03
7.820638020833332600e-06,7.889811197916665091e-06,-5.824339843750000000e+03,-1.563597656250000000e+03,1.000000000000000000e+00,2.879305907311159096e+00,-1.986562500000000000e+06,3.003200000000000000e+04,-3.872000000000000000e+03
7.824707031250000512e-06,7.893880208333334698e-06,-5.731222656250000000e+03,-1.871027343750000000e+03,1.000000000000000000e+00,2.826024043381943684e+00,-2.084062500000000000e+06,2.947600000000000000e+04,-6.092000000000000000e+03
7.828776041666666731e-06,7.897949218750000916e-06,-5.634187500000000000e+03,-2.157710937500000000e+03,1.000000000000000000e+00,2.775858077928121226e+00,-1.962187500000000000e+06,2.895300000000000000e+04,-4.535000000000000000e+03
7.832845052083332949e-06,7.902018229166667135e-06,-5.514960937500000000e+03,-2.424531250000000000e+03,1.000000000000000000e+00,2.727393872410859288e+00,-1.895625000000000000e+06,2.844700000000000000e+04,-3.905000000000000000e+03
7.836914062499999168e-06,7.906087239583333353e-06,-5.380187500000000000e+03,-2.711445312500000000e+03,1.000000000000000000e+00,2.674783125076344081e+00,-2.057812500000000000e+06,2.789900000000000000e+04,-7.221000000000000000e+03
7.840983072916667080e-06,7.910156249999999572e-06,-5.240257812500000000e+03,-2.985312500000000000e+03,1.000000000000000000e+00,2.623754295429335581e+00,-1.995937500000000000e+06,2.736600000000000000e+04,-6.698000000000000000e+03
7.845052083333333299e-06,7.914225260416665790e-06,-5.079691406250000000e+03,-3.246550781250000000e+03,1.000000000000000000e+00,2.572893244931002243e+00,-1.989375000000000000e+06,2.683600000000000000e+04,-7.116000000000000000e+03
7.849121093749999518e-06,7.918294270833332009e-06,-4.891351562500000000e+03,-3.507656250000000000e+03,1.000000000000000000e+00,2.519467570302922788e+00,-2.089687500000000000e+06,2.627900000000000000e+04,-9.385000000000000000e+03
7.853190104166667430e-06,7.922363281250001615e-06,-4.714812500000000000e+03,-3.755609375000000000e+03,1.000000000000000000e+00,2.468966046551750004e+00,-1.975312500000000000e+06,2.575200000000000000e+04,-7.960000000000000000e+03
7.857259114583333649e-06,7.926432291666667834e-06,-4.519628906250000000e+03,-3.986371093750000000e+03,1.000000000000000000e+00,2.418800081097927546e+00,-1.962187500000000000e+06,2.522900000000000000e+04,-8.259000000000000000e+03
7.861328124999999867e-06,7.930501302083334053e-06,-4.305015625000000000e+03,-4.215734375000000000e+03,1.000000000000000000e+00,2.366668702759626264e+00,-2.039062500000000000e+06,2.468500000000000000e+04,-1.011500000000000000e+04
7.865397135416666086e-06,7.934570312500000271e-06,-4.089222656250000000e+03,-4.435296875000000000e+03,1.000000000000000000e+00,2.315615904662807534e+00,-1.996875000000000000e+06,2.415200000000000000e+04,-9.928000000000000000e+03
7.869466145833333998e-06,7.938639322916666490e-06,-3.857605468750000000e+03,-4.639386718750000000e+03,1.000000000000000000e+00,2.264443264316934989e+00,-2.001562500000000000e+06,2.361900000000000000e+04,-1.054100000000000000e+04
7.873535156250000217e-06,7.942708333333332708e-06,-3.612488281250000000e+03,-4.820667968750000000e+03,1.000000000000000000e+00,2.213893803666140858e+00,-1.977187500000000000e+06,2.309100000000000000e+04,-1.065300000000000000e+04
7.877604166666666435e-06,7.946777343749998927e-06,-3.354945312500000000e+03,-5.009746093750000000e+03,1.000000000000000000e+00,2.160899561134653979e+00,-2.072812500000000000e+06,2.253900000000000000e+04,-1.283700000000000000e+04
7.881673177083332654e-06,7.950846354166665145e-06,-3.110402343750000000e+03,-5.171503906250000000e+03,1.000000000000000000e+00,2.112291544918527997e+00,-1.901250000000000000e+06,2.203200000000000000e+04,-1.041600000000000000e+04
7.885742187500000566e-06,7.954915364583334752e-06,-2.838078125000000000e+03,-5.319953125000000000e+03,1.000000000000000000e+00,2.060855251624737594e+00,-2.011875000000000000e+06,2.149500000000000000e+04,-1.284100000000000000e+04
7.889811197916666785e-06,7.958984375000000970e-06,-2.559449218750000000e+03,-5.448691406250000000e+03,1.000000000000000000e+00,2.009946264226782908e+00,-1.991250000000000000e+06,2.096400000000000000e+04,-1.302000000000000000e+04
7.893880208333333004e-06,7.963053385416667189e-06,-2.271476562500000000e+03,-5.579507812500000000e+03,1.000000000000000000e+00,1.957407422241699502e+00,-2.055000000000000000e+06,2.041600000000000000e+04,-1.465600000000000000e+04
7.897949218749999222e-06,7.967122395833333407e-06,-1.999011718750000000e+03,-5.689347656250000000e+03,1.000000000000000000e+00,1.908679563776519705e+00,-1.905937500000000000e+06,1.990800000000000000e+04,-1.262000000000000000e+04
7.902018229166667135e-06,7.971191406249999626e-06,-1.694535156250000000e+03,-5.792804687500000000e+03,1.000000000000000000e+00,1.855373731397493620e+00,-2.085000000000000000e+06,1.935200000000000000e+04,-1.623200000000000000e+04
7.906087239583333353e-06,7.975260416666665844e-06,-1.394835937500000000e+03,-5.877878906250000000e+03,1.000000000000000000e+00,1.803793627404838951e+00,-2.017500000000000000e+06,1.881400000000000000e+04,-1.561800000000000000e+04
7.910156249999999572e-06,7.979329427083332063e-06,-1.103929687500000000e+03,-5.928238281250000000e+03,1.000000000000000000e+00,1.754897989790984214e+00,-1.912500000000000000e+06,1.830400000000000000e+04,-1.433600000000000000e+04
7.914225260416667484e-06,7.983398437500001670e-06,-7.928046875000000000e+02,-5.964941406250000000e+03,1.000000000000000000e+00,1.702934390601358094e+00,-2.032500000000000000e+06,1.776200000000000000e+04,-1.692600000000000000e+04
7.918294270833333703e-06,7.987467447916667888e-06,-4.848046875000000000e+02,-6.012453125000000000e+03,1.000000000000000000e+00,1.651258412809460507e+00,-2.021250000000000000e+06,1.722300000000000000e+04,-1.727300000000000000e+04
7.922363281249999921e-06,7.991536458333334107e-06,-1.810390625000000000e+02,-6.031402343750000000e+03,1.000000000000000000e+00,1.600804825957909516e+00,-1.973437500000000000e+06,1.669700000000000000e+04,-1.698300000000000000e+04
7.926432291666666140e-06,7.995605468750000325e-06,1.306250000000000000e+02,-6.030035156250000000e+03,1.000000000000000000e+00,1.549128848166011929e+00,-2.021250000000000000e+06,1.615800000000000000e+04,-1.833800000000000000e+04
7.930501302083334053e-06,7.999674479166666544e-06,4.495820312500000000e+02,-6.012480468750000000e+03,1.000000000000000000e+00,1.496158574084335724e+00,-2.071875000000000000e+06,1.560500000000000000e+04,-1.975500000000000000e+04
7.934570312500000271e-06,8.003743489583332762e-06,7.442812500000000000e+02,-5.984421875000000000e+03,1.000000000000000000e+00,1.447047220422184699e+00,-1.920937500000000000e+06,1.509300000000000000e+04,-1.769100000000000000e+04
7.938639322916666490e-06,8.007812499999998981e-06,1.042238281250000000e+03,-5.937050781250000000e+03,1.000000000000000000e+00,1.397001097217415611e+00,-1.957500000000000000e+06,1.457100000000000000e+04,-1.883700000000000000e+04
7.942708333333332708e-06,8.011881510416665199e-06,1.352261718750000000e+03,-5.877589843750000000e+03,1.000000000000000000e+00,1.344654002830818040e+00,-2.047500000000000000e+06,1.402500000000000000e+04,-2.091900000000000000e+04
7.946777343750000621e-06,8.015950520833334806e-06,1.645207031250000000e+03,-5.802675781250000000e+03,1.000000000000000000e+00,1.294535974276616930e+00,-1.960312500000000000e+06,1.350200000000000000e+04,-1.995400000000000000e+04
7.950846354166666839e-06,8.020019531250001025e-06,1.936812500000000000e+03,-5.703335937500000000e+03,1.000000000000000000e+00,1.243411270830365734e+00,-1.999687500000000000e+06,1.296900000000000000e+04,-2.115900000000000000e+04
7.954915364583333058e-06,8.024088541666667243e-06,2.244800781250000000e+03,-5.601707031250000000e+03,1.000000000000000000e+00,1.189650037904936175e+00,-2.102812500000000000e+06,1.240800000000000000e+04,-2.348000000000000000e+04
7.958984374999999276e-06,8.028157552083333462e-06,2.515839843750000000e+03,-5.486007812500000000e+03,1.000000000000000000e+00,1.140826305640513461e+00,-1.909687500000000000e+06,1.189900000000000000e+04,-2.069300000000000000e+04
7.963053385416667189e-06,8.032226562499999680e-06,2.785855468750000000e+03,-5.345808593750000000e+03,1.000000000000000000e+00,1.090396687238772921e+00,-1.972500000000000000e+06,1.137300000000000000e+04,-2.229100000000000000e+04
7.967122395833333407e-06,8.036295572916665899e-06,3.064128906250000000e+03,-5.188867187500000000e+03,1.000000000000000000e+00,1.037378476257475590e+00,-2.073750000000000000e+06,1.082000000000000000e+04,-2.457200000000000000e+04
7.971191406249999626e-06,8.040364583333332117e-06,3.338105468750000000e+03,-5.029257812500000000e+03,1.000000000000000000e+00,9.848156658225816207e-01,-2.055937500000000000e+06,1.027200000000000000e+04,-2.481600000000000000e+04
7.975260416666665844e-06,8.044433593749998336e-06,3.563312500000000000e+03,-4.854992187500000000e+03,1.000000000000000000e+00,9.376457565950981898e-01,-1.845000000000000000e+06,9.780000000000000000e+03,-2.170800000000000000e+04
7.979329427083333757e-06,8.048502604166667942e-06,3.820566406250000000e+03,-4.661839843750000000e+03,1.000000000000000000e+00,8.842680188666399710e-01,-2.087812500000000000e+06,9.223000000000000000e+03,-2.640900000000000000e+04
7.983398437499999976e-06,8.052571614583334161e-06,4.058222656250000000e+03,-4.464484375000000000e+03,1.000000000000000000e+00,8.330234731713352936e-01,-2.004375000000000000e+06,8.688000000000000000e+03,-2.552000000000000000e+04
7.987467447916666194e-06,8.056640625000000379e-06,4.277730468750000000e+03,-4.252101562500000000e+03,1.000000000000000000e+00,7.824021071711091402e-01,-1.980000000000000000e+06,8.160000000000000000e+03,-2.563200000000000000e+04
7.991536458333334107e-06,8.060709635416666598e-06,4.490324218750000000e+03,-4.023996093750000000e+03,1.000000000000000000e+00,7.306781924795902050e-01,-2.023125000000000000e+06,7.621000000000000000e+03,-2.690700000000000000e+04
7.995605468750000325e-06,8.064778645833332817e-06,4.693007812500000000e+03,-3.791570312500000000e+03,1.000000000000000000e+00,6.795534890333390088e-01,-1.999687500000000000e+06,7.088000000000000000e+03,-2.704000000000000000e+04
7.999674479166666544e-06,8.068847656249999035e-06,4.872394531250000000e+03,-3.555839843750000000e+03,1.000000000000000000e+00,6.304421353711877618e-01,-1.920937500000000000e+06,6.575000000000000000e+03,-2.620900000000000000e+04
8.003743489583332762e-06,8.072916666666665254e-06,5.047468750000000000e+03,-3.285929687500000000e+03,1.000000000000000000e+00,5.770883660925403280e-01,-2.086875000000000000e+06,6.019000000000000000e+03,-2.959700000000000000e+04
8.007812500000000675e-06,8.076985677083334860e-06,5.215546875000000000e+03,-3.028863281250000000e+03,1.000000000000000000e+00,5.261314417949641831e-01,-1.993125000000000000e+06,5.487000000000000000e+03,-2.852900000000000000e+04
8.011881510416666893e-06,8.081054687500001079e-06,5.371011718750000000e+03,-2.763980468750000000e+03,1.000000000000000000e+00,4.752703912966309008e-01,-1.989375000000000000e+06,4.957000000000000000e+03,-2.899500000000000000e+04
8.015950520833333112e-06,8.085123697916667297e-06,5.489953125000000000e+03,-2.470539062500000000e+03,1.000000000000000000e+00,4.228513915606012530e-01,-2.050312500000000000e+06,4.410000000000000000e+03,-3.058200000000000000e+04
8.020019531249999331e-06,8.089192708333333516e-06,5.621285156250000000e+03,-2.193550781250000000e+03,1.000000000000000000e+00,3.720622464117001038e-01,-1.986562500000000000e+06,3.880000000000000000e+03,-3.002400000000000000e+04
8.024088541666667243e-06,8.093261718749999734e-06,5.719621093750000000e+03,-1.912445312500000000e+03,1.000000000000000000e+00,3.226872398016310539e-01,-1.931250000000000000e+06,3.365000000000000000e+03,-2.959500000000000000e+04
8.028157552083333462e-06,8.097330729166665953e-06,5.802714843750000000e+03,-1.615996093750000000e+03,1.000000000000000000e+00,2.716104732550013168e-01,-1.997812500000000000e+06,2.833000000000000000e+03,-3.126300000000000000e+04
8.032226562499999680e-06,8.101399739583332171e-06,5.884839843750000000e+03,-1.308609375000000000e+03,1.000000000000000000e+00,2.188079783220002739e-01,-2.065312500000000000e+06,2.282000000000000000e+03,-3.276800000000000000e+04
8.036295572916665899e-06,8.105468749999998390e-06,5.940414062500000000e+03,-1.020472656250000000e+03,1.000000000000000000e+00,1.701280567564418811e-01,-1.904062500000000000e+06,1.774000000000000000e+03,-3.072200000000000000e+04
8.040364583333333811e-06,8.109537760416667997e-06,5.985519531250000000e+03,-7.063125000000000000e+02,1.000000000000000000e+00,1.174454040724944026e-01,-2.060625000000000000e+06,1.225000000000000000e+03,-3.276800000000000000e+04
8.044433593750000030e-06,8.113606770833334215e-06,6.024050781250000000e+03,-4.009062500000000000e+02,1.000000000000000000e+00,6.644054287529682634e-02,-1.995000000000000000e+06,6.930000000000000000e+02,-3.276800000000000000e+04
8.048502604166666248e-06,8.117675781250000434e-06,6.034195312500000000e+03,-9.445703125000000000e+01,1.000000000000000000e+00,1.565139772639568411e-02,-1.986562500000000000e+06,1.630000000000000000e+02,-3.276800000000000000e+04
8.052571614583334161e-06,8.121744791666666652e-06,6.021945312500000000e+03,2.130000000000000000e+02,1.000000000000000000e+00,-3.535346347080188523e-02,-1.995000000000000000e+06,-3.690000000000000000e+02,-3.276800000000000000e+04
8.056640625000000379e-06,8.125813802083332871e-06,6.011050781250000000e+03,5.263515625000000000e+02,1.000000000000000000e+00,-8.734103111023869270e-02,-2.033437500000000000e+06,-9.110000000000000000e+02,-3.276800000000000000e+04
8.060709635416666598e-06,8.129882812499999089e-06,5.979976562500000000e+03,8.273945312500000000e+02,1.000000000000000000e+00,-1.374830281142505883e-01,-1.961250000000000000e+06,-1.434000000000000000e+03,-3.276800000000000000e+04
8.064778645833332817e-06,8.133951822916665308e-06,5.926738281250000000e+03,1.134062500000000000e+03,1.000000000000000000e+00,-1.890631321069052850e-01,-2.017500000000000000e+06,-1.972000000000000000e+03,-3.276800000000000000e+04
8.068847656250000729e-06,8.138020833333334914e-06,5.859828125000000000e+03,1.446585937500000000e+03,1.000000000000000000e+00,-2.420334061885813237e-01,-2.071875000000000000e+06,-2.525000000000000000e+03,-3.276800000000000000e+04
8.072916666666666948e-06,8.142089843750001133e-06,5.775683593750000000e+03,1.728382812500000000e+03,1.000000000000000000e+00,-2.907612646537611201e-01,-1.905937500000000000e+06,-3.033000000000000000e+03,-3.276800000000000000e+04
8.076985677083333166e-06,8.146158854166667352e-06,5.681550781250000000e+03,2.016777343750000000e+03,1.000000000000000000e+00,-3.410950092562587410e-01,-1.968750000000000000e+06,-3.558000000000000000e+03,-3.276800000000000000e+04
8.081054687499999385e-06,8.150227864583333570e-06,5.560023437500000000e+03,2.318671875000000000e+03,1.000000000000000000e+00,-3.950959266797954283e-01,-2.112187500000000000e+06,-4.121000000000000000e+03,-3.276800000000000000e+04
8.085123697916667297e-06,8.154296874999999789e-06,5.432324218750000000e+03,2.605804687500000000e+03,1.000000000000000000e+00,-4.472512734679072732e-01,-2.040000000000000000e+06,-4.665000000000000000e+03,-3.276800000000000000e+04
8.089192708333333516e-06,8.158365885416666007e-06,5.307304687500000000e+03,2.868996093750000000e+03,1.000000000000000000e+00,-4.955716682863049449e-01,-1.890000000000000000e+06,-5.169000000000000000e+03,-3.276800000000000000e+04
8.093261718749999734e-06,8.162434895833332226e-06,5.142484375000000000e+03,3.139230468750000000e+03,1.000000000000000000e+00,-5.480625733717667813e-01,-2.053125000000000000e+06,-5.717000000000000000e+03,-3.276800000000000000e+04
8.097330729166665953e-06,8.166503906249998444e-06,4.983273437500000000e+03,3.399757812500000000e+03,1.000000000000000000e+00,-5.987079078218036088e-01,-1.980937500000000000e+06,-6.245000000000000000e+03,-3.276800000000000000e+04
8.101399739583333865e-06,8.170572916666668051e-06,4.798945312500000000e+03,3.639671875000000000e+03,1.000000000000000000e+00,-6.488738732756261784e-01,-1.962187500000000000e+06,-6.768000000000000000e+03,-3.276800000000000000e+04
8.105468750000000084e-06,8.174641927083334269e-06,4.610582031250000000e+03,3.873144531250000000e+03,1.000000000000000000e+00,-6.987042804320988676e-01,-1.949062500000000000e+06,-7.288000000000000000e+03,-3.276800000000000000e+04
8.109537760416666303e-06,8.178710937500000488e-06,4.394726562500000000e+03,4.123878906250000000e+03,1.000000000000000000e+00,-7.536159989484426669e-01,-2.147812500000000000e+06,-7.861000000000000000e+03,-3.276800000000000000e+04
8.113606770833332521e-06,8.182779947916666706e-06,4.196539062500000000e+03,4.340640625000000000e+03,1.000000000000000000e+00,-8.022719520641903301e-01,-1.903125000000000000e+06,-8.368000000000000000e+03,-3.276800000000000000e+04
8.117675781250000434e-06,8.186848958333332925e-06,3.969558593750000000e+03,4.545214843750000000e+03,1.000000000000000000e+00,-8.528933180644164835e-01,-1.980000000000000000e+06,-8.896000000000000000e+03,-3.276800000000000000e+04
8.121744791666666652e-06,8.190917968749999143e-06,3.718261718750000000e+03,4.747277343750000000e+03,1.000000000000000000e+00,-9.063429611423068355e-01,-2.090625000000000000e+06,-9.454000000000000000e+03,-3.276800000000000000e+04
8.125813802083332871e-06,8.194986979166665362e-06,3.461273437500000000e+03,4.930339843750000000e+03,1.000000000000000000e+00,-9.586900555289042947e-01,-2.047500000000000000e+06,-1.000000000000000000e+04,-3.276800000000000000e+04
8.129882812500000783e-06,8.199055989583334969e-06,3.213089843750000000e+03,5.099773437500000000e+03,1.000000000000000000e+00,-1.008568399584998332e+00,-1.950937500000000000e+06,-1.052000000000000000e+04,-3.276800000000000000e+04
8.133951822916667002e-06,8.203125000000001187e-06,2.950953125000000000e+03,5.258871093750000000e+03,1.000000000000000000e+00,-1.059453418533142344e+00,-1.990312500000000000e+06,-1.105100000000000000e+04,-3.276800000000000000e+04
8.138020833333333220e-06,8.207194010416667406e-06,2.684460937500000000e+03,5.401632812500000000e+03,1.000000000000000000e+00,-1.109571447087343454e+00,-1.960312500000000000e+06,-1.157400000000000000e+04,-3.276800000000000000e+04
8.142089843749999439e-06,8.211263020833333624e-06,2.403832031250000000e+03,5.530957031250000000e+03,1.000000000000000000e+00,-1.160815992782648243e+00,-2.004375000000000000e+06,-1.210800000000000000e+04,-3.276800000000000000e+04
8.146158854166667352e-06,8.215332031249999843e-06,2.111578125000000000e+03,5.641906250000000000e+03,1.000000000000000000e+00,-1.212683718173031444e+00,-2.028750000000000000e+06,-1.264900000000000000e+04,-3.276800000000000000e+04
8.150227864583333570e-06,8.219401041666666061e-06,1.823355468750000000e+03,5.753910156250000000e+03,1.000000000000000000e+00,-1.263928263868336233e+00,-2.004375000000000000e+06,-1.318400000000000000e+04,-3.276800000000000000e+04
8.154296874999999789e-06,8.223470052083332280e-06,1.529242187500000000e+03,5.825136718750000000e+03,1.000000000000000000e+00,-1.314070260872348017e+00,-1.961250000000000000e+06,-1.370700000000000000e+04,-3.276800000000000000e+04
8.158365885416666007e-06,8.227539062499998498e-06,1.217597656250000000e+03,5.898933593750000000e+03,1.000000000000000000e+00,-1.367232282552509837e+00,-2.079375000000000000e+06,-1.426100000000000000e+04,-3.276800000000000000e+04
8.162434895833333920e-06,8.231608072916668105e-06,9.227929687500000000e+02,5.967210937500000000e+03,1.000000000000000000e+00,-1.417374279556521621e+00,-1.961250000000000000e+06,-1.478400000000000000e+04,-3.276800000000000000e+04
8.166503906250000138e-06,8.235677083333334324e-06,6.193203125000000000e+02,5.999179687500000000e+03,1.000000000000000000e+00,-1.467923740207315753e+00,-1.977187500000000000e+06,-1.531100000000000000e+04,-3.276800000000000000e+04
8.170572916666666357e-06,8.239746093750000542e-06,3.020937500000000000e+02,6.017925781250000000e+03,1.000000000000000000e+00,-1.520630361341073877e+00,-2.061562500000000000e+06,-1.586100000000000000e+04,-3.276800000000000000e+04
8.174641927083332575e-06,8.243815104166666761e-06,4.296875000000000000e-01,6.036699218750000000e+03,1.000000000000000000e+00,-1.570724421445464314e+00,-1.959375000000000000e+06,-1.638400000000000000e+04,-3.276800000000000000e+04
8.178710937500000488e-06,8.247884114583332979e-06,-2.988398437500000000e+02,6.014363281250000000e+03,1.000000000000000000e+00,-1.620458954802694196e+00,-1.945312500000000000e+06,-1.690200000000000000e+04,-3.276800000000000000e+04
8.182779947916666706e-06,8.251953124999999198e-06,-6.037382812500000000e+02,5.994859375000000000e+03,1.000000000000000000e+00,-1.671152226152352593e+00,-1.982812500000000000e+06,-1.743100000000000000e+04,-3.276800000000000000e+04
8.186848958333332925e-06,8.256022135416665416e-06,-9.219335937500000000e+02,5.961207031250000000e+03,1.000000000000000000e+00,-1.724242342483082169e+00,-2.076562500000000000e+06,-1.798500000000000000e+04,-3.276800000000000000e+04
8.190917968750000838e-06,8.260091145833335023e-06,-1.219000000000000000e+03,5.913675781250000000e+03,1.000000000000000000e+00,-1.774072749639554747e+00,-1.949062500000000000e+06,-1.850500000000000000e+04,-3.276800000000000000e+04
8.194986979166667056e-06,8.264160156250001241e-06,-1.514535156250000000e+03,5.812730468750000000e+03,1.000000000000000000e+00,-1.825700790531830764e+00,-2.019375000000000000e+06,-1.904300000000000000e+04,-3.276800000000000000e+04
8.199055989583333275e-06,8.268229166666667460e-06,-1.824371093750000000e+03,5.750804687500000000e+03,1.000000000000000000e+00,-1.877999948018806986e+00,-2.045625000000000000e+06,-1.958900000000000000e+04,-3.276800000000000000e+04
8.203124999999999493e-06,8.272298177083333678e-06,-2.111218750000000000e+03,5.659187500000000000e+03,1.000000000000000000e+00,-1.927854323625090238e+00,-1.950000000000000000e+06,-2.010900000000000000e+04,-3.276800000000000000e+04
8.207194010416667406e-06,8.276367187499999897e-06,-2.389925781250000000e+03,5.532757812500000000e+03,1.000000000000000000e+00,-1.978547594974748636e+00,-1.982812500000000000e+06,-2.063700000000000000e+04,-3.276800000000000000e+04
8.211263020833333624e-06,8.280436197916666116e-06,-2.674765625000000000e+03,5.402988281250000000e+03,1.000000000000000000e+00,-2.030463257264753185e+00,-2.030625000000000000e+06,-2.117900000000000000e+04,-3.276800000000000000e+04
8.215332031249999843e-06,8.284505208333332334e-06,-2.945445312500000000e+03,5.262523437500000000e+03,1.000000000000000000e+00,-2.081060654815168665e+00,-1.979062500000000000e+06,-2.170700000000000000e+04,-3.276800000000000000e+04
8.219401041666666061e-06,8.288574218749998553e-06,-3.201953125000000000e+03,5.099445312500000000e+03,1.000000000000000000e+00,-2.131466304767098308e+00,-1.971562500000000000e+06,-2.223200000000000000e+04,-3.276800000000000000e+04
8.223470052083333974e-06,8.292643229166668159e-06,-3.472273437500000000e+03,4.929261718750000000e+03,1.000000000000000000e+00,-2.184484515748395861e+00,-2.073750000000000000e+06,-2.278500000000000000e+04,-3.276800000000000000e+04
8.227539062500000192e-06,8.296712239583334378e-06,-3.718773437500000000e+03,4.745746093750000000e+03,1.000000000000000000e+00,-2.235465408495782569e+00,-1.994062500000000000e+06,-2.331700000000000000e+04,-3.276800000000000000e+04
8.231608072916666411e-06,8.300781250000000596e-06,-3.949082031250000000e+03,4.557203125000000000e+03,1.000000000000000000e+00,-2.284840415105851896e+00,-1.931250000000000000e+06,-2.383200000000000000e+04,-3.276800000000000000e+04
8.235677083333332630e-06,8.304850260416666815e-06,-4.179027343750000000e+03,4.341546875000000000e+03,1.000000000000000000e+00,-2.337115604143017222e+00,-2.044687500000000000e+06,-2.437700000000000000e+04,-3.276800000000000000e+04
8.239746093750000542e-06,8.308919270833333033e-06,-4.403253906250000000e+03,4.125449218750000000e+03,1.000000000000000000e+00,-2.388767613485104135e+00,-2.020312500000000000e+06,-2.491600000000000000e+04,-3.276800000000000000e+04
8.243815104166666761e-06,8.312988281249999252e-06,-4.607011718750000000e+03,3.904226562500000000e+03,1.000000000000000000e+00,-2.438574052191766039e+00,-1.948125000000000000e+06,-2.543600000000000000e+04,-3.276800000000000000e+04
8.247884114583332979e-06,8.317057291666665470e-06,-4.792722656250000000e+03,3.653140625000000000e+03,1.000000000000000000e+00,-2.490321935333095649e+00,-2.024062500000000000e+06,-2.597500000000000000e+04,-3.276800000000000000e+04
