adc_word_time_s,dac_register_time_s,i_adc_counts,q_adc_counts,phase_valid,phase_error_rad,frequency_error_hz,dac_phase_only_counts,dac_capture_on_counts
1.220703125000000025e-07,1.953124999999999829e-07,1.117375000000000000e+03,4.363988281250000000e+03,1.000000000000000000e+00,-1.320134278674458539e+00,7.434375000000000000e+05,1.376900000000000000e+04,1.081000000000000000e+03
1.261393229166666711e-07,1.993815104166666779e-07,1.492187500000000000e+03,4.502964843750000000e+03,1.000000000000000000e+00,-1.250817521821875999e+00,2.711250000000000000e+06,1.304600000000000000e+04,-3.276800000000000000e+04
1.302083333333333396e-07,2.034505208333333199e-07,1.343976562500000000e+03,4.405117187500000000e+03,1.000000000000000000e+00,-1.274666129383535740e+00,-9.328125000000000000e+05,1.329500000000000000e+04,2.921500000000000000e+04
1.342773437500000081e-07,2.075195312500000149e-07,1.400191406250000000e+03,4.446058593750000000e+03,1.000000000000000000e+00,-1.265701929154328997e+00,3.506250000000000000e+05,1.320100000000000000e+04,7.217000000000000000e+03
1.383463541666666766e-07,2.115885416666666570e-07,1.569921875000000000e+03,4.145710937500000000e+03,1.000000000000000000e+00,-1.208800829303696034e+00,2.225625000000000000e+06,1.260800000000000000e+04,-2.537600000000000000e+04
1.424153645833333451e-07,2.156575520833333519e-07,1.350875000000000000e+03,4.403664062500000000e+03,1.000000000000000000e+00,-1.273156117045460833e+00,-2.517187500000000000e+06,1.327900000000000000e+04,3.276700000000000000e+04
1.464843749999999872e-07,2.197265624999999940e-07,1.144234375000000000e+03,4.256269531250000000e+03,1.000000000000000000e+00,-1.308174022218912658e+00,-1.369687500000000000e+06,1.364400000000000000e+04,3.276700000000000000e+04
1.505533854166666557e-07,2.237955729166666360e-07,1.222980468750000000e+03,4.210820312500000000e+03,1.000000000000000000e+00,-1.288136398177156527e+00,7.837500000000000000e+05,1.343500000000000000e+04,5.900000000000000000e+01
1.546223958333333242e-07,2.278645833333333310e-07,1.364058593750000000e+03,4.500437500000000000e+03,1.000000000000000000e+00,-1.276511700018960527e+00,4.546875000000000000e+05,1.331400000000000000e+04,5.554000000000000000e+03
1.586914062499999927e-07,2.319335937499999731e-07,1.507781250000000000e+03,4.545761718750000000e+03,1.000000000000000000e+00,-1.250529900424147467e+00,1.016250000000000000e+06,1.304300000000000000e+04,-4.301000000000000000e+03
1.627604166666666612e-07,2.360026041666666681e-07,1.252167968750000000e+03,4.166832031250000000e+03,1.000000000000000000e+00,-1.278860608100410579e+00,-1.108125000000000000e+06,1.333900000000000000e+04,3.225100000000000000e+04
1.668294270833333297e-07,2.400716145833333101e-07,1.587105468750000000e+03,4.257781250000000000e+03,1.000000000000000000e+00,-1.214001982912620736e+00,2.536875000000000000e+06,1.266200000000000000e+04,-3.063400000000000000e+04
1.708984374999999983e-07,2.441406250000000051e-07,1.402554687500000000e+03,4.450250000000000000e+03,1.000000000000000000e+00,-1.265486213106032487e+00,-2.013750000000000000e+06,1.319900000000000000e+04,3.276700000000000000e+04
1.749674479166666668e-07,2.482096354166666471e-07,1.587726562500000000e+03,4.402742187500000000e+03,1.000000000000000000e+00,-1.224691911528198673e+00,1.595625000000000000e+06,1.277400000000000000e+04,-1.445800000000000000e+04
1.790364583333333353e-07,2.522786458333333421e-07,1.758957031250000000e+03,4.275328125000000000e+03,1.000000000000000000e+00,-1.180470121627432922e+00,1.729687500000000000e+06,1.231200000000000000e+04,-1.720800000000000000e+04
1.831054687500000038e-07,2.563476562499999842e-07,1.949500000000000000e+03,4.150734375000000000e+03,1.000000000000000000e+00,-1.131694326262631778e+00,1.907812500000000000e+06,1.180400000000000000e+04,-2.075600000000000000e+04
1.871744791666666723e-07,2.604166666666666791e-07,1.968277343750000000e+03,4.325691406250000000e+03,1.000000000000000000e+00,-1.143774424967231251e+00,-4.725000000000000000e+05,1.193000000000000000e+04,1.999400000000000000e+04
1.912434895833333408e-07,2.644856770833333212e-07,1.944082031250000000e+03,4.177640625000000000e+03,1.000000000000000000e+00,-1.135241656834617308e+00,3.337500000000000000e+05,1.184100000000000000e+04,6.145000000000000000e+03
1.953125000000000094e-07,2.685546875000000162e-07,1.851218750000000000e+03,4.280097656250000000e+03,1.000000000000000000e+00,-1.162565689618830334e+00,-1.068750000000000000e+06,1.212600000000000000e+04,3.036600000000000000e+04
1.993815104166666779e-07,2.726236979166666582e-07,2.033015625000000000e+03,4.137898437500000000e+03,1.000000000000000000e+00,-1.114125452551379070e+00,1.894687500000000000e+06,1.162000000000000000e+04,-2.071600000000000000e+04
2.034505208333333464e-07,2.766927083333333532e-07,2.188332031250000000e+03,4.187722656250000000e+03,1.000000000000000000e+00,-1.089270170097669466e+00,9.721875000000000000e+05,1.136100000000000000e+04,-5.231000000000000000e+03
2.075195312499999884e-07,2.807617187499999953e-07,1.975792968750000000e+03,4.142832031250000000e+03,1.000000000000000000e+00,-1.125774119159385522e+00,-1.427812500000000000e+06,1.174200000000000000e+04,3.276700000000000000e+04
2.115885416666666570e-07,2.848307291666666373e-07,1.903554687500000000e+03,4.042671875000000000e+03,1.000000000000000000e+00,-1.130735588270203262e+00,-1.940625000000000000e+05,1.179400000000000000e+04,1.510600000000000000e+04
2.156575520833333255e-07,2.888997395833333323e-07,1.971089843750000000e+03,4.098214843750000000e+03,1.000000000000000000e+00,-1.122514409985128747e+00,3.215625000000000000e+05,1.170800000000000000e+04,6.220000000000000000e+03
2.197265624999999940e-07,2.929687499999999743e-07,2.034652343750000000e+03,4.202085937500000000e+03,1.000000000000000000e+00,-1.119853912056139489e+00,1.040625000000000000e+05,1.168000000000000000e+04,9.904000000000000000e+03
2.237955729166666625e-07,2.970377604166666693e-07,2.283457031250000000e+03,4.253769531250000000e+03,1.000000000000000000e+00,-1.078124840935687834e+00,1.632187500000000000e+06,1.124500000000000000e+04,-1.661100000000000000e+04
2.278645833333333310e-07,3.011067708333333114e-07,2.019167968750000000e+03,4.269367187500000000e+03,1.000000000000000000e+00,-1.129033828333642520e+00,-1.991250000000000000e+06,1.177600000000000000e+04,3.276700000000000000e+04
2.319335937499999995e-07,3.051757812500000064e-07,1.964332031250000000e+03,4.265347656250000000e+03,1.000000000000000000e+00,-1.139220419503195636e+00,-3.984375000000000000e+05,1.188200000000000000e+04,1.868200000000000000e+04
2.360026041666666681e-07,3.092447916666666484e-07,2.064886718750000000e+03,4.333089843750000000e+03,1.000000000000000000e+00,-1.126085709006924951e+00,5.137500000000000000e+05,1.174500000000000000e+04,2.977000000000000000e+03
2.400716145833333101e-07,3.133138020833332904e-07,2.038859375000000000e+03,4.222242187500000000e+03,1.000000000000000000e+00,-1.120932492297621597e+00,2.015625000000000000e+05,1.169100000000000000e+04,8.251000000000000000e+03
2.441406250000000051e-07,3.173828124999999854e-07,2.203152343750000000e+03,4.016312500000000000e+03,1.000000000000000000e+00,-1.069064766907238395e+00,2.028750000000000000e+06,1.115000000000000000e+04,-2.347400000000000000e+04
2.482096354166666471e-07,3.214518229166666275e-07,2.213769531250000000e+03,4.077988281250000000e+03,1.000000000000000000e+00,-1.073450993222598848e+00,-1.715625000000000000e+05,1.119600000000000000e+04,1.412400000000000000e+04
2.522786458333333421e-07,3.255208333333333225e-07,2.262546875000000000e+03,4.001886718750000000e+03,1.000000000000000000e+00,-1.056217677808696020e+00,6.740625000000000000e+05,1.101600000000000000e+04,-4.880000000000000000e+02
2.563476562499999842e-07,3.295898437499999645e-07,2.189828125000000000e+03,4.098269531250000000e+03,1.000000000000000000e+00,-1.080066285370355761e+00,-9.328125000000000000e+05,1.126500000000000000e+04,2.718500000000000000e+04
2.604166666666666791e-07,3.336588541666666595e-07,1.853335937500000000e+03,4.145062500000000000e+03,1.000000000000000000e+00,-1.150341780215366594e+00,-2.748750000000000000e+06,1.199800000000000000e+04,3.276700000000000000e+04
2.644856770833333212e-07,3.377278645833333015e-07,2.025695312500000000e+03,4.208625000000000000e+03,1.000000000000000000e+00,-1.122202820137589319e+00,1.100625000000000000e+06,1.170500000000000000e+04,-7.079000000000000000e+03
2.685546875000000162e-07,3.417968749999999965e-07,1.785867187500000000e+03,4.331812500000000000e+03,1.000000000000000000e+00,-1.179775036582922265e+00,-2.251875000000000000e+06,1.230500000000000000e+04,3.276700000000000000e+04
2.726236979166666582e-07,3.458658854166666386e-07,1.892773437500000000e+03,4.081984375000000000e+03,1.000000000000000000e+00,-1.136607858473827948e+00,1.688437500000000000e+06,1.185500000000000000e+04,-1.696100000000000000e+04
2.766927083333333532e-07,3.499348958333333336e-07,1.913304687500000000e+03,3.982863281250000000e+03,1.000000000000000000e+00,-1.122969810531532220e+00,5.334375000000000000e+05,1.171300000000000000e+04,2.609000000000000000e+03
2.807617187499999953e-07,3.540039062499999756e-07,1.918894531250000000e+03,4.266695312500000000e+03,1.000000000000000000e+00,-1.148160651282591704e+00,-9.853125000000000000e+05,1.197500000000000000e+04,2.879100000000000000e+04
2.848307291666666902e-07,3.580729166666666706e-07,1.733628906250000000e+03,4.485656250000000000e+03,1.000000000000000000e+00,-1.201993789557453507e+00,-2.105625000000000000e+06,1.253700000000000000e+04,3.276700000000000000e+04
2.888997395833333323e-07,3.621419270833333126e-07,1.993632812500000000e+03,4.284011718750000000e+03,1.000000000000000000e+00,-1.135241656834617308e+00,2.610937500000000000e+06,1.184100000000000000e+04,-3.271900000000000000e+04
2.929687499999999743e-07,3.662109374999999547e-07,2.078988281250000000e+03,4.127085937500000000e+03,1.000000000000000000e+00,-1.104154577430122464e+00,1.215937500000000000e+06,1.151600000000000000e+04,-9.236000000000000000e+03
2.970377604166666693e-07,3.702799479166666497e-07,2.096632812500000000e+03,4.184808593750000000e+03,1.000000000000000000e+00,-1.106335706362897353e+00,-8.531250000000000000e+04,1.153900000000000000e+04,1.299500000000000000e+04
3.011067708333333114e-07,3.743489583333332917e-07,1.882585937500000000e+03,4.385695312500000000e+03,1.000000000000000000e+00,-1.165322061347062288e+00,-2.307187500000000000e+06,1.215400000000000000e+04,3.276700000000000000e+04
3.051757812500000064e-07,3.784179687499999867e-07,1.737828125000000000e+03,4.334054687500000000e+03,1.000000000000000000e+00,-1.189458290306450339e+00,-9.440625000000000000e+05,1.240600000000000000e+04,2.851800000000000000e+04
3.092447916666666484e-07,3.824869791666666287e-07,2.151230468750000000e+03,4.322507812500000000e+03,1.000000000000000000e+00,-1.108996204291886389e+00,3.147187500000000000e+06,1.156700000000000000e+04,-3.276800000000000000e+04
3.133138020833333434e-07,3.865559895833333237e-07,2.185574218750000000e+03,4.369000000000000000e+03,1.000000000000000000e+00,-1.106958886057975766e+00,7.968750000000000000e+04,1.154600000000000000e+04,1.018600000000000000e+04
3.173828124999999854e-07,3.906249999999999658e-07,2.208214843750000000e+03,4.445792968750000000e+03,1.000000000000000000e+00,-1.109787163135639965e+00,-1.106250000000000000e+05,1.157500000000000000e+04,1.346300000000000000e+04
3.214518229166666804e-07,3.946940104166666608e-07,1.981886718750000000e+03,4.076921875000000000e+03,1.000000000000000000e+00,-1.118295962818443234e+00,-3.328125000000000000e+05,1.166400000000000000e+04,1.734400000000000000e+04
3.255208333333333225e-07,3.987630208333333028e-07,2.002402343750000000e+03,3.995558593750000000e+03,1.000000000000000000e+00,-1.106215864113843761e+00,4.725000000000000000e+05,1.153800000000000000e+04,3.474000000000000000e+03
3.295898437500000174e-07,4.028320312499999978e-07,2.063308593750000000e+03,4.035394531250000000e+03,1.000000000000000000e+00,-1.098162464977444186e+00,3.150000000000000000e+05,1.145400000000000000e+04,6.078000000000000000e+03
3.336588541666666595e-07,4.069010416666666398e-07,2.334398437500000000e+03,4.124144531250000000e+03,1.000000000000000000e+00,-1.055738308812481874e+00,1.659375000000000000e+06,1.101100000000000000e+04,-1.730900000000000000e+04
3.377278645833333545e-07,4.109700520833333348e-07,2.212488281250000000e+03,4.242679687500000000e+03,1.000000000000000000e+00,-1.090109065841044389e+00,-1.344375000000000000e+06,1.137000000000000000e+04,3.276700000000000000e+04
3.417968749999999965e-07,4.150390624999999769e-07,2.158253906250000000e+03,3.887414062500000000e+03,1.000000000000000000e+00,-1.063983455547367063e+00,1.021875000000000000e+06,1.109700000000000000e+04,-6.343000000000000000e+03
3.458658854166666915e-07,4.191080729166666719e-07,2.100144531250000000e+03,3.829011718750000000e+03,1.000000000000000000e+00,-1.069112703806859743e+00,-2.006250000000000000e+05,1.115100000000000000e+04,1.457500000000000000e+04
3.499348958333333336e-07,4.231770833333333139e-07,2.120714843750000000e+03,4.043351562500000000e+03,1.000000000000000000e+00,-1.087736189309783885e+00,-7.284375000000000000e+05,1.134500000000000000e+04,2.377700000000000000e+04
3.540039062499999756e-07,4.272460937499999560e-07,1.955148437500000000e+03,4.207445312500000000e+03,1.000000000000000000e+00,-1.135792931180263698e+00,-1.879687500000000000e+06,1.184600000000000000e+04,3.276700000000000000e+04
3.580729166666666706e-07,4.313151041666666509e-07,1.936015625000000000e+03,4.083554687500000000e+03,1.000000000000000000e+00,-1.128099058791024900e+00,3.009375000000000000e+05,1.176600000000000000e+04,6.630000000000000000e+03
3.621419270833333126e-07,4.353841145833332930e-07,1.942550781250000000e+03,4.185984375000000000e+03,1.000000000000000000e+00,-1.136320237076099415e+00,-3.215625000000000000e+05,1.185200000000000000e+04,1.734000000000000000e+04
3.662109375000000076e-07,4.394531249999999880e-07,2.122796875000000000e+03,4.378531250000000000e+03,1.000000000000000000e+00,-1.119374543059925120e+00,6.628125000000000000e+05,1.167500000000000000e+04,3.630000000000000000e+02
3.702799479166666497e-07,4.435221354166666300e-07,1.922164062500000000e+03,4.162605468750000000e+03,1.000000000000000000e+00,-1.138213744611145772e+00,-7.368750000000000000e+05,1.187200000000000000e+04,2.444800000000000000e+04
3.743489583333333447e-07,4.475911458333333250e-07,1.849953125000000000e+03,4.156554687500000000e+03,1.000000000000000000e+00,-1.152067508601738011e+00,-5.418750000000000000e+05,1.201600000000000000e+04,2.126400000000000000e+04
3.784179687499999867e-07,4.516601562499999671e-07,2.163234375000000000e+03,4.199011718750000000e+03,1.000000000000000000e+00,-1.095094503401672803e+00,2.228437500000000000e+06,1.142200000000000000e+04,-2.661000000000000000e+04
3.824869791666666817e-07,4.557291666666666620e-07,2.262066406250000000e+03,4.207433593750000000e+03,1.000000000000000000e+00,-1.077501661240609421e+00,6.881250000000000000e+05,1.123800000000000000e+04,-5.060000000000000000e+02
3.865559895833333237e-07,4.597981770833333041e-07,2.111449218750000000e+03,4.139578125000000000e+03,1.000000000000000000e+00,-1.099121202969872702e+00,-8.456250000000000000e+05,1.146400000000000000e+04,2.589600000000000000e+04
3.906250000000000187e-07,4.638671874999999991e-07,2.562714843750000000e+03,3.804847656250000000e+03,1.000000000000000000e+00,-9.780565629759605528e-01,4.735312500000000000e+06,1.020100000000000000e+04,-3.276800000000000000e+04
3.946940104166666608e-07,4.679361979166666411e-07,2.461019531250000000e+03,3.797226562500000000e+03,1.000000000000000000e+00,-9.957452789362668533e-01,-6.918750000000000000e+05,1.038600000000000000e+04,2.219400000000000000e+04
3.987630208333333558e-07,4.720052083333333361e-07,2.557875000000000000e+03,3.600507812500000000e+03,1.000000000000000000e+00,-9.531054067230081417e-01,1.667812500000000000e+06,9.941000000000000000e+03,-1.852300000000000000e+04
4.028320312499999978e-07,4.760742187499999781e-07,2.553445312500000000e+03,3.526550781250000000e+03,1.000000000000000000e+00,-9.440932695941800512e-01,3.525000000000000000e+05,9.847000000000000000e+03,3.831000000000000000e+03
4.069010416666666928e-07,4.801432291666667261e-07,2.810007812500000000e+03,3.813968750000000000e+03,1.000000000000000000e+00,-9.358241544094839659e-01,3.234375000000000000e+05,9.761000000000000000e+03,4.241000000000000000e+03
4.109700520833333348e-07,4.842122395833333681e-07,2.836687500000000000e+03,3.609222656250000000e+03,1.000000000000000000e+00,-9.046651696555568778e-01,1.218750000000000000e+06,9.436000000000000000e+03,-1.136400000000000000e+04
4.150390624999999769e-07,4.882812500000000102e-07,2.753371093750000000e+03,3.655296875000000000e+03,1.000000000000000000e+00,-9.252061311433380508e-01,-8.034375000000000000e+05,9.650000000000000000e+03,2.336200000000000000e+04
4.191080729166666719e-07,4.923502604166666522e-07,2.732691406250000000e+03,3.776425781250000000e+03,1.000000000000000000e+00,-9.443808909919085837e-01,-7.500000000000000000e+05,9.850000000000000000e+03,2.265000000000000000e+04
4.231770833333333139e-07,4.964192708333332943e-07,2.870917968750000000e+03,3.711070312500000000e+03,1.000000000000000000e+00,-9.123590420447957872e-01,1.252500000000000000e+06,9.516000000000000000e+03,-1.186000000000000000e+04
4.272460937500000089e-07,5.004882812500000422e-07,3.053660156250000000e+03,3.500339843750000000e+03,1.000000000000000000e+00,-8.534445924100628744e-01,2.304375000000000000e+06,8.901000000000000000e+03,-3.042700000000000000e+04
4.313151041666666509e-07,5.045572916666666842e-07,3.338222656250000000e+03,3.403132812500000000e+03,1.000000000000000000e+00,-7.950334802213550045e-01,2.284687500000000000e+06,8.292000000000000000e+03,-3.070000000000000000e+04
4.353841145833333459e-07,5.086263020833333263e-07,3.072703125000000000e+03,3.342992187500000000e+03,1.000000000000000000e+00,-8.275107297148712737e-01,-1.270312500000000000e+06,8.631000000000000000e+03,3.031100000000000000e+04
4.394531249999999880e-07,5.126953124999999683e-07,2.985824218750000000e+03,3.149234375000000000e+03,1.000000000000000000e+00,-8.120271111371505368e-01,6.056250000000000000e+05,8.469000000000000000e+03,-1.867000000000000000e+03
4.435221354166666830e-07,5.167643229166667162e-07,3.084292968750000000e+03,3.226804687500000000e+03,1.000000000000000000e+00,-8.079764431191400753e-01,1.584375000000000000e+05,8.427000000000000000e+03,5.723000000000000000e+03
4.475911458333333250e-07,5.208333333333333583e-07,3.105769531250000000e+03,3.464191406250000000e+03,1.000000000000000000e+00,-8.399024182670099536e-01,-1.248750000000000000e+06,8.760000000000000000e+03,3.007200000000000000e+04
4.516601562500000200e-07,5.249023437500000003e-07,3.244789062500000000e+03,3.609250000000000000e+03,1.000000000000000000e+00,-8.385122481779886394e-01,5.437500000000000000e+04,8.746000000000000000e+03,7.818000000000000000e+03
4.557291666666666620e-07,5.289713541666666424e-07,3.146382812500000000e+03,3.302574218750000000e+03,1.000000000000000000e+00,-8.096062977062685739e-01,1.130625000000000000e+06,8.444000000000000000e+03,-1.085200000000000000e+04
4.597981770833333570e-07,5.330403645833333903e-07,3.267464843750000000e+03,3.328230468750000000e+03,1.000000000000000000e+00,-7.946020481247620948e-01,5.868750000000000000e+05,8.288000000000000000e+03,-1.728000000000000000e+03
4.638671874999999991e-07,5.371093750000000324e-07,3.272429687500000000e+03,3.345328125000000000e+03,1.000000000000000000e+00,-7.963996818605656447e-01,-7.031250000000000000e+04,8.306000000000000000e+03,9.506000000000000000e+03
4.679361979166666411e-07,5.411783854166666744e-07,3.196433593750000000e+03,3.270914062500000000e+03,1.000000000000000000e+00,-7.969030193065905765e-01,-1.968750000000000000e+04,8.312000000000000000e+03,8.648000000000000000e+03
4.720052083333333361e-07,5.452473958333333164e-07,3.335671875000000000e+03,3.210820312500000000e+03,1.000000000000000000e+00,-7.663432457979313384e-01,1.195312500000000000e+06,7.993000000000000000e+03,-1.240700000000000000e+04
4.760742187499999781e-07,5.493164062499999585e-07,3.188042968750000000e+03,3.481601562500000000e+03,1.000000000000000000e+00,-8.293802688001068457e-01,-2.465625000000000000e+06,8.650000000000000000e+03,3.276700000000000000e+04
4.801432291666666202e-07,5.533854166666666005e-07,3.303828125000000000e+03,3.328777343750000000e+03,1.000000000000000000e+00,-7.891612100177302080e-01,1.573125000000000000e+06,8.231000000000000000e+03,-1.861700000000000000e+04
4.842122395833333681e-07,5.574544270833333485e-07,3.044878906250000000e+03,3.450500000000000000e+03,1.000000000000000000e+00,-8.477640698049239143e-01,-2.292187500000000000e+06,8.842000000000000000e+03,3.276700000000000000e+04
4.882812500000000102e-07,5.615234374999999905e-07,3.172312500000000000e+03,3.448871093750000000e+03,1.000000000000000000e+00,-8.271272345178998231e-01,8.071875000000000000e+05,8.627000000000000000e+03,-5.149000000000000000e+03
4.923502604166666522e-07,5.655924479166666326e-07,3.234871093750000000e+03,3.408425781250000000e+03,1.000000000000000000e+00,-8.114998052413149310e-01,6.112500000000000000e+05,8.464000000000000000e+03,-1.968000000000000000e+03
4.964192708333332943e-07,5.696614583333332746e-07,3.126191406250000000e+03,3.212566406250000000e+03,1.000000000000000000e+00,-7.990362113397440069e-01,4.875000000000000000e+05,8.334000000000000000e+03,1.400000000000000000e+01
5.004882812500000422e-07,5.737304687500000225e-07,3.039835937500000000e+03,3.476296875000000000e+03,1.000000000000000000e+00,-8.522701383693379595e-01,-2.082187500000000000e+06,8.889000000000000000e+03,3.276700000000000000e+04
5.045572916666666842e-07,5.777994791666666646e-07,3.094480468750000000e+03,3.546503906250000000e+03,1.000000000000000000e+00,-8.533726870606307413e-01,-4.312500000000000000e+04,8.901000000000000000e+03,9.637000000000000000e+03
5.086263020833333263e-07,5.818684895833333066e-07,3.173640625000000000e+03,3.493238281250000000e+03,1.000000000000000000e+00,-8.332871261192531520e-01,7.856250000000000000e+05,8.691000000000000000e+03,-4.717000000000000000e+03
5.126953124999999683e-07,5.859374999999999487e-07,3.281765625000000000e+03,3.566992187500000000e+03,1.000000000000000000e+00,-8.270313607186570160e-01,2.446875000000000000e+05,8.626000000000000000e+03,4.450000000000000000e+03
5.167643229166667162e-07,5.900065104166666966e-07,3.308542968750000000e+03,3.313886718750000000e+03,1.000000000000000000e+00,-7.861891222412018543e-01,1.597500000000000000e+06,8.200000000000000000e+03,-1.906400000000000000e+04
5.208333333333333583e-07,5.940755208333333386e-07,3.297320312500000000e+03,3.179015625000000000e+03,1.000000000000000000e+00,-7.671342046416849136e-01,7.453125000000000000e+05,8.001000000000000000e+03,-4.719000000000000000e+03
5.249023437500000003e-07,5.981445312499999807e-07,3.298531250000000000e+03,3.490316406250000000e+03,1.000000000000000000e+00,-8.136569657242790354e-01,-1.819687500000000000e+06,8.486000000000000000e+03,3.276700000000000000e+04
5.289713541666666424e-07,6.022135416666666227e-07,3.237320312500000000e+03,3.437734375000000000e+03,1.000000000000000000e+00,-8.154066625604611263e-01,-6.843750000000000000e+04,8.505000000000000000e+03,9.673000000000000000e+03
5.330403645833332844e-07,6.062825520833332648e-07,3.207015625000000000e+03,3.352402343750000000e+03,1.000000000000000000e+00,-8.075689794723579507e-01,3.065625000000000000e+05,8.423000000000000000e+03,3.191000000000000000e+03
5.371093750000000324e-07,6.103515625000000127e-07,3.460761718750000000e+03,3.231457031250000000e+03,1.000000000000000000e+00,-7.511472486179392449e-01,2.206875000000000000e+06,7.834000000000000000e+03,-2.983000000000000000e+04
5.411783854166666744e-07,6.144205729166666548e-07,3.539226562500000000e+03,3.087726562500000000e+03,1.000000000000000000e+00,-7.173757028346443576e-01,1.320937500000000000e+06,7.482000000000000000e+03,-1.506200000000000000e+04
5.452473958333333164e-07,6.184895833333332968e-07,3.593003906250000000e+03,3.159351562500000000e+03,1.000000000000000000e+00,-7.212585917039798789e-01,-1.518750000000000000e+05,7.523000000000000000e+03,1.011500000000000000e+04
5.493164062499999585e-07,6.225585937499999388e-07,3.302875000000000000e+03,3.107328125000000000e+03,1.000000000000000000e+00,-7.549102952382211740e-01,-1.316250000000000000e+06,7.874000000000000000e+03,3.033800000000000000e+04
5.533854166666667064e-07,6.266276041666666868e-07,3.417734375000000000e+03,3.165414062500000000e+03,1.000000000000000000e+00,-7.470965805999286724e-01,3.056250000000000000e+05,7.792000000000000000e+03,2.576000000000000000e+03
5.574544270833333485e-07,6.306966145833333288e-07,3.511562500000000000e+03,2.981148437500000000e+03,1.000000000000000000e+00,-7.038814655912128959e-01,1.690312500000000000e+06,7.341000000000000000e+03,-2.150700000000000000e+04
5.615234374999999905e-07,6.347656249999999709e-07,3.669011718750000000e+03,2.838468750000000000e+03,1.000000000000000000e+00,-6.584612531999114449e-01,1.776562500000000000e+06,6.868000000000000000e+03,-2.345200000000000000e+04
5.655924479166666326e-07,6.388346354166666129e-07,3.634179687500000000e+03,2.846867187500000000e+03,1.000000000000000000e+00,-6.645013025522111816e-01,-2.362500000000000000e+05,6.931000000000000000e+03,1.096300000000000000e+04
5.696614583333333805e-07,6.429036458333333608e-07,3.476816406250000000e+03,2.982738281250000000e+03,1.000000000000000000e+00,-7.090586507503269242e-01,-1.742812500000000000e+06,7.395000000000000000e+03,3.276700000000000000e+04
5.737304687500000225e-07,6.469726562500000029e-07,3.559359375000000000e+03,3.144574218750000000e+03,1.000000000000000000e+00,-7.236074997854298196e-01,-5.690625000000000000e+05,7.547000000000000000e+03,1.725900000000000000e+04
5.777994791666666646e-07,6.510416666666666449e-07,3.417722656250000000e+03,3.033695312500000000e+03,1.000000000000000000e+00,-7.259564078668796494e-01,-9.187500000000000000e+04,7.572000000000000000e+03,9.140000000000000000e+03
5.818684895833333066e-07,6.551106770833332870e-07,3.525578125000000000e+03,3.241578125000000000e+03,1.000000000000000000e+00,-7.434533762287002245e-01,-6.843750000000000000e+05,7.754000000000000000e+03,1.943400000000000000e+04
5.859374999999999487e-07,6.591796874999999290e-07,3.483324218750000000e+03,2.849343750000000000e+03,1.000000000000000000e+00,-6.856175068354494195e-01,2.262187500000000000e+06,7.151000000000000000e+03,-3.145700000000000000e+04
5.900065104166666966e-07,6.632486979166666769e-07,3.539734375000000000e+03,2.996722656250000000e+03,1.000000000000000000e+00,-7.025152639520022557e-01,-6.609375000000000000e+05,7.327000000000000000e+03,1.860700000000000000e+04
5.940755208333333386e-07,6.673177083333333190e-07,3.275105468750000000e+03,2.892589843750000000e+03,1.000000000000000000e+00,-7.234636890865655534e-01,-8.193750000000000000e+05,7.546000000000000000e+03,2.153000000000000000e+04
5.981445312499999807e-07,6.713867187499999610e-07,3.417257812500000000e+03,2.949273437500000000e+03,1.000000000000000000e+00,-7.120067700770446040e-01,4.481250000000000000e+05,7.426000000000000000e+03,-2.220000000000000000e+02
6.022135416666666227e-07,6.754557291666666031e-07,3.636835937500000000e+03,3.148804687500000000e+03,1.000000000000000000e+00,-7.136126562143624286e-01,-6.281250000000000000e+04,7.443000000000000000e+03,8.515000000000000000e+03
6.062825520833333707e-07,6.795247395833333510e-07,3.509375000000000000e+03,3.046582031250000000e+03,1.000000000000000000e+00,-7.149309209539516097e-01,-5.156250000000000000e+04,7.457000000000000000e+03,8.337000000000000000e+03
6.103515625000000127e-07,6.835937499999999931e-07,3.335425781250000000e+03,2.991550781250000000e+03,1.000000000000000000e+00,-7.311096245761830037e-01,-6.328125000000000000e+05,7.625000000000000000e+03,1.842500000000000000e+04
6.144205729166666548e-07,6.876627604166666351e-07,3.388191406250000000e+03,2.923554687500000000e+03,1.000000000000000000e+00,-7.119108962778017968e-01,7.509375000000000000e+05,7.425000000000000000e+03,-5.391000000000000000e+03
6.184895833333332968e-07,6.917317708333332771e-07,3.435480468750000000e+03,2.926734375000000000e+03,1.000000000000000000e+00,-7.056071939775842017e-01,2.465625000000000000e+05,7.359000000000000000e+03,3.151000000000000000e+03
6.225585937500000447e-07,6.958007812500000251e-07,3.495187500000000000e+03,2.972082031250000000e+03,1.000000000000000000e+00,-7.046963928847771452e-01,3.562500000000000000e+04,7.350000000000000000e+03,6.742000000000000000e+03
6.266276041666666868e-07,6.998697916666666671e-07,3.570187500000000000e+03,3.016429687500000000e+03,1.000000000000000000e+00,-7.015325575097629551e-01,1.237500000000000000e+05,7.317000000000000000e+03,5.205000000000000000e+03
6.306966145833333288e-07,7.039388020833333092e-07,3.455726562500000000e+03,3.140707031250000000e+03,1.000000000000000000e+00,-7.376769798243184573e-01,-1.413750000000000000e+06,7.694000000000000000e+03,3.182200000000000000e+04
6.347656249999999709e-07,7.080078124999999512e-07,3.250058593750000000e+03,3.174503906250000000e+03,1.000000000000000000e+00,-7.736536229901987971e-01,-1.407187500000000000e+06,8.069000000000000000e+03,3.208500000000000000e+04
6.388346354166667188e-07,7.120768229166666991e-07,3.277109375000000000e+03,3.063988281250000000e+03,1.000000000000000000e+00,-7.518183652126391170e-01,8.540625000000000000e+05,7.841000000000000000e+03,-6.735000000000000000e+03
6.429036458333333608e-07,7.161458333333333412e-07,3.414792968750000000e+03,3.082777343750000000e+03,1.000000000000000000e+00,-7.343453653006293269e-01,6.834375000000000000e+05,7.659000000000000000e+03,-4.005000000000000000e+03
6.469726562500000029e-07,7.202148437499999832e-07,3.530457031250000000e+03,3.180218750000000000e+03,1.000000000000000000e+00,-7.332667850591472192e-01,4.218750000000000000e+04,7.648000000000000000e+03,6.928000000000000000e+03
6.510416666666666449e-07,7.242838541666666253e-07,3.293656250000000000e+03,3.119703125000000000e+03,1.000000000000000000e+00,-7.582898466615317634e-01,-9.787500000000000000e+05,7.909000000000000000e+03,2.461300000000000000e+04
6.551106770833332870e-07,7.283528645833332673e-07,3.536093750000000000e+03,3.149691406250000000e+03,1.000000000000000000e+00,-7.276821362532510662e-01,1.197187500000000000e+06,7.590000000000000000e+03,-1.284200000000000000e+04
6.591796875000000349e-07,7.324218750000000152e-07,3.545398437500000000e+03,3.033574218750000000e+03,1.000000000000000000e+00,-7.077643544605484172e-01,7.790625000000000000e+05,7.382000000000000000e+03,-5.914000000000000000e+03
6.632486979166666769e-07,7.364908854166666573e-07,3.594269531250000000e+03,3.138855468750000000e+03,1.000000000000000000e+00,-7.178550718308586154e-01,-3.946875000000000000e+05,7.487000000000000000e+03,1.422300000000000000e+04
6.673177083333333190e-07,7.405598958333332993e-07,3.615867187500000000e+03,2.970269531250000000e+03,1.000000000000000000e+00,-6.876787935191708279e-01,1.180312500000000000e+06,7.172000000000000000e+03,-1.297200000000000000e+04
6.713867187499999610e-07,7.446289062499999414e-07,3.526796875000000000e+03,2.993453125000000000e+03,1.000000000000000000e+00,-7.037855917919699777e-01,-6.300000000000000000e+05,7.340000000000000000e+03,1.809200000000000000e+04
6.754557291666667090e-07,7.486979166666666893e-07,3.552062500000000000e+03,2.688644531250000000e+03,1.000000000000000000e+00,-6.479151352831976629e-01,2.185312500000000000e+06,6.758000000000000000e+03,-3.053800000000000000e+04
6.795247395833333510e-07,7.527669270833333314e-07,3.510019531250000000e+03,3.176238281250000000e+03,1.000000000000000000e+00,-7.355198193413542418e-01,-3.426562500000000000e+06,7.671000000000000000e+03,3.276700000000000000e+04
6.835937499999999931e-07,7.568359374999999734e-07,3.328652343750000000e+03,2.908066406250000000e+03,1.000000000000000000e+00,-7.180707878791550147e-01,6.825000000000000000e+05,7.489000000000000000e+03,-4.159000000000000000e+03
6.876627604166666351e-07,7.609049479166666154e-07,3.475914062500000000e+03,2.899218750000000000e+03,1.000000000000000000e+00,-6.951809183099240119e-01,8.953125000000000000e+05,7.251000000000000000e+03,-8.029000000000000000e+03
6.917317708333333830e-07,7.649739583333333634e-07,3.555339843750000000e+03,2.951066406250000000e+03,1.000000000000000000e+00,-6.927840733288527231e-01,9.375000000000000000e+04,7.226000000000000000e+03,5.626000000000000000e+03
6.958007812500000251e-07,7.690429687500000054e-07,3.631644531250000000e+03,2.925464843750000000e+03,1.000000000000000000e+00,-6.781153820446962355e-01,5.737500000000000000e+05,7.073000000000000000e+03,-2.719000000000000000e+03
6.998697916666666671e-07,7.731119791666666475e-07,3.662136718750000000e+03,2.929933593750000000e+03,1.000000000000000000e+00,-6.747837675210071051e-01,1.303125000000000000e+05,7.038000000000000000e+03,4.814000000000000000e+03
7.039388020833333092e-07,7.771809895833332895e-07,3.579687500000000000e+03,3.087875000000000000e+03,1.000000000000000000e+00,-7.117670855789375306e-01,-1.446562500000000000e+06,7.424000000000000000e+03,3.211200000000000000e+04
7.080078124999999512e-07,7.812499999999999316e-07,3.608570312500000000e+03,3.027917968750000000e+03,1.000000000000000000e+00,-6.981290376366416917e-01,5.334375000000000000e+05,7.281000000000000000e+03,-1.823000000000000000e+03
7.120768229166666991e-07,7.853190104166666795e-07,3.520121093750000000e+03,2.874894531250000000e+03,1.000000000000000000e+00,-6.848505164415066293e-01,5.193750000000000000e+05,7.143000000000000000e+03,-1.721000000000000000e+03
7.161458333333333412e-07,7.893880208333333215e-07,3.536718750000000000e+03,3.058968750000000000e+03,1.000000000000000000e+00,-7.130853503185267117e-01,-1.104375000000000000e+06,7.437000000000000000e+03,2.628500000000000000e+04
7.202148437499999832e-07,7.934570312499999636e-07,3.783503906250000000e+03,2.914937500000000000e+03,1.000000000000000000e+00,-6.564479034158116066e-01,2.215312500000000000e+06,6.847000000000000000e+03,-3.096100000000000000e+04
7.242838541666666253e-07,7.975260416666666056e-07,3.448773437500000000e+03,3.117152343750000000e+03,1.000000000000000000e+00,-7.349445765458970659e-01,-3.070312500000000000e+06,7.665000000000000000e+03,3.276700000000000000e+04
7.283528645833333732e-07,8.015950520833333535e-07,3.487226562500000000e+03,3.151785156250000000e+03,1.000000000000000000e+00,-7.349206080960863918e-01,9.375000000000000000e+02,7.665000000000000000e+03,7.649000000000000000e+03
7.324218750000000152e-07,8.056640624999999956e-07,3.370179687500000000e+03,3.199808593750000000e+03,1.000000000000000000e+00,-7.594643007022566783e-01,-9.600000000000000000e+05,7.921000000000000000e+03,2.430500000000000000e+04
7.364908854166666573e-07,8.097330729166666376e-07,3.442449218750000000e+03,3.037164062500000000e+03,1.000000000000000000e+00,-7.229363831907298366e-01,1.428750000000000000e+06,7.540000000000000000e+03,-1.684400000000000000e+04
7.405598958333332993e-07,8.138020833333332797e-07,3.401585937500000000e+03,3.015230468750000000e+03,1.000000000000000000e+00,-7.252613228223689923e-01,-9.093750000000000000e+04,7.564000000000000000e+03,9.116000000000000000e+03
7.446289062500000473e-07,8.178710937500000276e-07,3.316617187500000000e+03,3.053890625000000000e+03,1.000000000000000000e+00,-7.441724297230216667e-01,-7.396875000000000000e+05,7.762000000000000000e+03,2.038600000000000000e+04
7.486979166666666893e-07,8.219401041666666697e-07,3.556359375000000000e+03,2.952925781250000000e+03,1.000000000000000000e+00,-6.929518524775276633e-01,2.003437500000000000e+06,7.227000000000000000e+03,-2.696500000000000000e+04
7.527669270833333314e-07,8.260091145833333117e-07,3.284121093750000000e+03,3.026582031250000000e+03,1.000000000000000000e+00,-7.446038618196144654e-01,-2.020312500000000000e+06,7.766000000000000000e+03,3.276700000000000000e+04
7.568359374999999734e-07,8.300781249999999538e-07,3.499492187500000000e+03,3.157367187500000000e+03,1.000000000000000000e+00,-7.340577439029006834e-01,4.125000000000000000e+05,7.656000000000000000e+03,6.160000000000000000e+02
7.609049479166666154e-07,8.341471354166665958e-07,3.403402343750000000e+03,3.195171875000000000e+03,1.000000000000000000e+00,-7.538556834465497403e-01,-7.743750000000000000e+05,7.863000000000000000e+03,2.107900000000000000e+04
7.649739583333333634e-07,8.382161458333333437e-07,3.280386718750000000e+03,3.315738281250000000e+03,1.000000000000000000e+00,-7.907670961550480326e-01,-1.443750000000000000e+06,8.248000000000000000e+03,3.276700000000000000e+04
7.690429687500000054e-07,8.422851562499999858e-07,3.653343750000000000e+03,3.102554687500000000e+03,1.000000000000000000e+00,-7.040492447398878362e-01,3.391875000000000000e+06,7.343000000000000000e+03,-3.276800000000000000e+04
7.731119791666666475e-07,8.463541666666666278e-07,3.582789062500000000e+03,2.947296875000000000e+03,1.000000000000000000e+00,-6.883738785636814850e-01,6.131250000000000000e+05,7.180000000000000000e+03,-3.284000000000000000e+03
7.771809895833332895e-07,8.504231770833332699e-07,3.498707031250000000e+03,3.053203125000000000e+03,1.000000000000000000e+00,-7.175195135335086238e-01,-1.140000000000000000e+06,7.484000000000000000e+03,2.694000000000000000e+04
7.812500000000000374e-07,8.544921875000000178e-07,3.379097656250000000e+03,3.061003906250000000e+03,1.000000000000000000e+00,-7.360471252371899586e-01,-7.246875000000000000e+05,7.677000000000000000e+03,2.004500000000000000e+04
7.853190104166666795e-07,8.585611979166666598e-07,3.337777343750000000e+03,2.976792968750000000e+03,1.000000000000000000e+00,-7.283053159483295902e-01,3.028125000000000000e+05,7.596000000000000000e+03,2.428000000000000000e+03
7.893880208333333215e-07,8.626302083333333019e-07,3.234953125000000000e+03,3.272300781250000000e+03,1.000000000000000000e+00,-7.911505913520194833e-01,-2.458125000000000000e+06,8.252000000000000000e+03,3.276700000000000000e+04
7.934570312499999636e-07,8.666992187499999439e-07,3.184496093750000000e+03,3.256703125000000000e+03,1.000000000000000000e+00,-7.966153979088620440e-01,-2.137500000000000000e+05,8.309000000000000000e+03,1.195700000000000000e+04
7.975260416666667115e-07,8.707682291666666919e-07,3.367535156250000000e+03,3.284207031250000000e+03,1.000000000000000000e+00,-7.728626641464453328e-01,9.290625000000000000e+05,8.061000000000000000e+03,-7.795000000000000000e+03
8.015950520833333535e-07,8.748372395833333339e-07,3.532140625000000000e+03,3.046375000000000000e+03,1.000000000000000000e+00,-7.116951802295053975e-01,2.392500000000000000e+06,7.423000000000000000e+03,-3.276800000000000000e+04
8.056640624999999956e-07,8.789062499999999759e-07,3.606648437500000000e+03,2.901011718750000000e+03,1.000000000000000000e+00,-6.773723601005641193e-01,1.342500000000000000e+06,7.065000000000000000e+03,-1.584700000000000000e+04
8.097330729166666376e-07,8.829752604166666180e-07,3.692519531250000000e+03,2.941464843750000000e+03,1.000000000000000000e+00,-6.726745439376643487e-01,1.837500000000000000e+05,7.016000000000000000e+03,3.880000000000000000e+03
8.138020833333333856e-07,8.870442708333333659e-07,3.519839843750000000e+03,2.923589843750000000e+03,1.000000000000000000e+00,-6.931196316262027146e-01,-7.996875000000000000e+05,7.229000000000000000e+03,2.087700000000000000e+04
8.178710937500000276e-07,8.911132812500000080e-07,3.600355468750000000e+03,2.868855468750000000e+03,1.000000000000000000e+00,-6.727943861867179409e-01,7.950000000000000000e+05,7.017000000000000000e+03,-6.551000000000000000e+03
8.219401041666666697e-07,8.951822916666666500e-07,3.591835937500000000e+03,2.549929687500000000e+03,1.000000000000000000e+00,-6.173553617745384248e-01,2.168437500000000000e+06,6.439000000000000000e+03,-3.056900000000000000e+04
8.260091145833333117e-07,8.992513020833332921e-07,3.686015625000000000e+03,2.957996093750000000e+03,1.000000000000000000e+00,-6.762458429594606635e-01,-2.303437500000000000e+06,7.053000000000000000e+03,3.276700000000000000e+04
8.300781249999999538e-07,9.033203124999999341e-07,3.754292968750000000e+03,3.027367187500000000e+03,1.000000000000000000e+00,-6.786187194907212783e-01,-9.281250000000000000e+04,7.078000000000000000e+03,8.662000000000000000e+03
8.341471354166667017e-07,9.073893229166666820e-07,3.574429687500000000e+03,2.927335937500000000e+03,1.000000000000000000e+00,-6.861927496309065955e-01,-2.962500000000000000e+05,7.157000000000000000e+03,1.221300000000000000e+04
8.382161458333333437e-07,9.114583333333333241e-07,3.502605468750000000e+03,2.954765625000000000e+03,1.000000000000000000e+00,-7.007655671158201649e-01,-5.700000000000000000e+05,7.309000000000000000e+03,1.703700000000000000e+04
8.422851562499999858e-07,9.155273437499999661e-07,3.450710937500000000e+03,2.952804687500000000e+03,1.000000000000000000e+00,-7.077883229103590912e-01,-2.746875000000000000e+05,7.382000000000000000e+03,1.207000000000000000e+04
8.463541666666666278e-07,9.195963541666666082e-07,3.441777343750000000e+03,3.001988281250000000e+03,1.000000000000000000e+00,-7.172558605855907654e-01,-3.703125000000000000e+05,7.481000000000000000e+03,1.380100000000000000e+04
8.504231770833333757e-07,9.236653645833333561e-07,3.440812500000000000e+03,2.893074218750000000e+03,1.000000000000000000e+00,-6.991357125286916663e-01,7.087500000000000000e+05,7.292000000000000000e+03,-4.804000000000000000e+03
8.544921875000000178e-07,9.277343749999999981e-07,3.497480468750000000e+03,3.074988281250000000e+03,1.000000000000000000e+00,-7.212106548043585308e-01,-8.634375000000000000e+05,7.522000000000000000e+03,2.225800000000000000e+04
8.585611979166666598e-07,9.318033854166666402e-07,3.437832031250000000e+03,2.973933593750000000e+03,1.000000000000000000e+00,-7.131812241177696299e-01,3.140625000000000000e+05,7.438000000000000000e+03,2.078000000000000000e+03
8.626302083333333019e-07,9.358723958333332822e-07,3.480777343750000000e+03,3.156035156250000000e+03,1.000000000000000000e+00,-7.365025257835934314e-01,-9.121875000000000000e+05,7.682000000000000000e+03,2.325000000000000000e+04
8.666992187500000498e-07,9.399414062500000302e-07,3.705617187500000000e+03,2.798230468750000000e+03,1.000000000000000000e+00,-6.467886181420942071e-01,3.509062500000000000e+06,6.746000000000000000e+03,-3.276800000000000000e+04
8.707682291666666919e-07,9.440104166666666722e-07,3.873457031250000000e+03,2.775367187500000000e+03,1.000000000000000000e+00,-6.217176196400882038e-01,9.806250000000000000e+05,6.484000000000000000e+03,-1.025200000000000000e+04
8.748372395833333339e-07,9.480794270833333142e-07,3.590539062500000000e+03,2.618523437500000000e+03,1.000000000000000000e+00,-6.301065770738377703e-01,-3.281250000000000000e+05,6.572000000000000000e+03,1.217200000000000000e+04
8.789062499999999759e-07,9.521484374999999563e-07,3.910910156250000000e+03,2.782937500000000000e+03,1.000000000000000000e+00,-6.184579104658312065e-01,4.556250000000000000e+05,6.450000000000000000e+03,-1.326000000000000000e+03
8.829752604166666180e-07,9.562174479166665983e-07,3.559285156250000000e+03,2.919339843750000000e+03,1.000000000000000000e+00,-6.869357715750387117e-01,-2.678437500000000000e+06,7.165000000000000000e+03,3.276700000000000000e+04
8.870442708333333659e-07,9.602864583333334521e-07,3.552335937500000000e+03,2.917707031250000000e+03,1.000000000000000000e+00,-6.876308566195493688e-01,-2.718750000000000000e+04,7.172000000000000000e+03,7.636000000000000000e+03
8.911132812500000080e-07,9.643554687500000942e-07,3.651000000000000000e+03,2.937042968750000000e+03,1.000000000000000000e+00,-6.774442654499962524e-01,3.984375000000000000e+05,7.066000000000000000e+03,2.660000000000000000e+02
8.951822916666666500e-07,9.684244791666667362e-07,3.905492187500000000e+03,2.976078125000000000e+03,1.000000000000000000e+00,-6.511508760076439861e-01,1.028437500000000000e+06,6.791000000000000000e+03,-1.076100000000000000e+04
8.992513020833332921e-07,9.724934895833333783e-07,3.694496093750000000e+03,3.049714843750000000e+03,1.000000000000000000e+00,-6.900756385002421167e-01,-1.522500000000000000e+06,7.197000000000000000e+03,3.276700000000000000e+04
9.033203125000000400e-07,9.765625000000000203e-07,3.709089843750000000e+03,3.051660156250000000e+03,1.000000000000000000e+00,-6.884697523629242921e-01,6.281250000000000000e+04,7.181000000000000000e+03,6.109000000000000000e+03
9.073893229166666820e-07,9.806315104166666624e-07,3.519707031250000000e+03,3.076707031250000000e+03,1.000000000000000000e+00,-7.183584092768836582e-01,-1.169062500000000000e+06,7.492000000000000000e+03,2.744400000000000000e+04
9.114583333333333241e-07,9.847005208333333044e-07,3.600390625000000000e+03,2.831539062500000000e+03,1.000000000000000000e+00,-6.664187785370682127e-01,2.031562500000000000e+06,6.951000000000000000e+03,-2.772100000000000000e+04
9.155273437499999661e-07,9.887695312499999465e-07,3.693601562500000000e+03,2.925718750000000000e+03,1.000000000000000000e+00,-6.699181722094323943e-01,-1.368750000000000000e+05,6.987000000000000000e+03,9.323000000000000000e+03
9.195963541666667140e-07,9.928385416666668003e-07,3.587742187500000000e+03,2.952730468750000000e+03,1.000000000000000000e+00,-6.886135630617885584e-01,-7.312500000000000000e+05,7.182000000000000000e+03,1.966200000000000000e+04
9.236653645833333561e-07,9.969075520833334423e-07,3.302890625000000000e+03,3.033960937500000000e+03,1.000000000000000000e+00,-7.429979756822967518e-01,-2.127187500000000000e+06,7.749000000000000000e+03,3.276700000000000000e+04
9.277343749999999981e-07,1.000976562500000084e-06,3.495890625000000000e+03,3.128714843750000000e+03,1.000000000000000000e+00,-7.300310443347008960e-01,5.071875000000000000e+05,7.614000000000000000e+03,-1.042000000000000000e+03
9.318033854166666402e-07,1.005045572916666726e-06,3.485675781250000000e+03,3.087265625000000000e+03,1.000000000000000000e+00,-7.248538591755868676e-01,2.025000000000000000e+05,7.560000000000000000e+03,4.104000000000000000e+03
9.358723958333332822e-07,1.009114583333333368e-06,3.545187500000000000e+03,3.243625000000000000e+03,1.000000000000000000e+00,-7.410085943480075876e-01,-6.318750000000000000e+05,7.729000000000000000e+03,1.851300000000000000e+04
9.399414062500000302e-07,1.013183593750000011e-06,3.397972656250000000e+03,3.065648437500000000e+03,1.000000000000000000e+00,-7.340337754530900094e-01,2.728125000000000000e+05,7.656000000000000000e+03,3.000000000000000000e+03
9.440104166666666722e-07,1.017252604166666653e-06,3.572242187500000000e+03,3.108734375000000000e+03,1.000000000000000000e+00,-7.161293434444873096e-01,7.003125000000000000e+05,7.469000000000000000e+03,-4.483000000000000000e+03
9.480794270833333142e-07,1.021321614583333295e-06,3.308800781250000000e+03,3.140003906250000000e+03,1.000000000000000000e+00,-7.592246162041494939e-01,-1.685625000000000000e+06,7.919000000000000000e+03,3.276700000000000000e+04
9.521484374999999563e-07,1.025390624999999937e-06,3.322320312500000000e+03,2.949304687500000000e+03,1.000000000000000000e+00,-7.260043447665011085e-01,1.299375000000000000e+06,7.572000000000000000e+03,-1.460400000000000000e+04
9.562174479166665983e-07,1.029459635416666579e-06,3.430027343750000000e+03,2.893355468750000000e+03,1.000000000000000000e+00,-7.007176302161987058e-01,9.890625000000000000e+05,7.308000000000000000e+03,-9.572000000000000000e+03
9.602864583333332404e-07,1.033528645833333221e-06,3.464738281250000000e+03,2.997917968750000000e+03,1.000000000000000000e+00,-7.132770979170124370e-01,-4.912500000000000000e+05,7.439000000000000000e+03,1.582300000000000000e+04
9.643554687500000942e-07,1.037597656250000075e-06,3.441062500000000000e+03,3.062542968750000000e+03,1.000000000000000000e+00,-7.272507041566581565e-01,-5.465625000000000000e+05,7.585000000000000000e+03,1.691300000000000000e+04
9.684244791666667362e-07,1.041666666666666717e-06,3.369570312500000000e+03,3.161335937500000000e+03,1.000000000000000000e+00,-7.535201251491997487e-01,-1.027500000000000000e+06,7.859000000000000000e+03,2.539500000000000000e+04
9.724934895833333783e-07,1.045735677083333359e-06,3.430570312500000000e+03,2.848433593750000000e+03,1.000000000000000000e+00,-6.929518524775276633e-01,2.369062500000000000e+06,7.227000000000000000e+03,-3.276800000000000000e+04
9.765625000000000203e-07,1.049804687500000001e-06,3.641328125000000000e+03,3.032082031250000000e+03,1.000000000000000000e+00,-6.943420225665490886e-01,-5.437500000000000000e+04,7.242000000000000000e+03,8.170000000000000000e+03
9.806315104166666624e-07,1.053873697916666643e-06,3.443363281250000000e+03,3.065726562500000000e+03,1.000000000000000000e+00,-7.274424517551438818e-01,-1.294687500000000000e+06,7.587000000000000000e+03,2.968300000000000000e+04
9.847005208333333044e-07,1.057942708333333285e-06,3.524867187500000000e+03,3.055718750000000000e+03,1.000000000000000000e+00,-7.142358359094409526e-01,5.165625000000000000e+05,7.449000000000000000e+03,-1.367000000000000000e+03
9.887695312499999465e-07,1.062011718749999927e-06,3.559906250000000000e+03,2.922847656250000000e+03,1.000000000000000000e+00,-6.874391090210636435e-01,1.048125000000000000e+06,7.170000000000000000e+03,-1.071800000000000000e+04
9.928385416666665885e-07,1.066080729166666569e-06,3.616148437500000000e+03,2.988167968750000000e+03,1.000000000000000000e+00,-6.906029443960778336e-01,-1.237500000000000000e+05,7.203000000000000000e+03,9.315000000000000000e+03
9.969075520833332306e-07,1.070149739583333211e-06,3.348695312500000000e+03,3.333253906250000000e+03,1.000000000000000000e+00,-7.830971922156197973e-01,-3.617812500000000000e+06,8.168000000000000000e+03,3.276700000000000000e+04
1.000976562500000084e-06,1.074218750000000065e-06,3.628253906250000000e+03,3.153679687500000000e+03,1.000000000000000000e+00,-7.155541006490301337e-01,2.641875000000000000e+06,7.463000000000000000e+03,-3.276800000000000000e+04
1.005045572916666726e-06,1.078287760416666707e-06,3.541257812500000000e+03,3.300617187500000000e+03,1.000000000000000000e+00,-7.502364475251320775e-01,-1.356562500000000000e+06,7.825000000000000000e+03,3.097700000000000000e+04
1.009114583333333368e-06,1.082356770833333349e-06,3.655609375000000000e+03,2.918941406250000000e+03,1.000000000000000000e+00,-6.738010610787679155e-01,2.989687500000000000e+06,7.028000000000000000e+03,-3.276800000000000000e+04
1.013183593750000011e-06,1.086425781249999991e-06,3.524710937500000000e+03,3.003882812500000000e+03,1.000000000000000000e+00,-7.057989415760699270e-01,-1.251562500000000000e+06,7.361000000000000000e+03,2.872100000000000000e+04
1.017252604166666653e-06,1.090494791666666633e-06,3.737105468750000000e+03,3.031687500000000000e+03,1.000000000000000000e+00,-6.815668388174389580e-01,9.478125000000000000e+05,7.109000000000000000e+03,-9.067000000000000000e+03
1.021321614583333295e-06,1.094563802083333275e-06,3.640136718750000000e+03,2.856906250000000000e+03,1.000000000000000000e+00,-6.654121036450182380e-01,6.318750000000000000e+05,6.940000000000000000e+03,-3.844000000000000000e+03
1.025390624999999937e-06,1.098632812499999917e-06,3.656148437500000000e+03,2.635371093750000000e+03,1.000000000000000000e+00,-6.245458967177524023e-01,1.598437500000000000e+06,6.514000000000000000e+03,-2.076600000000000000e+04
1.029459635416666579e-06,1.102701822916666559e-06,3.484863281250000000e+03,2.771203125000000000e+03,1.000000000000000000e+00,-6.718116797444786403e-01,-1.848750000000000000e+06,7.007000000000000000e+03,3.276700000000000000e+04
1.033528645833333432e-06,1.106770833333333413e-06,3.615503906250000000e+03,3.045390625000000000e+03,1.000000000000000000e+00,-6.999985767218773747e-01,-1.102500000000000000e+06,7.301000000000000000e+03,2.611700000000000000e+04
1.037597656250000075e-06,1.110839843750000055e-06,3.484554687500000000e+03,2.627433593750000000e+03,1.000000000000000000e+00,-6.460695646477727649e-01,2.109375000000000000e+06,6.738000000000000000e+03,-2.926200000000000000e+04
1.041666666666666717e-06,1.114908854166666697e-06,3.716964843750000000e+03,2.679007812500000000e+03,1.000000000000000000e+00,-6.245219282679416173e-01,8.428125000000000000e+05,6.514000000000000000e+03,-7.870000000000000000e+03
1.045735677083333359e-06,1.118977864583333339e-06,3.885964843750000000e+03,2.776640625000000000e+03,1.000000000000000000e+00,-6.204233233503096967e-01,1.603125000000000000e+05,6.471000000000000000e+03,3.735000000000000000e+03
1.049804687500000001e-06,1.123046874999999981e-06,3.778613281250000000e+03,2.865128906250000000e+03,1.000000000000000000e+00,-6.487540310265726973e-01,-1.108125000000000000e+06,6.766000000000000000e+03,2.567800000000000000e+04
1.053873697916666643e-06,1.127115885416666623e-06,3.688218750000000000e+03,2.664292968750000000e+03,1.000000000000000000e+00,-6.255765400596130510e-01,9.065625000000000000e+05,6.525000000000000000e+03,-8.947000000000000000e+03
1.057942708333333285e-06,1.131184895833333265e-06,3.854367187500000000e+03,2.301218750000000000e+03,1.000000000000000000e+00,-5.382355089493743305e-01,3.416250000000000000e+06,5.614000000000000000e+03,-3.276800000000000000e+04
1.062011718749999927e-06,1.135253906249999907e-06,3.855835937500000000e+03,2.590644531250000000e+03,1.000000000000000000e+00,-5.916132466778325494e-01,-2.087812500000000000e+06,6.170000000000000000e+03,3.276700000000000000e+04
1.066080729166666569e-06,1.139322916666666549e-06,3.876835937500000000e+03,2.565906250000000000e+03,1.000000000000000000e+00,-5.846623962327257562e-01,2.718750000000000000e+05,6.098000000000000000e+03,1.458000000000000000e+03
1.070149739583333423e-06,1.143391927083333403e-06,3.999472656250000000e+03,2.433554687500000000e+03,1.000000000000000000e+00,-5.466244663831238970e-01,1.487812500000000000e+06,5.701000000000000000e+03,-1.969100000000000000e+04
1.074218750000000065e-06,1.147460937500000045e-06,3.915828125000000000e+03,2.578496093750000000e+03,1.000000000000000000e+00,-5.823134881512758154e-01,-1.395937500000000000e+06,6.073000000000000000e+03,2.989700000000000000e+04
1.078287760416666707e-06,1.151529947916666687e-06,3.891531250000000000e+03,2.365738281250000000e+03,1.000000000000000000e+00,-5.462170027363417724e-01,1.411875000000000000e+06,5.697000000000000000e+03,-1.839900000000000000e+04
1.082356770833333349e-06,1.155598958333333329e-06,3.858300781250000000e+03,2.617789062500000000e+03,1.000000000000000000e+00,-5.961432836920572687e-01,-1.952812500000000000e+06,6.218000000000000000e+03,3.276700000000000000e+04
1.086425781249999991e-06,1.159667968749999971e-06,3.880507812500000000e+03,2.600765625000000000e+03,1.000000000000000000e+00,-5.904627610869183085e-01,2.221875000000000000e+05,6.158000000000000000e+03,2.366000000000000000e+03
1.090494791666666633e-06,1.163736979166666613e-06,3.953519531250000000e+03,2.508148437500000000e+03,1.000000000000000000e+00,-5.653438256852909571e-01,9.825000000000000000e+05,5.896000000000000000e+03,-1.087200000000000000e+04
1.094563802083333275e-06,1.167805989583333255e-06,4.038781250000000000e+03,2.329070312500000000e+03,1.000000000000000000e+00,-5.230874486690035852e-01,1.652812500000000000e+06,5.456000000000000000e+03,-2.275200000000000000e+04
1.098632812499999917e-06,1.171874999999999897e-06,3.960394531250000000e+03,2.310628906250000000e+03,1.000000000000000000e+00,-5.281447915790641323e-01,-1.978125000000000000e+05,5.508000000000000000e+03,8.884000000000000000e+03
1.102701822916666771e-06,1.175944010416666751e-06,4.088960937500000000e+03,2.370160156250000000e+03,1.000000000000000000e+00,-5.253165145013999338e-01,1.106250000000000000e+05,5.479000000000000000e+03,3.591000000000000000e+03
1.106770833333333413e-06,1.180013020833333393e-06,3.986289062500000000e+03,2.287082031250000000e+03,1.000000000000000000e+00,-5.208823512864180216e-01,1.734375000000000000e+05,5.433000000000000000e+03,2.473000000000000000e+03
1.110839843750000055e-06,1.184082031250000035e-06,3.819796875000000000e+03,2.386789062500000000e+03,1.000000000000000000e+00,-5.584888490394269711e-01,-1.470937500000000000e+06,5.825000000000000000e+03,3.092900000000000000e+04
1.114908854166666697e-06,1.188151041666666677e-06,3.680906250000000000e+03,2.620000000000000000e+03,1.000000000000000000e+00,-6.186017211646954728e-01,-2.351250000000000000e+06,6.452000000000000000e+03,3.276700000000000000e+04
1.118977864583333339e-06,1.192220052083333319e-06,3.969500000000000000e+03,2.545968750000000000e+03,1.000000000000000000e+00,-5.702813263462978011e-01,1.890000000000000000e+06,5.948000000000000000e+03,-2.630800000000000000e+04
1.123046874999999981e-06,1.196289062499999961e-06,3.985617187500000000e+03,2.534757812500000000e+03,1.000000000000000000e+00,-5.664463743765837389e-01,1.500000000000000000e+05,5.908000000000000000e+03,3.348000000000000000e+03
1.127115885416666623e-06,1.200358072916666603e-06,4.323078125000000000e+03,2.433769531250000000e+03,1.000000000000000000e+00,-5.127330783507755285e-01,2.100937500000000000e+06,5.348000000000000000e+03,-3.050800000000000000e+04
1.131184895833333265e-06,1.204427083333333245e-06,4.011667968750000000e+03,2.404851562500000000e+03,1.000000000000000000e+00,-5.400331426851778804e-01,-1.067812500000000000e+06,5.632000000000000000e+03,2.385600000000000000e+04
1.135253906249999907e-06,1.208496093749999888e-06,3.873480468750000000e+03,2.396042968750000000e+03,1.000000000000000000e+00,-5.539588120252021408e-01,-5.446875000000000000e+05,5.778000000000000000e+03,1.507400000000000000e+04
1.139322916666666761e-06,1.212565104166666741e-06,3.878121093750000000e+03,2.460292968750000000e+03,1.000000000000000000e+00,-5.653438256852909571e-01,-4.453125000000000000e+05,5.896000000000000000e+03,1.349600000000000000e+04
1.143391927083333403e-06,1.216634114583333383e-06,3.941527343750000000e+03,2.453906250000000000e+03,1.000000000000000000e+00,-5.568589944522984725e-01,3.318750000000000000e+05,5.808000000000000000e+03,1.440000000000000000e+02
1.147460937500000045e-06,1.220703125000000025e-06,4.055214843750000000e+03,2.607425781250000000e+03,1.000000000000000000e+00,-5.714078434874013679e-01,-5.690625000000000000e+05,5.960000000000000000e+03,1.567200000000000000e+04
1.151529947916666687e-06,1.224772135416666667e-06,3.946164062500000000e+03,2.361113281250000000e+03,1.000000000000000000e+00,-5.391942469418028461e-01,1.260000000000000000e+06,5.624000000000000000e+03,-1.588000000000000000e+04
1.155598958333333329e-06,1.228841145833333310e-06,3.918593750000000000e+03,2.691214843750000000e+03,1.000000000000000000e+00,-6.017998378473855547e-01,-2.448750000000000000e+06,6.277000000000000000e+03,3.276700000000000000e+04
1.159667968749999971e-06,1.232910156249999952e-06,3.830851562500000000e+03,2.731246093750000000e+03,1.000000000000000000e+00,-6.193687115586383740e-01,-6.871875000000000000e+05,6.460000000000000000e+03,1.818800000000000000e+04
1.163736979166666613e-06,1.236979166666666594e-06,3.578566406250000000e+03,2.713671875000000000e+03,1.000000000000000000e+00,-6.488019679261940453e-01,-1.151250000000000000e+06,6.767000000000000000e+03,2.641500000000000000e+04
1.167805989583333255e-06,1.241048177083333236e-06,3.496808593750000000e+03,2.939167968750000000e+03,1.000000000000000000e+00,-6.989679333800167260e-01,-1.962187500000000000e+06,7.290000000000000000e+03,3.276700000000000000e+04
1.171874999999999897e-06,1.245117187499999878e-06,3.701207031250000000e+03,2.641277343750000000e+03,1.000000000000000000e+00,-6.198241121050418467e-01,3.095625000000000000e+06,6.465000000000000000e+03,-3.276800000000000000e+04
1.175944010416666751e-06,1.249186197916666731e-06,3.730472656250000000e+03,2.567097656250000000e+03,1.000000000000000000e+00,-6.027346073900033963e-01,6.684375000000000000e+05,6.286000000000000000e+03,-5.122000000000000000e+03
1.180013020833333393e-06,1.253255208333333374e-06,3.781636718750000000e+03,2.654503906250000000e+03,1.000000000000000000e+00,-6.120343659165601302e-01,-3.637500000000000000e+05,6.383000000000000000e+03,1.259100000000000000e+04
1.184082031250000035e-06,1.257324218750000016e-06,3.706589843750000000e+03,2.656363281250000000e+03,1.000000000000000000e+00,-6.218134934393311219e-01,-3.825000000000000000e+05,6.485000000000000000e+03,1.301300000000000000e+04
1.188151041666666677e-06,1.261393229166666658e-06,4.050359375000000000e+03,2.499417968750000000e+03,1.000000000000000000e+00,-5.528802317837200331e-01,2.696250000000000000e+06,5.766000000000000000e+03,-3.276800000000000000e+04
1.192220052083333319e-06,1.265462239583333300e-06,4.023667968750000000e+03,2.519863281250000000e+03,1.000000000000000000e+00,-5.594955239314769457e-01,-2.587500000000000000e+05,5.835000000000000000e+03,1.025100000000000000e+04
1.196289062499999961e-06,1.269531249999999942e-06,3.916339843750000000e+03,1.999582031250000000e+03,1.000000000000000000e+00,-4.720586190219953626e-01,3.420000000000000000e+06,4.923000000000000000e+03,-3.276800000000000000e+04
1.200358072916666603e-06,1.273600260416666584e-06,4.003972656250000000e+03,2.293066406250000000e+03,1.000000000000000000e+00,-5.201153608924752314e-01,-1.879687500000000000e+06,5.425000000000000000e+03,3.276700000000000000e+04
1.204427083333333245e-06,1.277669270833333226e-06,4.030953125000000000e+03,2.328875000000000000e+03,1.000000000000000000e+00,-5.239023759625678345e-01,-1.481250000000000000e+05,5.464000000000000000e+03,7.992000000000000000e+03
1.208496093750000099e-06,1.281738281250000080e-06,3.782093750000000000e+03,2.472992187500000000e+03,1.000000000000000000e+00,-5.791017158766402773e-01,-2.159062500000000000e+06,6.040000000000000000e+03,3.276700000000000000e+04
1.212565104166666741e-06,1.285807291666666722e-06,3.870449218750000000e+03,2.385859375000000000e+03,1.000000000000000000e+00,-5.524008627875057753e-01,1.044375000000000000e+06,5.761000000000000000e+03,-1.206300000000000000e+04
1.216634114583333383e-06,1.289876302083333364e-06,3.862210937500000000e+03,2.295582031250000000e+03,1.000000000000000000e+00,-5.362700960648958404e-01,6.309375000000000000e+05,5.593000000000000000e+03,-5.175000000000000000e+03
1.220703125000000025e-06,1.293945312500000006e-06,4.032304687500000000e+03,2.555277343750000000e+03,1.000000000000000000e+00,-5.648404882392659143e-01,-1.117500000000000000e+06,5.891000000000000000e+03,2.496300000000000000e+04
1.224772135416666667e-06,1.298014322916666648e-06,3.769585937500000000e+03,2.466429687500000000e+03,1.000000000000000000e+00,-5.793893372743688097e-01,-5.690625000000000000e+05,6.043000000000000000e+03,1.575500000000000000e+04
1.228841145833333310e-06,1.302083333333333290e-06,3.935050781250000000e+03,2.309054687500000000e+03,1.000000000000000000e+00,-5.306614788091890134e-01,1.905937500000000000e+06,5.535000000000000000e+03,-2.699300000000000000e+04
1.232910156249999952e-06,1.306152343749999932e-06,3.770914062500000000e+03,2.355312500000000000e+03,1.000000000000000000e+00,-5.583210698907519198e-01,-1.081875000000000000e+06,5.823000000000000000e+03,2.428700000000000000e+04
1.236979166666666594e-06,1.310221354166666574e-06,3.854085937500000000e+03,2.638144531250000000e+03,1.000000000000000000e+00,-6.002658570594999743e-01,-1.640625000000000000e+06,6.261000000000000000e+03,3.276700000000000000e+04
1.241048177083333236e-06,1.314290364583333216e-06,3.983144531250000000e+03,2.428492187500000000e+03,1.000000000000000000e+00,-5.475112990261202794e-01,2.063437500000000000e+06,5.710000000000000000e+03,-2.950600000000000000e+04
1.245117187500000089e-06,1.318359375000000070e-06,4.116195312500000000e+03,2.335167968750000000e+03,1.000000000000000000e+00,-5.160407244246539848e-01,1.230937500000000000e+06,5.382000000000000000e+03,-1.562600000000000000e+04
1.249186197916666731e-06,1.322428385416666712e-06,4.347867187500000000e+03,2.029085937500000000e+03,1.000000000000000000e+00,-4.366332502017613582e-01,3.105937500000000000e+06,4.554000000000000000e+03,-3.276800000000000000e+04
1.253255208333333374e-06,1.326497395833333354e-06,4.273847656250000000e+03,2.020582031250000000e+03,1.000000000000000000e+00,-4.416186877623896612e-01,-1.950000000000000000e+05,4.606000000000000000e+03,7.934000000000000000e+03
1.257324218750000016e-06,1.330566406249999996e-06,4.195566406250000000e+03,2.025203125000000000e+03,1.000000000000000000e+00,-4.497200237984106952e-01,-3.168750000000000000e+05,4.690000000000000000e+03,1.009800000000000000e+04
1.261393229166666658e-06,1.334635416666666638e-06,4.256660156250000000e+03,2.091773437500000000e+03,1.000000000000000000e+00,-4.567427795929496770e-01,-2.746875000000000000e+05,4.764000000000000000e+03,9.452000000000000000e+03
1.265462239583333300e-06,1.338704427083333280e-06,4.201304687500000000e+03,1.781535156250000000e+03,1.000000000000000000e+00,-4.010640706826630320e-01,2.177812500000000000e+06,4.183000000000000000e+03,-3.276800000000000000e+04
1.269531249999999942e-06,1.342773437499999922e-06,4.489277343750000000e+03,1.817523437500000000e+03,1.000000000000000000e+00,-3.846936194619459681e-01,6.403125000000000000e+05,4.012000000000000000e+03,-6.916000000000000000e+03
1.273600260416666584e-06,1.346842447916666564e-06,4.112640625000000000e+03,1.838003906250000000e+03,1.000000000000000000e+00,-4.202867674308549684e-01,-1.392187500000000000e+06,4.383000000000000000e+03,2.814300000000000000e+04
1.277669270833333438e-06,1.350911458333333418e-06,4.125480468750000000e+03,1.668066406250000000e+03,1.000000000000000000e+00,-3.842382189155423844e-01,1.410000000000000000e+06,4.007000000000000000e+03,-2.005700000000000000e+04
1.281738281250000080e-06,1.354980468750000060e-06,4.015011718750000000e+03,1.792765625000000000e+03,1.000000000000000000e+00,-4.199512091335049768e-01,-1.396875000000000000e+06,4.380000000000000000e+03,2.822000000000000000e+04
1.285807291666666722e-06,1.359049479166666702e-06,4.031363281250000000e+03,1.992894531250000000e+03,1.000000000000000000e+00,-4.591156561242102363e-01,-1.531875000000000000e+06,4.788000000000000000e+03,3.093200000000000000e+04
1.289876302083333364e-06,1.363118489583333344e-06,3.934601562500000000e+03,2.148039062500000000e+03,1.000000000000000000e+00,-4.997182101035583246e-01,-1.588125000000000000e+06,5.212000000000000000e+03,3.231600000000000000e+04
1.293945312500000006e-06,1.367187499999999986e-06,4.350335937500000000e+03,2.165902343750000000e+03,1.000000000000000000e+00,-4.619439332018744349e-01,1.477500000000000000e+06,4.818000000000000000e+03,-2.039800000000000000e+04
1.298014322916666648e-06,1.371256510416666628e-06,4.410953125000000000e+03,2.123582031250000000e+03,1.000000000000000000e+00,-4.486893804565500465e-01,5.184375000000000000e+05,4.680000000000000000e+03,-4.168000000000000000e+03
1.302083333333333290e-06,1.375325520833333270e-06,4.392066406250000000e+03,1.957453125000000000e+03,1.000000000000000000e+00,-4.192561240889943197e-01,1.151250000000000000e+06,4.373000000000000000e+03,-1.527500000000000000e+04
1.306152343749999932e-06,1.379394531249999912e-06,4.277949218750000000e+03,1.464238281250000000e+03,1.000000000000000000e+00,-3.297819009456021133e-01,3.499687500000000000e+06,3.439000000000000000e+03,-3.276800000000000000e+04
1.310221354166666574e-06,1.383463541666666554e-06,4.697136718750000000e+03,1.650808593750000000e+03,1.000000000000000000e+00,-3.379551423310553360e-01,-3.196875000000000000e+05,3.525000000000000000e+03,8.981000000000000000e+03
1.314290364583333428e-06,1.387532552083333408e-06,4.306078125000000000e+03,1.579656250000000000e+03,1.000000000000000000e+00,-3.516171587231617934e-01,-5.343750000000000000e+05,3.667000000000000000e+03,1.278700000000000000e+04
1.318359375000000070e-06,1.391601562500000050e-06,4.278632812500000000e+03,1.743914062500000000e+03,1.000000000000000000e+00,-3.870425275433958534e-01,-1.385625000000000000e+06,4.037000000000000000e+03,2.768500000000000000e+04
1.322428385416666712e-06,1.395670572916666692e-06,4.073621093750000000e+03,1.794644531250000000e+03,1.000000000000000000e+00,-4.149657715728766738e-01,-1.092187500000000000e+06,4.328000000000000000e+03,2.296800000000000000e+04
1.326497395833333354e-06,1.399739583333333334e-06,4.486492187500000000e+03,1.627226562500000000e+03,1.000000000000000000e+00,-3.479499859021227270e-01,2.621250000000000000e+06,3.629000000000000000e+03,-3.276800000000000000e+04
1.330566406249999996e-06,1.403808593749999976e-06,3.999242187500000000e+03,1.783671875000000000e+03,1.000000000000000000e+00,-4.195197770369121226e-01,-2.799375000000000000e+06,4.375000000000000000e+03,3.276700000000000000e+04
1.334635416666666638e-06,1.407877604166666618e-06,4.110605468750000000e+03,1.878429687500000000e+03,1.000000000000000000e+00,-4.286517564147938608e-01,-3.571875000000000000e+05,4.471000000000000000e+03,1.056700000000000000e+04
1.338704427083333280e-06,1.411946614583333260e-06,3.850824218750000000e+03,1.942878906250000000e+03,1.000000000000000000e+00,-4.672649290598527294e-01,-1.510312500000000000e+06,4.873000000000000000e+03,3.064900000000000000e+04
1.342773437499999922e-06,1.416015624999999902e-06,4.270890625000000000e+03,1.801539062500000000e+03,1.000000000000000000e+00,-3.991705631476166749e-01,2.663437500000000000e+06,4.163000000000000000e+03,-3.276800000000000000e+04
1.346842447916666564e-06,1.420084635416666544e-06,4.299367187500000000e+03,2.059058593750000000e+03,1.000000000000000000e+00,-4.466520622226394233e-01,-1.857187500000000000e+06,4.658000000000000000e+03,3.276700000000000000e+04
1.350911458333333418e-06,1.424153645833333398e-06,4.168718750000000000e+03,2.178980468750000000e+03,1.000000000000000000e+00,-4.816459989462806290e-01,-1.368750000000000000e+06,5.023000000000000000e+03,2.838300000000000000e+04
1.354980468750000060e-06,1.428222656250000040e-06,4.219675781250000000e+03,1.906441406250000000e+03,1.000000000000000000e+00,-4.243614038986762149e-01,2.240625000000000000e+06,4.426000000000000000e+03,-3.276800000000000000e+04
1.359049479166666702e-06,1.432291666666666682e-06,4.445601562500000000e+03,1.785636718750000000e+03,1.000000000000000000e+00,-3.819372477337139582e-01,1.659375000000000000e+06,3.983000000000000000e+03,-2.433700000000000000e+04
1.363118489583333344e-06,1.436360677083333324e-06,4.342882812500000000e+03,1.723121093750000000e+03,1.000000000000000000e+00,-3.777188005670284454e-01,1.650000000000000000e+05,3.939000000000000000e+03,1.123000000000000000e+03
1.367187499999999986e-06,1.440429687499999966e-06,4.578718750000000000e+03,1.808144531250000000e+03,1.000000000000000000e+00,-3.760889459798999468e-01,6.375000000000000000e+04,3.922000000000000000e+03,2.834000000000000000e+03
1.371256510416666628e-06,1.444498697916666609e-06,4.319648437500000000e+03,1.292394531250000000e+03,1.000000000000000000e+00,-2.907133277541397165e-01,3.339375000000000000e+06,3.032000000000000000e+03,-3.276800000000000000e+04
1.375325520833333270e-06,1.448567708333333251e-06,4.442000000000000000e+03,1.273093750000000000e+03,1.000000000000000000e+00,-2.791125980457545563e-01,4.537500000000000000e+05,2.911000000000000000e+03,-4.833000000000000000e+03
1.379394531249999912e-06,1.452636718749999893e-06,4.546281250000000000e+03,1.502097656250000000e+03,1.000000000000000000e+00,-3.191159407798347947e-01,-1.564687500000000000e+06,3.328000000000000000e+03,3.003200000000000000e+04
1.383463541666666766e-06,1.456705729166666746e-06,4.334277343750000000e+03,1.689660156250000000e+03,1.000000000000000000e+00,-3.717266881143501123e-01,-2.057812500000000000e+06,3.877000000000000000e+03,3.276700000000000000e+04
1.387532552083333408e-06,1.460774739583333388e-06,4.078328125000000000e+03,1.586570312500000000e+03,1.000000000000000000e+00,-3.710076346200287256e-01,2.812500000000000000e+04,3.869000000000000000e+03,3.389000000000000000e+03
1.391601562500000050e-06,1.464843750000000030e-06,4.325843750000000000e+03,1.571679687500000000e+03,1.000000000000000000e+00,-3.485012602477691179e-01,8.803125000000000000e+05,3.635000000000000000e+03,-1.138900000000000000e+04
1.395670572916666692e-06,1.468912760416666673e-06,4.179074218750000000e+03,1.678128906250000000e+03,1.000000000000000000e+00,-3.818413739344710955e-01,-1.304062500000000000e+06,3.982000000000000000e+03,2.623800000000000000e+04
1.399739583333333334e-06,1.472981770833333315e-06,4.411968750000000000e+03,1.513656250000000000e+03,1.000000000000000000e+00,-3.305009544399235555e-01,2.008125000000000000e+06,3.447000000000000000e+03,-3.082500000000000000e+04
1.403808593749999976e-06,1.477050781249999957e-06,4.408695312500000000e+03,1.441253906250000000e+03,1.000000000000000000e+00,-3.159521054048206601e-01,5.690625000000000000e+05,3.295000000000000000e+03,-6.417000000000000000e+03
1.407877604166666618e-06,1.481119791666666599e-06,4.351402343750000000e+03,1.758570312500000000e+03,1.000000000000000000e+00,-3.840704397668673886e-01,-2.664375000000000000e+06,4.006000000000000000e+03,3.276700000000000000e+04
1.411946614583333260e-06,1.485188802083333241e-06,4.246550781250000000e+03,1.622843750000000000e+03,1.000000000000000000e+00,-3.650394906171611775e-01,7.443750000000000000e+05,3.807000000000000000e+03,-8.897000000000000000e+03
1.416015624999999902e-06,1.489257812499999883e-06,4.517656250000000000e+03,1.558625000000000000e+03,1.000000000000000000e+00,-3.322266828262948613e-01,1.283437500000000000e+06,3.465000000000000000e+03,-1.843900000000000000e+04
1.420084635416666756e-06,1.493326822916666737e-06,4.480226562500000000e+03,1.459097656250000000e+03,1.000000000000000000e+00,-3.148495567135278228e-01,6.796875000000000000e+05,3.284000000000000000e+03,-8.316000000000000000e+03
1.424153645833333398e-06,1.497395833333333379e-06,4.553191406250000000e+03,1.590695312500000000e+03,1.000000000000000000e+00,-3.361095716956303825e-01,-8.315625000000000000e+05,3.505000000000000000e+03,1.769700000000000000e+04
1.428222656250000040e-06,1.501464843750000021e-06,4.332082031250000000e+03,1.320210937500000000e+03,1.000000000000000000e+00,-2.958186075638216117e-01,1.575937500000000000e+06,3.085000000000000000e+03,-2.381100000000000000e+04
1.432291666666666682e-06,1.505533854166666663e-06,4.574851562500000000e+03,1.398445312500000000e+03,1.000000000000000000e+00,-2.966575033071965906e-01,-3.281250000000000000e+04,3.094000000000000000e+03,3.654000000000000000e+03
1.436360677083333324e-06,1.509602864583333305e-06,4.406515625000000000e+03,1.188578125000000000e+03,1.000000000000000000e+00,-2.634612003193588792e-01,1.298437500000000000e+06,2.748000000000000000e+03,-1.941200000000000000e+04
1.440429687499999966e-06,1.513671874999999947e-06,4.528652343750000000e+03,1.488261718750000000e+03,1.000000000000000000e+00,-3.175100546425170256e-01,-2.114062500000000000e+06,3.311000000000000000e+03,3.276700000000000000e+04
1.444498697916666609e-06,1.517740885416666589e-06,4.220394531250000000e+03,1.504652343750000000e+03,1.000000000000000000e+00,-3.424612108954693812e-01,-9.759375000000000000e+05,3.572000000000000000e+03,2.022800000000000000e+04
1.448567708333333251e-06,1.521809895833333231e-06,4.274093750000000000e+03,1.245375000000000000e+03,1.000000000000000000e+00,-2.835227928109257944e-01,2.305312500000000000e+06,2.957000000000000000e+03,-3.276800000000000000e+04
1.452636718750000104e-06,1.525878906250000085e-06,4.263394531250000000e+03,9.781953125000000000e+02,1.000000000000000000e+00,-2.255431127188106677e-01,2.267812500000000000e+06,2.352000000000000000e+03,-3.276800000000000000e+04
1.456705729166666746e-06,1.529947916666666727e-06,4.334347656250000000e+03,1.057070312500000000e+03,1.000000000000000000e+00,-2.392051291109171807e-01,-5.343750000000000000e+05,2.495000000000000000e+03,1.161500000000000000e+04
1.460774739583333388e-06,1.534016927083333369e-06,4.143148437500000000e+03,1.366710937500000000e+03,1.000000000000000000e+00,-3.186365717836205369e-01,-3.106875000000000000e+06,3.323000000000000000e+03,3.276700000000000000e+04
1.464843750000000030e-06,1.538085937500000011e-06,4.308683593750000000e+03,1.099976562500000000e+03,1.000000000000000000e+00,-2.499429946261166602e-01,2.686875000000000000e+06,2.607000000000000000e+03,-3.276800000000000000e+04
1.468912760416666673e-06,1.542154947916666653e-06,4.246796875000000000e+03,1.311886718750000000e+03,1.000000000000000000e+00,-2.996056226339142703e-01,-1.942500000000000000e+06,3.125000000000000000e+03,3.276700000000000000e+04
1.472981770833333315e-06,1.546223958333333295e-06,4.341839843750000000e+03,1.672316406250000000e+03,1.000000000000000000e+00,-3.676520516465289212e-01,-2.661562500000000000e+06,3.834000000000000000e+03,3.276700000000000000e+04
1.477050781249999957e-06,1.550292968749999937e-06,4.384625000000000000e+03,1.472105468750000000e+03,1.000000000000000000e+00,-3.239096307419774279e-01,1.710937500000000000e+06,3.378000000000000000e+03,-2.582200000000000000e+04
1.481119791666666599e-06,1.554361979166666579e-06,4.461296875000000000e+03,1.271882812500000000e+03,1.000000000000000000e+00,-2.777224279567331866e-01,1.806562500000000000e+06,2.896000000000000000e+03,-2.793600000000000000e+04
1.485188802083333241e-06,1.558430989583333221e-06,4.654398437500000000e+03,1.180906250000000000e+03,1.000000000000000000e+00,-2.484809191876631573e-01,1.143750000000000000e+06,2.591000000000000000e+03,-1.692900000000000000e+04
1.489257812500000095e-06,1.562500000000000075e-06,4.862226562500000000e+03,1.332292968750000000e+03,1.000000000000000000e+00,-2.674399629879372631e-01,-7.415625000000000000e+05,2.789000000000000000e+03,1.544500000000000000e+04
1.493326822916666737e-06,1.566569010416666717e-06,4.512148437500000000e+03,1.089160156250000000e+03,1.000000000000000000e+00,-2.368562210294672954e-01,1.196250000000000000e+06,2.470000000000000000e+03,-1.794600000000000000e+04
1.497395833333333379e-06,1.570638020833333359e-06,4.414105468750000000e+03,1.027722656250000000e+03,1.000000000000000000e+00,-2.287548849934462336e-01,3.168750000000000000e+05,2.386000000000000000e+03,-3.022000000000000000e+03
1.501464843750000021e-06,1.574707031250000001e-06,4.435566406250000000e+03,1.046335937500000000e+03,1.000000000000000000e+00,-2.316550674205425375e-01,-1.134375000000000000e+05,2.416000000000000000e+03,4.352000000000000000e+03
1.505533854166666663e-06,1.578776041666666643e-06,4.576203125000000000e+03,1.259628906250000000e+03,1.000000000000000000e+00,-2.686144170286621780e-01,-1.445625000000000000e+06,2.801000000000000000e+03,2.747300000000000000e+04
1.509602864583333305e-06,1.582845052083333285e-06,4.340632812500000000e+03,8.478085937500000000e+02,1.000000000000000000e+00,-1.928980840766193749e-01,2.961562500000000000e+06,2.012000000000000000e+03,-3.276800000000000000e+04
1.513671874999999947e-06,1.586914062499999927e-06,4.233886718750000000e+03,1.065406250000000000e+03,1.000000000000000000e+00,-2.465155063031846672e-01,-2.097187500000000000e+06,2.571000000000000000e+03,3.276700000000000000e+04
1.517740885416666589e-06,1.590983072916666569e-06,4.307398437500000000e+03,8.629140625000000000e+02,1.000000000000000000e+00,-1.977157424885727099e-01,1.908750000000000000e+06,2.062000000000000000e+03,-3.051400000000000000e+04
1.521809895833333231e-06,1.595052083333333211e-06,4.527859375000000000e+03,1.144566406250000000e+03,1.000000000000000000e+00,-2.475940865446667749e-01,-1.950937500000000000e+06,2.582000000000000000e+03,3.276700000000000000e+04
1.525878906250000085e-06,1.599121093750000065e-06,4.417386718750000000e+03,1.254656250000000000e+03,1.000000000000000000e+00,-2.767397215144939415e-01,-1.140000000000000000e+06,2.886000000000000000e+03,2.234200000000000000e+04
1.529947916666666727e-06,1.603190104166666707e-06,4.634484375000000000e+03,1.011375000000000000e+03,1.000000000000000000e+00,-2.148531841032326195e-01,2.420625000000000000e+06,2.241000000000000000e+03,-3.276800000000000000e+04
1.534016927083333369e-06,1.607259114583333349e-06,4.674636718750000000e+03,7.890820312500000000e+02,1.000000000000000000e+00,-1.672278743293456049e-01,1.862812500000000000e+06,1.744000000000000000e+03,-3.004800000000000000e+04
1.538085937500000011e-06,1.611328124999999991e-06,4.644820312500000000e+03,1.037027343750000000e+03,1.000000000000000000e+00,-2.196708425151859545e-01,-2.051250000000000000e+06,2.291000000000000000e+03,3.276700000000000000e+04
1.542154947916666653e-06,1.615397135416666633e-06,4.656300781250000000e+03,9.706914062500000000e+02,1.000000000000000000e+00,-2.055294571268652115e-01,5.531250000000000000e+05,2.143000000000000000e+03,-7.297000000000000000e+03
1.546223958333333295e-06,1.619466145833333275e-06,4.623253906250000000e+03,6.186718750000000000e+02,1.000000000000000000e+00,-1.330248964494579467e-01,2.835937500000000000e+06,1.387000000000000000e+03,-3.276800000000000000e+04
1.550292968749999937e-06,1.623535156249999917e-06,4.831738281250000000e+03,2.972109375000000000e+02,1.000000000000000000e+00,-6.143113686485778685e-02,2.800312500000000000e+06,6.400000000000000000e+02,-3.276800000000000000e+04
1.554361979166666579e-06,1.627604166666666559e-06,4.541472656250000000e+03,5.881679687500000000e+02,1.000000000000000000e+00,-1.287824808329617321e-01,-2.634375000000000000e+06,1.343000000000000000e+03,3.276700000000000000e+04
1.558430989583333433e-06,1.631673177083333413e-06,4.549031250000000000e+03,4.153476562500000000e+02,1.000000000000000000e+00,-9.105614083089923205e-02,1.475625000000000000e+06,9.490000000000000000e+02,-2.423500000000000000e+04
1.562500000000000075e-06,1.635742187500000055e-06,4.580000000000000000e+03,4.338007812500000000e+02,1.000000000000000000e+00,-9.443569225420977986e-02,-1.321875000000000000e+05,9.850000000000000000e+02,3.241000000000000000e+03
1.566569010416666717e-06,1.639811197916666697e-06,4.527062500000000000e+03,2.006601562500000000e+02,1.000000000000000000e+00,-4.429369525019789117e-02,1.961250000000000000e+06,4.620000000000000000e+02,-3.276800000000000000e+04
1.570638020833333359e-06,1.643880208333333339e-06,4.624363281250000000e+03,4.132695312500000000e+02,1.000000000000000000e+00,-8.913866484604217322e-02,-1.754062500000000000e+06,9.290000000000000000e+02,3.086500000000000000e+04
1.574707031250000001e-06,1.647949218749999981e-06,4.457128906250000000e+03,7.832421875000000000e+01,1.000000000000000000e+00,-1.756887371125273253e-02,2.799375000000000000e+06,1.830000000000000000e+02,-3.276800000000000000e+04
1.578776041666666643e-06,1.652018229166666623e-06,4.740902343750000000e+03,3.078984375000000000e+02,1.000000000000000000e+00,-6.485862518778975905e-02,-1.849687500000000000e+06,6.760000000000000000e+02,3.224400000000000000e+04
1.582845052083333285e-06,1.656087239583333265e-06,4.696250000000000000e+03,2.310898437500000000e+02,1.000000000000000000e+00,-4.915929056177265749e-02,6.140625000000000000e+05,5.120000000000000000e+02,-9.968000000000000000e+03
1.586914062499999927e-06,1.660156249999999908e-06,4.557929687500000000e+03,3.675156250000000000e+02,1.000000000000000000e+00,-8.046208601456401877e-02,-1.224375000000000000e+06,8.390000000000000000e+02,2.173500000000000000e+04
1.590983072916666569e-06,1.664225260416666550e-06,4.537593750000000000e+03,6.272500000000000000e+02,1.000000000000000000e+00,-1.373631858651970239e-01,-2.225625000000000000e+06,1.432000000000000000e+03,3.276700000000000000e+04
1.595052083333333423e-06,1.668294270833333403e-06,4.574179687500000000e+03,2.846875000000000000e+01,1.000000000000000000e+00,-6.231796950785416928e-03,5.129062500000000000e+06,6.500000000000000000e+01,-3.276800000000000000e+04
1.599121093750000065e-06,1.672363281250000045e-06,4.663695312500000000e+03,5.047890625000000000e+02,1.000000000000000000e+00,-1.078100872485877187e-01,-3.973125000000000000e+06,1.124000000000000000e+03,3.276700000000000000e+04
1.603190104166666707e-06,1.676432291666666687e-06,4.723656250000000000e+03,4.803437500000000000e+02,1.000000000000000000e+00,-1.013386057996951695e-01,2.531250000000000000e+05,1.057000000000000000e+03,-3.263000000000000000e+03
1.607259114583333349e-06,1.680501302083333329e-06,4.463355468750000000e+03,1.140312500000000000e+02,1.000000000000000000e+00,-2.555036749822020906e-02,2.964375000000000000e+06,2.660000000000000000e+02,-3.276800000000000000e+04
1.611328124999999991e-06,1.684570312499999972e-06,4.551738281250000000e+03,-7.718359375000000000e+01,1.000000000000000000e+00,1.694569401617419119e-02,1.662187500000000000e+06,-1.770000000000000000e+02,-2.854500000000000000e+04
1.615397135416666633e-06,1.688639322916666614e-06,4.591699218750000000e+03,-6.505468750000000000e+01,1.000000000000000000e+00,1.416535383813146733e-02,-1.087500000000000000e+05,-1.480000000000000000e+02,1.708000000000000000e+03
1.619466145833333275e-06,1.692708333333333256e-06,4.665082031250000000e+03,1.929335937500000000e+02,1.000000000000000000e+00,-4.134557592348016980e-02,-2.171250000000000000e+06,4.310000000000000000e+02,3.276700000000000000e+04
1.623535156249999917e-06,1.696777343749999898e-06,4.370402343750000000e+03,-9.538281250000000000e+01,1.000000000000000000e+00,2.183525777755967318e-02,2.471250000000000000e+06,-2.280000000000000000e+02,-3.276800000000000000e+04
1.627604166666666771e-06,1.700846354166666751e-06,4.475710937500000000e+03,1.853007812500000000e+02,1.000000000000000000e+00,-4.139351282310160113e-02,-2.473125000000000000e+06,4.310000000000000000e+02,3.276700000000000000e+04
1.631673177083333413e-06,1.704915364583333394e-06,4.483609375000000000e+03,6.166406250000000000e+01,1.000000000000000000e+00,-1.375789019134934441e-02,1.080937500000000000e+06,1.430000000000000000e+02,-1.830500000000000000e+04
1.635742187500000055e-06,1.708984375000000036e-06,4.474550781250000000e+03,4.649492187500000000e+02,1.000000000000000000e+00,-1.035437031822807746e-01,-3.511875000000000000e+06,1.080000000000000000e+03,3.276700000000000000e+04
1.639811197916666697e-06,1.713053385416666678e-06,4.466601562500000000e+03,2.388515625000000000e+02,1.000000000000000000e+00,-5.342567462807959466e-02,1.960312500000000000e+06,5.570000000000000000e+02,-3.276800000000000000e+04
1.643880208333333339e-06,1.717122395833333320e-06,4.586300781250000000e+03,3.214882812500000000e+02,1.000000000000000000e+00,-6.998787344728238380e-02,-6.478125000000000000e+05,7.300000000000000000e+02,1.178600000000000000e+04
1.647949218749999981e-06,1.721191406249999962e-06,4.643925781250000000e+03,1.921210937500000000e+02,1.000000000000000000e+00,-4.134557592348016980e-02,1.120312500000000000e+06,4.310000000000000000e+02,-1.868900000000000000e+04
1.652018229166666623e-06,1.725260416666666604e-06,4.698296875000000000e+03,2.726835937500000000e+02,1.000000000000000000e+00,-5.797968009211509205e-02,-6.506250000000000000e+05,6.040000000000000000e+02,1.170800000000000000e+04
1.656087239583333265e-06,1.729329427083333246e-06,4.627546875000000000e+03,-2.098203125000000000e+02,1.000000000000000000e+00,4.530037014224783803e-02,4.039687500000000000e+06,-4.730000000000000000e+02,-3.276800000000000000e+04
1.660156249999999908e-06,1.733398437499999888e-06,4.613593750000000000e+03,1.576171875000000000e+01,1.000000000000000000e+00,-3.403519873121266508e-03,-1.905000000000000000e+06,3.500000000000000000e+01,3.254700000000000000e+04
1.664225260416666761e-06,1.737467447916666742e-06,4.692589843750000000e+03,1.869648437500000000e+02,1.000000000000000000e+00,-3.983556358540524256e-02,-1.425000000000000000e+06,4.150000000000000000e+02,2.473500000000000000e+04
1.668294270833333403e-06,1.741536458333333384e-06,4.809812500000000000e+03,2.193164062500000000e+02,1.000000000000000000e+00,-4.556402309016568258e-02,-2.240625000000000000e+05,4.750000000000000000e+02,4.299000000000000000e+03
1.672363281250000045e-06,1.745605468750000026e-06,4.972765625000000000e+03,7.393750000000000000e+01,1.000000000000000000e+00,-1.486043888264214873e-02,1.200937500000000000e+06,1.550000000000000000e+02,-2.034100000000000000e+04
1.676432291666666687e-06,1.749674479166666668e-06,4.896843750000000000e+03,-6.903515625000000000e+01,1.000000000000000000e+00,1.409344848869932901e-02,1.132500000000000000e+06,-1.470000000000000000e+02,-1.947500000000000000e+04
1.680501302083333329e-06,1.753743489583333310e-06,4.671218750000000000e+03,-9.992968750000000000e+01,1.000000000000000000e+00,2.140382568096683633e-02,2.859375000000000000e+05,-2.240000000000000000e+02,-5.104000000000000000e+03
1.684570312499999972e-06,1.757812499999999952e-06,4.665265625000000000e+03,-1.311445312500000000e+02,1.000000000000000000e+00,2.811499162796651796e-02,2.625000000000000000e+05,-2.940000000000000000e+02,-4.774000000000000000e+03
1.688639322916666614e-06,1.761881510416666594e-06,4.468605468750000000e+03,-7.684375000000000000e+01,1.000000000000000000e+00,1.720934696409203574e-02,-4.265625000000000000e+05,-1.800000000000000000e+02,7.100000000000000000e+03
1.692708333333333256e-06,1.765950520833333236e-06,4.768113281250000000e+03,6.955468750000000000e+01,1.000000000000000000e+00,-1.459678593472430418e-02,-1.244062500000000000e+06,1.520000000000000000e+02,2.138400000000000000e+04
1.696777343749999898e-06,1.770019531249999878e-06,4.398816406250000000e+03,-2.336718750000000000e+02,1.000000000000000000e+00,5.306614788091890134e-02,2.646562500000000000e+06,-5.540000000000000000e+02,-3.276800000000000000e+04
1.700846354166666751e-06,1.774088541666666732e-06,4.490046875000000000e+03,-2.845312500000000000e+02,1.000000000000000000e+00,6.327670750028269175e-02,3.993750000000000000e+05,-6.600000000000000000e+02,-7.476000000000000000e+03
1.704915364583333394e-06,1.778157552083333374e-06,4.459339843750000000e+03,-2.980351562500000000e+02,1.000000000000000000e+00,6.672816427302538655e-02,1.350000000000000000e+05,-6.960000000000000000e+02,-3.000000000000000000e+03
1.708984375000000036e-06,1.782226562500000016e-06,4.502054687500000000e+03,-8.602343750000000000e+01,1.000000000000000000e+00,1.910285449913837544e-02,-1.862812500000000000e+06,-2.000000000000000000e+02,3.159200000000000000e+04
1.713053385416666678e-06,1.786295572916666658e-06,4.706031250000000000e+03,-9.338671875000000000e+01,1.000000000000000000e+00,1.984587644327048123e-02,2.906250000000000000e+04,-2.070000000000000000e+02,-7.030000000000000000e+02
1.717122395833333320e-06,1.790364583333333300e-06,4.729789062500000000e+03,1.103945312500000000e+02,1.000000000000000000e+00,-2.334527011563460042e-02,-1.689375000000000000e+06,2.430000000000000000e+02,2.907500000000000000e+04
1.721191406249999962e-06,1.794433593749999942e-06,4.562664062500000000e+03,-6.849218750000000000e+01,1.000000000000000000e+00,1.500424958150642710e-02,1.500000000000000000e+06,-1.570000000000000000e+02,-2.575700000000000000e+04
1.725260416666666604e-06,1.798502604166666584e-06,4.915617187500000000e+03,-2.668437500000000000e+02,1.000000000000000000e+00,5.424060192164384397e-02,1.534687500000000000e+06,-5.660000000000000000e+02,-2.675800000000000000e+04
1.729329427083333246e-06,1.802571614583333226e-06,4.736554687500000000e+03,-3.818281250000000000e+02,1.000000000000000000e+00,8.043811756475330310e-02,1.024687500000000000e+06,-8.390000000000000000e+02,-1.832700000000000000e+04
1.733398437500000100e-06,1.806640625000000080e-06,4.528843750000000000e+03,-1.159648437500000000e+02,1.000000000000000000e+00,2.559830439784163691e-02,-2.145000000000000000e+06,-2.670000000000000000e+02,3.276700000000000000e+04
1.737467447916666742e-06,1.810709635416666722e-06,4.643148437500000000e+03,-5.181484375000000000e+02,1.000000000000000000e+00,1.111417017722768491e-01,3.345937500000000000e+06,-1.160000000000000000e+03,-3.276800000000000000e+04
1.741536458333333384e-06,1.814778645833333364e-06,4.787003906250000000e+03,-6.069257812500000000e+02,1.000000000000000000e+00,1.260980144541618553e-01,5.850000000000000000e+05,-1.316000000000000000e+03,-1.130000000000000000e+04
1.745605468750000026e-06,1.818847656250000006e-06,4.434042968750000000e+03,-6.354218750000000000e+02,1.000000000000000000e+00,1.423486234258253547e-01,6.356250000000000000e+05,-1.485000000000000000e+03,-1.233300000000000000e+04
1.749674479166666668e-06,1.822916666666666648e-06,4.412890625000000000e+03,-4.034492187500000000e+02,1.000000000000000000e+00,9.117598307995279650e-02,-2.001562500000000000e+06,-9.510000000000000000e+02,3.276700000000000000e+04
1.753743489583333310e-06,1.826985677083333290e-06,4.530937500000000000e+03,-1.249062500000000000e+02,1.000000000000000000e+00,2.756371728232011320e-02,-2.488125000000000000e+06,-2.880000000000000000e+02,3.276700000000000000e+04
1.757812499999999952e-06,1.831054687499999932e-06,4.531968750000000000e+03,-2.557304687500000000e+02,1.000000000000000000e+00,5.637379395479731603e-02,1.126875000000000000e+06,-5.880000000000000000e+02,-1.982000000000000000e+04
1.761881510416666594e-06,1.835123697916666574e-06,4.515683593750000000e+03,-1.037070312500000000e+02,1.000000000000000000e+00,2.296177491866319142e-02,-1.306875000000000000e+06,-2.400000000000000000e+02,2.206400000000000000e+04
1.765950520833333236e-06,1.839192708333333216e-06,4.651500000000000000e+03,-3.743593750000000000e+02,1.000000000000000000e+00,8.029430686588903687e-02,2.242500000000000000e+06,-8.380000000000000000e+02,-3.276800000000000000e+04
1.770019531250000090e-06,1.843261718750000070e-06,4.839835937500000000e+03,-2.336406250000000000e+02,1.000000000000000000e+00,4.822452101915484374e-02,-1.254375000000000000e+06,-5.030000000000000000e+02,2.090500000000000000e+04
1.774088541666666732e-06,1.847330729166666712e-06,4.642812500000000000e+03,-1.802578125000000000e+02,1.000000000000000000e+00,3.880492024354458003e-02,-3.684375000000000000e+05,-4.050000000000000000e+02,5.883000000000000000e+03
1.778157552083333374e-06,1.851399739583333354e-06,4.497261718750000000e+03,-3.364062500000000000e+02,1.000000000000000000e+00,7.466172116037143869e-02,1.402500000000000000e+06,-7.790000000000000000e+02,-2.471500000000000000e+04
1.782226562500000016e-06,1.855468749999999996e-06,4.870402343750000000e+03,-1.754843750000000000e+02,1.000000000000000000e+00,3.602458006550185443e-02,-1.511250000000000000e+06,-3.760000000000000000e+02,2.541600000000000000e+04
1.786295572916666658e-06,1.859537760416666638e-06,4.902687500000000000e+03,-2.219882812500000000e+02,1.000000000000000000e+00,4.525243324262641365e-02,3.609375000000000000e+05,-4.720000000000000000e+02,-6.632000000000000000e+03
1.790364583333333300e-06,1.863606770833333280e-06,4.592882812500000000e+03,-1.463203125000000000e+02,1.000000000000000000e+00,3.185406979843776604e-02,-5.240625000000000000e+05,-3.330000000000000000e+02,8.611000000000000000e+03
1.794433593749999942e-06,1.867675781249999922e-06,4.662878906250000000e+03,-2.298476562500000000e+02,1.000000000000000000e+00,4.925516436101550627e-02,6.806250000000000000e+05,-5.140000000000000000e+02,-1.213000000000000000e+04
1.798502604166666584e-06,1.871744791666666564e-06,4.436558593750000000e+03,-1.362656250000000000e+02,1.000000000000000000e+00,3.070358420752353559e-02,-7.256250000000000000e+05,-3.210000000000000000e+02,1.206300000000000000e+04
1.802571614583333438e-06,1.875813802083333418e-06,4.642472656250000000e+03,1.848437500000000000e+01,1.000000000000000000e+00,-3.978762668578382164e-03,-1.356562500000000000e+06,4.100000000000000000e+01,2.319300000000000000e+04
1.806640625000000080e-06,1.879882812500000060e-06,4.623933593750000000e+03,2.617656250000000000e+02,1.000000000000000000e+00,-5.654157310347230486e-02,-2.055937500000000000e+06,5.890000000000000000e+02,3.276700000000000000e+04
1.810709635416666722e-06,1.883951822916666702e-06,4.732863281250000000e+03,2.197226562500000000e+02,1.000000000000000000e+00,-4.637895038372993189e-02,3.975000000000000000e+05,4.830000000000000000e+02,-6.301000000000000000e+03
1.814778645833333364e-06,1.888020833333333344e-06,4.544093750000000000e+03,-6.024218750000000000e+01,1.000000000000000000e+00,1.325455274532436750e-02,2.332500000000000000e+06,-1.390000000000000000e+02,-3.276800000000000000e+04
1.818847656250000006e-06,1.892089843749999986e-06,4.720707031250000000e+03,1.980468750000000000e+00,1.000000000000000000e+00,-4.074636467821234629e-04,-5.343750000000000000e+05,4.000000000000000000e+00,9.124000000000000000e+03
1.822916666666666648e-06,1.896158854166666628e-06,4.617476562500000000e+03,2.304296875000000000e+01,1.000000000000000000e+00,-4.985437560628334236e-03,-1.790625000000000000e+05,5.200000000000000000e+01,3.108000000000000000e+03
1.826985677083333290e-06,1.900227864583333271e-06,4.865687500000000000e+03,-1.047968750000000000e+02,1.000000000000000000e+00,2.152366793002040424e-02,1.036875000000000000e+06,-2.250000000000000000e+02,-1.792100000000000000e+04
1.831054687499999932e-06,1.904296874999999913e-06,4.663757812500000000e+03,-1.673671875000000000e+02,1.000000000000000000e+00,3.588076936663757432e-02,5.615625000000000000e+05,-3.750000000000000000e+02,-9.959000000000000000e+03
1.835123697916666574e-06,1.908365885416666555e-06,4.827871093750000000e+03,-2.035351562500000000e+02,1.000000000000000000e+00,4.213653476723370345e-02,2.446875000000000000e+05,-4.400000000000000000e+02,-4.616000000000000000e+03
1.839192708333333428e-06,1.912434895833333620e-06,4.657585937500000000e+03,-1.674218750000000000e+01,1.000000000000000000e+00,3.595267471606971438e-03,-1.507500000000000000e+06,-3.800000000000000000e+01,2.569000000000000000e+04
1.843261718750000070e-06,1.916503906250000262e-06,4.737703125000000000e+03,-8.524609375000000000e+01,1.000000000000000000e+00,1.800030580784556938e-02,5.634375000000000000e+05,-1.880000000000000000e+02,-9.804000000000000000e+03
1.847330729166666712e-06,1.920572916666666904e-06,4.758023437500000000e+03,-5.271093750000000000e+01,1.000000000000000000e+00,1.107342381254947279e-02,-2.709375000000000000e+05,-1.160000000000000000e+02,4.508000000000000000e+03
1.851399739583333354e-06,1.924641927083333546e-06,4.659628906250000000e+03,-3.444531250000000000e+01,1.000000000000000000e+00,7.382282541699648239e-03,-1.443750000000000000e+05,-7.700000000000000000e+01,2.387000000000000000e+03
1.855468749999999996e-06,1.928710937500000188e-06,4.723046875000000000e+03,2.179687500000000000e+01,1.000000000000000000e+00,-4.601942363656923510e-03,-4.687500000000000000e+05,4.800000000000000000e+01,8.048000000000000000e+03
1.859537760416666638e-06,1.932779947916666830e-06,4.489554687500000000e+03,2.950390625000000000e+01,1.000000000000000000e+00,-6.567355248135401530e-03,-7.687500000000000000e+04,6.800000000000000000e+01,1.380000000000000000e+03
1.863606770833333280e-06,1.936848958333333472e-06,4.353968750000000000e+03,2.821328125000000000e+02,1.000000000000000000e+00,-6.471481448892549282e-02,-2.274375000000000000e+06,6.750000000000000000e+02,3.276700000000000000e+04
1.867675781249999922e-06,1.940917968750000115e-06,4.538171875000000000e+03,3.178125000000000000e+01,1.000000000000000000e+00,-6.998787344728237513e-03,2.257500000000000000e+06,7.300000000000000000e+01,-3.276800000000000000e+04
1.871744791666666564e-06,1.944986979166666757e-06,4.654015625000000000e+03,-2.209023437500000000e+02,1.000000000000000000e+00,4.743356217540131009e-02,2.129062500000000000e+06,-4.950000000000000000e+02,-3.276800000000000000e+04
1.875813802083333418e-06,1.949055989583333399e-06,4.687296875000000000e+03,-1.282500000000000000e+02,1.000000000000000000e+00,2.734800123402369651e-02,-7.856250000000000000e+05,-2.860000000000000000e+02,1.312200000000000000e+04
1.879882812500000060e-06,1.953125000000000041e-06,4.587339843750000000e+03,-3.785156250000000000e+00,1.000000000000000000e+00,8.388957433749599877e-04,-1.036875000000000000e+06,-9.000000000000000000e+00,1.768700000000000000e+04
1.883951822916666702e-06,1.957194010416666683e-06,4.429082031250000000e+03,1.691054687500000000e+02,1.000000000000000000e+00,-3.815777209865532649e-02,-1.525312500000000000e+06,3.980000000000000000e+02,2.643000000000000000e+04
1.888020833333333344e-06,1.961263020833333325e-06,4.818160156250000000e+03,2.381054687500000000e+02,1.000000000000000000e+00,-4.937500661006907765e-02,-4.387500000000000000e+05,5.150000000000000000e+02,8.003000000000000000e+03
1.892089843749999986e-06,1.965332031249999967e-06,4.595054687500000000e+03,-3.611328125000000000e+01,1.000000000000000000e+00,7.861651537913910345e-03,2.238750000000000000e+06,-8.200000000000000000e+01,-3.276800000000000000e+04
1.896158854166666628e-06,1.969401041666666609e-06,4.675312500000000000e+03,1.025117187500000000e+02,1.000000000000000000e+00,-2.190716312699181323e-02,-1.164375000000000000e+06,2.280000000000000000e+02,2.010000000000000000e+04
1.900227864583333271e-06,1.973470052083333251e-06,4.804132812500000000e+03,5.274609375000000000e+01,1.000000000000000000e+00,-1.097755001330661881e-02,4.275000000000000000e+05,1.140000000000000000e+02,-7.182000000000000000e+03
1.904296874999999913e-06,1.977539062499999893e-06,4.632945312500000000e+03,4.571289062500000000e+02,1.000000000000000000e+00,-9.834254957335603065e-02,-3.417187500000000000e+06,1.025000000000000000e+03,3.276700000000000000e+04
1.908365885416666555e-06,1.981608072916666535e-06,4.647707031250000000e+03,2.464531250000000000e+02,1.000000000000000000e+00,-5.297027408167604562e-02,1.774687500000000000e+06,5.520000000000000000e+02,-2.973600000000000000e+04
1.912434895833333197e-06,1.985677083333333177e-06,4.865121093750000000e+03,5.371875000000000000e+02,1.000000000000000000e+00,-1.099672477315519065e-01,-2.229375000000000000e+06,1.147000000000000000e+03,3.276700000000000000e+04
1.916503906249999839e-06,1.989746093749999819e-06,4.649464843750000000e+03,5.345234375000000000e+02,1.000000000000000000e+00,-1.144733162959659656e-01,-1.762500000000000000e+05,1.194000000000000000e+03,4.202000000000000000e+03
1.920572916666666481e-06,1.993815104166666461e-06,4.542363281250000000e+03,6.478554687500000000e+02,1.000000000000000000e+00,-1.416775068311253993e-01,-1.064062500000000000e+06,1.477000000000000000e+03,1.963700000000000000e+04
1.924641927083333123e-06,1.997884114583333103e-06,4.436355468750000000e+03,8.384882812500000000e+02,1.000000000000000000e+00,-1.868100978246982347e-01,-1.765312500000000000e+06,1.948000000000000000e+03,3.207600000000000000e+04
1.928710937500000188e-06,2.001953125000000169e-06,4.696808593750000000e+03,6.322656250000000000e+02,1.000000000000000000e+00,-1.338158552932114664e-01,2.072812500000000000e+06,1.395000000000000000e+03,-3.276800000000000000e+04
1.932779947916666830e-06,2.006022135416666811e-06,4.706527343750000000e+03,6.648593750000000000e+02,1.000000000000000000e+00,-1.403352736417254609e-01,-2.550000000000000000e+05,1.463000000000000000e+03,5.815000000000000000e+03
1.936848958333333472e-06,2.010091145833333453e-06,4.726253906250000000e+03,7.623320312500000000e+02,1.000000000000000000e+00,-1.599174971370780907e-01,-7.659375000000000000e+05,1.668000000000000000e+03,1.474000000000000000e+04
1.940917968750000115e-06,2.014160156250000095e-06,4.405917968750000000e+03,8.892734375000000000e+02,1.000000000000000000e+00,-1.991538494772155110e-01,-1.534687500000000000e+06,2.077000000000000000e+03,2.826900000000000000e+04
1.944986979166666757e-06,2.018229166666666737e-06,4.530566406250000000e+03,4.858476562500000000e+02,1.000000000000000000e+00,-1.068273808063484737e-01,3.611250000000000000e+06,1.114000000000000000e+03,-3.276800000000000000e+04
1.949055989583333399e-06,2.022298177083333379e-06,4.543195312500000000e+03,7.022343750000000000e+02,1.000000000000000000e+00,-1.533501418889426926e-01,-1.819687500000000000e+06,1.599000000000000000e+03,3.265500000000000000e+04
1.953125000000000041e-06,2.026367187500000021e-06,4.743375000000000000e+03,9.595546875000000000e+02,1.000000000000000000e+00,-1.996092500236190670e-01,-1.809375000000000000e+06,2.082000000000000000e+03,3.276700000000000000e+04
1.957194010416666683e-06,2.030436197916666663e-06,4.605765625000000000e+03,9.003398437500000000e+02,1.000000000000000000e+00,-1.930418947754836689e-01,2.568750000000000000e+05,2.013000000000000000e+03,-2.371000000000000000e+03
1.961263020833333325e-06,2.034505208333333305e-06,4.580828125000000000e+03,7.409296875000000000e+02,1.000000000000000000e+00,-1.603489292336709171e-01,1.278750000000000000e+06,1.672000000000000000e+03,-2.015200000000000000e+04
1.965332031249999967e-06,2.038574218749999947e-06,4.481335937500000000e+03,8.206289062500000000e+02,1.000000000000000000e+00,-1.811056067697485172e-01,-8.118750000000000000e+05,1.889000000000000000e+03,1.574500000000000000e+04
1.969401041666666609e-06,2.042643229166666589e-06,4.700628906250000000e+03,9.135312500000000000e+02,1.000000000000000000e+00,-1.919633145340015612e-01,-4.246875000000000000e+05,2.002000000000000000e+03,9.250000000000000000e+03
1.973470052083333251e-06,2.046712239583333231e-06,4.578378906250000000e+03,9.010898437500000000e+02,1.000000000000000000e+00,-1.943361910652621760e-01,-9.281250000000000000e+04,2.027000000000000000e+03,3.611000000000000000e+03
1.977539062499999893e-06,2.050781249999999873e-06,4.760136718750000000e+03,7.364140625000000000e+02,1.000000000000000000e+00,-1.534939525878069588e-01,1.597500000000000000e+06,1.601000000000000000e+03,-2.566300000000000000e+04
1.981608072916666535e-06,2.054850260416666515e-06,4.776167968750000000e+03,7.646367187500000000e+02,1.000000000000000000e+00,-1.587430430963531480e-01,-2.053125000000000000e+05,1.655000000000000000e+03,5.159000000000000000e+03
1.985677083333333177e-06,2.058919270833333157e-06,4.581714843750000000e+03,5.505898437500000000e+02,1.000000000000000000e+00,-1.196025645554585903e-01,1.530937500000000000e+06,1.247000000000000000e+03,-2.488100000000000000e+04
1.989746093749999819e-06,2.062988281249999799e-06,4.459984375000000000e+03,4.570898437500000000e+02,1.000000000000000000e+00,-1.021295646434487031e-01,6.834375000000000000e+05,1.065000000000000000e+03,-1.059900000000000000e+04
1.993815104166666461e-06,2.067057291666666441e-06,4.596218750000000000e+03,3.094843750000000000e+02,1.000000000000000000e+00,-6.723150171905035999e-02,1.365000000000000000e+06,7.010000000000000000e+02,-2.259500000000000000e+04
1.997884114583333527e-06,2.071126302083333507e-06,4.203371093750000000e+03,5.679023437500000000e+02,1.000000000000000000e+00,-1.342952242894257520e-01,-2.623125000000000000e+06,1.400000000000000000e+03,3.276700000000000000e+04
2.001953125000000169e-06,2.075195312500000149e-06,4.383722656250000000e+03,6.686679687500000000e+02,1.000000000000000000e+00,-1.513607605546535007e-01,-6.675000000000000000e+05,1.578000000000000000e+03,1.297000000000000000e+04
2.006022135416666811e-06,2.079264322916666791e-06,4.237507812500000000e+03,5.983085937500000000e+02,1.000000000000000000e+00,-1.402633682922933278e-01,4.340625000000000000e+05,1.463000000000000000e+03,-5.945000000000000000e+03
2.010091145833333453e-06,2.083333333333333433e-06,4.487796875000000000e+03,9.371601562500000000e+02,1.000000000000000000e+00,-2.058650154242151753e-01,-2.565937500000000000e+06,2.147000000000000000e+03,3.276700000000000000e+04
2.014160156250000095e-06,2.087402343750000075e-06,4.387613281250000000e+03,7.225625000000000000e+02,1.000000000000000000e+00,-1.632011747611457897e-01,1.668750000000000000e+06,1.702000000000000000e+03,-2.677800000000000000e+04
2.018229166666666737e-06,2.091471354166666717e-06,4.771300781250000000e+03,6.940507812500000000e+02,1.000000000000000000e+00,-1.444338785593574093e-01,7.340625000000000000e+05,1.506000000000000000e+03,-1.102200000000000000e+04
2.022298177083333379e-06,2.095540364583333359e-06,4.632972656250000000e+03,6.276093750000000000e+02,1.000000000000000000e+00,-1.346547510365864453e-01,3.825000000000000000e+05,1.404000000000000000e+03,-5.124000000000000000e+03
2.026367187500000021e-06,2.099609375000000001e-06,4.816996093750000000e+03,1.001468750000000000e+03,1.000000000000000000e+00,-2.049781827812187929e-01,-2.750625000000000000e+06,2.138000000000000000e+03,3.276700000000000000e+04
2.030436197916666663e-06,2.103678385416666643e-06,4.565230468750000000e+03,8.873242187500000000e+02,1.000000000000000000e+00,-1.919633145340015612e-01,5.090625000000000000e+05,2.002000000000000000e+03,-6.686000000000000000e+03
2.034505208333333305e-06,2.107747395833333285e-06,4.896238281250000000e+03,8.866523437500000000e+02,1.000000000000000000e+00,-1.791401938852700271e-01,5.015625000000000000e+05,1.868000000000000000e+03,-6.692000000000000000e+03
2.038574218749999947e-06,2.111816406249999927e-06,4.599585937500000000e+03,4.724218750000000000e+02,1.000000000000000000e+00,-1.023452806917451163e-01,3.003750000000000000e+06,1.067000000000000000e+03,-3.276800000000000000e+04
2.042643229166666589e-06,2.115885416666666570e-06,4.813539062500000000e+03,3.054687500000000000e+02,1.000000000000000000e+00,-6.337258129952555441e-02,1.524375000000000000e+06,6.610000000000000000e+02,-2.535500000000000000e+04
2.046712239583333231e-06,2.119954427083333212e-06,4.514835937500000000e+03,3.214921875000000000e+02,1.000000000000000000e+00,-7.109042213857517944e-02,-3.018750000000000000e+05,7.410000000000000000e+02,5.893000000000000000e+03
2.050781249999999873e-06,2.124023437499999854e-06,4.652921875000000000e+03,4.022148437500000000e+02,1.000000000000000000e+00,-8.621451396913518139e-02,-5.915625000000000000e+05,8.990000000000000000e+02,1.099500000000000000e+04
2.054850260416666515e-06,2.128092447916666496e-06,4.357234375000000000e+03,2.661250000000000000e+02,1.000000000000000000e+00,-6.099970476826494653e-02,9.862500000000000000e+05,6.360000000000000000e+02,-1.619600000000000000e+04
2.058919270833333157e-06,2.132161458333333138e-06,4.496746093750000000e+03,3.232695312500000000e+02,1.000000000000000000e+00,-7.176153873327514865e-02,-4.209375000000000000e+05,7.480000000000000000e+02,7.932000000000000000e+03
2.062988281249999799e-06,2.136230468749999780e-06,4.515398437500000000e+03,6.179804687500000000e+02,1.000000000000000000e+00,-1.360209526757970855e-01,-2.513437500000000000e+06,1.418000000000000000e+03,3.276700000000000000e+04
2.067057291666666865e-06,2.140299479166666845e-06,4.506730468750000000e+03,4.828789062500000000e+02,1.000000000000000000e+00,-1.067554754569163405e-01,1.144687500000000000e+06,1.113000000000000000e+03,-1.842300000000000000e+04
2.071126302083333507e-06,2.144368489583333487e-06,4.389531250000000000e+03,3.597773437500000000e+02,1.000000000000000000e+00,-8.178035075415324151e-02,9.768750000000000000e+05,8.530000000000000000e+02,-1.581900000000000000e+04
2.075195312500000149e-06,2.148437500000000129e-06,4.515562500000000000e+03,2.969335937500000000e+02,1.000000000000000000e+00,-6.564958403154329269e-02,6.309375000000000000e+05,6.840000000000000000e+02,-1.008400000000000000e+04
2.079264322916666791e-06,2.152506510416666771e-06,4.503785156250000000e+03,2.057226562500000000e+02,1.000000000000000000e+00,-4.563592843959782264e-02,7.828125000000000000e+05,4.760000000000000000e+02,-1.288400000000000000e+04
2.083333333333333433e-06,2.156575520833333414e-06,4.744296875000000000e+03,6.202851562500000000e+02,1.000000000000000000e+00,-1.300048717733080783e-01,-3.300000000000000000e+06,1.356000000000000000e+03,3.276700000000000000e+04
2.087402343750000075e-06,2.160644531250000056e-06,4.716429687500000000e+03,3.285312500000000000e+02,1.000000000000000000e+00,-6.955644135068954348e-02,2.364375000000000000e+06,7.250000000000000000e+02,-3.276800000000000000e+04
2.091471354166666717e-06,2.164713541666666698e-06,4.770589843750000000e+03,3.740351562500000000e+02,1.000000000000000000e+00,-7.823302018216769793e-02,-3.393750000000000000e+05,8.160000000000000000e+02,6.608000000000000000e+03
2.095540364583333359e-06,2.168782552083333340e-06,4.786859375000000000e+03,2.522343750000000000e+02,1.000000000000000000e+00,-5.263471578432606102e-02,1.001250000000000000e+06,5.490000000000000000e+02,-1.653900000000000000e+04
2.099609375000000001e-06,2.172851562499999982e-06,4.973460937500000000e+03,1.470468750000000000e+02,1.000000000000000000e+00,-2.955309861660930515e-02,9.028125000000000000e+05,3.080000000000000000e+02,-1.510000000000000000e+04
2.103678385416666643e-06,2.176920572916666624e-06,4.494171875000000000e+03,1.254843750000000000e+02,1.000000000000000000e+00,-2.792324402948081347e-02,6.375000000000000000e+04,2.910000000000000000e+02,-7.970000000000000000e+02
2.107747395833333285e-06,2.180989583333333266e-06,4.623683593750000000e+03,1.523515625000000000e+02,1.000000000000000000e+00,-3.295661848973056862e-02,-1.968750000000000000e+05,3.430000000000000000e+02,3.703000000000000000e+03
2.111816406249999927e-06,2.185058593749999908e-06,4.612839843750000000e+03,-1.959570312500000000e+02,1.000000000000000000e+00,4.244812461477297932e-02,2.949375000000000000e+06,-4.430000000000000000e+02,-3.276800000000000000e+04
2.115885416666666570e-06,2.189127604166666550e-06,4.657582031250000000e+03,-1.042734375000000000e+02,1.000000000000000000e+00,2.238653212320607447e-02,-7.846875000000000000e+05,-2.340000000000000000e+02,1.315800000000000000e+04
2.119954427083333212e-06,2.193196614583333192e-06,4.466855468750000000e+03,7.319531250000000000e+01,1.000000000000000000e+00,-1.639441967052778990e-02,-1.516875000000000000e+06,1.710000000000000000e+02,2.605900000000000000e+04
2.124023437499999854e-06,2.197265624999999834e-06,4.425085937500000000e+03,3.429296875000000000e+01,1.000000000000000000e+00,-7.765777738671058097e-03,3.375000000000000000e+05,8.100000000000000000e+01,-5.679000000000000000e+03
2.128092447916666496e-06,2.201334635416666476e-06,4.324542968750000000e+03,-3.258046875000000000e+02,1.000000000000000000e+00,7.518902705620712779e-02,3.244687500000000000e+06,-7.850000000000000000e+02,-3.276800000000000000e+04
2.132161458333333138e-06,2.205403645833333118e-06,4.667746093750000000e+03,-1.592187500000000000e+01,1.000000000000000000e+00,3.403519873121266508e-03,-2.807812500000000000e+06,-3.600000000000000000e+01,3.276700000000000000e+04
2.136230468750000203e-06,2.209472656250000184e-06,4.634054687500000000e+03,2.175273437500000000e+02,1.000000000000000000e+00,-4.690625627956562099e-02,-1.967812500000000000e+06,4.890000000000000000e+02,3.276700000000000000e+04
2.140299479166666845e-06,2.213541666666666826e-06,4.604691406250000000e+03,1.391484375000000000e+02,1.000000000000000000e+00,-3.022421521130927435e-02,6.525000000000000000e+05,3.150000000000000000e+02,-1.082100000000000000e+04
2.144368489583333487e-06,2.217610677083333468e-06,4.578636718750000000e+03,-2.972656250000000000e+01,1.000000000000000000e+00,6.495449898703261477e-03,1.436250000000000000e+06,-6.800000000000000000e+01,-2.458000000000000000e+04
2.148437500000000129e-06,2.221679687500000110e-06,4.657265625000000000e+03,1.119179687500000000e+02,1.000000000000000000e+00,-2.401638671033456962e-02,-1.193437500000000000e+06,2.500000000000000000e+02,2.061800000000000000e+04
2.152506510416666771e-06,2.225748697916666752e-06,4.624613281250000000e+03,2.541054687500000000e+02,1.000000000000000000e+00,-5.488775006653309751e-02,-1.207500000000000000e+06,5.720000000000000000e+02,2.118000000000000000e+04
2.156575520833333414e-06,2.229817708333333394e-06,4.497726562500000000e+03,1.404648437500000000e+02,1.000000000000000000e+00,-3.123089010335922469e-02,9.253125000000000000e+05,3.250000000000000000e+02,-1.546700000000000000e+04
2.160644531250000056e-06,2.233886718750000036e-06,4.644078125000000000e+03,-2.054882812500000000e+02,1.000000000000000000e+00,4.422178990076575111e-02,2.951250000000000000e+06,-4.620000000000000000e+02,-3.276800000000000000e+04
2.164713541666666698e-06,2.237955729166666678e-06,4.888453125000000000e+03,-9.669531250000000000e+01,1.000000000000000000e+00,1.977397109383834464e-02,-9.562500000000000000e+05,-2.070000000000000000e+02,1.611300000000000000e+04
2.168782552083333340e-06,2.242024739583333320e-06,4.665984375000000000e+03,-4.000781250000000000e+01,1.000000000000000000e+00,8.580705032235305674e-03,-4.378125000000000000e+05,-9.000000000000000000e+01,7.382000000000000000e+03
2.172851562499999982e-06,2.246093749999999962e-06,4.555437500000000000e+03,-3.798828125000000000e+01,1.000000000000000000e+00,8.341020534128173319e-03,-9.375000000000000000e+03,-8.700000000000000000e+01,7.300000000000000000e+01
2.176920572916666624e-06,2.250162760416666604e-06,4.474433593750000000e+03,3.547656250000000000e+01,1.000000000000000000e+00,-7.933556887346050399e-03,-6.365625000000000000e+05,8.200000000000000000e+01,1.094600000000000000e+04
2.180989583333333266e-06,2.254231770833333246e-06,4.539773437500000000e+03,1.495976562500000000e+02,1.000000000000000000e+00,-3.293265003991985990e-02,-9.778125000000000000e+05,3.430000000000000000e+02,1.703100000000000000e+04
2.185058593749999908e-06,2.258300781249999888e-06,4.495316406250000000e+03,-1.361875000000000000e+02,1.000000000000000000e+00,3.029612056074141441e-02,2.473125000000000000e+06,-3.160000000000000000e+02,-3.276800000000000000e+04
2.189127604166666550e-06,2.262369791666666530e-06,4.622210937500000000e+03,-8.237500000000000000e+01,1.000000000000000000e+00,1.780855820935986489e-02,-4.884375000000000000e+05,-1.860000000000000000e+02,8.150000000000000000e+03
2.193196614583333192e-06,2.266438802083333172e-06,4.454570312500000000e+03,1.060781250000000000e+02,1.000000000000000000e+00,-2.380067066203815293e-02,-1.627500000000000000e+06,2.480000000000000000e+02,2.802400000000000000e+04
2.197265624999999834e-06,2.270507812499999814e-06,4.564089843750000000e+03,3.169531250000000000e+01,1.000000000000000000e+00,-6.950850445106811389e-03,6.590625000000000000e+05,7.200000000000000000e+01,-1.117600000000000000e+04
2.201334635416666476e-06,2.274576822916666456e-06,4.705937500000000000e+03,-8.726171875000000000e+01,1.000000000000000000e+00,1.855158015349197415e-02,9.975000000000000000e+05,-1.940000000000000000e+02,-1.721800000000000000e+04
2.205403645833333542e-06,2.278645833333333522e-06,4.823296875000000000e+03,1.281679687500000000e+02,1.000000000000000000e+00,-2.655704239027016286e-02,-1.764375000000000000e+06,2.770000000000000000e+02,3.038900000000000000e+04
2.209472656250000184e-06,2.282714843750000164e-06,4.633593750000000000e+03,-8.314843750000000000e+01,1.000000000000000000e+00,1.795236890822414499e-02,1.740937500000000000e+06,-1.880000000000000000e+02,-2.990000000000000000e+04
2.213541666666666826e-06,2.286783854166666806e-06,4.780402343750000000e+03,-7.492187500000000000e+01,1.000000000000000000e+00,1.567536617620639630e-02,-8.906250000000000000e+04,-1.640000000000000000e+02,1.356000000000000000e+03
2.217610677083333468e-06,2.290852864583333448e-06,4.781789062500000000e+03,-5.964843750000000000e+00,1.000000000000000000e+00,1.246359390157083559e-03,-5.643750000000000000e+05,-1.300000000000000000e+01,9.619000000000000000e+03
2.221679687500000110e-06,2.294921875000000090e-06,4.596167968750000000e+03,9.371093750000000000e+00,1.000000000000000000e+00,-2.037318233910617206e-03,-1.284375000000000000e+05,2.100000000000000000e+01,2.213000000000000000e+03
2.225748697916666752e-06,2.298990885416666732e-06,4.606199218750000000e+03,3.987500000000000000e+01,1.000000000000000000e+00,-8.652610381667443992e-03,-2.587500000000000000e+05,9.000000000000000000e+01,4.506000000000000000e+03
2.229817708333333394e-06,2.303059895833333374e-06,4.644273437500000000e+03,-1.703437500000000000e+02,1.000000000000000000e+00,3.667172821039110797e-02,1.772812500000000000e+06,-3.830000000000000000e+02,-3.063900000000000000e+04
2.233886718750000036e-06,2.307128906250000016e-06,4.746863281250000000e+03,-2.238476562500000000e+02,1.000000000000000000e+00,4.712197232786204115e-02,4.087500000000000000e+05,-4.920000000000000000e+02,-7.468000000000000000e+03
2.237955729166666678e-06,2.311197916666666658e-06,4.682253906250000000e+03,3.164062500000000000e-01,1.000000000000000000e+00,-7.190534943213942984e-05,-1.845937500000000000e+06,0.000000000000000000e+00,3.150400000000000000e+04
2.242024739583333320e-06,2.315266927083333300e-06,4.623628906250000000e+03,-1.139375000000000000e+02,1.000000000000000000e+00,2.463956640541311097e-02,9.665625000000000000e+05,-2.570000000000000000e+02,-1.675300000000000000e+04
2.246093749999999962e-06,2.319335937499999942e-06,4.576261718750000000e+03,-8.659375000000000000e+01,1.000000000000000000e+00,1.893507535046338314e-02,-2.231250000000000000e+05,-1.980000000000000000e+02,3.610000000000000000e+03
2.250162760416666604e-06,2.323404947916666584e-06,4.751546875000000000e+03,-8.848437500000000000e+01,1.000000000000000000e+00,1.862348550292411073e-02,-1.218750000000000000e+04,-1.950000000000000000e+02,1.300000000000000000e+01
2.254231770833333246e-06,2.327473958333333226e-06,4.483441406250000000e+03,5.662890625000000000e+01,1.000000000000000000e+00,-1.263137305024582616e-02,-1.222500000000000000e+06,1.310000000000000000e+02,2.099500000000000000e+04
2.258300781249999888e-06,2.331542968749999869e-06,4.572445312500000000e+03,-6.965234375000000000e+01,1.000000000000000000e+00,1.521996562980284552e-02,1.089375000000000000e+06,-1.590000000000000000e+02,-1.875100000000000000e+04
2.262369791666666530e-06,2.335611979166666511e-06,4.626167968750000000e+03,-2.319648437500000000e+02,1.000000000000000000e+00,5.009406010439047124e-02,1.364062500000000000e+06,-5.230000000000000000e+02,-2.380300000000000000e+04
2.266438802083333172e-06,2.339680989583333153e-06,4.565480468750000000e+03,-2.199375000000000000e+02,1.000000000000000000e+00,4.815261566972270368e-02,-7.593750000000000000e+04,-5.030000000000000000e+02,7.930000000000000000e+02
2.270507812499999814e-06,2.343749999999999795e-06,4.509121093750000000e+03,-1.309453125000000000e+02,1.000000000000000000e+00,2.902579272077361605e-02,-7.481250000000000000e+05,-3.030000000000000000e+02,1.246500000000000000e+04
2.274576822916666456e-06,2.347819010416666437e-06,4.650777343750000000e+03,-1.119453125000000000e+02,1.000000000000000000e+00,2.406432360995599748e-02,-1.940625000000000000e+05,-2.510000000000000000e+02,3.061000000000000000e+03
2.278645833333333522e-06,2.351888020833333502e-06,4.757632812500000000e+03,-4.168750000000000000e+01,1.000000000000000000e+00,8.772452630721010169e-03,-5.981250000000000000e+05,-9.200000000000000000e+01,1.011600000000000000e+04
2.282714843750000164e-06,2.355957031250000144e-06,4.738964843750000000e+03,8.680859375000000000e+01,1.000000000000000000e+00,-1.831189565538484179e-02,-1.059375000000000000e+06,1.910000000000000000e+02,1.827100000000000000e+04
2.286783854166666806e-06,2.360026041666666786e-06,4.710195312500000000e+03,-3.153125000000000000e+01,1.000000000000000000e+00,6.687197497188966840e-03,9.778125000000000000e+05,-7.000000000000000000e+01,-1.675800000000000000e+04
2.290852864583333448e-06,2.364095052083333428e-06,4.797933593750000000e+03,5.120703125000000000e+01,1.000000000000000000e+00,-1.066596016576734814e-02,-6.787500000000000000e+05,1.110000000000000000e+02,1.169500000000000000e+04
2.294921875000000090e-06,2.368164062500000070e-06,4.615898437500000000e+03,-6.641406250000000000e+01,1.000000000000000000e+00,1.440503833623859968e-02,9.806250000000000000e+05,-1.510000000000000000e+02,-1.688700000000000000e+04
2.298990885416666732e-06,2.372233072916666713e-06,4.468503906250000000e+03,-2.130742187500000000e+02,1.000000000000000000e+00,4.764927822369773025e-02,1.300312500000000000e+06,-4.970000000000000000e+02,-2.268900000000000000e+04
2.303059895833333374e-06,2.376302083333333355e-06,4.649476562500000000e+03,-1.481835937500000000e+02,1.000000000000000000e+00,3.185406979843776604e-02,-6.178125000000000000e+05,-3.330000000000000000e+02,1.021100000000000000e+04
2.307128906250000016e-06,2.380371093749999997e-06,4.583062500000000000e+03,-4.421406250000000000e+02,1.000000000000000000e+00,9.616142064058112726e-02,2.515312500000000000e+06,-1.003000000000000000e+03,-3.276800000000000000e+04
2.311197916666666658e-06,2.384440104166666639e-06,4.567765625000000000e+03,-3.282460937500000000e+02,1.000000000000000000e+00,7.173757028346443299e-02,-9.553125000000000000e+05,-7.490000000000000000e+02,1.555500000000000000e+04
2.315266927083333300e-06,2.388509114583333281e-06,4.722632812500000000e+03,-3.042109375000000000e+02,1.000000000000000000e+00,6.433131929195406995e-02,-2.896875000000000000e+05,-6.710000000000000000e+02,4.273000000000000000e+03
2.319335937499999942e-06,2.392578124999999923e-06,4.544351562500000000e+03,-1.767695312500000000e+02,1.000000000000000000e+00,3.887682559297672008e-02,-9.956250000000000000e+05,-4.060000000000000000e+02,1.658600000000000000e+04
2.323404947916666584e-06,2.396647135416666565e-06,4.542027343750000000e+03,-3.600390625000000000e+01,1.000000000000000000e+00,7.933556887346050399e-03,-1.210312500000000000e+06,-8.300000000000000000e+01,2.057300000000000000e+04
2.327473958333333226e-06,2.400716145833333207e-06,4.610351562500000000e+03,-1.263398437500000000e+02,1.000000000000000000e+00,2.739593813364512437e-02,7.612500000000000000e+05,-2.860000000000000000e+02,-1.327800000000000000e+04
2.331542968749999869e-06,2.404785156249999849e-06,4.704316406250000000e+03,-7.634765625000000000e+01,1.000000000000000000e+00,1.622664052185279759e-02,-4.368750000000000000e+05,-1.700000000000000000e+02,7.286000000000000000e+03
2.335611979166666511e-06,2.408854166666666491e-06,4.711953125000000000e+03,-1.043164062500000000e+02,1.000000000000000000e+00,2.212287917528822992e-02,2.306250000000000000e+05,-2.310000000000000000e+02,-4.167000000000000000e+03
2.339680989583333153e-06,2.412923177083333133e-06,4.526605468750000000e+03,-1.153750000000000000e+02,1.000000000000000000e+00,2.547846214878807247e-02,1.312500000000000000e+05,-2.660000000000000000e+02,-2.506000000000000000e+03
2.343749999999999795e-06,2.416992187499999775e-06,4.653515625000000000e+03,-2.331367187500000000e+02,1.000000000000000000e+00,5.004612320476903992e-02,9.609375000000000000e+05,-5.220000000000000000e+02,-1.692200000000000000e+04
2.347819010416666860e-06,2.421061197916666841e-06,4.624222656250000000e+03,-4.495703125000000000e+01,1.000000000000000000e+00,9.731190623149536117e-03,-1.576875000000000000e+06,-1.020000000000000000e+02,2.681000000000000000e+04
2.351888020833333502e-06,2.425130208333333483e-06,4.649511718750000000e+03,1.357460937500000000e+02,1.000000000000000000e+00,-2.919357186944860835e-02,-1.522500000000000000e+06,3.040000000000000000e+02,2.628800000000000000e+04
2.355957031250000144e-06,2.429199218750000125e-06,4.657371093750000000e+03,-3.207226562500000000e+02,1.000000000000000000e+00,6.876548250693600983e-02,3.831562500000000000e+06,-7.180000000000000000e+02,-3.276800000000000000e+04
2.360026041666666786e-06,2.433268229166666767e-06,4.468070312500000000e+03,2.781601562500000000e+02,1.000000000000000000e+00,-6.217415880898989611e-02,-5.121562500000000000e+06,6.480000000000000000e+02,3.276700000000000000e+04
2.364095052083333428e-06,2.437337239583333409e-06,4.656105468750000000e+03,1.909179687500000000e+02,1.000000000000000000e+00,-4.098604917631947647e-02,8.287500000000000000e+05,4.270000000000000000e+02,-1.371700000000000000e+04
2.368164062500000070e-06,2.441406250000000051e-06,4.798617187500000000e+03,3.112656250000000000e+02,1.000000000000000000e+00,-6.476275138854691027e-02,-9.300000000000000000e+05,6.750000000000000000e+02,1.654700000000000000e+04
2.372233072916666713e-06,2.445475260416666693e-06,4.625324218750000000e+03,3.512382812500000000e+02,1.000000000000000000e+00,-7.578823830147496388e-02,-4.312500000000000000e+05,7.900000000000000000e+02,8.150000000000000000e+03
2.376302083333333355e-06,2.449544270833333335e-06,4.727980468750000000e+03,4.982812500000000000e+02,1.000000000000000000e+00,-1.050057786207342775e-01,-1.142812500000000000e+06,1.095000000000000000e+03,2.059900000000000000e+04
2.380371093749999997e-06,2.453613281249999977e-06,4.706929687500000000e+03,4.594492187500000000e+02,1.000000000000000000e+00,-9.728793778168465245e-02,3.018750000000000000e+05,1.014000000000000000e+03,-4.138000000000000000e+03
2.384440104166666639e-06,2.457682291666666619e-06,4.820382812500000000e+03,5.105507812500000000e+02,1.000000000000000000e+00,-1.055330845165699666e-01,-3.225000000000000000e+05,1.100000000000000000e+03,6.604000000000000000e+03
2.388509114583333281e-06,2.461751302083333261e-06,4.704015625000000000e+03,4.440468750000000000e+02,1.000000000000000000e+00,-9.410013395685980220e-02,4.471875000000000000e+05,9.810000000000000000e+02,-6.651000000000000000e+03
2.392578124999999923e-06,2.465820312499999903e-06,4.567058593750000000e+03,2.130898437500000000e+02,1.000000000000000000e+00,-4.661863488183706078e-02,1.857187500000000000e+06,4.860000000000000000e+02,-3.121000000000000000e+04
2.396647135416666565e-06,2.469889322916666545e-06,4.572835937500000000e+03,-3.378906250000000000e+00,1.000000000000000000e+00,7.430219441321074146e-04,1.852500000000000000e+06,-8.000000000000000000e+00,-3.162400000000000000e+04
2.400716145833333207e-06,2.473958333333333187e-06,4.563753906250000000e+03,1.533867187500000000e+02,1.000000000000000000e+00,-3.360376663461982910e-02,-1.343437500000000000e+06,3.500000000000000000e+02,2.327800000000000000e+04
2.404785156249999849e-06,2.478027343749999829e-06,4.565453125000000000e+03,2.734531250000000000e+02,1.000000000000000000e+00,-5.982525072754000389e-02,-1.025625000000000000e+06,6.240000000000000000e+02,1.812800000000000000e+04
2.408854166666666491e-06,2.482096354166666471e-06,4.589500000000000000e+03,4.551171875000000000e+02,1.000000000000000000e+00,-9.884588701938100408e-02,-1.526250000000000000e+06,1.031000000000000000e+03,2.707900000000000000e+04
2.412923177083333133e-06,2.486165364583333113e-06,4.601898437500000000e+03,3.802656250000000000e+02,1.000000000000000000e+00,-8.242749889904249505e-02,6.421875000000000000e+05,8.590000000000000000e+02,-1.010100000000000000e+04
2.416992187500000199e-06,2.490234375000000179e-06,4.484691406250000000e+03,6.278007812500000000e+02,1.000000000000000000e+00,-1.390889142515683574e-01,-2.216250000000000000e+06,1.450000000000000000e+03,3.276700000000000000e+04
2.421061197916666841e-06,2.494303385416666821e-06,4.505417968750000000e+03,6.840820312500000000e+02,1.000000000000000000e+00,-1.506896439599535453e-01,-4.537500000000000000e+05,1.571000000000000000e+03,9.315000000000000000e+03
2.425130208333333483e-06,2.498372395833333463e-06,4.600078125000000000e+03,8.225351562500000000e+02,1.000000000000000000e+00,-1.769350965026844358e-01,-1.026562500000000000e+06,1.845000000000000000e+03,1.936500000000000000e+04
2.429199218750000125e-06,2.502441406250000105e-06,4.627734375000000000e+03,7.777226562500000000e+02,1.000000000000000000e+00,-1.665088208350242183e-01,4.078125000000000000e+05,1.736000000000000000e+03,-5.224000000000000000e+03
2.433268229166666767e-06,2.506510416666666747e-06,4.790769531250000000e+03,7.282460937500000000e+02,1.000000000000000000e+00,-1.508574231086285133e-01,6.121875000000000000e+05,1.573000000000000000e+03,-8.875000000000000000e+03
2.437337239583333409e-06,2.510579427083333389e-06,4.482617187500000000e+03,3.711054687500000000e+02,1.000000000000000000e+00,-8.259527804771749082e-02,2.670000000000000000e+06,8.610000000000000000e+02,-3.276800000000000000e+04
2.441406250000000051e-06,2.514648437500000031e-06,4.799406250000000000e+03,4.837226562500000000e+02,1.000000000000000000e+00,-1.004517731566987870e-01,-6.984375000000000000e+05,1.047000000000000000e+03,1.296700000000000000e+04
2.445475260416666693e-06,2.518717447916666673e-06,4.712460937500000000e+03,4.543632812500000000e+02,1.000000000000000000e+00,-9.611348374095970981e-02,1.696875000000000000e+05,1.002000000000000000e+03,-1.894000000000000000e+03
2.449544270833333335e-06,2.522786458333333315e-06,4.509710937500000000e+03,5.895117187500000000e+02,1.000000000000000000e+00,-1.299809033234973765e-01,-1.324687500000000000e+06,1.355000000000000000e+03,2.396300000000000000e+04
2.453613281249999977e-06,2.526855468749999957e-06,4.626757812500000000e+03,4.856914062500000000e+02,1.000000000000000000e+00,-1.045983149739521528e-01,9.928125000000000000e+05,1.091000000000000000e+03,-1.585300000000000000e+04
2.457682291666666619e-06,2.530924479166666599e-06,4.367371093750000000e+03,4.316132812500000000e+02,1.000000000000000000e+00,-9.851032872203101254e-02,2.381250000000000000e+05,1.027000000000000000e+03,-3.037000000000000000e+03
2.461751302083333261e-06,2.534993489583333241e-06,4.547671875000000000e+03,4.608164062500000000e+02,1.000000000000000000e+00,-1.010030475023451918e-01,-9.750000000000000000e+04,1.053000000000000000e+03,2.717000000000000000e+03
2.465820312499999903e-06,2.539062499999999883e-06,4.373214843750000000e+03,7.178242187500000000e+02,1.000000000000000000e+00,-1.626978373151208301e-01,-2.413125000000000000e+06,1.697000000000000000e+03,3.276700000000000000e+04
2.469889322916666545e-06,2.543131510416666525e-06,4.452929687500000000e+03,2.283320312500000000e+02,1.000000000000000000e+00,-5.122057724549398949e-02,4.360312500000000000e+06,5.340000000000000000e+02,-3.276800000000000000e+04
2.473958333333333187e-06,2.547200520833333168e-06,4.581222656250000000e+03,4.949570312500000000e+02,1.000000000000000000e+00,-1.076183396501020073e-01,-2.205937500000000000e+06,1.122000000000000000e+03,3.276700000000000000e+04
2.478027343749999829e-06,2.551269531249999810e-06,4.618644531250000000e+03,1.671875000000000000e+02,1.000000000000000000e+00,-3.619235921417684326e-02,2.793750000000000000e+06,3.770000000000000000e+02,-3.276800000000000000e+04
2.482096354166666471e-06,2.555338541666666452e-06,4.528097656250000000e+03,3.624492187500000000e+02,1.000000000000000000e+00,-7.988684321910691222e-02,-1.709062500000000000e+06,8.330000000000000000e+02,3.000100000000000000e+04
2.486165364583333537e-06,2.559407552083333517e-06,4.676742187500000000e+03,1.072734375000000000e+02,1.000000000000000000e+00,-2.293780646885247923e-02,2.227500000000000000e+06,2.390000000000000000e+02,-3.276800000000000000e+04
2.490234375000000179e-06,2.563476562500000159e-06,4.595906250000000000e+03,2.438750000000000000e+02,1.000000000000000000e+00,-5.301821098129747001e-02,-1.176562500000000000e+06,5.530000000000000000e+02,2.063300000000000000e+04
2.494303385416666821e-06,2.567545572916666801e-06,4.587703125000000000e+03,1.601093750000000000e+02,1.000000000000000000e+00,-3.487409447458762052e-02,7.096875000000000000e+05,3.630000000000000000e+02,-1.174900000000000000e+04
2.498372395833333463e-06,2.571614583333333443e-06,4.677128906250000000e+03,2.448867187500000000e+02,1.000000000000000000e+00,-5.229915748697607641e-02,-6.815625000000000000e+05,5.450000000000000000e+02,1.217700000000000000e+04
2.502441406250000105e-06,2.575683593750000085e-06,4.758273437500000000e+03,5.589843750000000000e+01,1.000000000000000000e+00,-1.174454040724944026e-02,1.586250000000000000e+06,1.220000000000000000e+02,-2.695000000000000000e+04
2.506510416666666747e-06,2.579752604166666727e-06,4.708234375000000000e+03,9.833203125000000000e+01,1.000000000000000000e+00,-2.087651978513114723e-02,-3.571875000000000000e+05,2.170000000000000000e+02,6.313000000000000000e+03
2.510579427083333389e-06,2.583821614583333369e-06,4.750835937500000000e+03,1.056328125000000000e+02,1.000000000000000000e+00,-2.224272142434179783e-02,-5.343750000000000000e+04,2.320000000000000000e+02,1.144000000000000000e+03
2.514648437500000031e-06,2.587890625000000012e-06,4.550140625000000000e+03,3.757812500000000000e+01,1.000000000000000000e+00,-8.269115184696035001e-03,5.465625000000000000e+05,8.600000000000000000e+01,-9.242000000000000000e+03
2.518717447916666673e-06,2.591959635416666654e-06,4.527589843750000000e+03,-4.463671875000000000e+01,1.000000000000000000e+00,9.851032872203102295e-03,7.087500000000000000e+05,-1.030000000000000000e+02,-1.219900000000000000e+04
2.522786458333333315e-06,2.596028645833333296e-06,4.544562500000000000e+03,3.137968750000000000e+02,1.000000000000000000e+00,-6.893326165561100560e-02,-3.081562500000000000e+06,7.190000000000000000e+02,3.276700000000000000e+04
2.526855468749999957e-06,2.600097656249999938e-06,4.665808593750000000e+03,3.096640625000000000e+02,1.000000000000000000e+00,-6.627276372662184445e-02,1.040625000000000000e+05,6.910000000000000000e+02,-1.085000000000000000e+03
2.530924479166666599e-06,2.604166666666666580e-06,4.424386718750000000e+03,4.621992187500000000e+02,1.000000000000000000e+00,-1.040949775279271794e-01,-1.479375000000000000e+06,1.085000000000000000e+03,2.633300000000000000e+04
2.534993489583333241e-06,2.608235677083333222e-06,4.595824218750000000e+03,1.415742187500000000e+02,1.000000000000000000e+00,-3.079945800676638784e-02,2.866875000000000000e+06,3.210000000000000000e+02,-3.276800000000000000e+04
2.539062499999999883e-06,2.612304687499999864e-06,4.778992187500000000e+03,1.193125000000000000e+02,1.000000000000000000e+00,-2.497512470276309557e-02,2.278125000000000000e+05,2.600000000000000000e+02,-3.628000000000000000e+03
2.543131510416666525e-06,2.616373697916666506e-06,4.514105468750000000e+03,1.529375000000000000e+02,1.000000000000000000e+00,-3.386741958253767365e-02,-3.478125000000000000e+05,3.530000000000000000e+02,6.289000000000000000e+03
2.547200520833333168e-06,2.620442708333333148e-06,4.323757812500000000e+03,4.767343750000000000e+02,1.000000000000000000e+00,-1.097994685828769107e-01,-2.970000000000000000e+06,1.145000000000000000e+03,3.276700000000000000e+04
2.551269531249999810e-06,2.624511718749999790e-06,4.691984375000000000e+03,2.998906250000000000e+02,1.000000000000000000e+00,-6.382798184592909652e-02,1.798125000000000000e+06,6.650000000000000000e+02,-3.002300000000000000e+04
2.555338541666666875e-06,2.628580729166666855e-06,4.762054687500000000e+03,9.195703125000000000e+01,1.000000000000000000e+00,-1.929460209762407993e-02,1.741875000000000000e+06,2.010000000000000000e+02,-2.952700000000000000e+04
2.559407552083333517e-06,2.632649739583333498e-06,4.694554687500000000e+03,2.822148437500000000e+02,1.000000000000000000e+00,-6.004096677583642405e-02,-1.593750000000000000e+06,6.260000000000000000e+02,2.782600000000000000e+04
2.563476562500000159e-06,2.636718750000000140e-06,4.604929687500000000e+03,3.928867187500000000e+02,1.000000000000000000e+00,-8.511196527784237187e-02,-9.806250000000000000e+05,8.870000000000000000e+02,1.762300000000000000e+04
2.567545572916666801e-06,2.640787760416666782e-06,4.579996093750000000e+03,3.240625000000000000e+01,1.000000000000000000e+00,-7.070692694160377566e-03,3.052500000000000000e+06,7.300000000000000000e+01,-3.276800000000000000e+04
2.571614583333333443e-06,2.644856770833333424e-06,4.660769531250000000e+03,1.536093750000000000e+02,1.000000000000000000e+00,-3.295661848973056862e-02,-1.012500000000000000e+06,3.430000000000000000e+02,1.762300000000000000e+04
2.575683593750000085e-06,2.648925781250000066e-06,4.615683593750000000e+03,2.473867187500000000e+02,1.000000000000000000e+00,-5.354551687713315911e-02,-8.053125000000000000e+05,5.580000000000000000e+02,1.430200000000000000e+04
2.579752604166666727e-06,2.652994791666666708e-06,4.644812500000000000e+03,3.573789062500000000e+02,1.000000000000000000e+00,-7.679491319352491074e-02,-9.093750000000000000e+05,8.010000000000000000e+02,1.632100000000000000e+04
2.583821614583333369e-06,2.657063802083333350e-06,4.644250000000000000e+03,7.922656250000000000e+01,1.000000000000000000e+00,-1.706553626522775910e-02,2.336250000000000000e+06,1.780000000000000000e+02,-3.276800000000000000e+04
2.587890625000000012e-06,2.661132812499999992e-06,4.722269531250000000e+03,1.448515625000000000e+02,1.000000000000000000e+00,-3.065564730790211120e-02,-5.315625000000000000e+05,3.190000000000000000e+02,9.391000000000000000e+03
2.591959635416666654e-06,2.665201822916666634e-06,4.671128906250000000e+03,3.240546875000000000e+02,1.000000000000000000e+00,-6.926881995296098327e-02,-1.510312500000000000e+06,7.220000000000000000e+02,2.649800000000000000e+04
2.596028645833333296e-06,2.669270833333333276e-06,4.691488281250000000e+03,1.435312500000000000e+02,1.000000000000000000e+00,-3.058374195846997115e-02,1.513125000000000000e+06,3.190000000000000000e+02,-2.550500000000000000e+04
2.600097656249999938e-06,2.673339843749999918e-06,4.772386718750000000e+03,2.157421875000000000e+01,1.000000000000000000e+00,-4.530037014224784324e-03,1.019062500000000000e+06,4.700000000000000000e+01,-1.734500000000000000e+04
2.604166666666666580e-06,2.677408854166666560e-06,4.939839843750000000e+03,-2.107695312500000000e+02,1.000000000000000000e+00,4.263987221325868382e-02,1.845000000000000000e+06,-4.450000000000000000e+02,-3.193300000000000000e+04
2.608235677083333222e-06,2.681477864583333202e-06,4.795222656250000000e+03,-2.891015625000000000e+01,1.000000000000000000e+00,6.040049352299712432e-03,-1.431562500000000000e+06,-6.300000000000000000e+01,2.436900000000000000e+04
2.612304687499999864e-06,2.685546874999999844e-06,4.565511718750000000e+03,-2.598984375000000000e+02,1.000000000000000000e+00,5.687713140082228946e-02,1.988437500000000000e+06,-5.940000000000000000e+02,-3.276800000000000000e+04
2.616373697916666506e-06,2.689615885416666486e-06,4.370128906250000000e+03,-2.592929687500000000e+02,1.000000000000000000e+00,5.927397638189360607e-02,9.375000000000000000e+04,-6.190000000000000000e+02,-2.219000000000000000e+03
2.620442708333333148e-06,2.693684895833333128e-06,4.594273437500000000e+03,-4.388828125000000000e+02,1.000000000000000000e+00,9.525061954777402917e-02,1.407187500000000000e+06,-9.940000000000000000e+02,-2.501000000000000000e+04
2.624511718749999790e-06,2.697753906249999770e-06,4.444449218750000000e+03,-8.314843750000000000e+01,1.000000000000000000e+00,1.871935930216696645e-02,-2.993437500000000000e+06,-1.960000000000000000e+02,3.276700000000000000e+04
2.628580729166666855e-06,2.701822916666666836e-06,4.257871093750000000e+03,-1.125781250000000000e+02,1.000000000000000000e+00,2.643720014121659842e-02,3.018750000000000000e+05,-2.760000000000000000e+02,-5.428000000000000000e+03
2.632649739583333498e-06,2.705891927083333478e-06,4.301679687500000000e+03,-1.526562500000000000e+02,1.000000000000000000e+00,3.547330571985544967e-02,3.534375000000000000e+05,-3.700000000000000000e+02,-6.402000000000000000e+03
2.636718750000000140e-06,2.709960937500000120e-06,4.551363281250000000e+03,-5.253046875000000000e+02,1.000000000000000000e+00,1.149047483925588059e-01,3.106875000000000000e+06,-1.199000000000000000e+03,-3.276800000000000000e+04
2.640787760416666782e-06,2.714029947916666762e-06,4.726175781250000000e+03,-2.169296875000000000e+02,1.000000000000000000e+00,4.587561293770495846e-02,-2.700000000000000000e+06,-4.790000000000000000e+02,3.276700000000000000e+04
2.644856770833333424e-06,2.718098958333333404e-06,4.671363281250000000e+03,-2.149765625000000000e+02,1.000000000000000000e+00,4.599545518675852290e-02,4.687500000000000000e+03,-4.800000000000000000e+02,-5.600000000000000000e+02
2.648925781250000066e-06,2.722167968750000046e-06,4.564113281250000000e+03,-2.133437500000000000e+02,1.000000000000000000e+00,4.671450868107991650e-02,2.812500000000000000e+04,-4.880000000000000000e+02,-9.680000000000000000e+02
2.652994791666666708e-06,2.726236979166666688e-06,4.584855468750000000e+03,-3.755976562500000000e+02,1.000000000000000000e+00,8.173241385453182406e-02,1.369687500000000000e+06,-8.530000000000000000e+02,-2.422900000000000000e+04
2.657063802083333350e-06,2.730305989583333330e-06,4.838843750000000000e+03,-7.157031250000000000e+01,1.000000000000000000e+00,1.478853353321000867e-02,-2.618437500000000000e+06,-1.550000000000000000e+02,3.276700000000000000e+04
2.661132812499999992e-06,2.734374999999999972e-06,4.756960937500000000e+03,-1.246718750000000000e+02,1.000000000000000000e+00,2.619751564310946607e-02,4.462500000000000000e+05,-2.740000000000000000e+02,-7.890000000000000000e+03
2.665201822916666634e-06,2.738444010416666614e-06,4.550187500000000000e+03,-3.765585937500000000e+02,1.000000000000000000e+00,8.257130959790677516e-02,2.205000000000000000e+06,-8.620000000000000000e+02,-3.276800000000000000e+04
2.669270833333333276e-06,2.742513020833333256e-06,4.476425781250000000e+03,-4.943554687500000000e+02,1.000000000000000000e+00,1.099912161813626083e-01,1.072500000000000000e+06,-1.148000000000000000e+03,-1.945200000000000000e+04
2.673339843749999918e-06,2.746582031249999898e-06,4.677593750000000000e+03,-1.380625000000000000e+02,1.000000000000000000e+00,2.950516171698788076e-02,-3.148125000000000000e+06,-3.080000000000000000e+02,3.276700000000000000e+04
2.677408854166666560e-06,2.750651041666666540e-06,4.806847656250000000e+03,-2.033867187500000000e+02,1.000000000000000000e+00,4.228034546609798355e-02,4.996875000000000000e+05,-4.410000000000000000e+02,-8.969000000000000000e+03
2.681477864583333202e-06,2.754720052083333182e-06,4.618203125000000000e+03,-2.074335937500000000e+02,1.000000000000000000e+00,4.486893804565500465e-02,1.012500000000000000e+05,-4.680000000000000000e+02,-2.196000000000000000e+03
2.685546874999999844e-06,2.758789062499999824e-06,4.453265625000000000e+03,-1.521601562500000000e+02,1.000000000000000000e+00,3.415504098026622692e-02,-4.190625000000000000e+05,-3.570000000000000000e+02,6.795000000000000000e+03
2.689615885416666486e-06,2.762858072916666467e-06,4.448398437500000000e+03,6.596484375000000000e+01,1.000000000000000000e+00,-1.483647043283143653e-02,-1.916250000000000000e+06,1.540000000000000000e+02,3.276700000000000000e+04
2.693684895833333128e-06,2.766927083333333109e-06,4.565652343750000000e+03,2.126054687500000000e+02,1.000000000000000000e+00,-4.654672953240492767e-02,-1.240312500000000000e+06,4.850000000000000000e+02,2.165300000000000000e+04
2.697753906250000194e-06,2.770996093750000174e-06,4.694007812500000000e+03,5.436796875000000000e+02,1.000000000000000000e+00,-1.153122120393409306e-01,-2.689687500000000000e+06,1.202000000000000000e+03,3.276700000000000000e+04
2.701822916666666836e-06,2.775065104166666816e-06,4.655761718750000000e+03,2.568046875000000000e+02,1.000000000000000000e+00,-5.510346611482951767e-02,2.355000000000000000e+06,5.740000000000000000e+02,-3.276800000000000000e+04
2.705891927083333478e-06,2.779134114583333458e-06,4.710363281250000000e+03,4.350625000000000000e+02,1.000000000000000000e+00,-9.208678417275989458e-02,-1.446562500000000000e+06,9.600000000000000000e+02,2.564800000000000000e+04
2.709960937500000120e-06,2.783203125000000100e-06,4.586238281250000000e+03,4.621484375000000000e+01,1.000000000000000000e+00,-1.006674892049952072e-02,3.208125000000000000e+06,1.050000000000000000e+02,-3.276800000000000000e+04
2.714029947916666762e-06,2.787272135416666742e-06,4.546140625000000000e+03,1.842617187500000000e+02,1.000000000000000000e+00,-4.050668018010521176e-02,-1.190625000000000000e+06,4.220000000000000000e+02,2.074200000000000000e+04
2.718098958333333404e-06,2.791341145833333384e-06,4.608332031250000000e+03,-5.466406250000000000e+01,1.000000000000000000e+00,1.186438265630300644e-02,2.048437500000000000e+06,-1.240000000000000000e+02,-3.276800000000000000e+04
2.722167968750000046e-06,2.795410156250000026e-06,4.790042968750000000e+03,1.000625000000000000e+02,1.000000000000000000e+00,-2.090048823494185942e-02,-1.281562500000000000e+06,2.180000000000000000e+02,2.209000000000000000e+04
2.726236979166666688e-06,2.799479166666666668e-06,4.793554687500000000e+03,2.944179687500000000e+02,1.000000000000000000e+00,-6.133526306561493113e-02,-1.581562500000000000e+06,6.390000000000000000e+02,2.763100000000000000e+04
2.730305989583333330e-06,2.803548177083333311e-06,4.708554687500000000e+03,-1.615156250000000000e+02,1.000000000000000000e+00,3.429885167913050703e-02,3.740625000000000000e+06,-3.580000000000000000e+02,-3.276800000000000000e+04
2.734374999999999972e-06,2.807617187499999953e-06,4.635234375000000000e+03,-7.165234375000000000e+01,1.000000000000000000e+00,1.545965012790997788e-02,-7.368750000000000000e+05,-1.620000000000000000e+02,1.241400000000000000e+04
2.738444010416666614e-06,2.811686197916666595e-06,4.620707031250000000e+03,-5.287109375000000000e+01,1.000000000000000000e+00,1.143295055971016959e-02,-1.575000000000000000e+05,-1.200000000000000000e+02,2.568000000000000000e+03
2.742513020833333256e-06,2.815755208333333237e-06,4.770980468750000000e+03,-2.459765625000000000e+01,1.000000000000000000e+00,5.153216709303325670e-03,-2.456250000000000000e+05,-5.400000000000000000e+01,4.138000000000000000e+03
2.746582031249999898e-06,2.819824218749999879e-06,4.587960937500000000e+03,-2.152421875000000000e+02,1.000000000000000000e+00,4.688228782975490533e-02,1.632187500000000000e+06,-4.890000000000000000e+02,-2.834500000000000000e+04
2.750651041666666540e-06,2.823893229166666521e-06,4.556425781250000000e+03,-4.313945312500000000e+02,1.000000000000000000e+00,9.441172380439907807e-02,1.859062500000000000e+06,-9.850000000000000000e+02,-3.271300000000000000e+04
2.754720052083333182e-06,2.827962239583333163e-06,4.740843750000000000e+03,-3.006015625000000000e+02,1.000000000000000000e+00,6.332464439990412308e-02,-1.215937500000000000e+06,-6.610000000000000000e+02,2.009100000000000000e+04
2.758789062499999824e-06,2.832031249999999805e-06,4.481023437500000000e+03,9.920312500000000000e+01,1.000000000000000000e+00,-2.214684762509894558e-02,-3.343125000000000000e+06,2.310000000000000000e+02,3.276700000000000000e+04
2.762858072916666467e-06,2.836100260416666447e-06,4.570527343750000000e+03,-2.079296875000000000e+01,1.000000000000000000e+00,4.554005464035497386e-03,1.044375000000000000e+06,-4.800000000000000000e+01,-1.787200000000000000e+04
2.766927083333333532e-06,2.840169270833333512e-06,4.794128906250000000e+03,-3.943554687500000000e+02,1.000000000000000000e+00,8.206797215188180172e-02,3.031875000000000000e+06,-8.560000000000000000e+02,-3.276800000000000000e+04
2.770996093750000174e-06,2.844238281250000154e-06,4.614921875000000000e+03,-4.441093750000000000e+02,1.000000000000000000e+00,9.594570459228471404e-02,5.428125000000000000e+05,-1.001000000000000000e+03,-1.026500000000000000e+04
2.775065104166666816e-06,2.848307291666666797e-06,4.585375000000000000e+03,-6.465781250000000000e+02,1.000000000000000000e+00,1.400716206938076025e-01,1.725937500000000000e+06,-1.461000000000000000e+03,-3.091700000000000000e+04
2.779134114583333458e-06,2.852376302083333439e-06,4.416503906250000000e+03,-2.936406250000000000e+02,1.000000000000000000e+00,6.639260597567540889e-02,-2.881875000000000000e+06,-6.930000000000000000e+02,3.276700000000000000e+04
2.783203125000000100e-06,2.856445312500000081e-06,4.761421875000000000e+03,-3.352226562500000000e+02,1.000000000000000000e+00,7.027549484501093013e-02,1.518750000000000000e+05,-7.330000000000000000e+02,-3.325000000000000000e+03
2.787272135416666742e-06,2.860514322916666723e-06,4.631273437500000000e+03,-3.312109375000000000e+02,1.000000000000000000e+00,7.140201198611445532e-02,4.406250000000000000e+04,-7.450000000000000000e+02,-1.497000000000000000e+03
2.791341145833333384e-06,2.864583333333333365e-06,4.830835937500000000e+03,-6.255976562500000000e+02,1.000000000000000000e+00,1.287824808329617321e-01,2.244375000000000000e+06,-1.344000000000000000e+03,-3.276800000000000000e+04
2.795410156250000026e-06,2.868652343750000007e-06,4.535351562500000000e+03,-7.983828125000000000e+02,1.000000000000000000e+00,1.742506301238845590e-01,1.778437500000000000e+06,-1.818000000000000000e+03,-3.217000000000000000e+04
2.799479166666666668e-06,2.872721354166666649e-06,4.560117187500000000e+03,-4.446015625000000000e+02,1.000000000000000000e+00,9.719206398244178979e-02,-3.014062500000000000e+06,-1.014000000000000000e+03,3.276700000000000000e+04
2.803548177083333311e-06,2.876790364583333291e-06,4.489613281250000000e+03,-7.166992187500000000e+02,1.000000000000000000e+00,1.582876425499495920e-01,2.389687500000000000e+06,-1.651000000000000000e+03,-3.276800000000000000e+04
2.807617187499999953e-06,2.880859374999999933e-06,4.589238281250000000e+03,-7.044492187500000000e+02,1.000000000000000000e+00,1.523194985470820162e-01,-2.334375000000000000e+05,-1.589000000000000000e+03,2.395000000000000000e+03
2.811686197916666595e-06,2.884928385416666575e-06,4.534460937500000000e+03,-5.209765625000000000e+02,1.000000000000000000e+00,1.143774424967231168e-01,-1.484062500000000000e+06,-1.193000000000000000e+03,2.413500000000000000e+04
2.815755208333333237e-06,2.888997395833333217e-06,4.702390625000000000e+03,-5.684687500000000000e+02,1.000000000000000000e+00,1.202976495999692613e-01,2.315625000000000000e+05,-1.255000000000000000e+03,-5.207000000000000000e+03
2.819824218749999879e-06,2.893066406249999859e-06,4.689992187500000000e+03,-5.906875000000000000e+02,1.000000000000000000e+00,1.252830871605976060e-01,1.950000000000000000e+05,-1.307000000000000000e+03,-4.635000000000000000e+03
2.823893229166666521e-06,2.897135416666666501e-06,4.501597656250000000e+03,-8.412070312500000000e+02,1.000000000000000000e+00,1.847488111409769096e-01,2.325937500000000000e+06,-1.927000000000000000e+03,-3.276800000000000000e+04
2.827962239583333163e-06,2.901204427083333143e-06,4.612019531250000000e+03,-8.981835937500000000e+02,1.000000000000000000e+00,1.923468097309729841e-01,2.971875000000000000e+05,-2.007000000000000000e+03,-7.079000000000000000e+03
2.832031249999999805e-06,2.905273437499999785e-06,4.752941406250000000e+03,-8.507226562500000000e+02,1.000000000000000000e+00,1.771028756513594038e-01,-5.962500000000000000e+05,-1.848000000000000000e+03,8.328000000000000000e+03
2.836100260416666870e-06,2.909342447916666851e-06,4.641632812500000000e+03,-8.164296875000000000e+02,1.000000000000000000e+00,1.741068194250202650e-01,-1.171875000000000000e+05,-1.816000000000000000e+03,1.840000000000000000e+02
2.840169270833333512e-06,2.913411458333333493e-06,4.526769531250000000e+03,-9.315585937500000000e+02,1.000000000000000000e+00,2.029648329971188991e-01,1.128750000000000000e+06,-2.117000000000000000e+03,-2.138100000000000000e+04
2.844238281250000154e-06,2.917480468750000135e-06,4.569078125000000000e+03,-1.061437500000000000e+03,1.000000000000000000e+00,2.282515475474212741e-01,9.890625000000000000e+05,-2.381000000000000000e+03,-1.926100000000000000e+04
2.848307291666666797e-06,2.921549479166666777e-06,4.458683593750000000e+03,-1.252730468750000000e+03,1.000000000000000000e+00,2.739114444368297985e-01,1.785937500000000000e+06,-2.857000000000000000e+03,-3.276800000000000000e+04
2.852376302083333439e-06,2.925618489583333419e-06,4.472773437500000000e+03,-9.034375000000000000e+02,1.000000000000000000e+00,1.992976601760797772e-01,-2.918437500000000000e+06,-2.079000000000000000e+03,3.276700000000000000e+04
2.856445312500000081e-06,2.929687500000000061e-06,4.411851562500000000e+03,-5.961445312500000000e+02,1.000000000000000000e+00,1.343191927392364537e-01,-2.541562500000000000e+06,-1.401000000000000000e+03,3.276700000000000000e+04
2.860514322916666723e-06,2.933756510416666703e-06,4.555097656250000000e+03,-5.735898437500000000e+02,1.000000000000000000e+00,1.252591187107868764e-01,-3.543750000000000000e+05,-1.307000000000000000e+03,4.741000000000000000e+03
2.864583333333333365e-06,2.937825520833333345e-06,4.813960937500000000e+03,-8.907343750000000000e+02,1.000000000000000000e+00,1.829751458549841447e-01,2.257500000000000000e+06,-1.909000000000000000e+03,-3.276800000000000000e+04
2.868652343750000007e-06,2.941894531249999987e-06,4.662671875000000000e+03,-8.877265625000000000e+02,1.000000000000000000e+00,1.881523310140981731e-01,2.025000000000000000e+05,-1.963000000000000000e+03,-5.419000000000000000e+03
2.872721354166666649e-06,2.945963541666666629e-06,4.586699218750000000e+03,-7.471367187500000000e+02,1.000000000000000000e+00,1.614754463747744562e-01,-1.043437500000000000e+06,-1.685000000000000000e+03,1.612300000000000000e+04
2.876790364583333291e-06,2.950032552083333271e-06,4.451859375000000000e+03,-8.166914062500000000e+02,1.000000000000000000e+00,1.814411650670984810e-01,7.809375000000000000e+05,-1.893000000000000000e+03,-1.522100000000000000e+04
2.880859374999999933e-06,2.954101562499999913e-06,4.721320312500000000e+03,-9.563789062500000000e+02,1.000000000000000000e+00,1.998729029715368977e-01,7.209375000000000000e+05,-2.085000000000000000e+03,-1.438900000000000000e+04
2.884928385416666575e-06,2.958170572916666555e-06,4.629910156250000000e+03,-9.381992187500000000e+02,1.000000000000000000e+00,1.999448083209690308e-01,2.812500000000000000e+03,-2.086000000000000000e+03,-2.134000000000000000e+03
2.888997395833333217e-06,2.962239583333333197e-06,4.768472656250000000e+03,-7.332382812500000000e+02,1.000000000000000000e+00,1.525831514949998746e-01,-1.852500000000000000e+06,-1.592000000000000000e+03,3.002400000000000000e+04
2.893066406249999859e-06,2.966308593749999839e-06,4.507386718750000000e+03,-9.394843750000000000e+02,1.000000000000000000e+00,2.054815202272437802e-01,2.069062500000000000e+06,-2.144000000000000000e+03,-3.276800000000000000e+04
2.897135416666666501e-06,2.970377604166666481e-06,4.753296875000000000e+03,-9.136953125000000000e+02,1.000000000000000000e+00,1.899020278502802361e-01,-6.093750000000000000e+05,-1.981000000000000000e+03,8.419000000000000000e+03
2.901204427083333143e-06,2.974446614583333123e-06,4.551496093750000000e+03,-6.679726562500000000e+02,1.000000000000000000e+00,1.457042063993251868e-01,-1.728750000000000000e+06,-1.520000000000000000e+03,2.798400000000000000e+04
2.905273437500000209e-06,2.978515625000000189e-06,4.637179687500000000e+03,-6.694687500000000000e+02,1.000000000000000000e+00,1.433792667676860311e-01,-9.093750000000000000e+04,-1.496000000000000000e+03,5.600000000000000000e+01
2.909342447916666851e-06,2.982584635416666831e-06,4.708968750000000000e+03,-7.193984375000000000e+02,1.000000000000000000e+00,1.516004450527606295e-01,3.215625000000000000e+05,-1.582000000000000000e+03,-7.070000000000000000e+03
2.913411458333333493e-06,2.986653645833333473e-06,4.749386718750000000e+03,-9.287382812500000000e+02,1.000000000000000000e+00,1.931138001249158020e-01,1.623750000000000000e+06,-2.015000000000000000e+03,-2.972700000000000000e+04
2.917480468750000135e-06,2.990722656250000115e-06,4.605976562500000000e+03,-7.605000000000000000e+02,1.000000000000000000e+00,1.636326068577386161e-01,-1.153125000000000000e+06,-1.707000000000000000e+03,1.797300000000000000e+04
2.921549479166666777e-06,2.994791666666666757e-06,4.572335937500000000e+03,-7.847070312500000000e+02,1.000000000000000000e+00,1.699602776077668853e-01,2.475000000000000000e+05,-1.773000000000000000e+03,-5.997000000000000000e+03
2.925618489583333419e-06,2.998860677083333399e-06,4.715015625000000000e+03,-8.035195312500000000e+02,1.000000000000000000e+00,1.687858235670419427e-01,-4.593750000000000000e+04,-1.761000000000000000e+03,-9.770000000000000000e+02
2.929687500000000061e-06,3.002929687500000041e-06,4.633527343750000000e+03,-8.699062500000000000e+02,1.000000000000000000e+00,1.855877068843518607e-01,6.571875000000000000e+05,-1.936000000000000000e+03,-1.315200000000000000e+04
2.933756510416666703e-06,3.006998697916666683e-06,4.723218750000000000e+03,-9.007421875000000000e+02,1.000000000000000000e+00,1.884399524118267333e-01,1.115625000000000000e+05,-1.966000000000000000e+03,-3.870000000000000000e+03
2.937825520833333345e-06,3.011067708333333325e-06,4.584390625000000000e+03,-8.322031250000000000e+02,1.000000000000000000e+00,1.795716259818628813e-01,-3.468750000000000000e+05,-1.873000000000000000e+03,4.047000000000000000e+03
2.941894531249999987e-06,3.015136718749999967e-06,4.504597656250000000e+03,-1.106179687500000000e+03,1.000000000000000000e+00,2.407870467984242480e-01,2.394375000000000000e+06,-2.512000000000000000e+03,-3.276800000000000000e+04
2.945963541666666629e-06,3.019205729166666610e-06,4.683734375000000000e+03,-1.213390625000000000e+03,1.000000000000000000e+00,2.534903251981022176e-01,4.968750000000000000e+05,-2.644000000000000000e+03,-1.112400000000000000e+04
2.950032552083333271e-06,3.023274739583333252e-06,4.640246093750000000e+03,-1.248113281250000000e+03,1.000000000000000000e+00,2.627421468250374925e-01,3.618750000000000000e+05,-2.741000000000000000e+03,-8.917000000000000000e+03
2.954101562499999913e-06,3.027343749999999894e-06,4.437312500000000000e+03,-1.135375000000000000e+03,1.000000000000000000e+00,2.504942689717630788e-01,-4.790625000000000000e+05,-2.613000000000000000e+03,5.563000000000000000e+03
2.958170572916666555e-06,3.031412760416666536e-06,4.272500000000000000e+03,-1.279546875000000000e+03,1.000000000000000000e+00,2.909769807020575749e-01,1.583437500000000000e+06,-3.035000000000000000e+03,-3.005900000000000000e+04
2.962239583333333197e-06,3.035481770833333178e-06,4.369488281250000000e+03,-1.201148437500000000e+03,1.000000000000000000e+00,2.682788587313121864e-01,-8.878125000000000000e+05,-2.799000000000000000e+03,1.235300000000000000e+04
2.966308593749999839e-06,3.039550781249999820e-06,4.311343750000000000e+03,-1.362183593750000000e+03,1.000000000000000000e+00,3.060291671831854021e-01,1.476562500000000000e+06,-3.192000000000000000e+03,-2.839200000000000000e+04
2.970377604166666481e-06,3.043619791666666462e-06,4.479402343750000000e+03,-1.054832031250000000e+03,1.000000000000000000e+00,2.312715722235711147e-01,-2.924062500000000000e+06,-2.413000000000000000e+03,3.276700000000000000e+04
2.974446614583333123e-06,3.047688802083333104e-06,4.211753906250000000e+03,-1.251019531250000000e+03,1.000000000000000000e+00,2.887479148696612263e-01,2.248125000000000000e+06,-3.012000000000000000e+03,-3.276800000000000000e+04
2.978515625000000189e-06,3.051757812500000169e-06,4.314714843750000000e+03,-1.180769531250000000e+03,1.000000000000000000e+00,2.671044046905872715e-01,-8.465625000000000000e+05,-2.786000000000000000e+03,1.166200000000000000e+04
2.982584635416666831e-06,3.055826822916666811e-06,4.566007812500000000e+03,-1.250136718750000000e+03,1.000000000000000000e+00,2.672482153894515378e-01,5.625000000000000000e+03,-2.788000000000000000e+03,-2.884000000000000000e+03
2.986653645833333473e-06,3.059895833333333453e-06,4.580476562500000000e+03,-1.301625000000000000e+03,1.000000000000000000e+00,2.768595637635475337e-01,3.759375000000000000e+05,-2.888000000000000000e+03,-9.304000000000000000e+03
2.990722656250000115e-06,3.063964843750000096e-06,4.539195312500000000e+03,-1.232214843750000000e+03,1.000000000000000000e+00,2.650670864566766483e-01,-4.612500000000000000e+05,-2.765000000000000000e+03,5.107000000000000000e+03
2.994791666666666757e-06,3.068033854166666738e-06,4.373140625000000000e+03,-1.385257812500000000e+03,1.000000000000000000e+00,3.067721891273175183e-01,1.631250000000000000e+06,-3.200000000000000000e+03,-3.104000000000000000e+04
2.998860677083333399e-06,3.072102864583333380e-06,4.475746093750000000e+03,-1.741496093750000000e+03,1.000000000000000000e+00,3.710795399694608587e-01,2.515312500000000000e+06,-3.871000000000000000e+03,-3.276800000000000000e+04
3.002929687500000041e-06,3.076171875000000022e-06,4.234167968750000000e+03,-1.388355468750000000e+03,1.000000000000000000e+00,3.168389380478170425e-01,-2.121562500000000000e+06,-3.305000000000000000e+03,3.276700000000000000e+04
3.006998697916666683e-06,3.080240885416666664e-06,4.419257812500000000e+03,-1.598074218750000000e+03,1.000000000000000000e+00,3.469912479096941560e-01,1.179375000000000000e+06,-3.620000000000000000e+03,-2.374800000000000000e+04
3.011067708333333325e-06,3.084309895833333306e-06,4.429964843750000000e+03,-1.203429687500000000e+03,1.000000000000000000e+00,2.652588340551623736e-01,-3.196875000000000000e+06,-2.767000000000000000e+03,3.276700000000000000e+04
3.015136718749999967e-06,3.088378906249999948e-06,4.322843750000000000e+03,-1.243277343750000000e+03,1.000000000000000000e+00,2.800473675883723423e-01,5.784375000000000000e+05,-2.921000000000000000e+03,-1.279300000000000000e+04
3.019205729166666610e-06,3.092447916666666590e-06,4.460160156250000000e+03,-1.330218750000000000e+03,1.000000000000000000e+00,2.898504635609540636e-01,3.834375000000000000e+05,-3.024000000000000000e+03,-9.568000000000000000e+03
3.023274739583333252e-06,3.096516927083333232e-06,4.436253906250000000e+03,-1.316648437500000000e+03,1.000000000000000000e+00,2.885082303715540974e-01,-5.250000000000000000e+04,-3.010000000000000000e+03,-2.114000000000000000e+03
3.027343749999999894e-06,3.100585937499999874e-06,4.479675781250000000e+03,-1.042136718750000000e+03,1.000000000000000000e+00,2.285871058447712378e-01,-2.343750000000000000e+06,-2.385000000000000000e+03,3.276700000000000000e+04
3.031412760416666536e-06,3.104654947916666516e-06,4.574023437500000000e+03,-9.053007812500000000e+02,1.000000000000000000e+00,1.953908028569335542e-01,-1.298437500000000000e+06,-2.038000000000000000e+03,2.012200000000000000e+04
3.035481770833333178e-06,3.108723958333333158e-06,4.538195312500000000e+03,-1.177738281250000000e+03,1.000000000000000000e+00,2.539217572946950163e-01,2.289375000000000000e+06,-2.649000000000000000e+03,-3.276800000000000000e+04
3.039550781249999820e-06,3.112792968749999800e-06,4.424082031250000000e+03,-1.511246093750000000e+03,1.000000000000000000e+00,3.291587212505235893e-01,2.942812500000000000e+06,-3.434000000000000000e+03,-3.276800000000000000e+04
3.043619791666666462e-06,3.116861979166666442e-06,4.394949218750000000e+03,-1.362417968750000000e+03,1.000000000000000000e+00,3.006122975259642449e-01,-1.116562500000000000e+06,-3.136000000000000000e+03,1.592000000000000000e+04
3.047688802083333527e-06,3.120930989583333508e-06,4.383300781250000000e+03,-1.273296875000000000e+03,1.000000000000000000e+00,2.827078655173615451e-01,-7.003125000000000000e+05,-2.949000000000000000e+03,9.003000000000000000e+03
3.051757812500000169e-06,3.125000000000000150e-06,4.296457031250000000e+03,-1.573671875000000000e+03,1.000000000000000000e+00,3.510898528273261321e-01,2.674687500000000000e+06,-3.662000000000000000e+03,-3.276800000000000000e+04
3.055826822916666811e-06,3.129069010416666792e-06,4.472601562500000000e+03,-1.582859375000000000e+03,1.000000000000000000e+00,3.401602397136409550e-01,-4.275000000000000000e+05,-3.548000000000000000e+03,3.748000000000000000e+03
3.059895833333333453e-06,3.133138020833333434e-06,4.394253906250000000e+03,-1.650312500000000000e+03,1.000000000000000000e+00,3.592630942127792992e-01,7.471875000000000000e+05,-3.748000000000000000e+03,-1.650000000000000000e+04
3.063964843750000096e-06,3.137207031250000076e-06,4.365863281250000000e+03,-1.365390625000000000e+03,1.000000000000000000e+00,3.031050163062783964e-01,-2.196562500000000000e+06,-3.162000000000000000e+03,3.276700000000000000e+04
3.068033854166666738e-06,3.141276041666666718e-06,4.267152343750000000e+03,-1.482457031250000000e+03,1.000000000000000000e+00,3.343598748594483472e-01,1.222500000000000000e+06,-3.488000000000000000e+03,-2.435200000000000000e+04
3.072102864583333380e-06,3.145345052083333360e-06,4.407847656250000000e+03,-1.575382812500000000e+03,1.000000000000000000e+00,3.432521697392229010e-01,3.478125000000000000e+05,-3.581000000000000000e+03,-9.517000000000000000e+03
3.076171875000000022e-06,3.149414062500000002e-06,4.518320312500000000e+03,-1.300585937500000000e+03,1.000000000000000000e+00,2.802630836366687972e-01,-2.463750000000000000e+06,-2.924000000000000000e+03,3.276700000000000000e+04
3.080240885416666664e-06,3.153483072916666644e-06,4.348968750000000000e+03,-1.753429687500000000e+03,1.000000000000000000e+00,3.832555124733031393e-01,4.028437500000000000e+06,-3.998000000000000000e+03,-3.276800000000000000e+04
3.084309895833333306e-06,3.157552083333333286e-06,4.320890625000000000e+03,-1.485882812500000000e+03,1.000000000000000000e+00,3.311960394844342126e-01,-2.036250000000000000e+06,-3.455000000000000000e+03,3.129700000000000000e+04
3.088378906249999948e-06,3.161621093749999928e-06,4.233273437500000000e+03,-1.669550781250000000e+03,1.000000000000000000e+00,3.756575138833070926e-01,1.739062500000000000e+06,-3.919000000000000000e+03,-3.276800000000000000e+04
3.092447916666666590e-06,3.165690104166666570e-06,4.232179687500000000e+03,-1.557382812500000000e+03,1.000000000000000000e+00,3.526238336152117681e-01,-9.009375000000000000e+05,-3.678000000000000000e+03,1.169800000000000000e+04
3.096516927083333232e-06,3.169759114583333212e-06,4.189343750000000000e+03,-1.659304687500000000e+03,1.000000000000000000e+00,3.771195893217605954e-01,9.581250000000000000e+05,-3.934000000000000000e+03,-2.028600000000000000e+04
3.100585937499999874e-06,3.173828124999999854e-06,4.348796875000000000e+03,-1.427574218750000000e+03,1.000000000000000000e+00,3.171984647949777636e-01,-2.343750000000000000e+06,-3.309000000000000000e+03,3.276700000000000000e+04
3.104654947916666516e-06,3.177897135416666496e-06,4.349222656250000000e+03,-1.574089843750000000e+03,1.000000000000000000e+00,3.472549008576120144e-01,1.175625000000000000e+06,-3.622000000000000000e+03,-2.368600000000000000e+04
3.108723958333333158e-06,3.181966145833333138e-06,4.328546875000000000e+03,-1.529070312500000000e+03,1.000000000000000000e+00,3.395610284683731050e-01,-3.009375000000000000e+05,-3.542000000000000000e+03,1.594000000000000000e+03
3.112792968749999800e-06,3.186035156249999780e-06,4.347371093750000000e+03,-1.544523437500000000e+03,1.000000000000000000e+00,3.413586622041765994e-01,7.031250000000000000e+04,-3.561000000000000000e+03,-4.761000000000000000e+03
3.116861979166666866e-06,3.190104166666666846e-06,4.349000000000000000e+03,-1.368144531250000000e+03,1.000000000000000000e+00,3.047828077930283541e-01,-1.430625000000000000e+06,-3.179000000000000000e+03,2.123700000000000000e+04
3.120930989583333508e-06,3.194173177083333488e-06,4.365902343750000000e+03,-1.484789062500000000e+03,1.000000000000000000e+00,3.278164880611236787e-01,9.009375000000000000e+05,-3.420000000000000000e+03,-1.879600000000000000e+04
3.125000000000000150e-06,3.198242187500000130e-06,4.495492187500000000e+03,-1.544105468750000000e+03,1.000000000000000000e+00,3.308604811870842211e-01,1.190625000000000000e+05,-3.451000000000000000e+03,-5.483000000000000000e+03
3.129069010416666792e-06,3.202311197916666772e-06,4.431101562500000000e+03,-1.505757812500000000e+03,1.000000000000000000e+00,3.275768035630165498e-01,-1.284375000000000000e+05,-3.417000000000000000e+03,-1.225000000000000000e+03
3.133138020833333434e-06,3.206380208333333414e-06,4.342074218750000000e+03,-1.484304687500000000e+03,1.000000000000000000e+00,3.293984057486307182e-01,7.125000000000000000e+04,-3.436000000000000000e+03,-4.652000000000000000e+03
3.137207031250000076e-06,3.210449218750000056e-06,4.406957031250000000e+03,-1.495980468750000000e+03,1.000000000000000000e+00,3.272652137154772323e-01,-8.343750000000000000e+04,-3.414000000000000000e+03,-1.990000000000000000e+03
3.141276041666666718e-06,3.214518229166666698e-06,4.525140625000000000e+03,-1.485859375000000000e+03,1.000000000000000000e+00,3.172703701444098967e-01,-3.909375000000000000e+05,-3.310000000000000000e+03,3.362000000000000000e+03
3.145345052083333360e-06,3.218587239583333340e-06,4.336410156250000000e+03,-1.471054687500000000e+03,1.000000000000000000e+00,3.270494976671808329e-01,3.825000000000000000e+05,-3.412000000000000000e+03,-9.940000000000000000e+03
3.149414062500000002e-06,3.222656249999999982e-06,4.277730468750000000e+03,-1.687378906250000000e+03,1.000000000000000000e+00,3.757054507829284962e-01,1.903125000000000000e+06,-3.919000000000000000e+03,-3.276800000000000000e+04
3.153483072916666644e-06,3.226725260416666624e-06,4.373878906250000000e+03,-1.833781250000000000e+03,1.000000000000000000e+00,3.969894342148417854e-01,8.325000000000000000e+05,-4.141000000000000000e+03,-1.834900000000000000e+04
3.157552083333333286e-06,3.230794270833333266e-06,4.464089843750000000e+03,-1.515386718750000000e+03,1.000000000000000000e+00,3.272652137154772323e-01,-2.727187500000000000e+06,-3.414000000000000000e+03,3.276700000000000000e+04
3.161621093749999928e-06,3.234863281249999909e-06,4.481125000000000000e+03,-1.380675781250000000e+03,1.000000000000000000e+00,2.988865691395928836e-01,-1.110000000000000000e+06,-3.118000000000000000e+03,1.582600000000000000e+04
3.165690104166666570e-06,3.238932291666666551e-06,4.531062500000000000e+03,-1.335527343750000000e+03,1.000000000000000000e+00,2.866386912863184699e-01,-4.790625000000000000e+05,-2.990000000000000000e+03,5.186000000000000000e+03
3.169759114583333212e-06,3.243001302083333193e-06,4.457585937500000000e+03,-1.465699218750000000e+03,1.000000000000000000e+00,3.176778337911920214e-01,1.214062500000000000e+06,-3.314000000000000000e+03,-2.403400000000000000e+04
3.173828124999999854e-06,3.247070312499999835e-06,4.405925781250000000e+03,-1.537316406250000000e+03,1.000000000000000000e+00,3.357021080488482578e-01,7.050000000000000000e+05,-3.502000000000000000e+03,-1.553400000000000000e+04
3.177897135416666496e-06,3.251139322916666477e-06,4.348757812500000000e+03,-1.495304687500000000e+03,1.000000000000000000e+00,3.311720710346234831e-01,-1.771875000000000000e+05,-3.455000000000000000e+03,-4.310000000000000000e+02
3.181966145833333138e-06,3.255208333333333119e-06,4.305554687500000000e+03,-1.842195312500000000e+03,1.000000000000000000e+00,4.042998114071092997e-01,2.860312500000000000e+06,-4.217000000000000000e+03,-3.276800000000000000e+04
3.186035156250000204e-06,3.259277343750000184e-06,4.446937500000000000e+03,-1.351753906250000000e+03,1.000000000000000000e+00,2.950995540695002251e-01,-4.271250000000000000e+06,-3.078000000000000000e+03,3.276700000000000000e+04
3.190104166666666846e-06,3.263346354166666826e-06,4.444726562500000000e+03,-1.167195312500000000e+03,1.000000000000000000e+00,2.567979712719806185e-01,-1.498125000000000000e+06,-2.679000000000000000e+03,2.288900000000000000e+04
3.194173177083333488e-06,3.267415364583333468e-06,4.509589843750000000e+03,-1.354808593750000000e+03,1.000000000000000000e+00,2.918398448952432278e-01,1.370625000000000000e+06,-3.044000000000000000e+03,-2.643600000000000000e+04
3.198242187500000130e-06,3.271484375000000110e-06,4.607207031250000000e+03,-1.193312500000000000e+03,1.000000000000000000e+00,2.534423882984807586e-01,-1.501875000000000000e+06,-2.644000000000000000e+03,2.298800000000000000e+04
3.202311197916666772e-06,3.275553385416666752e-06,4.758449218750000000e+03,-1.104386718750000000e+03,1.000000000000000000e+00,2.280597999489355487e-01,-9.928125000000000000e+05,-2.379000000000000000e+03,1.456500000000000000e+04
3.206380208333333414e-06,3.279622395833333395e-06,4.676578125000000000e+03,-9.870820312500000000e+02,1.000000000000000000e+00,2.079982074573686612e-01,-7.846875000000000000e+05,-2.170000000000000000e+03,1.122200000000000000e+04
3.210449218750000056e-06,3.283691406250000037e-06,4.398222656250000000e+03,-1.172949218750000000e+03,1.000000000000000000e+00,2.606089547918840066e-01,2.057812500000000000e+06,-2.719000000000000000e+03,-3.276800000000000000e+04
3.214518229166666698e-06,3.287760416666666679e-06,4.426640625000000000e+03,-1.218359375000000000e+03,1.000000000000000000e+00,2.685904485788515039e-01,3.121875000000000000e+05,-2.802000000000000000e+03,-8.130000000000000000e+03
3.218587239583333340e-06,3.291829427083333321e-06,4.401449218750000000e+03,-1.034316406250000000e+03,1.000000000000000000e+00,2.307922032273568569e-01,-1.478437500000000000e+06,-2.408000000000000000e+03,2.282400000000000000e+04
3.222656249999999982e-06,3.295898437499999963e-06,4.504750000000000000e+03,-1.091007812500000000e+03,1.000000000000000000e+00,2.375992429735993838e-01,2.662500000000000000e+05,-2.479000000000000000e+03,-7.023000000000000000e+03
3.226725260416666624e-06,3.299967447916666605e-06,4.329394531250000000e+03,-8.440976562500000000e+02,1.000000000000000000e+00,1.925625257792693834e-01,-1.761562500000000000e+06,-2.009000000000000000e+03,2.805500000000000000e+04
3.230794270833333266e-06,3.304036458333333247e-06,4.655972656250000000e+03,-7.613203125000000000e+02,1.000000000000000000e+00,1.620746576200422784e-01,-1.192500000000000000e+06,-1.691000000000000000e+03,1.866100000000000000e+04
3.234863281249999909e-06,3.308105468749999889e-06,4.517167968750000000e+03,-9.036445312500000000e+02,1.000000000000000000e+00,1.974281210908441497e-01,1.382812500000000000e+06,-2.060000000000000000e+03,-2.566000000000000000e+04
3.238932291666666551e-06,3.312174479166666531e-06,4.521074218750000000e+03,-8.270468750000000000e+02,1.000000000000000000e+00,1.809138591712627919e-01,-6.459375000000000000e+05,-1.887000000000000000e+03,9.137000000000000000e+03
3.243001302083333193e-06,3.316243489583333173e-06,4.635960937500000000e+03,-7.232304687500000000e+02,1.000000000000000000e+00,1.547642804277747641e-01,-1.022812500000000000e+06,-1.615000000000000000e+03,1.584100000000000000e+04
3.247070312499999835e-06,3.320312499999999815e-06,4.653695312500000000e+03,-7.986484375000000000e+02,1.000000000000000000e+00,1.699602776077668853e-01,5.943750000000000000e+05,-1.773000000000000000e+03,-1.191700000000000000e+04
3.251139322916666477e-06,3.324381510416666457e-06,4.696472656250000000e+03,-8.480781250000000000e+02,1.000000000000000000e+00,1.786608248890557693e-01,3.403125000000000000e+05,-1.864000000000000000e+03,-7.672000000000000000e+03
3.255208333333333542e-06,3.328450520833333523e-06,4.712808593750000000e+03,-9.584062500000000000e+02,1.000000000000000000e+00,2.006159249156690139e-01,8.587500000000000000e+05,-2.093000000000000000e+03,-1.674900000000000000e+04
3.259277343750000184e-06,3.332519531250000165e-06,4.452214843750000000e+03,-1.100480468750000000e+03,1.000000000000000000e+00,2.423210275863098839e-01,1.631250000000000000e+06,-2.528000000000000000e+03,-3.036800000000000000e+04
3.263346354166666826e-06,3.336588541666666807e-06,4.639511718750000000e+03,-8.117226562500000000e+02,1.000000000000000000e+00,1.731960183322131808e-01,-2.703750000000000000e+06,-1.807000000000000000e+03,3.276700000000000000e+04
3.267415364583333468e-06,3.340657552083333449e-06,4.479546875000000000e+03,-9.828203125000000000e+02,1.000000000000000000e+00,2.159797012443361308e-01,1.673437500000000000e+06,-2.253000000000000000e+03,-3.081300000000000000e+04
3.271484375000000110e-06,3.344726562500000091e-06,4.713589843750000000e+03,-8.604062500000000000e+02,1.000000000000000000e+00,1.805543324241020986e-01,-1.385625000000000000e+06,-1.884000000000000000e+03,2.176400000000000000e+04
3.275553385416666752e-06,3.348795572916666733e-06,4.490406250000000000e+03,-7.403281250000000000e+02,1.000000000000000000e+00,1.633929223596314873e-01,-6.712500000000000000e+05,-1.705000000000000000e+03,9.751000000000000000e+03
3.279622395833333395e-06,3.352864583333333375e-06,4.598199218750000000e+03,-6.645625000000000000e+02,1.000000000000000000e+00,1.435230774665502973e-01,-7.771875000000000000e+05,-1.497000000000000000e+03,1.176700000000000000e+04
3.283691406250000037e-06,3.356933593750000017e-06,4.346128906250000000e+03,-6.104101562500000000e+02,1.000000000000000000e+00,1.395203463481612116e-01,-1.565625000000000000e+05,-1.456000000000000000e+03,1.216000000000000000e+03
3.287760416666666679e-06,3.361002604166666659e-06,4.586054687500000000e+03,-6.820195312500000000e+02,1.000000000000000000e+00,1.476216823841822456e-01,3.168750000000000000e+05,-1.540000000000000000e+03,-6.948000000000000000e+03
3.291829427083333321e-06,3.365071614583333301e-06,4.583765625000000000e+03,-3.821328125000000000e+02,1.000000000000000000e+00,8.317052084317461125e-02,-2.520937500000000000e+06,-8.680000000000000000e+02,3.276700000000000000e+04
3.295898437499999963e-06,3.369140624999999943e-06,4.453648437500000000e+03,-4.502539062500000000e+02,1.000000000000000000e+00,1.007393945544273473e-01,6.871875000000000000e+05,-1.051000000000000000e+03,-1.277900000000000000e+04
3.299967447916666605e-06,3.373209635416666585e-06,4.502683593750000000e+03,-3.811289062500000000e+02,1.000000000000000000e+00,8.444084868314240266e-02,-6.375000000000000000e+05,-8.810000000000000000e+02,9.999000000000000000e+03
3.304036458333333247e-06,3.377278645833333227e-06,4.641304687500000000e+03,-6.593320312500000000e+02,1.000000000000000000e+00,1.411262324854789807e-01,2.217187500000000000e+06,-1.472000000000000000e+03,-3.276800000000000000e+04
3.308105468749999889e-06,3.381347656249999869e-06,4.640343750000000000e+03,-4.043945312500000000e+02,1.000000000000000000e+00,8.693356746345656805e-02,-2.119687500000000000e+06,-9.070000000000000000e+02,3.276700000000000000e+04
3.312174479166666531e-06,3.385416666666666511e-06,4.700066406250000000e+03,-1.582265625000000000e+02,1.000000000000000000e+00,3.365170353424125349e-02,-2.084062500000000000e+06,-3.510000000000000000e+02,3.276700000000000000e+04
3.316243489583333173e-06,3.389485677083333153e-06,4.523519531250000000e+03,-6.086328125000000000e+02,1.000000000000000000e+00,1.337439499437793333e-01,3.915000000000000000e+06,-1.395000000000000000e+03,-3.276800000000000000e+04
3.320312499999999815e-06,3.393554687499999795e-06,4.945144531250000000e+03,-7.535937500000000000e+02,1.000000000000000000e+00,1.512169498557892344e-01,6.834375000000000000e+05,-1.578000000000000000e+03,-1.324200000000000000e+04
3.324381510416666457e-06,3.397623697916666437e-06,4.720066406250000000e+03,-7.105039062500000000e+02,1.000000000000000000e+00,1.493953476701750105e-01,-7.125000000000000000e+04,-1.559000000000000000e+03,-3.430000000000000000e+02
3.328450520833333523e-06,3.401692708333333503e-06,4.432164062500000000e+03,-5.123750000000000000e+02,1.000000000000000000e+00,1.150964959910445173e-01,-1.341562500000000000e+06,-1.201000000000000000e+03,2.169500000000000000e+04
3.332519531250000165e-06,3.405761718750000145e-06,4.337648437500000000e+03,-6.388398437500000000e+02,1.000000000000000000e+00,1.462315122951608759e-01,1.217812500000000000e+06,-1.526000000000000000e+03,-2.231000000000000000e+04
3.336588541666666807e-06,3.409830729166666787e-06,4.287449218750000000e+03,-6.665742187500000000e+02,1.000000000000000000e+00,1.542369745319390750e-01,3.131250000000000000e+05,-1.609000000000000000e+03,-6.953000000000000000e+03
3.340657552083333449e-06,3.413899739583333429e-06,4.427417968750000000e+03,-6.347187500000000000e+02,1.000000000000000000e+00,1.423965603254467860e-01,-4.631250000000000000e+05,-1.486000000000000000e+03,6.418000000000000000e+03
3.344726562500000091e-06,3.417968750000000071e-06,4.600675781250000000e+03,-6.389414062500000000e+02,1.000000000000000000e+00,1.379863655602755756e-01,-1.725000000000000000e+05,-1.440000000000000000e+03,1.504000000000000000e+03
3.348795572916666733e-06,3.422037760416666713e-06,4.507320312500000000e+03,-4.955156250000000000e+02,1.000000000000000000e+00,1.094878787353376348e-01,-1.114687500000000000e+06,-1.142000000000000000e+03,1.788200000000000000e+04
3.352864583333333375e-06,3.426106770833333355e-06,4.628351562500000000e+03,-4.353515625000000000e+02,1.000000000000000000e+00,9.378854410932052632e-02,-6.140625000000000000e+05,-9.790000000000000000e+02,9.501000000000000000e+03
3.356933593750000017e-06,3.430175781249999997e-06,4.677046875000000000e+03,-3.168945312500000000e+02,1.000000000000000000e+00,6.766293381564320031e-02,-1.021875000000000000e+06,-7.060000000000000000e+02,1.673400000000000000e+04
3.361002604166666659e-06,3.434244791666666639e-06,4.705707031250000000e+03,-6.730078125000000000e+01,1.000000000000000000e+00,1.430916453699574570e-02,-2.086875000000000000e+06,-1.500000000000000000e+02,3.276700000000000000e+04
3.365071614583333301e-06,3.438313802083333281e-06,4.492042968750000000e+03,-1.573828125000000000e+02,1.000000000000000000e+00,3.501790517345190062e-02,8.100000000000000000e+05,-3.660000000000000000e+02,-1.419000000000000000e+04
3.369140624999999943e-06,3.442382812499999923e-06,4.706292968750000000e+03,9.625000000000000000e+00,1.000000000000000000e+00,-2.061286683721330268e-03,-1.450312500000000000e+06,2.100000000000000000e+01,2.477300000000000000e+04
3.373209635416666585e-06,3.446451822916666565e-06,4.618007812500000000e+03,-1.673906250000000000e+02,1.000000000000000000e+00,3.621632766398755893e-02,1.497187500000000000e+06,-3.780000000000000000e+02,-2.593000000000000000e+04
3.377278645833333227e-06,3.450520833333333208e-06,4.771980468750000000e+03,-3.414375000000000000e+02,1.000000000000000000e+00,7.142598043592517099e-02,1.377187500000000000e+06,-7.450000000000000000e+02,-2.424900000000000000e+04
3.381347656249999869e-06,3.454589843749999850e-06,4.630765625000000000e+03,-1.163750000000000000e+02,1.000000000000000000e+00,2.511893540162737568e-02,-1.811250000000000000e+06,-2.620000000000000000e+02,3.065000000000000000e+04
3.385416666666666511e-06,3.458658854166666492e-06,4.570925781250000000e+03,-4.109726562500000000e+02,1.000000000000000000e+00,8.966597074187786232e-02,2.524687500000000000e+06,-9.360000000000000000e+02,-3.276800000000000000e+04
3.389485677083333153e-06,3.462727864583333134e-06,4.513945312500000000e+03,-4.281484375000000000e+02,1.000000000000000000e+00,9.457950295307405997e-02,1.921875000000000000e+05,-9.870000000000000000e+02,-4.267000000000000000e+03
3.393554687499999795e-06,3.466796874999999776e-06,4.647281250000000000e+03,-5.311445312500000000e+02,1.000000000000000000e+00,1.138021997012660103e-01,7.518750000000000000e+05,-1.187000000000000000e+03,-1.401900000000000000e+04
3.397623697916666861e-06,3.470865885416666841e-06,4.627054687500000000e+03,-2.732656250000000000e+02,1.000000000000000000e+00,5.898635498416504586e-02,-2.144062500000000000e+06,-6.160000000000000000e+02,3.276700000000000000e+04
3.401692708333333503e-06,3.474934895833333483e-06,4.559246093750000000e+03,-1.233437500000000000e+02,1.000000000000000000e+00,2.703641138648442410e-02,-1.249687500000000000e+06,-2.820000000000000000e+02,2.104600000000000000e+04
3.405761718750000145e-06,3.479003906250000125e-06,4.252691406250000000e+03,-2.031640625000000000e+02,1.000000000000000000e+00,4.772118357312987030e-02,8.090625000000000000e+05,-4.980000000000000000e+02,-1.430600000000000000e+04
3.409830729166666787e-06,3.483072916666666767e-06,4.542957031250000000e+03,-7.994531250000000000e+01,1.000000000000000000e+00,1.759284216106344820e-02,-1.178437500000000000e+06,-1.840000000000000000e+02,1.992800000000000000e+04
3.413899739583333429e-06,3.487141927083333409e-06,4.639070312500000000e+03,8.218750000000000000e+00,1.000000000000000000e+00,-1.773665285992772657e-03,-7.575000000000000000e+05,1.800000000000000000e+01,1.294600000000000000e+04
3.417968750000000071e-06,3.491210937500000051e-06,4.668031250000000000e+03,1.646093750000000000e+01,1.000000000000000000e+00,-3.523362122174832252e-03,-6.843750000000000000e+04,3.600000000000000000e+01,1.204000000000000000e+03
3.422037760416666713e-06,3.495279947916666694e-06,4.600496093750000000e+03,5.404296875000000000e+01,1.000000000000000000e+00,-1.174454040724944026e-02,-3.215625000000000000e+05,1.220000000000000000e+02,5.610000000000000000e+03
3.426106770833333355e-06,3.499348958333333336e-06,4.719695312500000000e+03,-1.365664062500000000e+02,1.000000000000000000e+00,2.892991892153076380e-02,1.590937500000000000e+06,-3.020000000000000000e+02,-2.745400000000000000e+04
3.430175781249999997e-06,3.503417968749999978e-06,4.759585937500000000e+03,-1.842148437500000000e+02,1.000000000000000000e+00,3.868507799449101558e-02,3.815625000000000000e+05,-4.040000000000000000e+02,-6.916000000000000000e+03
3.434244791666666639e-06,3.507486979166666620e-06,4.573656250000000000e+03,-1.986015625000000000e+02,1.000000000000000000e+00,4.340686260720150180e-02,1.846875000000000000e+05,-4.530000000000000000e+02,-3.605000000000000000e+03
3.438313802083333281e-06,3.511555989583333262e-06,4.486554687500000000e+03,-3.880585937500000000e+02,1.000000000000000000e+00,8.628641931856731451e-02,1.677187500000000000e+06,-9.000000000000000000e+02,-2.952400000000000000e+04
3.442382812499999923e-06,3.515624999999999904e-06,4.721457031250000000e+03,-3.371367187500000000e+02,1.000000000000000000e+00,7.128216973706089088e-02,-5.868750000000000000e+05,-7.440000000000000000e+02,9.272000000000000000e+03
3.446451822916666565e-06,3.519694010416666546e-06,4.649687500000000000e+03,-2.635195312500000000e+02,1.000000000000000000e+00,5.661347845290444492e-02,-5.737500000000000000e+05,-5.910000000000000000e+02,9.201000000000000000e+03
3.450520833333333208e-06,3.523763020833333188e-06,4.743203125000000000e+03,-3.223710937500000000e+02,1.000000000000000000e+00,6.785468141412891174e-02,4.396875000000000000e+05,-7.080000000000000000e+02,-8.212000000000000000e+03
3.454589843749999850e-06,3.527832031249999830e-06,4.706078125000000000e+03,-1.207109375000000000e+02,1.000000000000000000e+00,2.564624129746306477e-02,-1.650937500000000000e+06,-2.680000000000000000e+02,2.790800000000000000e+04
3.458658854166666492e-06,3.531901041666666472e-06,4.704644531250000000e+03,-1.346054687500000000e+02,1.000000000000000000e+00,2.859436062418077920e-02,1.153125000000000000e+05,-2.990000000000000000e+02,-2.267000000000000000e+03
3.462727864583333134e-06,3.535970052083333114e-06,4.841378906250000000e+03,-6.830468750000000000e+01,1.000000000000000000e+00,1.409344848869932901e-02,-5.671875000000000000e+05,-1.470000000000000000e+02,9.533000000000000000e+03
3.466796875000000199e-06,3.540039062500000180e-06,4.486484375000000000e+03,-2.223828125000000000e+01,1.000000000000000000e+00,4.961469110817620307e-03,-3.571875000000000000e+05,-5.200000000000000000e+01,6.044000000000000000e+03
3.470865885416666841e-06,3.544108072916666822e-06,4.720738281250000000e+03,-1.513554687500000000e+02,1.000000000000000000e+00,3.204581739692347053e-02,1.059375000000000000e+06,-3.350000000000000000e+02,-1.841500000000000000e+04
3.474934895833333483e-06,3.548177083333333464e-06,4.550210937500000000e+03,-8.437500000000000000e+01,1.000000000000000000e+00,1.855158015349197415e-02,-5.278125000000000000e+05,-1.940000000000000000e+02,8.814000000000000000e+03
3.479003906250000125e-06,3.552246093750000106e-06,4.658687500000000000e+03,1.604804687500000000e+02,1.000000000000000000e+00,-3.441869392818407147e-02,-2.071875000000000000e+06,3.590000000000000000e+02,3.276700000000000000e+04
3.483072916666666767e-06,3.556315104166666748e-06,4.569828125000000000e+03,2.323164062500000000e+02,1.000000000000000000e+00,-5.078914514890114917e-02,-6.403125000000000000e+05,5.290000000000000000e+02,1.145700000000000000e+04
3.487141927083333409e-06,3.560384114583333390e-06,4.604390625000000000e+03,2.313281250000000000e+01,1.000000000000000000e+00,-5.033374460249760360e-03,1.789687500000000000e+06,5.200000000000000000e+01,-3.049200000000000000e+04
3.491210937500000051e-06,3.564453125000000032e-06,4.845261718750000000e+03,1.543945312500000000e+02,1.000000000000000000e+00,-3.185406979843776604e-02,-1.049062500000000000e+06,3.320000000000000000e+02,1.823600000000000000e+04
3.495279947916666694e-06,3.568522135416666674e-06,4.533773437500000000e+03,8.439453125000000000e+01,1.000000000000000000e+00,-1.862348550292411073e-02,5.175000000000000000e+05,1.940000000000000000e+02,-8.638000000000000000e+03
3.499348958333333336e-06,3.572591145833333316e-06,4.577535156250000000e+03,2.117187500000000000e+00,1.000000000000000000e+00,-4.554005464035496952e-04,7.106250000000000000e+05,4.000000000000000000e+00,-1.212400000000000000e+04
3.503417968749999978e-06,3.576660156249999958e-06,4.621570312500000000e+03,1.329726562500000000e+02,1.000000000000000000e+00,-2.876213977285577150e-02,-1.107187500000000000e+06,3.000000000000000000e+02,1.919600000000000000e+04
3.507486979166666620e-06,3.580729166666666600e-06,4.735523437500000000e+03,3.789414062500000000e+02,1.000000000000000000e+00,-7.983890631948548089e-02,-1.997812500000000000e+06,8.320000000000000000e+02,3.276700000000000000e+04
3.511555989583333262e-06,3.584798177083333242e-06,4.630363281250000000e+03,2.679882812500000000e+02,1.000000000000000000e+00,-5.781190094344010322e-02,8.615625000000000000e+05,6.030000000000000000e+02,-1.410100000000000000e+04
3.515624999999999904e-06,3.588867187499999884e-06,4.636828125000000000e+03,-2.030078125000000000e+01,1.000000000000000000e+00,4.386226315360505085e-03,2.432812500000000000e+06,-4.600000000000000000e+01,-3.276800000000000000e+04
3.519694010416666546e-06,3.592936197916666526e-06,4.744152343750000000e+03,-1.593359375000000000e+01,1.000000000000000000e+00,3.355582973499839951e-03,-4.031250000000000000e+04,-3.500000000000000000e+01,6.530000000000000000e+02
3.523763020833333188e-06,3.597005208333333168e-06,4.754585937500000000e+03,2.297968750000000000e+02,1.000000000000000000e+00,-4.829642636858698379e-02,-2.020312500000000000e+06,5.030000000000000000e+02,3.276700000000000000e+04
3.527832031249999830e-06,3.601074218749999810e-06,4.621605468750000000e+03,2.791367187500000000e+02,1.000000000000000000e+00,-6.032858817356498426e-02,-4.706250000000000000e+05,6.290000000000000000e+02,8.661000000000000000e+03
3.531901041666666472e-06,3.605143229166666452e-06,4.712617187500000000e+03,3.565156250000000000e+02,1.000000000000000000e+00,-7.550061690374640366e-02,-5.934375000000000000e+05,7.870000000000000000e+02,1.091500000000000000e+04
3.535970052083333538e-06,3.609212239583333518e-06,4.749175781250000000e+03,2.459726562500000000e+02,1.000000000000000000e+00,-5.174788314132967859e-02,9.290625000000000000e+05,5.390000000000000000e+02,-1.531700000000000000e+04
3.540039062500000180e-06,3.613281250000000160e-06,4.806863281250000000e+03,3.064570312500000000e+02,1.000000000000000000e+00,-6.366020269725411462e-02,-4.659375000000000000e+05,6.640000000000000000e+02,8.616000000000000000e+03
3.544108072916666822e-06,3.617350260416666802e-06,4.620785156250000000e+03,4.436640625000000000e+02,1.000000000000000000e+00,-9.572998854398830082e-02,-1.254375000000000000e+06,9.980000000000000000e+02,2.240600000000000000e+04
3.548177083333333464e-06,3.621419270833333444e-06,4.672597656250000000e+03,5.962734375000000000e+02,1.000000000000000000e+00,-1.269369101975368064e-01,-1.220625000000000000e+06,1.324000000000000000e+03,2.215600000000000000e+04
3.552246093750000106e-06,3.625488281250000086e-06,4.533468750000000000e+03,7.185390625000000000e+02,1.000000000000000000e+00,-1.571850938586567825e-01,-1.183125000000000000e+06,1.639000000000000000e+03,2.183100000000000000e+04
3.556315104166666748e-06,3.629557291666666728e-06,4.446867187500000000e+03,6.124921875000000000e+02,1.000000000000000000e+00,-1.368838168689827661e-01,7.940625000000000000e+05,1.427000000000000000e+03,-1.212500000000000000e+04
3.560384114583333390e-06,3.633626302083333370e-06,4.695203125000000000e+03,5.038242187500000000e+02,1.000000000000000000e+00,-1.068992861557806207e-01,1.172812500000000000e+06,1.115000000000000000e+03,-1.890100000000000000e+04
3.564453125000000032e-06,3.637695312500000012e-06,4.411945312500000000e+03,1.002726562500000000e+03,1.000000000000000000e+00,-2.234818260350893426e-01,-4.560000000000000000e+06,2.331000000000000000e+03,3.276700000000000000e+04
3.568522135416666674e-06,3.641764322916666654e-06,4.510097656250000000e+03,7.726250000000000000e+02,1.000000000000000000e+00,-1.696726562100383529e-01,2.104687500000000000e+06,1.769000000000000000e+03,-3.276800000000000000e+04
3.572591145833333316e-06,3.645833333333333296e-06,4.342703125000000000e+03,1.101914062500000000e+03,1.000000000000000000e+00,-2.484809191876631573e-01,-3.082500000000000000e+06,2.591000000000000000e+03,3.276700000000000000e+04
3.576660156249999958e-06,3.649902343749999938e-06,4.696121093750000000e+03,8.963242187500000000e+02,1.000000000000000000e+00,-1.886077315605017291e-01,2.341875000000000000e+06,1.967000000000000000e+03,-3.276800000000000000e+04
3.580729166666666600e-06,3.653971354166666580e-06,4.799785156250000000e+03,1.308148437500000000e+03,1.000000000000000000e+00,-2.660737613487266229e-01,-3.030000000000000000e+06,2.775000000000000000e+03,3.276700000000000000e+04
3.584798177083333242e-06,3.658040364583333222e-06,4.711042968750000000e+03,9.909648437500000000e+02,1.000000000000000000e+00,-2.073270908626686782e-01,2.297812500000000000e+06,2.162000000000000000e+03,-3.276800000000000000e+04
3.588867187499999884e-06,3.662109374999999864e-06,4.494582031250000000e+03,7.075820312500000000e+02,1.000000000000000000e+00,-1.561544505167961339e-01,2.001562500000000000e+06,1.628000000000000000e+03,-3.253200000000000000e+04
3.592936197916666526e-06,3.666178385416666507e-06,4.497976562500000000e+03,7.376484375000000000e+02,1.000000000000000000e+00,-1.625540266162565362e-01,-2.503125000000000000e+05,1.695000000000000000e+03,5.967000000000000000e+03
3.597005208333333168e-06,3.670247395833333149e-06,4.302667968750000000e+03,9.061796875000000000e+02,1.000000000000000000e+00,-2.075907438105865366e-01,-1.761562500000000000e+06,2.165000000000000000e+03,3.222900000000000000e+04
3.601074218749999810e-06,3.674316406249999791e-06,4.448601562500000000e+03,1.134410156250000000e+03,1.000000000000000000e+00,-2.496793416781988018e-01,-1.646250000000000000e+06,2.604000000000000000e+03,3.070000000000000000e+04
3.605143229166666876e-06,3.678385416666666856e-06,4.453519531250000000e+03,8.666796875000000000e+02,1.000000000000000000e+00,-1.922029990321086901e-01,2.248125000000000000e+06,2.004000000000000000e+03,-3.276800000000000000e+04
3.609212239583333518e-06,3.682454427083333498e-06,4.477449218750000000e+03,8.014843750000000000e+02,1.000000000000000000e+00,-1.771268441011701333e-01,5.896875000000000000e+05,1.847000000000000000e+03,-8.217000000000000000e+03
3.613281250000000160e-06,3.686523437500000140e-06,4.448691406250000000e+03,3.972695312500000000e+02,1.000000000000000000e+00,-8.906675949661004010e-02,3.444375000000000000e+06,9.290000000000000000e+02,-3.276800000000000000e+04
3.617350260416666802e-06,3.690592447916666782e-06,4.443570312500000000e+03,8.712031250000000000e+02,1.000000000000000000e+00,-1.936171375709407616e-01,-4.089375000000000000e+06,2.019000000000000000e+03,3.276700000000000000e+04
3.621419270833333444e-06,3.694661458333333424e-06,4.356851562500000000e+03,8.581992187500000000e+02,1.000000000000000000e+00,-1.944800017641264422e-01,-3.375000000000000000e+04,2.028000000000000000e+03,2.604000000000000000e+03
3.625488281250000086e-06,3.698730468750000066e-06,4.522820312500000000e+03,8.813398437500000000e+02,1.000000000000000000e+00,-1.924666519800265485e-01,7.875000000000000000e+04,2.007000000000000000e+03,6.630000000000000000e+02
3.629557291666666728e-06,3.702799479166666708e-06,4.514597656250000000e+03,5.904453125000000000e+02,1.000000000000000000e+00,-1.300528086729295096e-01,2.441250000000000000e+06,1.356000000000000000e+03,-3.276800000000000000e+04
3.633626302083333370e-06,3.706868489583333350e-06,4.558917968750000000e+03,8.035976562500000000e+02,1.000000000000000000e+00,-1.744663461721809583e-01,-1.737187500000000000e+06,1.819000000000000000e+03,3.146700000000000000e+04
3.637695312500000012e-06,3.710937499999999993e-06,4.501808593750000000e+03,6.218867187500000000e+02,1.000000000000000000e+00,-1.372673120659541612e-01,1.455000000000000000e+06,1.431000000000000000e+03,-2.340100000000000000e+04
3.641764322916666654e-06,3.715006510416666635e-06,4.660667968750000000e+03,6.593789062500000000e+02,1.000000000000000000e+00,-1.405509896900218603e-01,-1.284375000000000000e+05,1.466000000000000000e+03,3.658000000000000000e+03
3.645833333333333296e-06,3.719075520833333277e-06,4.609957031250000000e+03,5.467734375000000000e+02,1.000000000000000000e+00,-1.180446153177622248e-01,8.803125000000000000e+05,1.231000000000000000e+03,-1.379300000000000000e+04
3.649902343749999938e-06,3.723144531249999919e-06,4.766167968750000000e+03,6.322539062500000000e+02,1.000000000000000000e+00,-1.318983793083544354e-01,-5.418750000000000000e+05,1.375000000000000000e+03,1.062300000000000000e+04
3.653971354166666580e-06,3.727213541666666561e-06,4.677593750000000000e+03,3.682148437500000000e+02,1.000000000000000000e+00,-7.856857847951768947e-02,2.085937500000000000e+06,8.190000000000000000e+02,-3.276800000000000000e+04
3.658040364583333222e-06,3.731282552083333203e-06,4.581050781250000000e+03,6.113828125000000000e+02,1.000000000000000000e+00,-1.326893381521079551e-01,-2.116875000000000000e+06,1.384000000000000000e+03,3.276700000000000000e+04
3.662109374999999864e-06,3.735351562499999845e-06,4.332796875000000000e+03,5.209960937500000000e+02,1.000000000000000000e+00,-1.196744699048907234e-01,5.090625000000000000e+05,1.248000000000000000e+03,-7.440000000000000000e+03
3.666178385416666507e-06,3.739420572916666487e-06,4.509535156250000000e+03,7.267265625000000000e+02,1.000000000000000000e+00,-1.597736864382138244e-01,-1.568437500000000000e+06,1.666000000000000000e+03,2.843400000000000000e+04
3.670247395833333149e-06,3.743489583333333129e-06,4.401769531250000000e+03,8.106171875000000000e+02,1.000000000000000000e+00,-1.821122816617984641e-01,-8.737500000000000000e+05,1.899000000000000000e+03,1.681100000000000000e+04
3.674316406249999791e-06,3.747558593749999771e-06,4.576250000000000000e+03,9.840039062500000000e+02,1.000000000000000000e+00,-2.117852225274613476e-01,-1.160625000000000000e+06,2.209000000000000000e+03,2.201700000000000000e+04
3.678385416666666856e-06,3.751627604166666837e-06,4.632542968750000000e+03,9.159609375000000000e+02,1.000000000000000000e+00,-1.951990552584478289e-01,6.487500000000000000e+05,2.036000000000000000e+03,-9.036000000000000000e+03
3.682454427083333498e-06,3.755696614583333479e-06,4.581937500000000000e+03,1.047300781250000000e+03,1.000000000000000000e+00,-2.247042169754357166e-01,-1.154062500000000000e+06,2.343000000000000000e+03,2.203900000000000000e+04
3.686523437500000140e-06,3.759765625000000121e-06,4.422644531250000000e+03,1.165460937500000000e+03,1.000000000000000000e+00,-2.576608354651662713e-01,-1.289062500000000000e+06,2.687000000000000000e+03,2.468700000000000000e+04
3.690592447916666782e-06,3.763834635416666763e-06,4.642335937500000000e+03,1.243535156250000000e+03,1.000000000000000000e+00,-2.617354719329875179e-01,-1.593750000000000000e+05,2.730000000000000000e+03,5.450000000000000000e+03
3.694661458333333424e-06,3.767903645833333405e-06,4.509515625000000000e+03,1.241421875000000000e+03,1.000000000000000000e+00,-2.686383854784729075e-01,-2.700000000000000000e+05,2.802000000000000000e+03,7.410000000000000000e+03
3.698730468750000066e-06,3.771972656250000047e-06,4.633812500000000000e+03,1.266992187500000000e+03,1.000000000000000000e+00,-2.669126570921015462e-01,6.750000000000000000e+04,2.784000000000000000e+03,1.632000000000000000e+03
3.702799479166666708e-06,3.776041666666666689e-06,4.530199218750000000e+03,1.048015625000000000e+03,1.000000000000000000e+00,-2.273407464546141621e-01,1.547812500000000000e+06,2.371000000000000000e+03,-2.404500000000000000e+04
3.706868489583333350e-06,3.780110677083333331e-06,4.588929687500000000e+03,1.005953125000000000e+03,1.000000000000000000e+00,-2.158119220956611350e-01,4.509375000000000000e+05,2.251000000000000000e+03,-5.445000000000000000e+03
3.710937499999999993e-06,3.784179687499999973e-06,4.516132812500000000e+03,8.045312500000000000e+02,1.000000000000000000e+00,-1.763119168076058840e-01,1.545000000000000000e+06,1.839000000000000000e+03,-2.452900000000000000e+04
3.715006510416666635e-06,3.788248697916666615e-06,4.627328125000000000e+03,1.066148437500000000e+03,1.000000000000000000e+00,-2.264539138116177797e-01,-1.961250000000000000e+06,2.362000000000000000e+03,3.276700000000000000e+04
3.719075520833333277e-06,3.792317708333333257e-06,4.405535156250000000e+03,1.058945312500000000e+03,1.000000000000000000e+00,-2.358974830370387521e-01,-3.693750000000000000e+05,2.460000000000000000e+03,8.764000000000000000e+03
3.723144531249999919e-06,3.796386718749999899e-06,4.339726562500000000e+03,1.081457031250000000e+03,1.000000000000000000e+00,-2.442385035711669428e-01,-3.262500000000000000e+05,2.547000000000000000e+03,8.115000000000000000e+03
3.727213541666666561e-06,3.800455729166666541e-06,4.427804687500000000e+03,1.008500000000000000e+03,1.000000000000000000e+00,-2.239611950313036004e-01,7.931250000000000000e+05,2.336000000000000000e+03,-1.120000000000000000e+04
3.731282552083333203e-06,3.804524739583333183e-06,4.402480468750000000e+03,9.674414062500000000e+02,1.000000000000000000e+00,-2.163152595416861224e-01,2.990625000000000000e+05,2.256000000000000000e+03,-2.848000000000000000e+03
3.735351562499999845e-06,3.808593749999999825e-06,4.338191406250000000e+03,1.157843750000000000e+03,1.000000000000000000e+00,-2.608246708401804059e-01,-1.740937500000000000e+06,2.720000000000000000e+03,3.243200000000000000e+04
3.739420572916666487e-06,3.812662760416666467e-06,4.534226562500000000e+03,1.299140625000000000e+03,1.000000000000000000e+00,-2.790406926963224232e-01,-7.125000000000000000e+05,2.910000000000000000e+03,1.507000000000000000e+04
3.743489583333333129e-06,3.816731770833333109e-06,4.761996093750000000e+03,1.238375000000000000e+03,1.000000000000000000e+00,-2.544250947407200036e-01,9.628125000000000000e+05,2.653000000000000000e+03,-1.377900000000000000e+04
3.747558593750000194e-06,3.820800781250000175e-06,4.666070312500000000e+03,1.022539062500000000e+03,1.000000000000000000e+00,-2.157400167462290019e-01,1.513125000000000000e+06,2.250000000000000000e+03,-2.357400000000000000e+04
3.751627604166666837e-06,3.824869791666667240e-06,4.491937500000000000e+03,7.240703125000000000e+02,1.000000000000000000e+00,-1.598216233378352280e-01,2.187187500000000000e+06,1.667000000000000000e+03,-3.276800000000000000e+04
3.755696614583333479e-06,3.828938802083333459e-06,4.475730468750000000e+03,7.244062500000000000e+02,1.000000000000000000e+00,-1.604687714827244815e-01,-2.531250000000000000e+04,1.673000000000000000e+03,2.105000000000000000e+03
3.759765625000000121e-06,3.833007812500000524e-06,4.536855468750000000e+03,9.411679687500000000e+02,1.000000000000000000e+00,-2.045467506846259664e-01,-1.724062500000000000e+06,2.133000000000000000e+03,3.155700000000000000e+04
3.763834635416666763e-06,3.837076822916666743e-06,4.472582031250000000e+03,9.668906250000000000e+02,1.000000000000000000e+00,-2.129117396685648589e-01,-3.271875000000000000e+05,2.220000000000000000e+03,7.804000000000000000e+03
3.767903645833333405e-06,3.841145833333333809e-06,4.437308593750000000e+03,9.935312500000000000e+02,1.000000000000000000e+00,-2.202700537604537767e-01,-2.878125000000000000e+05,2.297000000000000000e+03,7.209000000000000000e+03
3.771972656250000047e-06,3.845214843750000027e-06,4.471800781250000000e+03,9.187578125000000000e+02,1.000000000000000000e+00,-2.026292746997689076e-01,6.900000000000000000e+05,2.113000000000000000e+03,-9.663000000000000000e+03
3.776041666666666689e-06,3.849283854166667093e-06,4.486367187500000000e+03,9.399257812500000000e+02,1.000000000000000000e+00,-2.065361320189151584e-01,-1.528125000000000000e+05,2.154000000000000000e+03,4.762000000000000000e+03
3.780110677083333331e-06,3.853352864583333311e-06,4.501972656250000000e+03,1.012292968750000000e+03,1.000000000000000000e+00,-2.211808548532608887e-01,-5.728125000000000000e+05,2.307000000000000000e+03,1.208300000000000000e+04
3.784179687499999973e-06,3.857421875000000377e-06,4.557859375000000000e+03,1.061816406250000000e+03,1.000000000000000000e+00,-2.288747272424997981e-01,-3.009375000000000000e+05,2.387000000000000000e+03,7.523000000000000000e+03
3.788248697916666615e-06,3.861490885416666595e-06,4.579804687500000000e+03,9.127109375000000000e+02,1.000000000000000000e+00,-1.967090675965227631e-01,1.258125000000000000e+06,2.051000000000000000e+03,-1.942100000000000000e+04
3.792317708333333257e-06,3.865559895833333661e-06,4.588710937500000000e+03,7.729218750000000000e+02,1.000000000000000000e+00,-1.668683475821849116e-01,1.167187500000000000e+06,1.740000000000000000e+03,-1.818000000000000000e+04
3.796386718749999899e-06,3.869628906249999879e-06,4.536023437500000000e+03,1.056328125000000000e+03,1.000000000000000000e+00,-2.288028218930676649e-01,-2.422500000000000000e+06,2.386000000000000000e+03,3.276700000000000000e+04
3.800455729166666541e-06,3.873697916666666945e-06,4.715968750000000000e+03,1.002015625000000000e+03,1.000000000000000000e+00,-2.093644090965793014e-01,7.603125000000000000e+05,2.183000000000000000e+03,-1.079300000000000000e+04
3.804524739583333183e-06,3.877766927083333163e-06,4.565582031250000000e+03,9.391601562500000000e+02,1.000000000000000000e+00,-2.028929276476867660e-01,2.531250000000000000e+05,2.116000000000000000e+03,-2.204000000000000000e+03
3.808593749999999825e-06,3.881835937500000229e-06,4.755406250000000000e+03,7.521484375000000000e+02,1.000000000000000000e+00,-1.568735040111175205e-01,1.800000000000000000e+06,1.636000000000000000e+03,-2.908400000000000000e+04
3.812662760416666467e-06,3.885904947916666448e-06,4.623183593750000000e+03,7.437656250000000000e+02,1.000000000000000000e+00,-1.595100334902959660e-01,-1.031250000000000000e+05,1.663000000000000000e+03,3.423000000000000000e+03
3.816731770833333109e-06,3.889973958333333513e-06,4.689792968750000000e+03,5.985664062500000000e+02,1.000000000000000000e+00,-1.269369101975368064e-01,1.274062500000000000e+06,1.324000000000000000e+03,-2.042000000000000000e+04
3.820800781250000175e-06,3.894042968750000579e-06,4.633804687500000000e+03,4.882968750000000000e+02,1.000000000000000000e+00,-1.049818101709235618e-01,8.587500000000000000e+05,1.095000000000000000e+03,-1.356100000000000000e+04
3.824869791666666393e-06,3.898111979166666797e-06,4.517660156250000000e+03,1.256054687500000000e+02,1.000000000000000000e+00,-2.777943333061653336e-02,3.019687500000000000e+06,2.890000000000000000e+02,-3.276800000000000000e+04
3.828938802083333459e-06,3.902180989583333863e-06,4.513199218750000000e+03,7.409765625000000000e+01,1.000000000000000000e+00,-1.641838812033850209e-02,4.443750000000000000e+05,1.710000000000000000e+02,-7.413000000000000000e+03
3.833007812499999677e-06,3.906250000000000081e-06,4.579417968750000000e+03,2.421679687500000000e+02,1.000000000000000000e+00,-5.282646338281176551e-02,-1.424062500000000000e+06,5.510000000000000000e+02,2.485500000000000000e+04
3.837076822916666743e-06,3.910319010416667147e-06,4.427292968750000000e+03,3.998320312500000000e+02,1.000000000000000000e+00,-9.007343438865998697e-02,-1.456875000000000000e+06,9.390000000000000000e+02,2.580300000000000000e+04
3.841145833333332962e-06,3.914388020833333365e-06,4.497507812500000000e+03,9.870703125000000000e+01,1.000000000000000000e+00,-2.195510002661323762e-02,2.664375000000000000e+06,2.290000000000000000e+02,-3.276800000000000000e+04
3.845214843750000027e-06,3.918457031250000431e-06,4.616863281250000000e+03,3.757812500000000000e+02,1.000000000000000000e+00,-8.122907640850683675e-02,-2.318437500000000000e+06,8.470000000000000000e+02,3.276700000000000000e+04
3.849283854166666246e-06,3.922526041666666650e-06,4.656187500000000000e+03,2.170820312500000000e+02,1.000000000000000000e+00,-4.659466643202635205e-02,1.354687500000000000e+06,4.860000000000000000e+02,-2.263400000000000000e+04
3.853352864583333311e-06,3.926595052083333715e-06,4.656804687500000000e+03,4.942460937500000000e+02,1.000000000000000000e+00,-1.057488005648663937e-01,-2.313750000000000000e+06,1.103000000000000000e+03,3.276700000000000000e+04
3.857421875000000377e-06,3.930664062500000781e-06,4.593261718750000000e+03,3.741562500000000000e+02,1.000000000000000000e+00,-8.127701330812826808e-02,9.571875000000000000e+05,8.470000000000000000e+02,-1.548900000000000000e+04
3.861490885416666595e-06,3.934733072916666999e-06,4.614816406250000000e+03,3.851484375000000000e+02,1.000000000000000000e+00,-8.326639464241746003e-02,-7.781250000000000000e+04,8.680000000000000000e+02,2.196000000000000000e+03
3.865559895833333661e-06,3.938802083333334065e-06,4.573578125000000000e+03,3.797539062500000000e+02,1.000000000000000000e+00,-8.283496254582461971e-02,1.687500000000000000e+04,8.640000000000000000e+02,5.760000000000000000e+02
3.869628906249999879e-06,3.942871093750000283e-06,4.597304687500000000e+03,3.132812500000000000e+02,1.000000000000000000e+00,-6.804642901261460930e-02,5.784375000000000000e+05,7.090000000000000000e+02,-9.163000000000000000e+03
3.873697916666666945e-06,3.946940104166667349e-06,4.849277343750000000e+03,6.564843750000000000e+01,1.000000000000000000e+00,-1.354217414305292598e-02,2.131875000000000000e+06,1.410000000000000000e+02,-3.276800000000000000e+04
3.877766927083333163e-06,3.951009114583333567e-06,4.642968750000000000e+03,4.054687500000000000e+01,1.000000000000000000e+00,-8.724515731099584046e-03,1.884375000000000000e+05,9.100000000000000000e+01,-3.125000000000000000e+03
3.881835937500000229e-06,3.955078125000000633e-06,4.623074218750000000e+03,-9.519531250000000000e+01,1.000000000000000000e+00,2.058889838740259048e-02,1.146562500000000000e+06,-2.150000000000000000e+02,-1.978300000000000000e+04
3.885904947916666448e-06,3.959147135416666851e-06,4.710312500000000000e+03,9.301953125000000000e+01,1.000000000000000000e+00,-1.975000264402762898e-02,-1.577812500000000000e+06,2.060000000000000000e+02,2.713400000000000000e+04
3.889973958333333513e-06,3.963216145833333917e-06,4.676414062500000000e+03,-2.898437500000000000e+00,1.000000000000000000e+00,6.231796950785417795e-04,7.968750000000000000e+05,-7.000000000000000000e+00,-1.360700000000000000e+04
3.894042968749999732e-06,3.967285156250000136e-06,4.624703125000000000e+03,-9.670703125000000000e+01,1.000000000000000000e+00,2.090048823494185942e-02,7.931250000000000000e+05,-2.180000000000000000e+02,-1.375400000000000000e+04
3.898111979166666797e-06,3.971354166666667201e-06,4.433378906250000000e+03,-5.324218750000000000e+00,1.000000000000000000e+00,1.198422490535657218e-03,-7.706250000000000000e+05,-1.300000000000000000e+01,1.313900000000000000e+04
3.902180989583333016e-06,3.975423177083333420e-06,4.539937500000000000e+03,-9.338281250000000000e+01,1.000000000000000000e+00,2.056492993759187829e-02,7.575000000000000000e+05,-2.150000000000000000e+02,-1.314300000000000000e+04
3.906250000000000081e-06,3.979492187500000485e-06,4.590042968750000000e+03,-2.497851562500000000e+02,1.000000000000000000e+00,5.436044417069740842e-02,1.321875000000000000e+06,-5.670000000000000000e+02,-2.312700000000000000e+04
3.910319010416666300e-06,3.983561197916666704e-06,4.527101562500000000e+03,1.643437500000000000e+02,1.000000000000000000e+00,-3.628823301341969898e-02,-3.545625000000000000e+06,3.780000000000000000e+02,3.276700000000000000e+04
3.914388020833333365e-06,3.987630208333333769e-06,4.382394531250000000e+03,7.501171875000000000e+01,1.000000000000000000e+00,-1.711347316484918349e-02,7.500000000000000000e+05,1.780000000000000000e+02,-1.262200000000000000e+04
3.918457031249999584e-06,3.991699218749999988e-06,4.459234375000000000e+03,1.370664062500000000e+02,1.000000000000000000e+00,-3.072755265733425126e-02,-5.325000000000000000e+05,3.200000000000000000e+02,9.408000000000000000e+03
3.922526041666666650e-06,3.995768229166667053e-06,4.664964843750000000e+03,-2.808984375000000000e+01,1.000000000000000000e+00,6.016080902488999370e-03,1.437187500000000000e+06,-6.300000000000000000e+01,-2.459100000000000000e+04
3.926595052083333715e-06,3.999837239583334119e-06,4.709148437500000000e+03,6.687500000000000000e+01,1.000000000000000000e+00,-1.418932228794218126e-02,-7.903125000000000000e+05,1.480000000000000000e+02,1.363600000000000000e+04
3.930664062499999934e-06,4.003906250000000337e-06,4.692554687500000000e+03,8.711328125000000000e+01,1.000000000000000000e+00,-1.855158015349197415e-02,-1.706250000000000000e+05,1.930000000000000000e+02,3.105000000000000000e+03
3.934733072916666999e-06,4.007975260416667403e-06,4.786042968750000000e+03,-9.085156250000000000e+01,1.000000000000000000e+00,1.898301225008481100e-02,1.468125000000000000e+06,-1.980000000000000000e+02,-2.525400000000000000e+04
3.938802083333333218e-06,4.012044270833333622e-06,4.788113281250000000e+03,-1.662656250000000000e+02,1.000000000000000000e+00,3.470631532591263169e-02,6.150000000000000000e+05,-3.620000000000000000e+02,-1.085800000000000000e+04
3.942871093750000283e-06,4.016113281250000687e-06,4.720511718750000000e+03,-9.816406250000000000e+00,1.000000000000000000e+00,2.085255133532043330e-03,-1.275937500000000000e+06,-2.200000000000000000e+01,2.175400000000000000e+04
3.946940104166666502e-06,4.020182291666666906e-06,4.533195312500000000e+03,-8.671484375000000000e+01,1.000000000000000000e+00,1.912682294894908763e-02,6.665625000000000000e+05,-2.000000000000000000e+02,-1.157600000000000000e+04
3.951009114583333567e-06,4.024251302083333971e-06,4.652351562500000000e+03,6.377734375000000000e+01,1.000000000000000000e+00,-1.370995329172791828e-02,-1.284375000000000000e+06,1.430000000000000000e+02,2.206300000000000000e+04
3.955078124999999786e-06,4.028320312500000190e-06,4.691894531250000000e+03,1.920585937500000000e+02,1.000000000000000000e+00,-4.091414382688733642e-02,-1.064062500000000000e+06,4.260000000000000000e+02,1.858600000000000000e+04
3.959147135416666851e-06,4.032389322916667255e-06,4.713113281250000000e+03,3.461523437500000000e+02,1.000000000000000000e+00,-7.331948797097150028e-02,-1.267500000000000000e+06,7.640000000000000000e+02,2.239600000000000000e+04
3.963216145833333070e-06,4.036458333333333474e-06,4.552523437500000000e+03,5.494726562500000000e+02,1.000000000000000000e+00,-1.201059020014835638e-01,-1.830000000000000000e+06,1.252000000000000000e+03,3.248400000000000000e+04
3.967285156250000136e-06,4.040527343750000539e-06,4.560488281250000000e+03,4.787500000000000000e+02,1.000000000000000000e+00,-1.045983149739521528e-01,6.065625000000000000e+05,1.091000000000000000e+03,-9.261000000000000000e+03
3.971354166666666354e-06,4.044596354166666758e-06,4.641085937500000000e+03,3.591015625000000000e+02,1.000000000000000000e+00,-7.722634529011775106e-02,1.070625000000000000e+06,8.050000000000000000e+02,-1.746700000000000000e+04
3.975423177083333420e-06,4.048665364583333823e-06,4.690968750000000000e+03,5.169140625000000000e+02,1.000000000000000000e+00,-1.097515316832554794e-01,-1.272187500000000000e+06,1.144000000000000000e+03,2.285600000000000000e+04
3.979492187499999638e-06,4.052734375000000042e-06,4.918476562500000000e+03,5.132851562500000000e+02,1.000000000000000000e+00,-1.039751352788736150e-01,2.259375000000000000e+05,1.084000000000000000e+03,-2.772000000000000000e+03
3.983561197916666704e-06,4.056803385416667108e-06,4.677042968750000000e+03,6.553789062500000000e+02,1.000000000000000000e+00,-1.392327249504326514e-01,-1.379062500000000000e+06,1.452000000000000000e+03,2.498800000000000000e+04
3.987630208333332922e-06,4.060872395833333326e-06,4.593773437500000000e+03,6.114609375000000000e+02,1.000000000000000000e+00,-1.323298114049472618e-01,2.700000000000000000e+05,1.380000000000000000e+03,-3.228000000000000000e+03
3.991699218749999988e-06,4.064941406250000392e-06,4.545488281250000000e+03,7.648359375000000000e+02,1.000000000000000000e+00,-1.667005684335099158e-01,-1.344375000000000000e+06,1.738000000000000000e+03,2.468200000000000000e+04
3.995768229166667053e-06,4.069010416666667457e-06,4.538257812500000000e+03,6.552382812500000000e+02,1.000000000000000000e+00,-1.434032352174967329e-01,9.112500000000000000e+05,1.495000000000000000e+03,-1.405700000000000000e+04
3.999837239583333272e-06,4.073079427083333676e-06,4.415953125000000000e+03,6.615273437500000000e+02,1.000000000000000000e+00,-1.487002626256643534e-01,-2.071875000000000000e+05,1.551000000000000000e+03,5.087000000000000000e+03
4.003906250000000337e-06,4.077148437500000741e-06,4.513324218750000000e+03,9.901328125000000000e+02,1.000000000000000000e+00,-2.159557327945254290e-01,-2.630625000000000000e+06,2.252000000000000000e+03,3.276700000000000000e+04
4.007975260416666556e-06,4.081217447916666960e-06,4.571863281250000000e+03,7.008398437500000000e+02,1.000000000000000000e+00,-1.521037824987856169e-01,2.497500000000000000e+06,1.586000000000000000e+03,-3.276800000000000000e+04
4.012044270833333622e-06,4.085286458333334025e-06,4.655757812500000000e+03,8.528945312500000000e+02,1.000000000000000000e+00,-1.811775121191806504e-01,-1.137187500000000000e+06,1.889000000000000000e+03,2.129700000000000000e+04
4.016113281249999840e-06,4.089355468750000244e-06,4.457843750000000000e+03,7.004492187500000000e+02,1.000000000000000000e+00,-1.558668291190675737e-01,9.900000000000000000e+05,1.625000000000000000e+03,-1.527100000000000000e+04
4.020182291666666906e-06,4.093424479166667310e-06,4.569714843750000000e+03,5.390234375000000000e+02,1.000000000000000000e+00,-1.173974671728729713e-01,1.504687500000000000e+06,1.224000000000000000e+03,-2.445600000000000000e+04
4.024251302083333124e-06,4.097493489583333528e-06,4.710878906250000000e+03,4.441796875000000000e+02,1.000000000000000000e+00,-9.400426015761695342e-02,9.150000000000000000e+05,9.800000000000000000e+02,-1.463600000000000000e+04
4.028320312500000190e-06,4.101562500000000594e-06,4.603488281250000000e+03,4.079414062500000000e+02,1.000000000000000000e+00,-8.839564290191007090e-02,2.193750000000000000e+05,9.220000000000000000e+02,-2.822000000000000000e+03
4.032389322916666408e-06,4.105631510416666812e-06,4.587750000000000000e+03,4.977500000000000000e+02,1.000000000000000000e+00,-1.080737401965055633e-01,-7.696875000000000000e+05,1.127000000000000000e+03,1.426300000000000000e+04
4.036458333333333474e-06,4.109700520833333878e-06,4.463945312500000000e+03,6.206914062500000000e+02,1.000000000000000000e+00,-1.381541447089505714e-01,-1.176562500000000000e+06,1.441000000000000000e+03,2.152100000000000000e+04
4.040527343749999692e-06,4.113769531250000096e-06,4.532675781250000000e+03,4.113554687500000000e+02,1.000000000000000000e+00,-9.050486648525282729e-02,1.863750000000000000e+06,9.440000000000000000e+02,-3.086400000000000000e+04
4.044596354166666758e-06,4.117838541666667162e-06,4.348890625000000000e+03,6.873789062500000000e+02,1.000000000000000000e+00,-1.567536617620639561e-01,-2.591250000000000000e+06,1.635000000000000000e+03,3.276700000000000000e+04
4.048665364583332976e-06,4.121907552083333380e-06,4.541355468750000000e+03,9.848593750000000000e+02,1.000000000000000000e+00,-2.135588878134541124e-01,-2.221875000000000000e+06,2.227000000000000000e+03,3.276700000000000000e+04
4.052734375000000042e-06,4.125976562500000446e-06,4.428597656250000000e+03,1.191328125000000000e+03,1.000000000000000000e+00,-2.627900837246588961e-01,-1.925625000000000000e+06,2.741000000000000000e+03,3.276700000000000000e+04
4.056803385416666261e-06,4.130045572916666664e-06,4.578058593750000000e+03,9.293515625000000000e+02,1.000000000000000000e+00,-2.002803666183190223e-01,2.445000000000000000e+06,2.089000000000000000e+03,-3.276800000000000000e+04
4.060872395833333326e-06,4.134114583333333730e-06,4.697050781250000000e+03,7.048984375000000000e+02,1.000000000000000000e+00,-1.489639155735821840e-01,2.007187500000000000e+06,1.553000000000000000e+03,-3.270300000000000000e+04
4.064941406250000392e-06,4.138183593750000796e-06,4.750625000000000000e+03,6.223632812500000000e+02,1.000000000000000000e+00,-1.302685247212259367e-01,7.312500000000000000e+05,1.358000000000000000e+03,-1.112200000000000000e+04
4.069010416666666610e-06,4.142252604166667014e-06,4.578769531250000000e+03,5.854648437500000000e+02,1.000000000000000000e+00,-1.271765946956439353e-01,1.209375000000000000e+05,1.326000000000000000e+03,-7.380000000000000000e+02
4.073079427083333676e-06,4.146321614583334080e-06,4.483027343750000000e+03,5.312539062500000000e+02,1.000000000000000000e+00,-1.179487415185193760e-01,3.609375000000000000e+05,1.230000000000000000e+03,-4.930000000000000000e+03
4.077148437499999894e-06,4.150390625000000298e-06,4.674546875000000000e+03,5.379375000000000000e+02,1.000000000000000000e+00,-1.145691900952088282e-01,1.321875000000000000e+05,1.195000000000000000e+03,-1.061000000000000000e+03
4.081217447916666960e-06,4.154459635416667364e-06,4.485406250000000000e+03,8.542773437500000000e+02,1.000000000000000000e+00,-1.882002679137196044e-01,-2.880000000000000000e+06,1.963000000000000000e+03,3.276700000000000000e+04
4.085286458333333178e-06,4.158528645833333582e-06,4.595269531250000000e+03,6.374101562500000000e+02,1.000000000000000000e+00,-1.378425548614112817e-01,1.969687500000000000e+06,1.437000000000000000e+03,-3.217900000000000000e+04
4.089355468750000244e-06,4.162597656250000648e-06,4.484667968750000000e+03,8.454179687500000000e+02,1.000000000000000000e+00,-1.863307288284839769e-01,-1.896562500000000000e+06,1.943000000000000000e+03,3.276700000000000000e+04
4.093424479166666462e-06,4.166666666666666866e-06,4.378875000000000000e+03,9.587148437500000000e+02,1.000000000000000000e+00,-2.155482691477433044e-01,-1.142812500000000000e+06,2.248000000000000000e+03,2.175200000000000000e+04
4.097493489583333528e-06,4.170735677083333932e-06,4.373871093750000000e+03,1.022101562500000000e+03,1.000000000000000000e+00,-2.295698122870104829e-01,-5.484375000000000000e+05,2.394000000000000000e+03,1.175400000000000000e+04
4.101562499999999747e-06,4.174804687500000150e-06,4.429390625000000000e+03,1.185062500000000000e+03,1.000000000000000000e+00,-2.614238820854482559e-01,-1.245937500000000000e+06,2.726000000000000000e+03,2.399000000000000000e+04
4.105631510416666812e-06,4.178873697916667216e-06,4.537734375000000000e+03,1.135972656250000000e+03,1.000000000000000000e+00,-2.452931153628383210e-01,6.309375000000000000e+05,2.558000000000000000e+03,-8.210000000000000000e+03
4.109700520833333031e-06,4.182942708333333435e-06,4.354242187500000000e+03,1.143378906250000000e+03,1.000000000000000000e+00,-2.567979712719806185e-01,-4.500000000000000000e+05,2.678000000000000000e+03,1.035800000000000000e+04
4.113769531250000096e-06,4.187011718750000500e-06,4.420785156250000000e+03,1.066406250000000000e+03,1.000000000000000000e+00,-2.367124103306030014e-01,7.856250000000000000e+05,2.469000000000000000e+03,-1.093900000000000000e+04
4.117838541666666315e-06,4.191080729166666719e-06,4.501523437500000000e+03,9.694140625000000000e+02,1.000000000000000000e+00,-2.121207808248113114e-01,9.618750000000000000e+05,2.212000000000000000e+03,-1.420400000000000000e+04
4.121907552083333380e-06,4.195149739583333784e-06,4.638218750000000000e+03,1.316402343750000000e+03,1.000000000000000000e+00,-2.765479739160082717e-01,-2.520000000000000000e+06,2.884000000000000000e+03,3.276700000000000000e+04
4.125976562499999599e-06,4.199218750000000003e-06,4.504695312500000000e+03,1.438394531250000000e+03,1.000000000000000000e+00,-3.090731603091460000e-01,-1.272187500000000000e+06,3.223000000000000000e+03,2.493500000000000000e+04
4.130045572916666664e-06,4.203287760416667068e-06,4.739390625000000000e+03,1.377171875000000000e+03,1.000000000000000000e+00,-2.828037393166043523e-01,1.027500000000000000e+06,2.949000000000000000e+03,-1.458700000000000000e+04
4.134114583333333730e-06,4.207356770833334134e-06,4.610406250000000000e+03,1.076828125000000000e+03,1.000000000000000000e+00,-2.294499700379569185e-01,2.086875000000000000e+06,2.393000000000000000e+03,-3.276800000000000000e+04
4.138183593749999949e-06,4.211425781250000352e-06,4.680386718750000000e+03,1.377277343750000000e+03,1.000000000000000000e+00,-2.861832907399149417e-01,-2.219062500000000000e+06,2.985000000000000000e+03,3.276700000000000000e+04
4.142252604166667014e-06,4.215494791666667418e-06,4.437578125000000000e+03,1.138125000000000000e+03,1.000000000000000000e+00,-2.510695117672201992e-01,1.373437500000000000e+06,2.618000000000000000e+03,-2.082200000000000000e+04
4.146321614583333233e-06,4.219563802083333636e-06,4.563566406250000000e+03,1.108937500000000000e+03,1.000000000000000000e+00,-2.383902018173529314e-01,4.959375000000000000e+05,2.486000000000000000e+03,-5.978000000000000000e+03
4.150390625000000298e-06,4.223632812500000702e-06,4.505312500000000000e+03,7.443476562500000000e+02,1.000000000000000000e+00,-1.637284806569814788e-01,2.920312500000000000e+06,1.707000000000000000e+03,-3.276800000000000000e+04
4.154459635416666517e-06,4.227701822916666921e-06,4.488843750000000000e+03,7.610898437500000000e+02,1.000000000000000000e+00,-1.679469278236669916e-01,-1.650000000000000000e+05,1.751000000000000000e+03,4.567000000000000000e+03
4.158528645833333582e-06,4.231770833333333986e-06,4.469429687500000000e+03,7.842578125000000000e+02,1.000000000000000000e+00,-1.736993557782381403e-01,-2.250000000000000000e+05,1.811000000000000000e+03,5.651000000000000000e+03
4.162597656249999801e-06,4.235839843750000205e-06,4.485812500000000000e+03,1.037226562500000000e+03,1.000000000000000000e+00,-2.272448726553712994e-01,-2.094375000000000000e+06,2.370000000000000000e+03,3.276700000000000000e+04
4.166666666666666866e-06,4.239908854166667270e-06,4.243628906250000000e+03,1.114281250000000000e+03,1.000000000000000000e+00,-2.567740028221698889e-01,-1.155000000000000000e+06,2.678000000000000000e+03,2.239000000000000000e+04
4.170735677083333085e-06,4.243977864583333489e-06,4.260578125000000000e+03,7.287617187500000000e+02,1.000000000000000000e+00,-1.694090032621204944e-01,3.417187500000000000e+06,1.767000000000000000e+03,-3.276800000000000000e+04
4.174804687500000150e-06,4.248046875000000554e-06,4.422738281250000000e+03,6.979804687500000000e+02,1.000000000000000000e+00,-1.565379457137675290e-01,5.034375000000000000e+05,1.632000000000000000e+03,-6.960000000000000000e+03
4.178873697916666369e-06,4.252115885416666773e-06,4.392980468750000000e+03,1.023503906250000000e+03,1.000000000000000000e+00,-2.288986956923105276e-01,-2.830312500000000000e+06,2.387000000000000000e+03,3.276700000000000000e+04
4.182942708333333435e-06,4.256184895833333838e-06,4.373003906250000000e+03,1.108488281250000000e+03,1.000000000000000000e+00,-2.482652031393667302e-01,-7.575000000000000000e+05,2.589000000000000000e+03,1.551700000000000000e+04
4.187011718749999653e-06,4.260253906250000057e-06,4.407554687500000000e+03,1.035632812500000000e+03,1.000000000000000000e+00,-2.307922032273568569e-01,6.834375000000000000e+05,2.407000000000000000e+03,-9.257000000000000000e+03
4.191080729166666719e-06,4.264322916666667122e-06,4.636457031250000000e+03,9.755898437500000000e+02,1.000000000000000000e+00,-2.073989962121008390e-01,9.150000000000000000e+05,2.163000000000000000e+03,-1.345300000000000000e+04
4.195149739583332937e-06,4.268391927083333341e-06,4.801285156250000000e+03,8.884570312500000000e+02,1.000000000000000000e+00,-1.829751458549841447e-01,9.553125000000000000e+05,1.908000000000000000e+03,-1.439600000000000000e+04
4.199218750000000003e-06,4.272460937500000407e-06,4.502140625000000000e+03,8.715312500000000000e+02,1.000000000000000000e+00,-1.912202925898694450e-01,-3.225000000000000000e+05,1.994000000000000000e+03,7.498000000000000000e+03
4.203287760416667068e-06,4.276529947916667472e-06,4.618843750000000000e+03,8.669492187500000000e+02,1.000000000000000000e+00,-1.855397699847304294e-01,2.221875000000000000e+05,1.935000000000000000e+03,-1.857000000000000000e+03
4.207356770833333287e-06,4.280598958333333691e-06,4.444578125000000000e+03,6.401914062500000000e+02,1.000000000000000000e+00,-1.430676769201467413e-01,1.661250000000000000e+06,1.492000000000000000e+03,-2.686000000000000000e+04
4.211425781250000352e-06,4.284667968750000756e-06,4.545476562500000000e+03,9.010625000000000000e+02,1.000000000000000000e+00,-1.957023927044728162e-01,-2.058750000000000000e+06,2.041000000000000000e+03,3.276700000000000000e+04
4.215494791666666571e-06,4.288736979166666975e-06,4.371007812500000000e+03,6.293203125000000000e+02,1.000000000000000000e+00,-1.429957715707146082e-01,2.061562500000000000e+06,1.491000000000000000e+03,-3.276800000000000000e+04
4.219563802083333636e-06,4.292805989583334040e-06,4.458949218750000000e+03,8.122539062500000000e+02,1.000000000000000000e+00,-1.801948056769414053e-01,-1.455000000000000000e+06,1.879000000000000000e+03,2.671100000000000000e+04
4.223632812499999855e-06,4.296875000000000259e-06,4.354042968750000000e+03,6.649375000000000000e+02,1.000000000000000000e+00,-1.515285397033284964e-01,1.121250000000000000e+06,1.580000000000000000e+03,-1.755600000000000000e+04
4.227701822916666921e-06,4.300944010416667324e-06,4.520222656250000000e+03,5.315507812500000000e+02,1.000000000000000000e+00,-1.170619088755229936e-01,1.348125000000000000e+06,1.221000000000000000e+03,-2.178700000000000000e+04
4.231770833333333139e-06,4.305013020833333543e-06,4.432949218750000000e+03,5.980156250000000000e+02,1.000000000000000000e+00,-1.340795082411293249e-01,-6.656250000000000000e+05,1.398000000000000000e+03,1.275800000000000000e+04
4.235839843750000205e-06,4.309082031250000609e-06,4.538332031250000000e+03,6.835937500000000000e+02,1.000000000000000000e+00,-1.495151899192285749e-01,-6.037500000000000000e+05,1.559000000000000000e+03,1.186300000000000000e+04
4.239908854166666423e-06,4.313151041666666827e-06,4.470824218750000000e+03,5.888906250000000000e+02,1.000000000000000000e+00,-1.309636097657366216e-01,7.256250000000000000e+05,1.366000000000000000e+03,-1.101800000000000000e+04
4.243977864583333489e-06,4.317220052083333893e-06,4.748871093750000000e+03,4.510703125000000000e+02,1.000000000000000000e+00,-9.469934520212762441e-02,1.418437500000000000e+06,9.870000000000000000e+02,-2.322100000000000000e+04
4.248046874999999707e-06,4.321289062500000111e-06,4.790433593750000000e+03,4.033828125000000000e+02,1.000000000000000000e+00,-8.400941658654956234e-02,4.181250000000000000e+05,8.760000000000000000e+02,-6.260000000000000000e+03
4.252115885416666773e-06,4.325358072916667177e-06,4.782398437500000000e+03,1.667382812500000000e+02,1.000000000000000000e+00,-3.485012602477691179e-02,1.922812500000000000e+06,3.630000000000000000e+02,-3.245300000000000000e+04
4.256184895833332991e-06,4.329427083333333395e-06,4.527914062500000000e+03,5.589843750000000000e+00,1.000000000000000000e+00,-1.246359390157083559e-03,1.314375000000000000e+06,1.300000000000000000e+01,-2.241900000000000000e+04
4.260253906250000057e-06,4.333496093750000461e-06,4.606425781250000000e+03,2.350703125000000000e+02,1.000000000000000000e+00,-5.098089274738685367e-02,-1.945312500000000000e+06,5.310000000000000000e+02,3.276700000000000000e+04
4.264322916666666275e-06,4.337565104166666679e-06,4.622687500000000000e+03,-9.285156250000000000e+00,1.000000000000000000e+00,2.013349784099904144e-03,2.072812500000000000e+06,-2.100000000000000000e+01,-3.276800000000000000e+04
4.268391927083333341e-06,4.341634114583333745e-06,4.507214843750000000e+03,3.985039062500000000e+02,1.000000000000000000e+00,-8.817992685361365768e-02,-3.527812500000000000e+06,9.190000000000000000e+02,3.276700000000000000e+04
4.272460937500000407e-06,4.345703125000000810e-06,4.359906250000000000e+03,2.913398437500000000e+02,1.000000000000000000e+00,-6.672816427302538655e-02,8.390625000000000000e+05,6.960000000000000000e+02,-1.362400000000000000e+04
4.276529947916666625e-06,4.349772135416667029e-06,4.544621093750000000e+03,2.635234375000000000e+02,1.000000000000000000e+00,-5.793174319249366766e-02,3.440625000000000000e+05,6.040000000000000000e+02,-5.268000000000000000e+03
4.280598958333333691e-06,4.353841145833334095e-06,4.497218750000000000e+03,4.192500000000000000e+02,1.000000000000000000e+00,-9.294964836594557522e-02,-1.369687500000000000e+06,9.690000000000000000e+02,2.434500000000000000e+04
4.284667968749999909e-06,4.357910156250000313e-06,4.717082031250000000e+03,8.407304687500000000e+02,1.000000000000000000e+00,-1.763838221570380171e-01,-3.263437500000000000e+06,1.839000000000000000e+03,3.276700000000000000e+04
4.288736979166666975e-06,4.361979166666667379e-06,4.503269531250000000e+03,5.813632812500000000e+02,1.000000000000000000e+00,-1.283989856359903092e-01,1.876875000000000000e+06,1.339000000000000000e+03,-3.069300000000000000e+04
4.292805989583333193e-06,4.366048177083333597e-06,4.714722656250000000e+03,3.000312500000000000e+02,1.000000000000000000e+00,-6.356432889801125197e-02,2.535937500000000000e+06,6.630000000000000000e+02,-3.276800000000000000e+04
4.296875000000000259e-06,4.370117187500000663e-06,4.651847656250000000e+03,4.660000000000000000e+02,1.000000000000000000e+00,-9.985256191143095095e-02,-1.419375000000000000e+06,1.041000000000000000e+03,2.526500000000000000e+04
4.300944010416666477e-06,4.374186197916666881e-06,4.555382812500000000e+03,5.331367187500000000e+02,1.000000000000000000e+00,-1.165106345298765889e-01,-6.515625000000000000e+05,1.215000000000000000e+03,1.233500000000000000e+04
4.305013020833333543e-06,4.378255208333333947e-06,4.572132812500000000e+03,4.341445312500000000e+02,1.000000000000000000e+00,-9.467537675231692262e-02,8.540625000000000000e+05,9.870000000000000000e+02,-1.358900000000000000e+04
4.309082031249999761e-06,4.382324218750000165e-06,4.659859375000000000e+03,4.682773437500000000e+02,1.000000000000000000e+00,-1.001641517589702268e-01,-2.146875000000000000e+05,1.044000000000000000e+03,4.708000000000000000e+03
4.313151041666666827e-06,4.386393229166667231e-06,4.637722656250000000e+03,4.441835937500000000e+02,1.000000000000000000e+00,-9.549030404588115806e-02,1.828125000000000000e+05,9.960000000000000000e+02,-2.124000000000000000e+03
4.317220052083333046e-06,4.390462239583333449e-06,4.815097656250000000e+03,4.066250000000000000e+02,1.000000000000000000e+00,-8.424910108465670511e-02,4.396875000000000000e+05,8.780000000000000000e+02,-6.626000000000000000e+03
4.321289062500000111e-06,4.394531250000000515e-06,4.649824218750000000e+03,4.980859375000000000e+02,1.000000000000000000e+00,-1.067075385572949092e-01,-8.784375000000000000e+05,1.113000000000000000e+03,1.610500000000000000e+04
4.325358072916666330e-06,4.398600260416666734e-06,4.629683593750000000e+03,2.996171875000000000e+02,1.000000000000000000e+00,-6.461894068968263016e-02,1.646250000000000000e+06,6.740000000000000000e+02,-2.742200000000000000e+04
4.329427083333333395e-06,4.402669270833333799e-06,4.600898437500000000e+03,2.482460937500000000e+02,1.000000000000000000e+00,-5.390504362429385937e-02,4.190625000000000000e+05,5.620000000000000000e+02,-6.590000000000000000e+03
4.333496093749999614e-06,4.406738281250000018e-06,4.666933593750000000e+03,1.447968750000000000e+02,1.000000000000000000e+00,-3.101517405506280800e-02,8.953125000000000000e+05,3.230000000000000000e+02,-1.495700000000000000e+04
4.337565104166666679e-06,4.410807291666667083e-06,4.707667968750000000e+03,1.972851562500000000e+02,1.000000000000000000e+00,-4.189685026912657456e-02,-4.256250000000000000e+05,4.370000000000000000e+02,7.701000000000000000e+03
4.341634114583333745e-06,4.414876302083334149e-06,4.688625000000000000e+03,-1.787539062500000000e+02,1.000000000000000000e+00,3.810983519903389516e-02,3.129375000000000000e+06,-3.980000000000000000e+02,-3.276800000000000000e+04
4.345703124999999963e-06,4.418945312500000367e-06,4.630492187500000000e+03,2.138671875000000000e+01,1.000000000000000000e+00,-4.601942363656923510e-03,-1.670625000000000000e+06,4.800000000000000000e+01,2.856000000000000000e+04
4.349772135416667029e-06,4.423014322916667433e-06,4.544480468750000000e+03,-1.819687500000000000e+02,1.000000000000000000e+00,4.002731118389094706e-02,1.745625000000000000e+06,-4.180000000000000000e+02,-3.021000000000000000e+04
4.353841145833333248e-06,4.427083333333333651e-06,4.636886718750000000e+03,-1.115312500000000000e+02,1.000000000000000000e+00,2.404035516014528182e-02,-6.253125000000000000e+05,-2.510000000000000000e+02,1.042100000000000000e+04
4.357910156250000313e-06,4.431152343750000717e-06,4.494312500000000000e+03,-4.270312500000000000e+01,1.000000000000000000e+00,9.491506125042405498e-03,-5.690625000000000000e+05,-9.900000000000000000e+01,9.613000000000000000e+03
4.361979166666666532e-06,4.435221354166666935e-06,4.501617187500000000e+03,3.592187500000000000e+01,1.000000000000000000e+00,-7.981493786967476523e-03,-6.834375000000000000e+05,8.300000000000000000e+01,1.174700000000000000e+04
4.366048177083333597e-06,4.439290364583334001e-06,4.371242187500000000e+03,-6.172656250000000000e+01,1.000000000000000000e+00,1.411741693851004120e-02,8.643750000000000000e+05,-1.480000000000000000e+02,-1.490000000000000000e+04
4.370117187499999816e-06,4.443359375000000220e-06,4.714480468750000000e+03,2.702343750000000000e+01,1.000000000000000000e+00,-5.728459504760440892e-03,-7.762500000000000000e+05,5.900000000000000000e+01,1.330700000000000000e+04
4.374186197916666881e-06,4.447428385416667285e-06,4.590410156250000000e+03,1.745781250000000000e+02,1.000000000000000000e+00,-3.801396139979104638e-02,-1.262812500000000000e+06,3.960000000000000000e+02,2.194800000000000000e+04
4.378255208333333100e-06,4.451497395833333504e-06,4.667683593750000000e+03,1.245117187500000000e+02,1.000000000000000000e+00,-2.667688463932372731e-02,4.434375000000000000e+05,2.780000000000000000e+02,-7.290000000000000000e+03
4.382324218750000165e-06,4.455566406250000569e-06,4.654109375000000000e+03,8.242187500000000000e-01,1.000000000000000000e+00,-1.677791486749920030e-04,1.036875000000000000e+06,1.000000000000000000e+00,-1.769500000000000000e+04
4.386393229166666384e-06,4.459635416666666788e-06,4.832105468750000000e+03,-6.066015625000000000e+01,1.000000000000000000e+00,1.253549925100297391e-02,4.968750000000000000e+05,-1.310000000000000000e+02,-8.611000000000000000e+03
4.390462239583333449e-06,4.463704427083333853e-06,4.781996093750000000e+03,-1.890859375000000000e+02,1.000000000000000000e+00,3.952397373786597362e-02,1.055625000000000000e+06,-4.130000000000000000e+02,-1.842900000000000000e+04
4.394531249999999668e-06,4.467773437500000072e-06,4.697054687500000000e+03,1.042343750000000000e+02,1.000000000000000000e+00,-2.219478452472036997e-02,-2.414062500000000000e+06,2.310000000000000000e+02,3.276700000000000000e+04
4.398600260416666734e-06,4.471842447916667137e-06,4.544609375000000000e+03,-1.749179687500000000e+02,1.000000000000000000e+00,3.846936194619459543e-02,2.372812500000000000e+06,-4.020000000000000000e+02,-3.276800000000000000e+04
4.402669270833332952e-06,4.475911458333333356e-06,4.690648437500000000e+03,-9.341796875000000000e+01,1.000000000000000000e+00,1.991778179270262128e-02,-7.256250000000000000e+05,-2.080000000000000000e+02,1.217600000000000000e+04
4.406738281250000018e-06,4.479980468750000421e-06,4.692855468750000000e+03,-1.436914062500000000e+02,1.000000000000000000e+00,3.060771040828068335e-02,4.181250000000000000e+05,-3.200000000000000000e+02,-7.456000000000000000e+03
4.410807291666667083e-06,4.484049479166667487e-06,4.672902343750000000e+03,-1.375468750000000000e+02,1.000000000000000000e+00,2.943325636755574071e-02,-4.593750000000000000e+04,-3.070000000000000000e+02,4.770000000000000000e+02
4.414876302083333302e-06,4.488118489583333706e-06,4.553585937500000000e+03,1.222656250000000000e+00,1.000000000000000000e+00,-2.636529479178445490e-04,-1.161562500000000000e+06,2.000000000000000000e+00,1.982600000000000000e+04
4.418945312500000367e-06,4.492187500000000771e-06,4.429972656250000000e+03,7.082812500000000000e+01,1.000000000000000000e+00,-1.598695602374566524e-02,-6.150000000000000000e+05,1.660000000000000000e+02,1.066200000000000000e+04
4.423014322916666586e-06,4.496256510416666990e-06,4.477628906250000000e+03,4.282812500000000000e+01,1.000000000000000000e+00,-9.563411474474543816e-03,2.512500000000000000e+05,9.900000000000000000e+01,-4.189000000000000000e+03
4.427083333333333651e-06,4.500325520833334055e-06,4.560199218750000000e+03,2.036875000000000000e+02,1.000000000000000000e+00,-4.462925354754787577e-02,-1.371562500000000000e+06,4.650000000000000000e+02,2.387300000000000000e+04
4.431152343749999870e-06,4.504394531250000274e-06,4.611417968750000000e+03,6.865625000000000000e+01,1.000000000000000000e+00,-1.488440733245286265e-02,1.163437500000000000e+06,1.550000000000000000e+02,-1.970100000000000000e+04
4.435221354166666935e-06,4.508463541666667339e-06,4.731167968750000000e+03,1.768007812500000000e+02,1.000000000000000000e+00,-3.736681325490179284e-02,-8.793750000000000000e+05,3.890000000000000000e+02,1.539700000000000000e+04
4.439290364583333154e-06,4.512532552083333558e-06,4.428835937500000000e+03,1.746953125000000000e+02,1.000000000000000000e+00,-3.942809993862311790e-02,-8.062500000000000000e+04,4.110000000000000000e+02,1.787000000000000000e+03
4.443359375000000220e-06,4.516601562500000623e-06,4.551816406250000000e+03,3.999218750000000000e+01,1.000000000000000000e+00,-8.796421080531724099e-03,1.198125000000000000e+06,9.100000000000000000e+01,-2.035700000000000000e+04
4.447428385416666438e-06,4.520670572916666842e-06,4.588035156250000000e+03,-3.612109375000000000e+01,1.000000000000000000e+00,7.885619987724624275e-03,6.525000000000000000e+05,-8.300000000000000000e+01,-1.121900000000000000e+04
4.451497395833333504e-06,4.524739583333333908e-06,4.747671875000000000e+03,2.514921875000000000e+02,1.000000000000000000e+00,-5.292233718205462123e-02,-2.378437500000000000e+06,5.520000000000000000e+02,3.276700000000000000e+04
4.455566406249999722e-06,4.528808593750000126e-06,4.716332031250000000e+03,3.463671875000000000e+02,1.000000000000000000e+00,-7.329551952116079849e-02,-7.968750000000000000e+05,7.640000000000000000e+02,1.436400000000000000e+04
4.459635416666666788e-06,4.532877604166667192e-06,4.726234375000000000e+03,4.727890625000000000e+02,1.000000000000000000e+00,-9.968478276275596905e-02,-1.032187500000000000e+06,1.039000000000000000e+03,1.865500000000000000e+04
4.463704427083333006e-06,4.536946614583333410e-06,4.751433593750000000e+03,4.801835937500000000e+02,1.000000000000000000e+00,-1.007154261046166316e-01,-4.031250000000000000e+04,1.050000000000000000e+03,1.738000000000000000e+03
4.467773437500000072e-06,4.541015625000000476e-06,4.623191406250000000e+03,7.138945312500000000e+02,1.000000000000000000e+00,-1.532063311900783986e-01,-2.053125000000000000e+06,1.598000000000000000e+03,3.276700000000000000e+04
4.471842447916666290e-06,4.545084635416666694e-06,4.558625000000000000e+03,7.436640625000000000e+02,1.000000000000000000e+00,-1.616911624230708555e-01,-3.318750000000000000e+05,1.686000000000000000e+03,7.350000000000000000e+03
4.475911458333333356e-06,4.549153645833333760e-06,4.590492187500000000e+03,4.629375000000000000e+02,1.000000000000000000e+00,-1.004997100563202045e-01,2.393437500000000000e+06,1.048000000000000000e+03,-3.276800000000000000e+04
4.479980468750000421e-06,4.553222656250000825e-06,4.520585937500000000e+03,4.003515625000000000e+02,1.000000000000000000e+00,-8.832373755247793778e-02,4.762500000000000000e+05,9.210000000000000000e+02,-7.207000000000000000e+03
4.484049479166666640e-06,4.557291666666667044e-06,4.946441406250000000e+03,5.062187500000000000e+02,1.000000000000000000e+00,-1.019857539445844230e-01,-5.343750000000000000e+05,1.063000000000000000e+03,1.018300000000000000e+04
4.488118489583333706e-06,4.561360677083334109e-06,4.619781250000000000e+03,4.899882812500000000e+02,1.000000000000000000e+00,-1.056529267656235310e-01,-1.434375000000000000e+05,1.102000000000000000e+03,3.550000000000000000e+03
4.492187499999999924e-06,4.565429687500000328e-06,4.664738281250000000e+03,4.765976562500000000e+02,1.000000000000000000e+00,-1.018179747959094272e-01,1.500000000000000000e+05,1.062000000000000000e+03,-1.498000000000000000e+03
4.496256510416666990e-06,4.569498697916667394e-06,4.520097656250000000e+03,2.536054687500000000e+02,1.000000000000000000e+00,-5.603823565744733143e-02,1.790625000000000000e+06,5.840000000000000000e+02,-2.997600000000000000e+04
4.500325520833333208e-06,4.573567708333333612e-06,4.432468750000000000e+03,3.798984375000000000e+02,1.000000000000000000e+00,-8.549546047481378086e-02,-1.152187500000000000e+06,8.910000000000000000e+02,2.055500000000000000e+04
4.504394531250000274e-06,4.577636718750000678e-06,4.478882812500000000e+03,7.269882812500000000e+02,1.000000000000000000e+00,-1.609002035793173357e-01,-2.949375000000000000e+06,1.678000000000000000e+03,3.276700000000000000e+04
4.508463541666666492e-06,4.581705729166666896e-06,4.658023437500000000e+03,5.480859375000000000e+02,1.000000000000000000e+00,-1.171338142249551267e-01,1.711875000000000000e+06,1.221000000000000000e+03,-2.799500000000000000e+04
4.512532552083333558e-06,4.585774739583333962e-06,4.461988281250000000e+03,6.423164062500000000e+02,1.000000000000000000e+00,-1.429718031209039064e-01,-1.010625000000000000e+06,1.491000000000000000e+03,1.873900000000000000e+04
4.516601562499999776e-06,4.589843750000000180e-06,4.603097656250000000e+03,4.569960937500000000e+02,1.000000000000000000e+00,-9.896572926843456852e-02,1.721250000000000000e+06,1.032000000000000000e+03,-2.834400000000000000e+04
4.520670572916666842e-06,4.593912760416667246e-06,4.678125000000000000e+03,4.311328125000000000e+02,1.000000000000000000e+00,-9.189503657427419703e-02,2.765625000000000000e+05,9.580000000000000000e+02,-3.762000000000000000e+03
4.524739583333333060e-06,4.597981770833333464e-06,4.579277343750000000e+03,6.343710937500000000e+02,1.000000000000000000e+00,-1.376508072629255841e-01,-1.789687500000000000e+06,1.435000000000000000e+03,3.197900000000000000e+04
4.528808593750000126e-06,4.602050781250000530e-06,4.574941406250000000e+03,5.983046875000000000e+02,1.000000000000000000e+00,-1.300528086729295096e-01,2.971875000000000000e+05,1.356000000000000000e+03,-3.716000000000000000e+03
4.532877604166666345e-06,4.606119791666666748e-06,4.571789062500000000e+03,8.382851562500000000e+02,1.000000000000000000e+00,-1.813452912678556461e-01,-2.006250000000000000e+06,1.891000000000000000e+03,3.276700000000000000e+04
4.536946614583333410e-06,4.610188802083333814e-06,4.675476562500000000e+03,9.252812500000000000e+02,1.000000000000000000e+00,-1.953668344071228247e-01,-5.484375000000000000e+05,2.037000000000000000e+03,1.139700000000000000e+04
4.541015624999999629e-06,4.614257812500000033e-06,4.385781250000000000e+03,7.679453125000000000e+02,1.000000000000000000e+00,-1.733398290310774470e-01,8.615625000000000000e+05,1.808000000000000000e+03,-1.289600000000000000e+04
4.545084635416666694e-06,4.618326822916667098e-06,4.610699218750000000e+03,7.280039062500000000e+02,1.000000000000000000e+00,-1.566098510631996898e-01,6.543750000000000000e+05,1.633000000000000000e+03,-9.535000000000000000e+03
4.549153645833332913e-06,4.622395833333333317e-06,4.530406250000000000e+03,4.983906250000000000e+02,1.000000000000000000e+00,-1.095597840847697818e-01,1.840312500000000000e+06,1.142000000000000000e+03,-3.026600000000000000e+04
4.553222656249999978e-06,4.626464843750000382e-06,4.835843750000000000e+03,6.668632812500000000e+02,1.000000000000000000e+00,-1.370276275678470324e-01,-1.074375000000000000e+06,1.429000000000000000e+03,1.976500000000000000e+04
4.557291666666667044e-06,4.630533854166667448e-06,4.740894531250000000e+03,7.403085937500000000e+02,1.000000000000000000e+00,-1.549080911266390581e-01,-6.993750000000000000e+05,1.615000000000000000e+03,1.355100000000000000e+04
4.561360677083333262e-06,4.634602864583333666e-06,4.531453125000000000e+03,8.952382812500000000e+02,1.000000000000000000e+00,-1.950552445595835627e-01,-1.570312500000000000e+06,2.034000000000000000e+03,2.883400000000000000e+04
4.565429687500000328e-06,4.638671875000000732e-06,4.471523437500000000e+03,1.119203125000000000e+03,1.000000000000000000e+00,-2.452451784632168896e-01,-1.963125000000000000e+06,2.558000000000000000e+03,3.276700000000000000e+04
4.569498697916666547e-06,4.642740885416666950e-06,4.599117187500000000e+03,8.206562500000000000e+02,1.000000000000000000e+00,-1.765755697555237147e-01,2.685937500000000000e+06,1.841000000000000000e+03,-3.276800000000000000e+04
4.573567708333333612e-06,4.646809895833334016e-06,4.607820312500000000e+03,1.041359375000000000e+03,1.000000000000000000e+00,-2.222594350947429687e-01,-1.786875000000000000e+06,2.318000000000000000e+03,3.276700000000000000e+04
4.577636718749999831e-06,4.650878906250000234e-06,4.471078125000000000e+03,9.893398437500000000e+02,1.000000000000000000e+00,-2.177773349801396252e-01,1.753125000000000000e+05,2.271000000000000000e+03,-7.210000000000000000e+02
4.581705729166666896e-06,4.654947916666667300e-06,4.583957031250000000e+03,9.707031250000000000e+02,1.000000000000000000e+00,-2.086693240520686166e-01,3.562500000000000000e+05,2.176000000000000000e+03,-3.904000000000000000e+03
4.585774739583333115e-06,4.659016927083333519e-06,4.656367187500000000e+03,9.030585937500000000e+02,1.000000000000000000e+00,-1.915558508872194365e-01,6.693750000000000000e+05,1.998000000000000000e+03,-9.426000000000000000e+03
4.589843750000000180e-06,4.663085937500000584e-06,4.637726562500000000e+03,8.563554687500000000e+02,1.000000000000000000e+00,-1.825916506580127219e-01,3.506250000000000000e+05,1.904000000000000000e+03,-4.080000000000000000e+03
4.593912760416666399e-06,4.667154947916666803e-06,4.440554687500000000e+03,7.567187500000000000e+02,1.000000000000000000e+00,-1.687858235670419427e-01,5.400000000000000000e+05,1.760000000000000000e+03,-7.456000000000000000e+03
4.597981770833333464e-06,4.671223958333333868e-06,4.705863281250000000e+03,7.064570312500000000e+02,1.000000000000000000e+00,-1.490118524732036154e-01,7.734375000000000000e+05,1.554000000000000000e+03,-1.164600000000000000e+04
4.602050781249999683e-06,4.675292968750000087e-06,4.486898437500000000e+03,9.442695312500000000e+02,1.000000000000000000e+00,-2.074229646619115408e-01,-2.284687500000000000e+06,2.163000000000000000e+03,3.276700000000000000e+04
4.606119791666666748e-06,4.679361979166667152e-06,4.638136718750000000e+03,7.247773437500000000e+02,1.000000000000000000e+00,-1.550279333756926226e-01,2.049375000000000000e+06,1.617000000000000000e+03,-3.276800000000000000e+04
4.610188802083332967e-06,4.683430989583333371e-06,4.543718750000000000e+03,7.568242187500000000e+02,1.000000000000000000e+00,-1.650467453965707154e-01,-3.918750000000000000e+05,1.721000000000000000e+03,8.409000000000000000e+03
4.614257812500000033e-06,4.687500000000000436e-06,4.629054687500000000e+03,6.545781250000000000e+02,1.000000000000000000e+00,-1.404790843405897272e-01,9.609375000000000000e+05,1.465000000000000000e+03,-1.493500000000000000e+04
4.618326822916666251e-06,4.691569010416666655e-06,4.563687500000000000e+03,7.739843750000000000e+02,1.000000000000000000e+00,-1.679948647232884229e-01,-1.076250000000000000e+06,1.752000000000000000e+03,2.012000000000000000e+04
4.622395833333333317e-06,4.695638020833333720e-06,4.478980468750000000e+03,7.482031250000000000e+02,1.000000000000000000e+00,-1.655261143927849732e-01,9.656250000000000000e+04,1.726000000000000000e+03,7.800000000000000000e+01
4.626464843750000382e-06,4.699707031250000786e-06,4.578703125000000000e+03,7.241367187500000000e+02,1.000000000000000000e+00,-1.568495355613068187e-01,3.393750000000000000e+05,1.636000000000000000e+03,-4.156000000000000000e+03
4.630533854166666601e-06,4.703776041666667005e-06,4.562554687500000000e+03,6.727031250000000000e+02,1.000000000000000000e+00,-1.463753229940251699e-01,4.096875000000000000e+05,1.526000000000000000e+03,-5.466000000000000000e+03
4.634602864583333666e-06,4.707845052083334070e-06,4.477238281250000000e+03,5.186679687500000000e+02,1.000000000000000000e+00,-1.153361804891516462e-01,1.214062500000000000e+06,1.203000000000000000e+03,-1.951700000000000000e+04
4.638671874999999885e-06,4.711914062500000289e-06,4.477105468750000000e+03,5.833554687500000000e+02,1.000000000000000000e+00,-1.295734396767152519e-01,-5.568750000000000000e+05,1.351000000000000000e+03,1.085500000000000000e+04
4.642740885416666950e-06,4.715983072916667354e-06,4.659261718750000000e+03,3.776328125000000000e+02,1.000000000000000000e+00,-8.086954966134614342e-02,1.905000000000000000e+06,8.430000000000000000e+02,-3.166900000000000000e+04
4.646809895833333169e-06,4.720052083333333573e-06,4.755285156250000000e+03,4.179921875000000000e+02,1.000000000000000000e+00,-8.767658940758868424e-02,-2.662500000000000000e+05,9.140000000000000000e+02,5.458000000000000000e+03
4.650878906250000234e-06,4.724121093750000638e-06,4.698945312500000000e+03,3.618359375000000000e+02,1.000000000000000000e+00,-7.684285009314634207e-02,4.237500000000000000e+05,8.010000000000000000e+02,-6.431000000000000000e+03
4.654947916666666453e-06,4.728190104166666857e-06,4.824355468750000000e+03,1.815781250000000000e+02,1.000000000000000000e+00,-3.760649775300892173e-02,1.534687500000000000e+06,3.920000000000000000e+02,-2.580000000000000000e+04
4.659016927083333519e-06,4.732259114583333922e-06,4.590625000000000000e+03,3.718945312500000000e+02,1.000000000000000000e+00,-8.084558121153542776e-02,-1.691250000000000000e+06,8.430000000000000000e+02,2.970700000000000000e+04
4.663085937499999737e-06,4.736328125000000141e-06,4.509308593750000000e+03,3.311640625000000000e+02,1.000000000000000000e+00,-7.329551952116079849e-02,2.953125000000000000e+05,7.640000000000000000e+02,-4.276000000000000000e+03
4.667154947916666803e-06,4.740397135416667207e-06,4.511765625000000000e+03,3.983828125000000000e+02,1.000000000000000000e+00,-8.806008460456009324e-02,-5.775000000000000000e+05,9.180000000000000000e+02,1.077400000000000000e+04
4.671223958333333021e-06,4.744466145833333425e-06,4.505972656250000000e+03,2.823984375000000000e+02,1.000000000000000000e+00,-6.258162245577202076e-02,9.965625000000000000e+05,6.520000000000000000e+02,-1.635600000000000000e+04
4.675292968750000087e-06,4.748535156250000491e-06,4.644574218750000000e+03,1.695585937500000000e+02,1.000000000000000000e+00,-3.647998061190540348e-02,1.020937500000000000e+06,3.800000000000000000e+02,-1.704400000000000000e+04
4.679361979166666305e-06,4.752604166666666709e-06,4.692351562500000000e+03,3.460273437500000000e+02,1.000000000000000000e+00,-7.360710936870006049e-02,-1.452187500000000000e+06,7.670000000000000000e+02,2.555100000000000000e+04
4.683430989583333371e-06,4.756673177083333775e-06,4.495687500000000000e+03,4.709335937500000000e+02,1.000000000000000000e+00,-1.043825989256557396e-01,-1.203750000000000000e+06,1.088000000000000000e+03,2.163200000000000000e+04
4.687499999999999589e-06,4.760742187499999993e-06,4.488324218750000000e+03,7.527851562500000000e+02,1.000000000000000000e+00,-1.661732625376742267e-01,-2.416875000000000000e+06,1.733000000000000000e+03,3.276700000000000000e+04
4.691569010416666655e-06,4.764811197916667059e-06,4.529554687500000000e+03,8.350078125000000000e+02,1.000000000000000000e+00,-1.823040292602841617e-01,-6.309375000000000000e+05,1.901000000000000000e+03,1.266900000000000000e+04
4.695638020833333720e-06,4.768880208333334124e-06,4.671992187500000000e+03,8.161015625000000000e+02,1.000000000000000000e+00,-1.729323653842953223e-01,3.665625000000000000e+05,1.803000000000000000e+03,-4.453000000000000000e+03
4.699707031249999939e-06,4.772949218750000343e-06,4.713539062500000000e+03,7.186953125000000000e+02,1.000000000000000000e+00,-1.513128236550320693e-01,8.456250000000000000e+05,1.578000000000000000e+03,-1.285400000000000000e+04
4.703776041666667005e-06,4.777018229166667408e-06,4.985773437500000000e+03,7.460781250000000000e+02,1.000000000000000000e+00,-1.485324834769893576e-01,1.087500000000000000e+05,1.549000000000000000e+03,-3.070000000000000000e+02
4.707845052083333223e-06,4.781087239583333627e-06,4.612394531250000000e+03,6.745429687500000000e+02,1.000000000000000000e+00,-1.452248374031109290e-01,1.293750000000000000e+05,1.514000000000000000e+03,-6.940000000000000000e+02
4.711914062500000289e-06,4.785156250000000693e-06,4.545925781250000000e+03,7.717421875000000000e+02,1.000000000000000000e+00,-1.681626438719634187e-01,-8.971875000000000000e+05,1.754000000000000000e+03,1.706600000000000000e+04
4.715983072916666507e-06,4.789225260416666911e-06,4.355515625000000000e+03,6.587070312500000000e+02,1.000000000000000000e+00,-1.501144011644964249e-01,7.059375000000000000e+05,1.565000000000000000e+03,-1.048300000000000000e+04
4.720052083333333573e-06,4.793294270833333977e-06,4.542359375000000000e+03,4.643867187500000000e+02,1.000000000000000000e+00,-1.018659116955308586e-01,1.887187500000000000e+06,1.062000000000000000e+03,-3.114600000000000000e+04
4.724121093749999791e-06,4.797363281250000195e-06,4.720886718750000000e+03,5.684492187500000000e+02,1.000000000000000000e+00,-1.198422490535657192e-01,-7.031250000000000000e+05,1.250000000000000000e+03,1.325000000000000000e+04
4.728190104166666857e-06,4.801432291666667261e-06,4.414269531250000000e+03,4.256757812500000000e+02,1.000000000000000000e+00,-9.613745219077041160e-02,9.271875000000000000e+05,1.002000000000000000e+03,-1.482200000000000000e+04
4.732259114583333075e-06,4.805501302083333479e-06,4.631902343750000000e+03,7.901640625000000000e+02,1.000000000000000000e+00,-1.689536027157169384e-01,-2.848125000000000000e+06,1.762000000000000000e+03,3.276700000000000000e+04
4.736328125000000141e-06,4.809570312500000545e-06,4.493179687500000000e+03,1.019132812500000000e+03,1.000000000000000000e+00,-2.230264254886857866e-01,-2.115000000000000000e+06,2.326000000000000000e+03,3.276700000000000000e+04
4.740397135416666359e-06,4.813639322916666763e-06,4.645523437500000000e+03,8.363515625000000000e+02,1.000000000000000000e+00,-1.781335189932200802e-01,1.755937500000000000e+06,1.858000000000000000e+03,-2.811000000000000000e+04
4.744466145833333425e-06,4.817708333333333829e-06,4.578265625000000000e+03,7.625898437500000000e+02,1.000000000000000000e+00,-1.650707138463814172e-01,5.109375000000000000e+05,1.721000000000000000e+03,-6.999000000000000000e+03
4.748535156249999644e-06,4.821777343750000047e-06,4.486179687500000000e+03,8.295859375000000000e+02,1.000000000000000000e+00,-1.828553036059305803e-01,-6.956250000000000000e+05,1.907000000000000000e+03,1.377900000000000000e+04
4.752604166666666709e-06,4.825846354166667113e-06,4.716992187500000000e+03,1.048191406250000000e+03,1.000000000000000000e+00,-2.186641676231360076e-01,-1.400625000000000000e+06,2.280000000000000000e+03,2.618400000000000000e+04
4.756673177083332928e-06,4.829915364583333332e-06,4.632042968750000000e+03,9.427851562500000000e+02,1.000000000000000000e+00,-2.007837040643440096e-01,6.993750000000000000e+05,2.094000000000000000e+03,-9.842000000000000000e+03
4.760742187499999993e-06,4.833984375000000397e-06,4.559812500000000000e+03,9.028984375000000000e+02,1.000000000000000000e+00,-1.954866766561763891e-01,2.071875000000000000e+05,2.039000000000000000e+03,-1.497000000000000000e+03
4.764811197916667059e-06,4.838053385416667463e-06,4.506953125000000000e+03,7.046367187500000000e+02,1.000000000000000000e+00,-1.550998387251247557e-01,1.579687500000000000e+06,1.617000000000000000e+03,-2.534300000000000000e+04
4.768880208333333277e-06,4.842122395833333681e-06,4.659070312500000000e+03,6.791289062500000000e+02,1.000000000000000000e+00,-1.447454684068966713e-01,4.050000000000000000e+05,1.509000000000000000e+03,-5.403000000000000000e+03
4.772949218750000343e-06,4.846191406250000747e-06,4.550125000000000000e+03,8.573437500000000000e+02,1.000000000000000000e+00,-1.862348550292411142e-01,-1.622812500000000000e+06,1.942000000000000000e+03,2.963800000000000000e+04
4.777018229166666561e-06,4.850260416666666965e-06,4.591625000000000000e+03,8.894179687500000000e+02,1.000000000000000000e+00,-1.913401348389230094e-01,-1.996875000000000000e+05,1.995000000000000000e+03,5.403000000000000000e+03
4.781087239583333627e-06,4.854329427083334031e-06,4.493265625000000000e+03,1.004035156250000000e+03,1.000000000000000000e+00,-2.198386216638609503e-01,-1.114687500000000000e+06,2.293000000000000000e+03,2.131700000000000000e+04
4.785156249999999846e-06,4.858398437500000249e-06,4.570203125000000000e+03,9.314843750000000000e+02,1.000000000000000000e+00,-2.010713254620725698e-01,7.340625000000000000e+05,2.097000000000000000e+03,-1.043100000000000000e+04
4.789225260416666911e-06,4.862467447916667315e-06,4.754054687500000000e+03,9.757304687500000000e+02,1.000000000000000000e+00,-2.024135586514725083e-01,-5.250000000000000000e+04,2.111000000000000000e+03,3.007000000000000000e+03
4.793294270833333130e-06,4.866536458333333533e-06,4.435121093750000000e+03,6.397187500000000000e+02,1.000000000000000000e+00,-1.432594245186324666e-01,2.313750000000000000e+06,1.494000000000000000e+03,-3.276800000000000000e+04
4.797363281250000195e-06,4.870605468750000599e-06,4.667882812500000000e+03,5.368750000000000000e+02,1.000000000000000000e+00,-1.145212531955873969e-01,1.124062500000000000e+06,1.194000000000000000e+03,-1.799000000000000000e+04
4.801432291666666414e-06,4.874674479166666818e-06,4.807726562500000000e+03,3.983750000000000000e+02,1.000000000000000000e+00,-8.266718339714963781e-02,1.245937500000000000e+06,8.620000000000000000e+02,-2.040200000000000000e+04
4.805501302083333479e-06,4.878743489583333883e-06,4.666332031250000000e+03,4.867226562500000000e+02,1.000000000000000000e+00,-1.039271983792521836e-01,-8.315625000000000000e+05,1.084000000000000000e+03,1.527600000000000000e+04
4.809570312499999698e-06,4.882812500000000102e-06,4.415921875000000000e+03,1.838046875000000000e+02,1.000000000000000000e+00,-4.160922887139801435e-02,2.437500000000000000e+06,4.340000000000000000e+02,-3.276800000000000000e+04
4.813639322916666763e-06,4.886881510416667167e-06,4.570660156250000000e+03,3.571875000000000000e+01,1.000000000000000000e+00,-7.813714638292484221e-03,1.321875000000000000e+06,8.100000000000000000e+01,-2.247900000000000000e+04
4.817708333333332982e-06,4.890950520833333386e-06,4.458156250000000000e+03,-1.292812500000000000e+02,1.000000000000000000e+00,2.900182427096290386e-02,1.440000000000000000e+06,-3.030000000000000000e+02,-2.487900000000000000e+04
4.821777343750000047e-06,4.895019531250000451e-06,4.332195312500000000e+03,6.830078125000000000e+01,1.000000000000000000e+00,-1.577123997544924855e-02,-1.751250000000000000e+06,1.640000000000000000e+02,3.005200000000000000e+04
4.825846354166666266e-06,4.899088541666666670e-06,4.428332031250000000e+03,-1.104062500000000000e+02,1.000000000000000000e+00,2.492718780314166771e-02,1.591875000000000000e+06,-2.600000000000000000e+02,-2.742800000000000000e+04
4.829915364583333332e-06,4.903157552083333735e-06,4.657863281250000000e+03,1.062460937500000000e+02,1.000000000000000000e+00,-2.279399576998819912e-02,-1.866562500000000000e+06,2.370000000000000000e+02,3.209300000000000000e+04
4.833984375000000397e-06,4.907226562500000801e-06,4.472304687500000000e+03,1.805664062500000000e+02,1.000000000000000000e+00,-4.033890103143022293e-02,-6.862500000000000000e+05,4.200000000000000000e+02,1.213200000000000000e+04
4.838053385416666616e-06,4.911295572916667019e-06,4.669121093750000000e+03,2.185273437500000000e+02,1.000000000000000000e+00,-4.676244558070134089e-02,-2.512500000000000000e+05,4.870000000000000000e+02,4.775000000000000000e+03
4.842122395833333681e-06,4.915364583333334085e-06,4.620535156250000000e+03,3.648359375000000000e+02,1.000000000000000000e+00,-7.878429452781410269e-02,-1.252500000000000000e+06,8.210000000000000000e+02,2.219700000000000000e+04
4.846191406249999900e-06,4.919433593750000304e-06,4.504132812500000000e+03,3.982460937500000000e+02,1.000000000000000000e+00,-8.817992685361365768e-02,-3.675000000000000000e+05,9.190000000000000000e+02,7.191000000000000000e+03
4.850260416666666965e-06,4.923502604166667369e-06,4.661347656250000000e+03,2.382695312500000000e+02,1.000000000000000000e+00,-5.107676654662970939e-02,1.451250000000000000e+06,5.320000000000000000e+02,-2.423600000000000000e+04
4.854329427083333184e-06,4.927571614583333588e-06,4.485890625000000000e+03,1.246171875000000000e+02,1.000000000000000000e+00,-2.777943333061653336e-02,9.112500000000000000e+05,2.890000000000000000e+02,-1.526300000000000000e+04
4.858398437500000249e-06,4.931640625000000653e-06,4.719136718750000000e+03,1.179804687500000000e+02,1.000000000000000000e+00,-2.499909315257380776e-02,1.087500000000000000e+05,2.600000000000000000e+02,-1.596000000000000000e+03
4.862467447916666468e-06,4.935709635416666872e-06,4.827089843750000000e+03,3.426015625000000000e+02,1.000000000000000000e+00,-7.085073764046805056e-02,-1.793437500000000000e+06,7.390000000000000000e+02,3.134700000000000000e+04
4.866536458333333533e-06,4.939778645833333937e-06,4.368097656250000000e+03,2.059453125000000000e+02,1.000000000000000000e+00,-4.709800387805132549e-02,9.290625000000000000e+05,4.910000000000000000e+02,-1.536500000000000000e+04
4.870605468749999752e-06,4.943847656250000156e-06,4.448343750000000000e+03,2.376328125000000000e+02,1.000000000000000000e+00,-5.337773772845817027e-02,-2.456250000000000000e+05,5.560000000000000000e+02,4.748000000000000000e+03
4.874674479166666818e-06,4.947916666666667221e-06,4.552437500000000000e+03,2.248359375000000000e+02,1.000000000000000000e+00,-4.935103816025836199e-02,1.575000000000000000e+05,5.140000000000000000e+02,-2.174000000000000000e+03
4.878743489583333036e-06,4.951985677083333440e-06,4.714972656250000000e+03,5.433398437500000000e+02,1.000000000000000000e+00,-1.147369692438838101e-01,-2.557500000000000000e+06,1.196000000000000000e+03,3.276700000000000000e+04
4.882812500000000102e-06,4.956054687500000506e-06,4.517355468750000000e+03,4.883984375000000000e+01,1.000000000000000000e+00,-1.080977086463162824e-02,4.065000000000000000e+06,1.120000000000000000e+02,-3.276800000000000000e+04
4.886881510416666320e-06,4.960123697916666724e-06,4.544296875000000000e+03,1.414531250000000000e+02,1.000000000000000000e+00,-3.111104785430566025e-02,-7.940625000000000000e+05,3.240000000000000000e+02,1.387600000000000000e+04
4.890950520833333386e-06,4.964192708333333790e-06,4.670371093750000000e+03,2.165234375000000000e+02,1.000000000000000000e+00,-4.633101348410850751e-02,-5.953125000000000000e+05,4.830000000000000000e+02,1.064300000000000000e+04
4.895019531249999604e-06,4.968261718750000008e-06,4.568792968750000000e+03,3.371289062500000000e+02,1.000000000000000000e+00,-7.365504626832149182e-02,-1.068750000000000000e+06,7.680000000000000000e+02,1.900800000000000000e+04
4.899088541666666670e-06,4.972330729166667074e-06,4.614589843750000000e+03,1.568867187500000000e+02,1.000000000000000000e+00,-3.398726183159123809e-02,1.551562500000000000e+06,3.540000000000000000e+02,-2.612600000000000000e+04
4.903157552083333735e-06,4.976399739583334139e-06,4.696398437500000000e+03,-2.723437500000000000e+01,1.000000000000000000e+00,5.800364854192580945e-03,1.556250000000000000e+06,-6.100000000000000000e+01,-2.662100000000000000e+04
4.907226562499999954e-06,4.980468750000000358e-06,4.753464843750000000e+03,1.064843750000000000e+01,1.000000000000000000e+00,-2.229065832396322135e-03,-3.140625000000000000e+05,2.300000000000000000e+01,5.383000000000000000e+03
4.911295572916667019e-06,4.984537760416667423e-06,4.669796875000000000e+03,4.876953125000000000e+01,1.000000000000000000e+00,-1.045024411747092971e-02,-3.215625000000000000e+05,1.090000000000000000e+02,5.597000000000000000e+03
4.915364583333333238e-06,4.988606770833333642e-06,4.898589843750000000e+03,-2.214843750000000000e+02,1.000000000000000000e+00,4.518052789319427359e-02,2.175937500000000000e+06,-4.720000000000000000e+02,-3.276800000000000000e+04
4.919433593750000304e-06,4.992675781250000707e-06,4.560242187500000000e+03,-7.616796875000000000e+01,1.000000000000000000e+00,1.670600951806706230e-02,-1.113750000000000000e+06,-1.750000000000000000e+02,1.883300000000000000e+04
4.923502604166666522e-06,4.996744791666666926e-06,4.737144531250000000e+03,-2.946718750000000000e+02,1.000000000000000000e+00,6.212622190936846478e-02,1.776562500000000000e+06,-6.480000000000000000e+02,-3.096800000000000000e+04
4.927571614583333588e-06,5.000813802083333992e-06,4.741792968750000000e+03,-2.405156250000000000e+02,1.000000000000000000e+00,5.066930289984758473e-02,-4.481250000000000000e+05,-5.290000000000000000e+02,7.119000000000000000e+03
4.931640624999999806e-06,5.004882812500000210e-06,4.507132812500000000e+03,-3.734375000000000000e+00,1.000000000000000000e+00,8.388957433749599877e-04,-1.949062500000000000e+06,-9.000000000000000000e+00,3.276700000000000000e+04
4.935709635416666872e-06,5.008951822916667276e-06,4.584789062500000000e+03,7.937500000000000000e+00,1.000000000000000000e+00,-1.725728386371346316e-03,-1.003125000000000000e+05,1.800000000000000000e+01,1.730000000000000000e+03
4.939778645833333090e-06,5.013020833333333494e-06,4.540324218750000000e+03,-4.964843750000000000e+00,1.000000000000000000e+00,1.078580241482091475e-03,1.096875000000000000e+05,-1.200000000000000000e+01,-1.884000000000000000e+03
4.943847656250000156e-06,5.017089843750000560e-06,4.720796875000000000e+03,-8.720312500000000000e+01,1.000000000000000000e+00,1.845570635424912190e-02,6.796875000000000000e+05,-1.930000000000000000e+02,-1.179300000000000000e+04
4.947916666666666374e-06,5.021158854166666778e-06,4.568375000000000000e+03,1.876445312500000000e+02,1.000000000000000000e+00,-4.105795452575161653e-02,-2.327812500000000000e+06,4.280000000000000000e+02,3.276700000000000000e+04
4.951985677083333440e-06,5.025227864583333844e-06,4.463480468750000000e+03,2.389609375000000000e+02,1.000000000000000000e+00,-5.347361152770102599e-02,-4.856250000000000000e+05,5.570000000000000000e+02,8.845000000000000000e+03
4.956054687499999658e-06,5.029296875000000062e-06,4.779984375000000000e+03,1.335312500000000000e+02,1.000000000000000000e+00,-2.792324402948081347e-02,9.993750000000000000e+05,2.910000000000000000e+02,-1.676500000000000000e+04
4.960123697916666724e-06,5.033365885416667128e-06,4.764562500000000000e+03,2.335507812500000000e+02,1.000000000000000000e+00,-4.899151141309766172e-02,-8.240625000000000000e+05,5.110000000000000000e+02,1.457500000000000000e+04
4.964192708333332943e-06,5.037434895833333346e-06,4.714128906250000000e+03,2.288984375000000000e+02,1.000000000000000000e+00,-4.853611086669411268e-02,1.781250000000000000e+04,5.060000000000000000e+02,2.020000000000000000e+02
4.968261718750000008e-06,5.041503906250000412e-06,4.592234375000000000e+03,2.956562500000000000e+02,1.000000000000000000e+00,-6.428338239233265250e-02,-6.159375000000000000e+05,6.700000000000000000e+02,1.118200000000000000e+04
4.972330729166667074e-06,5.045572916666667478e-06,4.690992187500000000e+03,2.716445312500000000e+02,1.000000000000000000e+00,-5.783586939325081194e-02,2.521875000000000000e+05,6.030000000000000000e+02,-3.701000000000000000e+03
4.976399739583333292e-06,5.049641927083333696e-06,4.566488281250000000e+03,3.492343750000000000e+02,1.000000000000000000e+00,-7.633951264712135476e-02,-7.237500000000000000e+05,7.960000000000000000e+02,1.314800000000000000e+04
4.980468750000000358e-06,5.053710937500000762e-06,4.618535156250000000e+03,4.008906250000000000e+02,1.000000000000000000e+00,-8.659800916610659038e-02,-4.012500000000000000e+05,9.030000000000000000e+02,7.751000000000000000e+03
4.984537760416666576e-06,5.057779947916666980e-06,4.407875000000000000e+03,4.833281250000000000e+02,1.000000000000000000e+00,-1.092242257874197903e-01,-8.850000000000000000e+05,1.139000000000000000e+03,1.624300000000000000e+04
4.988606770833333642e-06,5.061848958333334046e-06,4.436890625000000000e+03,4.753789062500000000e+02,1.000000000000000000e+00,-1.067315070071056249e-01,9.750000000000000000e+04,1.113000000000000000e+03,-5.510000000000000000e+02
4.992675781249999860e-06,5.065917968750000264e-06,4.614402343750000000e+03,5.762539062500000000e+02,1.000000000000000000e+00,-1.242524438187369296e-01,-6.853125000000000000e+05,1.296000000000000000e+03,1.299200000000000000e+04
4.996744791666666926e-06,5.069986979166667330e-06,4.566195312500000000e+03,7.603593750000000000e+02,1.000000000000000000e+00,-1.650227769467599859e-01,-1.594687500000000000e+06,1.721000000000000000e+03,2.893700000000000000e+04
5.000813802083333145e-06,5.074055989583333548e-06,4.529066406250000000e+03,5.493828125000000000e+02,1.000000000000000000e+00,-1.207051132467513860e-01,1.733437500000000000e+06,1.259000000000000000e+03,-2.832500000000000000e+04
5.004882812500000210e-06,5.078125000000000614e-06,4.885781250000000000e+03,3.619648437500000000e+02,1.000000000000000000e+00,-7.394266766605005203e-02,1.829062500000000000e+06,7.710000000000000000e+02,-3.044500000000000000e+04
5.008951822916666429e-06,5.082194010416666832e-06,4.724312500000000000e+03,4.032695312500000000e+02,1.000000000000000000e+00,-8.515990217746380320e-02,-4.387500000000000000e+05,8.880000000000000000e+02,8.376000000000000000e+03
5.013020833333333494e-06,5.086263020833333898e-06,4.827578125000000000e+03,2.217421875000000000e+02,1.000000000000000000e+00,-4.589958138751566719e-02,1.535625000000000000e+06,4.780000000000000000e+02,-2.573000000000000000e+04
5.017089843749999713e-06,5.090332031250000117e-06,4.595871093750000000e+03,3.633007812500000000e+02,1.000000000000000000e+00,-7.888016832705695147e-02,-1.290000000000000000e+06,8.220000000000000000e+02,2.283800000000000000e+04
5.021158854166666778e-06,5.094401041666667182e-06,4.690378906250000000e+03,1.925937500000000000e+02,1.000000000000000000e+00,-4.103398607594090086e-02,1.480312500000000000e+06,4.280000000000000000e+02,-2.483600000000000000e+04
5.025227864583332997e-06,5.098470052083333401e-06,4.585355468750000000e+03,1.817812500000000000e+02,1.000000000000000000e+00,-3.961984753710882240e-02,5.531250000000000000e+04,4.130000000000000000e+02,-5.310000000000000000e+02
5.029296875000000062e-06,5.102539062500000466e-06,4.501062500000000000e+03,-7.099609375000000000e+01,1.000000000000000000e+00,1.577123997544924855e-02,2.166562500000000000e+06,-1.650000000000000000e+02,-3.276800000000000000e+04
5.033365885416666281e-06,5.106608072916666685e-06,4.364902343750000000e+03,-2.550781250000000000e+01,1.000000000000000000e+00,5.848301753814007069e-03,-3.881250000000000000e+05,-6.100000000000000000e+01,6.563000000000000000e+03
5.037434895833333346e-06,5.110677083333333750e-06,4.498550781250000000e+03,2.277617187500000000e+02,1.000000000000000000e+00,-5.057342910060472901e-02,-2.206875000000000000e+06,5.270000000000000000e+02,3.276700000000000000e+04
5.041503906250000412e-06,5.114746093750000816e-06,4.660925781250000000e+03,4.462304687500000000e+02,1.000000000000000000e+00,-9.544236714625974061e-02,-1.755000000000000000e+06,9.950000000000000000e+02,3.094700000000000000e+04
5.045572916666666631e-06,5.118815104166667034e-06,4.570312500000000000e+03,7.466523437500000000e+02,1.000000000000000000e+00,-1.619548153709887139e-01,-2.601562500000000000e+06,1.689000000000000000e+03,3.276700000000000000e+04
5.049641927083333696e-06,5.122884114583334100e-06,4.498347656250000000e+03,4.145429687500000000e+02,1.000000000000000000e+00,-9.189503657427419703e-02,2.740312500000000000e+06,9.580000000000000000e+02,-3.276800000000000000e+04
5.053710937499999915e-06,5.126953125000000318e-06,4.854738281250000000e+03,6.634492187500000000e+02,1.000000000000000000e+00,-1.358292050773113879e-01,-1.718437500000000000e+06,1.416000000000000000e+03,3.074400000000000000e+04
5.057779947916666980e-06,5.131022135416667384e-06,4.685097656250000000e+03,3.612460937500000000e+02,1.000000000000000000e+00,-7.693872389238919085e-02,2.303437500000000000e+06,8.020000000000000000e+02,-3.276800000000000000e+04
5.061848958333333199e-06,5.135091145833333603e-06,4.817828125000000000e+03,1.815429687500000000e+02,1.000000000000000000e+00,-3.765443465263034611e-02,1.536562500000000000e+06,3.920000000000000000e+02,-2.583200000000000000e+04
5.065917968750000264e-06,5.139160156250000668e-06,4.623421875000000000e+03,-1.082695312500000000e+02,1.000000000000000000e+00,2.341717546506674047e-02,2.388750000000000000e+06,-2.450000000000000000e+02,-3.276800000000000000e+04
5.069986979166666483e-06,5.143229166666666887e-06,4.784683593750000000e+03,-1.054179687500000000e+02,1.000000000000000000e+00,2.202700537604537767e-02,-5.437500000000000000e+04,-2.300000000000000000e+02,6.980000000000000000e+02
5.074055989583333548e-06,5.147298177083333952e-06,4.741738281250000000e+03,-7.461718750000000000e+01,1.000000000000000000e+00,1.572330307582782069e-02,-2.465625000000000000e+05,-1.640000000000000000e+02,4.044000000000000000e+03
5.078124999999999767e-06,5.151367187500000171e-06,4.551804687500000000e+03,2.211054687500000000e+02,1.000000000000000000e+00,-4.853611086669411268e-02,-2.513437500000000000e+06,5.060000000000000000e+02,3.276700000000000000e+04
5.082194010416666832e-06,5.155436197916667236e-06,4.453851562500000000e+03,1.032460937500000000e+02,1.000000000000000000e+00,-2.317749096695960812e-02,9.918750000000000000e+05,2.410000000000000000e+02,-1.668700000000000000e+04
5.086263020833333051e-06,5.159505208333333455e-06,4.394792968750000000e+03,8.921093750000000000e+01,1.000000000000000000e+00,-2.030127698967403374e-02,1.125000000000000000e+05,2.110000000000000000e+02,-1.709000000000000000e+03
5.090332031250000117e-06,5.163574218750000520e-06,4.467921875000000000e+03,1.182070312500000000e+02,1.000000000000000000e+00,-2.643720014121659842e-02,-2.400000000000000000e+05,2.750000000000000000e+02,4.371000000000000000e+03
5.094401041666666335e-06,5.167643229166666739e-06,4.581515625000000000e+03,5.900273437500000000e+02,1.000000000000000000e+00,-1.280634273386403177e-01,-3.975000000000000000e+06,1.335000000000000000e+03,3.276700000000000000e+04
5.098470052083333401e-06,5.171712239583333805e-06,4.459593750000000000e+03,7.921835937500000000e+02,1.000000000000000000e+00,-1.758085793615808967e-01,-1.867500000000000000e+06,1.833000000000000000e+03,3.276700000000000000e+04
5.102539062499999619e-06,5.175781250000000023e-06,4.674855468750000000e+03,8.412187500000000000e+02,1.000000000000000000e+00,-1.780376451939772176e-01,-8.718750000000000000e+04,1.857000000000000000e+03,3.345000000000000000e+03
5.106608072916666685e-06,5.179850260416667089e-06,4.707109375000000000e+03,6.060625000000000000e+02,1.000000000000000000e+00,-1.280394588888296159e-01,1.955625000000000000e+06,1.335000000000000000e+03,-3.204100000000000000e+04
5.110677083333333750e-06,5.183919270833334154e-06,4.775757812500000000e+03,2.233242187500000000e+02,1.000000000000000000e+00,-4.671450868107991650e-02,3.180937500000000000e+06,4.870000000000000000e+02,-3.276800000000000000e+04
5.114746093749999969e-06,5.187988281250000373e-06,4.806679687500000000e+03,3.367968750000000000e+01,1.000000000000000000e+00,-6.998787344728237513e-03,1.553437500000000000e+06,7.300000000000000000e+01,-2.643900000000000000e+04
5.118815104166667034e-06,5.192057291666667438e-06,4.645941406250000000e+03,3.102304687500000000e+02,1.000000000000000000e+00,-6.668022737340396910e-02,-2.334375000000000000e+06,6.950000000000000000e+02,3.276700000000000000e+04
5.122884114583333253e-06,5.196126302083333657e-06,4.502207031250000000e+03,2.738906250000000000e+02,1.000000000000000000e+00,-6.076002027015781765e-02,2.315625000000000000e+05,6.330000000000000000e+02,-3.319000000000000000e+03
5.126953125000000318e-06,5.200195312500000722e-06,4.507843750000000000e+03,1.179492187500000000e+02,1.000000000000000000e+00,-2.614957874348803821e-02,1.353750000000000000e+06,2.720000000000000000e+02,-2.283200000000000000e+04
5.131022135416666537e-06,5.204264322916666941e-06,4.726742187500000000e+03,2.109531250000000000e+02,1.000000000000000000e+00,-4.460528509773716010e-02,-7.218750000000000000e+05,4.650000000000000000e+02,1.278500000000000000e+04
5.135091145833333603e-06,5.208333333333334006e-06,4.524843750000000000e+03,2.837265625000000000e+02,1.000000000000000000e+00,-6.262955935539343821e-02,-7.050000000000000000e+05,6.530000000000000000e+02,1.268500000000000000e+04
5.139160156249999821e-06,5.212402343750000225e-06,4.420886718750000000e+03,6.611640625000000000e+02,1.000000000000000000e+00,-1.484605781275571967e-01,-3.357187500000000000e+06,1.548000000000000000e+03,3.276700000000000000e+04
5.143229166666666887e-06,5.216471354166667291e-06,4.331332031250000000e+03,7.080039062500000000e+02,1.000000000000000000e+00,-1.620267207204208471e-01,-5.306250000000000000e+05,1.690000000000000000e+03,1.074600000000000000e+04
5.147298177083333105e-06,5.220540364583333509e-06,4.498566406250000000e+03,5.548085937500000000e+02,1.000000000000000000e+00,-1.227184630308512936e-01,1.537500000000000000e+06,1.280000000000000000e+03,-2.496000000000000000e+04
5.151367187500000171e-06,5.224609375000000575e-06,4.511171875000000000e+03,7.262070312500000000e+02,1.000000000000000000e+00,-1.596059072895388287e-01,-1.442812500000000000e+06,1.664000000000000000e+03,2.628800000000000000e+04
5.155436197916666389e-06,5.228678385416666793e-06,4.702593750000000000e+03,4.593125000000000000e+02,1.000000000000000000e+00,-9.735984313111678556e-02,2.434687500000000000e+06,1.015000000000000000e+03,-3.276800000000000000e+04
5.159505208333333455e-06,5.232747395833333859e-06,4.517457031250000000e+03,4.639335937500000000e+02,1.000000000000000000e+00,-1.023452806917451163e-01,-1.950000000000000000e+05,1.067000000000000000e+03,4.395000000000000000e+03
5.163574218749999673e-06,5.236816406250000077e-06,4.800960937500000000e+03,3.166640625000000000e+02,1.000000000000000000e+00,-6.586530007983971979e-02,1.426875000000000000e+06,6.870000000000000000e+02,-2.366500000000000000e+04
5.167643229166666739e-06,5.240885416666667143e-06,4.818347656250000000e+03,5.527539062500000000e+02,1.000000000000000000e+00,-1.142096633480481210e-01,-1.890937500000000000e+06,1.191000000000000000e+03,3.276700000000000000e+04
5.171712239583332957e-06,5.244954427083333361e-06,4.656234375000000000e+03,6.489179687500000000e+02,1.000000000000000000e+00,-1.384897030063005352e-01,-9.496875000000000000e+05,1.444000000000000000e+03,1.765200000000000000e+04
5.175781250000000023e-06,5.249023437500000427e-06,4.652492187500000000e+03,5.049882812500000000e+02,1.000000000000000000e+00,-1.081216770961269946e-01,1.187812500000000000e+06,1.127000000000000000e+03,-1.914500000000000000e+04
5.179850260416667089e-06,5.253092447916667492e-06,4.567820312500000000e+03,3.962226562500000000e+02,1.000000000000000000e+00,-8.652610381667444339e-02,8.446875000000000000e+05,9.020000000000000000e+02,-1.351400000000000000e+04
5.183919270833333307e-06,5.257161458333333711e-06,4.625066406250000000e+03,9.205585937500000000e+02,1.000000000000000000e+00,-1.964693830984156342e-01,-4.300312500000000000e+06,2.049000000000000000e+03,3.276700000000000000e+04
5.187988281250000373e-06,5.261230468750000777e-06,4.648746093750000000e+03,7.550195312500000000e+02,1.000000000000000000e+00,-1.610200458283709002e-01,1.386562500000000000e+06,1.679000000000000000e+03,-2.198500000000000000e+04
5.192057291666666591e-06,5.265299479166666995e-06,4.274179687500000000e+03,6.203007812500000000e+02,1.000000000000000000e+00,-1.441222887118181195e-01,6.609375000000000000e+05,1.503000000000000000e+03,-9.777000000000000000e+03
5.196126302083333657e-06,5.269368489583334061e-06,4.559285156250000000e+03,9.048359375000000000e+02,1.000000000000000000e+00,-1.959181087527692433e-01,-2.025937500000000000e+06,2.043000000000000000e+03,3.276700000000000000e+04
5.200195312499999875e-06,5.273437500000000279e-06,4.505550781250000000e+03,7.030703125000000000e+02,1.000000000000000000e+00,-1.547882488775854659e-01,1.608750000000000000e+06,1.614000000000000000e+03,-2.584200000000000000e+04
5.204264322916666941e-06,5.277506510416667345e-06,4.614195312500000000e+03,8.606250000000000000e+02,1.000000000000000000e+00,-1.844132528436269181e-01,-1.158750000000000000e+06,1.923000000000000000e+03,2.169900000000000000e+04
5.208333333333333159e-06,5.281575520833333563e-06,4.380156250000000000e+03,8.872929687500000000e+02,1.000000000000000000e+00,-1.998729029715368977e-01,-6.046875000000000000e+05,2.084000000000000000e+03,1.240400000000000000e+04
5.212402343750000225e-06,5.285644531250000629e-06,4.540710937500000000e+03,7.753164062500000000e+02,1.000000000000000000e+00,-1.691213818643919342e-01,1.202812500000000000e+06,1.764000000000000000e+03,-1.876400000000000000e+04
5.216471354166666444e-06,5.289713541666666847e-06,4.627289062500000000e+03,9.062773437500000000e+02,1.000000000000000000e+00,-1.934014215226443623e-01,-9.496875000000000000e+05,2.017000000000000000e+03,1.822500000000000000e+04
5.220540364583333509e-06,5.293782552083333913e-06,4.741378906250000000e+03,6.019101562500000000e+02,1.000000000000000000e+00,-1.262657936028368511e-01,2.625937500000000000e+06,1.317000000000000000e+03,-3.276800000000000000e+04
5.224609374999999728e-06,5.297851562500000131e-06,4.587062500000000000e+03,7.395429687500000000e+02,1.000000000000000000e+00,-1.598455917876459575e-01,-1.313437500000000000e+06,1.667000000000000000e+03,2.408300000000000000e+04
5.228678385416666793e-06,5.301920572916667197e-06,4.561867187500000000e+03,5.668046875000000000e+02,1.000000000000000000e+00,-1.236292641236583917e-01,1.416562500000000000e+06,1.289000000000000000e+03,-2.288700000000000000e+04
5.232747395833333012e-06,5.305989583333333416e-06,4.611984375000000000e+03,5.275742187500000000e+02,1.000000000000000000e+00,-1.138980735005088590e-01,3.806250000000000000e+05,1.188000000000000000e+03,-5.308000000000000000e+03
5.236816406250000077e-06,5.310058593750000481e-06,4.558621093750000000e+03,6.726093750000000000e+02,1.000000000000000000e+00,-1.464951652430787343e-01,-1.275000000000000000e+06,1.528000000000000000e+03,2.328800000000000000e+04
5.240885416666666296e-06,5.314127604166666700e-06,4.663191406250000000e+03,6.752578125000000000e+02,1.000000000000000000e+00,-1.438106988642788575e-01,1.050000000000000000e+05,1.500000000000000000e+03,-2.920000000000000000e+02
5.244954427083333361e-06,5.318196614583333765e-06,4.345105468750000000e+03,6.252890625000000000e+02,1.000000000000000000e+00,-1.429238662212824751e-01,3.468750000000000000e+04,1.490000000000000000e+03,8.980000000000000000e+02
5.249023437499999580e-06,5.322265624999999984e-06,4.313160156250000000e+03,3.949296875000000000e+02,1.000000000000000000e+00,-9.129582532900636094e-02,2.019375000000000000e+06,9.520000000000000000e+02,-3.276800000000000000e+04
5.253092447916666645e-06,5.326334635416667049e-06,4.544457031250000000e+03,6.621914062500000000e+02,1.000000000000000000e+00,-1.446975315072752399e-01,-2.088750000000000000e+06,1.509000000000000000e+03,3.276700000000000000e+04
5.257161458333333711e-06,5.330403645833334115e-06,4.468941406250000000e+03,6.291171875000000000e+02,1.000000000000000000e+00,-1.398559046455112032e-01,1.893750000000000000e+05,1.458000000000000000e+03,-1.774000000000000000e+03
5.261230468749999930e-06,5.334472656250000333e-06,4.475488281250000000e+03,6.368085937500000000e+02,1.000000000000000000e+00,-1.413419485337754078e-01,-5.812500000000000000e+04,1.474000000000000000e+03,2.466000000000000000e+03
5.265299479166666995e-06,5.338541666666667399e-06,4.561328125000000000e+03,3.861289062500000000e+02,1.000000000000000000e+00,-8.444084868314240266e-02,2.225625000000000000e+06,8.800000000000000000e+02,-3.276800000000000000e+04
5.269368489583333214e-06,5.342610677083333617e-06,4.728808593750000000e+03,2.231015625000000000e+02,1.000000000000000000e+00,-4.714594077767274988e-02,1.458750000000000000e+06,4.910000000000000000e+02,-2.440500000000000000e+04
5.273437500000000279e-06,5.346679687500000683e-06,4.624089843750000000e+03,1.677226562500000000e+02,1.000000000000000000e+00,-3.626426456360898332e-02,4.256250000000000000e+05,3.780000000000000000e+02,-6.886000000000000000e+03
5.277506510416666498e-06,5.350748697916666902e-06,4.672738281250000000e+03,3.746601562500000000e+02,1.000000000000000000e+00,-8.000668546816047666e-02,-1.710937500000000000e+06,8.340000000000000000e+02,3.003400000000000000e+04
5.281575520833333563e-06,5.354817708333333967e-06,4.630945312500000000e+03,4.227617187500000000e+02,1.000000000000000000e+00,-9.105614083089923205e-02,-4.321875000000000000e+05,9.490000000000000000e+02,8.325000000000000000e+03
5.285644531249999782e-06,5.358886718750000186e-06,4.734437500000000000e+03,4.276601562500000000e+02,1.000000000000000000e+00,-9.007343438865998697e-02,3.843750000000000000e+04,9.390000000000000000e+02,2.830000000000000000e+02
5.289713541666666847e-06,5.362955729166667251e-06,4.754757812500000000e+03,3.748828125000000000e+02,1.000000000000000000e+00,-7.868842072857125391e-02,4.453125000000000000e+05,8.200000000000000000e+02,-6.780000000000000000e+03
5.293782552083333066e-06,5.367024739583333470e-06,4.678320312500000000e+03,4.072421875000000000e+02,1.000000000000000000e+00,-8.683769366421371927e-02,-3.187500000000000000e+05,9.050000000000000000e+02,6.345000000000000000e+03
5.297851562500000131e-06,5.371093750000000535e-06,4.625582031250000000e+03,2.076757812500000000e+02,1.000000000000000000e+00,-4.486893804565500465e-02,1.641562500000000000e+06,4.680000000000000000e+02,-2.754800000000000000e+04
5.301920572916666350e-06,5.375162760416666754e-06,4.588328125000000000e+03,1.501601562500000000e+02,1.000000000000000000e+00,-3.271693399162343974e-02,4.753125000000000000e+05,3.410000000000000000e+02,-7.771000000000000000e+03
5.305989583333333416e-06,5.379231770833333819e-06,4.636679687500000000e+03,5.266171875000000000e+02,1.000000000000000000e+00,-1.130831462069446097e-01,-3.143437500000000000e+06,1.179000000000000000e+03,3.276700000000000000e+04
5.310058593749999634e-06,5.383300781250000038e-06,4.796804687500000000e+03,5.142343750000000000e+02,1.000000000000000000e+00,-1.067794439067270562e-01,2.465625000000000000e+05,1.113000000000000000e+03,-3.095000000000000000e+03
5.314127604166666700e-06,5.387369791666667104e-06,4.556242187500000000e+03,4.300000000000000000e+02,1.000000000000000000e+00,-9.410013395685980220e-02,4.959375000000000000e+05,9.810000000000000000e+02,-7.483000000000000000e+03
5.318196614583332918e-06,5.391438802083333322e-06,4.608191406250000000e+03,3.527929687500000000e+02,1.000000000000000000e+00,-7.641141799655350175e-02,6.918750000000000000e+05,7.970000000000000000e+02,-1.101100000000000000e+04
5.322265624999999984e-06,5.395507812500000388e-06,4.664339843750000000e+03,3.163828125000000000e+02,1.000000000000000000e+00,-6.773483916507534730e-02,3.393750000000000000e+05,7.060000000000000000e+02,-5.086000000000000000e+03
5.326334635416667049e-06,5.399576822916667453e-06,4.704503906250000000e+03,7.534453125000000000e+02,1.000000000000000000e+00,-1.587909799959745794e-01,-3.561562500000000000e+06,1.656000000000000000e+03,3.276700000000000000e+04
5.330403645833333268e-06,5.403645833333333672e-06,4.518753906250000000e+03,5.613671875000000000e+02,1.000000000000000000e+00,-1.236052956738476760e-01,1.376250000000000000e+06,1.289000000000000000e+03,-2.219900000000000000e+04
5.334472656250000333e-06,5.407714843750000737e-06,4.712816406250000000e+03,5.070039062500000000e+02,1.000000000000000000e+00,-1.071629391036984652e-01,6.431250000000000000e+05,1.117000000000000000e+03,-9.859000000000000000e+03
5.338541666666666552e-06,5.411783854166666956e-06,4.681949218750000000e+03,6.853242187500000000e+02,1.000000000000000000e+00,-1.453446796521644935e-01,-1.493437500000000000e+06,1.516000000000000000e+03,2.700400000000000000e+04
5.342610677083333617e-06,5.415852864583334021e-06,4.775695312500000000e+03,6.176054687500000000e+02,1.000000000000000000e+00,-1.286147016842867363e-01,6.543750000000000000e+05,1.341000000000000000e+03,-9.827000000000000000e+03
5.346679687499999836e-06,5.419921875000000240e-06,4.688800781250000000e+03,5.328046875000000000e+02,1.000000000000000000e+00,-1.131550515563767428e-01,6.046875000000000000e+05,1.180000000000000000e+03,-9.140000000000000000e+03
5.350748697916666902e-06,5.423990885416667305e-06,4.692757812500000000e+03,4.548671875000000000e+02,1.000000000000000000e+00,-9.661682118698468325e-02,6.468750000000000000e+05,1.007000000000000000e+03,-1.003300000000000000e+04
5.354817708333333120e-06,5.428059895833333524e-06,4.720316406250000000e+03,4.280976562500000000e+02,1.000000000000000000e+00,-9.045692958563139596e-02,2.409375000000000000e+05,9.430000000000000000e+02,-3.169000000000000000e+03
5.358886718750000186e-06,5.432128906250000590e-06,4.631261718750000000e+03,4.547226562500000000e+02,1.000000000000000000e+00,-9.788714902695247466e-02,-2.906250000000000000e+05,1.021000000000000000e+03,5.981000000000000000e+03
5.362955729166666404e-06,5.436197916666666808e-06,4.497148437500000000e+03,3.492226562500000000e+02,1.000000000000000000e+00,-7.748999823803559561e-02,7.978125000000000000e+05,8.080000000000000000e+02,-1.280800000000000000e+04
5.367024739583333470e-06,5.440266927083333874e-06,4.782718750000000000e+03,7.258632812500000000e+02,1.000000000000000000e+00,-1.506177386105213845e-01,-2.860312500000000000e+06,1.571000000000000000e+03,3.276700000000000000e+04
5.371093749999999688e-06,5.444335937500000092e-06,4.524406250000000000e+03,8.617968750000000000e+02,1.000000000000000000e+00,-1.882242363635303062e-01,-1.470937500000000000e+06,1.963000000000000000e+03,2.706700000000000000e+04
5.375162760416666754e-06,5.448404947916667158e-06,4.885347656250000000e+03,6.870429687500000000e+02,1.000000000000000000e+00,-1.397120939466469092e-01,1.897500000000000000e+06,1.457000000000000000e+03,-3.092700000000000000e+04
5.379231770833332972e-06,5.452473958333333376e-06,4.596171875000000000e+03,4.541914062500000000e+02,1.000000000000000000e+00,-9.851032872203101254e-02,1.611562500000000000e+06,1.027000000000000000e+03,-2.647700000000000000e+04
5.383300781250000038e-06,5.456542968750000442e-06,4.387886718750000000e+03,3.812617187500000000e+02,1.000000000000000000e+00,-8.666991451553872350e-02,4.631250000000000000e+05,9.040000000000000000e+02,-7.000000000000000000e+03
5.387369791666666256e-06,5.460611979166666660e-06,4.452761718750000000e+03,4.726835937500000000e+02,1.000000000000000000e+00,-1.057488005648663937e-01,-7.462500000000000000e+05,1.103000000000000000e+03,1.383900000000000000e+04
5.391438802083333322e-06,5.464680989583333726e-06,4.685960937500000000e+03,3.457421875000000000e+02,1.000000000000000000e+00,-7.365504626832149182e-02,1.255312500000000000e+06,7.680000000000000000e+02,-2.065600000000000000e+04
5.395507812500000388e-06,5.468750000000000791e-06,4.755429687500000000e+03,6.224492187500000000e+02,1.000000000000000000e+00,-1.301486824721723723e-01,-2.209687500000000000e+06,1.357000000000000000e+03,3.276700000000000000e+04
5.399576822916666606e-06,5.472819010416667010e-06,4.626226562500000000e+03,3.740468750000000000e+02,1.000000000000000000e+00,-8.067780206286044586e-02,1.935000000000000000e+06,8.410000000000000000e+02,-3.218300000000000000e+04
5.403645833333333672e-06,5.476888020833334076e-06,4.583625000000000000e+03,3.821640625000000000e+02,1.000000000000000000e+00,-8.319448929298532691e-02,-9.843750000000000000e+04,8.670000000000000000e+02,2.547000000000000000e+03
5.407714843749999890e-06,5.480957031250000294e-06,4.701660156250000000e+03,3.518085937500000000e+02,1.000000000000000000e+00,-7.468568961018215435e-02,3.328125000000000000e+05,7.790000000000000000e+02,-4.901000000000000000e+03
5.411783854166666956e-06,5.485026041666667360e-06,4.605175781250000000e+03,2.545625000000000000e+02,1.000000000000000000e+00,-5.522330836388308212e-02,7.612500000000000000e+05,5.760000000000000000e+02,-1.241600000000000000e+04
5.415852864583333174e-06,5.489095052083333578e-06,4.505726562500000000e+03,3.274570312500000000e+02,1.000000000000000000e+00,-7.255249757702868230e-02,-6.778125000000000000e+05,7.560000000000000000e+02,1.232400000000000000e+04
5.419921875000000240e-06,5.493164062500000644e-06,4.554781250000000000e+03,3.951367187500000000e+02,1.000000000000000000e+00,-8.652610381667444339e-02,-5.465625000000000000e+05,9.020000000000000000e+02,1.023000000000000000e+04
5.423990885416666458e-06,5.497233072916666862e-06,4.589078125000000000e+03,4.126640625000000000e+02,1.000000000000000000e+00,-8.968993919168857798e-02,-1.237500000000000000e+05,9.350000000000000000e+02,3.047000000000000000e+03
5.428059895833333524e-06,5.501302083333333928e-06,4.533585937500000000e+03,3.830976562500000000e+02,1.000000000000000000e+00,-8.429703798427812256e-02,2.109375000000000000e+05,8.790000000000000000e+02,-2.721000000000000000e+03
5.432128906249999743e-06,5.505371093750000146e-06,4.684722656250000000e+03,6.004804687500000000e+02,1.000000000000000000e+00,-1.274881845431831973e-01,-1.689375000000000000e+06,1.329000000000000000e+03,3.016100000000000000e+04
5.436197916666666808e-06,5.509440104166667212e-06,4.591218750000000000e+03,6.548789062500000000e+02,1.000000000000000000e+00,-1.416775068311253993e-01,-5.550000000000000000e+05,1.477000000000000000e+03,1.094900000000000000e+04
5.440266927083333027e-06,5.513509114583333430e-06,4.638648437500000000e+03,5.323437500000000000e+02,1.000000000000000000e+00,-1.142576002476695524e-01,1.072500000000000000e+06,1.191000000000000000e+03,-1.711300000000000000e+04
5.444335937500000092e-06,5.517578125000000496e-06,4.692671875000000000e+03,5.309531250000000000e+02,1.000000000000000000e+00,-1.126517141103517694e-01,6.281250000000000000e+04,1.175000000000000000e+03,1.030000000000000000e+02
5.448404947916666311e-06,5.521647135416666715e-06,4.572000000000000000e+03,7.281914062500000000e+02,1.000000000000000000e+00,-1.579520842525996005e-01,-1.771875000000000000e+06,1.647000000000000000e+03,3.188700000000000000e+04
5.452473958333333376e-06,5.525716145833333780e-06,4.537851562500000000e+03,7.920390625000000000e+02,1.000000000000000000e+00,-1.727885546854310561e-01,-5.803125000000000000e+05,1.802000000000000000e+03,1.170600000000000000e+04
5.456542968749999595e-06,5.529785156249999999e-06,4.581242187500000000e+03,4.934687500000000000e+02,1.000000000000000000e+00,-1.073067498025627453e-01,2.561250000000000000e+06,1.119000000000000000e+03,-3.276800000000000000e+04
5.460611979166666660e-06,5.533854166666667064e-06,4.612367187500000000e+03,4.838906250000000000e+02,1.000000000000000000e+00,-1.045264096245200197e-01,1.087500000000000000e+05,1.090000000000000000e+03,-7.660000000000000000e+02
5.464680989583333726e-06,5.537923177083334130e-06,4.639656250000000000e+03,5.398242187500000000e+02,1.000000000000000000e+00,-1.158155494853659040e-01,-4.415625000000000000e+05,1.208000000000000000e+03,8.744000000000000000e+03
5.468749999999999944e-06,5.541992187500000348e-06,4.564277343750000000e+03,6.399921875000000000e+02,1.000000000000000000e+00,-1.393046302998647845e-01,-9.187500000000000000e+05,1.453000000000000000e+03,1.713300000000000000e+04
5.472819010416667010e-06,5.546061197916667414e-06,4.464406250000000000e+03,5.181250000000000000e+02,1.000000000000000000e+00,-1.155279280876373438e-01,9.300000000000000000e+05,1.205000000000000000e+03,-1.466700000000000000e+04
5.476888020833333229e-06,5.550130208333333632e-06,4.625085937500000000e+03,4.085703125000000000e+02,1.000000000000000000e+00,-8.810802150418151069e-02,1.072500000000000000e+06,9.190000000000000000e+02,-1.738500000000000000e+04
5.480957031250000294e-06,5.554199218750000698e-06,4.581007812500000000e+03,4.328984375000000000e+02,1.000000000000000000e+00,-9.421997620591336664e-02,-2.390625000000000000e+05,9.820000000000000000e+02,5.062000000000000000e+03
5.485026041666666513e-06,5.558268229166666916e-06,4.602691406250000000e+03,4.465078125000000000e+02,1.000000000000000000e+00,-9.671269498622753202e-02,-9.750000000000000000e+04,1.008000000000000000e+03,2.672000000000000000e+03
5.489095052083333578e-06,5.562337239583333982e-06,4.758953125000000000e+03,4.579843750000000000e+02,1.000000000000000000e+00,-9.594570459228471404e-02,3.000000000000000000e+04,1.000000000000000000e+03,4.880000000000000000e+02
5.493164062499999797e-06,5.566406250000000201e-06,4.578687500000000000e+03,4.252578125000000000e+02,1.000000000000000000e+00,-9.261409006859558368e-02,1.303125000000000000e+05,9.660000000000000000e+02,-1.258000000000000000e+03
5.497233072916666862e-06,5.570475260416667266e-06,4.563566406250000000e+03,4.954101562500000000e+02,1.000000000000000000e+00,-1.081216770961269946e-01,-6.065625000000000000e+05,1.127000000000000000e+03,1.147900000000000000e+04
5.501302083333333081e-06,5.574544270833333485e-06,4.566292968750000000e+03,3.489140625000000000e+02,1.000000000000000000e+00,-7.626760729768922165e-02,1.245937500000000000e+06,7.950000000000000000e+02,-2.046900000000000000e+04
5.505371093750000146e-06,5.578613281250000550e-06,4.798343750000000000e+03,6.547500000000000000e+02,1.000000000000000000e+00,-1.356134890290149608e-01,-2.321250000000000000e+06,1.414000000000000000e+03,3.276700000000000000e+04
5.509440104166666365e-06,5.582682291666666769e-06,4.692707031250000000e+03,5.661523437500000000e+02,1.000000000000000000e+00,-1.200579651018621324e-01,6.084375000000000000e+05,1.252000000000000000e+03,-9.132000000000000000e+03
5.513509114583333430e-06,5.586751302083333834e-06,4.741757812500000000e+03,5.127304687500000000e+02,1.000000000000000000e+00,-1.077142134493448700e-01,4.828125000000000000e+05,1.123000000000000000e+03,-7.117000000000000000e+03
5.517578124999999649e-06,5.590820312500000053e-06,4.704542968750000000e+03,3.691914062500000000e+02,1.000000000000000000e+00,-7.832889398141054671e-02,1.149375000000000000e+06,8.170000000000000000e+02,-1.879900000000000000e+04
5.521647135416666715e-06,5.594889322916667118e-06,4.727718750000000000e+03,3.621054687500000000e+02,1.000000000000000000e+00,-7.643538644636421742e-02,7.406250000000000000e+04,7.970000000000000000e+02,-4.670000000000000000e+02
5.525716145833332933e-06,5.598958333333333337e-06,4.739203125000000000e+03,3.795156250000000000e+02,1.000000000000000000e+00,-7.991081166891761400e-02,-1.359375000000000000e+05,8.330000000000000000e+02,3.153000000000000000e+03
5.529785156249999999e-06,5.603027343750000403e-06,4.734445312500000000e+03,5.175859375000000000e+02,1.000000000000000000e+00,-1.088886674900698126e-01,-1.133437500000000000e+06,1.135000000000000000e+03,2.047900000000000000e+04
5.533854166666667064e-06,5.607096354166667468e-06,4.637738281250000000e+03,4.542890625000000000e+02,1.000000000000000000e+00,-9.764746452884534578e-02,4.396875000000000000e+05,1.018000000000000000e+03,-6.486000000000000000e+03
5.537923177083333283e-06,5.611165364583333687e-06,4.649917968750000000e+03,4.489218750000000000e+02,1.000000000000000000e+00,-9.625729443982398992e-02,5.437500000000000000e+04,1.004000000000000000e+03,7.600000000000000000e+01
5.541992187500000348e-06,5.615234375000000752e-06,4.536675781250000000e+03,3.711328125000000000e+02,1.000000000000000000e+00,-8.163654005528896140e-02,5.718750000000000000e+05,8.510000000000000000e+02,-8.909000000000000000e+03
5.546061197916666567e-06,5.619303385416666971e-06,4.657421875000000000e+03,3.942812500000000000e+02,1.000000000000000000e+00,-8.444084868314240266e-02,-1.096875000000000000e+05,8.800000000000000000e+02,2.752000000000000000e+03
5.550130208333333632e-06,5.623372395833334036e-06,4.709335937500000000e+03,1.168007812500000000e+02,1.000000000000000000e+00,-2.480734555408810327e-02,2.332500000000000000e+06,2.580000000000000000e+02,-3.276800000000000000e+04
5.554199218749999851e-06,5.627441406250000255e-06,4.624687500000000000e+03,2.576445312500000000e+02,1.000000000000000000e+00,-5.565474046047591550e-02,-1.206562500000000000e+06,5.800000000000000000e+02,2.117200000000000000e+04
5.558268229166666916e-06,5.631510416666667320e-06,4.707843750000000000e+03,2.975546875000000000e+02,1.000000000000000000e+00,-6.313289680141842553e-02,-2.925000000000000000e+05,6.580000000000000000e+02,5.650000000000000000e+03
5.562337239583333135e-06,5.635579427083333539e-06,4.638171875000000000e+03,5.351914062500000000e+02,1.000000000000000000e+00,-1.148807799427480902e-01,-2.024062500000000000e+06,1.198000000000000000e+03,3.276700000000000000e+04
5.566406250000000201e-06,5.639648437500000604e-06,4.666988281250000000e+03,6.504257812500000000e+02,1.000000000000000000e+00,-1.384897030063005352e-01,-9.234375000000000000e+05,1.444000000000000000e+03,1.720400000000000000e+04
5.570475260416666419e-06,5.643717447916666823e-06,4.519878906250000000e+03,3.159765625000000000e+02,1.000000000000000000e+00,-6.979612584879667236e-02,2.686875000000000000e+06,7.280000000000000000e+02,-3.276800000000000000e+04
5.574544270833333485e-06,5.647786458333333889e-06,4.570484375000000000e+03,4.289609375000000000e+02,1.000000000000000000e+00,-9.357282806102411310e-02,-9.300000000000000000e+05,9.760000000000000000e+02,1.684800000000000000e+04
5.578613281249999703e-06,5.651855468750000107e-06,4.577425781250000000e+03,1.385000000000000000e+02,1.000000000000000000e+00,-3.024818366111998655e-02,2.476875000000000000e+06,3.150000000000000000e+02,-3.276800000000000000e+04
5.582682291666666769e-06,5.655924479166667173e-06,4.689589843750000000e+03,3.902460937500000000e+02,1.000000000000000000e+00,-8.302671014431033114e-02,-2.064375000000000000e+06,8.660000000000000000e+02,3.276700000000000000e+04
5.586751302083332987e-06,5.659993489583333391e-06,4.484238281250000000e+03,3.366171875000000000e+02,1.000000000000000000e+00,-7.492537410828928324e-02,3.168750000000000000e+05,7.810000000000000000e+02,-4.627000000000000000e+03
5.590820312500000053e-06,5.664062500000000457e-06,4.443683593750000000e+03,1.789179687500000000e+02,1.000000000000000000e+00,-4.024302723218736721e-02,1.356562500000000000e+06,4.190000000000000000e+02,-2.273300000000000000e+04
5.594889322916666271e-06,5.668131510416666675e-06,4.619414062500000000e+03,3.379687500000000000e+02,1.000000000000000000e+00,-7.303186657324295394e-02,-1.282500000000000000e+06,7.610000000000000000e+02,2.264900000000000000e+04
5.598958333333333337e-06,5.672200520833333741e-06,4.474449218750000000e+03,6.152539062500000000e+02,1.000000000000000000e+00,-1.366441323708756372e-01,-2.488125000000000000e+06,1.425000000000000000e+03,3.276700000000000000e+04
5.603027343750000403e-06,5.676269531250000806e-06,4.503757812500000000e+03,4.073085937500000000e+02,1.000000000000000000e+00,-9.019327663771355141e-02,1.816875000000000000e+06,9.400000000000000000e+02,-3.006800000000000000e+04
5.607096354166666621e-06,5.680338541666667025e-06,4.519375000000000000e+03,2.931132812500000000e+02,1.000000000000000000e+00,-6.476275138854691027e-02,9.946875000000000000e+05,6.750000000000000000e+02,-1.630100000000000000e+04
5.611165364583333687e-06,5.684407552083334090e-06,4.707230468750000000e+03,3.144570312500000000e+02,1.000000000000000000e+00,-6.670419582321467089e-02,-7.593750000000000000e+04,6.950000000000000000e+02,1.991000000000000000e+03
5.615234374999999905e-06,5.688476562500000309e-06,4.776679687500000000e+03,3.418085937500000000e+02,1.000000000000000000e+00,-7.144994888573588665e-02,-1.856250000000000000e+05,7.450000000000000000e+02,3.913000000000000000e+03
5.619303385416666971e-06,5.692545572916667375e-06,4.737136718750000000e+03,4.395429687500000000e+02,1.000000000000000000e+00,-9.251821626935273490e-02,-8.240625000000000000e+05,9.650000000000000000e+02,1.502900000000000000e+04
5.623372395833333189e-06,5.696614583333333593e-06,4.295660156250000000e+03,5.218945312500000000e+02,1.000000000000000000e+00,-1.208968608452370974e-01,-1.110000000000000000e+06,1.261000000000000000e+03,2.020500000000000000e+04
5.627441406250000255e-06,5.700683593750000659e-06,4.729199218750000000e+03,5.916445312500000000e+02,1.000000000000000000e+00,-1.244681598670333567e-01,-1.396875000000000000e+05,1.298000000000000000e+03,3.682000000000000000e+03
5.631510416666666473e-06,5.704752604166666877e-06,4.770941406250000000e+03,7.978007812500000000e+02,1.000000000000000000e+00,-1.656938935414599690e-01,-1.612500000000000000e+06,1.728000000000000000e+03,2.924800000000000000e+04
5.635579427083333539e-06,5.708821614583333943e-06,4.616285156250000000e+03,7.357695312500000000e+02,1.000000000000000000e+00,-1.580479580518424632e-01,2.990625000000000000e+05,1.648000000000000000e+03,-3.456000000000000000e+03
5.639648437499999757e-06,5.712890625000000161e-06,4.678593750000000000e+03,8.003632812500000000e+02,1.000000000000000000e+00,-1.694329717119311962e-01,-4.453125000000000000e+05,1.767000000000000000e+03,9.367000000000000000e+03
5.643717447916666823e-06,5.716959635416667227e-06,4.621035156250000000e+03,5.935195312500000000e+02,1.000000000000000000e+00,-1.277278690412903539e-01,1.631250000000000000e+06,1.332000000000000000e+03,-2.650800000000000000e+04
5.647786458333333042e-06,5.721028645833333445e-06,4.558109375000000000e+03,5.045820312500000000e+02,1.000000000000000000e+00,-1.102548691292804528e-01,6.834375000000000000e+05,1.150000000000000000e+03,-1.051400000000000000e+04
5.651855468750000107e-06,5.725097656250000511e-06,4.849984375000000000e+03,5.581718750000000000e+02,1.000000000000000000e+00,-1.145931585450195439e-01,-1.696875000000000000e+05,1.195000000000000000e+03,4.091000000000000000e+03
5.655924479166666326e-06,5.729166666666666729e-06,4.591113281250000000e+03,5.820351562500000000e+02,1.000000000000000000e+00,-1.260980144541618553e-01,-4.500000000000000000e+05,1.315000000000000000e+03,8.995000000000000000e+03
5.659993489583333391e-06,5.733235677083333795e-06,4.409886718750000000e+03,8.837187500000000000e+02,1.000000000000000000e+00,-1.977636793881941413e-01,-2.803125000000000000e+06,2.062000000000000000e+03,3.276700000000000000e+04
5.664062499999999610e-06,5.737304687500000014e-06,4.405304687500000000e+03,4.656015625000000000e+02,1.000000000000000000e+00,-1.052934000184628377e-01,3.616875000000000000e+06,1.098000000000000000e+03,-3.276800000000000000e+04
5.668131510416666675e-06,5.741373697916667079e-06,4.529066406250000000e+03,6.445703125000000000e+02,1.000000000000000000e+00,-1.413659169835861096e-01,-1.410937500000000000e+06,1.474000000000000000e+03,2.555400000000000000e+04
5.672200520833333741e-06,5.745442708333334145e-06,4.365726562500000000e+03,8.186796875000000000e+02,1.000000000000000000e+00,-1.853719908360554613e-01,-1.721250000000000000e+06,1.933000000000000000e+03,3.130900000000000000e+04
5.676269531249999959e-06,5.749511718750000363e-06,4.477644531250000000e+03,1.115617187500000000e+03,1.000000000000000000e+00,-2.441905666715455114e-01,-2.300625000000000000e+06,2.547000000000000000e+03,3.276700000000000000e+04
5.680338541666667025e-06,5.753580729166667429e-06,4.518984375000000000e+03,8.730312500000000000e+02,1.000000000000000000e+00,-1.908367973928980499e-01,2.086875000000000000e+06,1.990000000000000000e+03,-3.276800000000000000e+04
5.684407552083333243e-06,5.757649739583333647e-06,4.560812500000000000e+03,7.687343750000000000e+02,1.000000000000000000e+00,-1.669881898312384760e-01,9.328125000000000000e+05,1.741000000000000000e+03,-1.417900000000000000e+04
5.688476562500000309e-06,5.761718750000000713e-06,4.603933593750000000e+03,1.256128906250000000e+03,1.000000000000000000e+00,-2.663613827464551553e-01,-3.886875000000000000e+06,2.778000000000000000e+03,3.276700000000000000e+04
5.692545572916666528e-06,5.765787760416666931e-06,4.547093750000000000e+03,1.286792968750000000e+03,1.000000000000000000e+00,-2.757809835220654260e-01,-3.684375000000000000e+05,2.876000000000000000e+03,9.164000000000000000e+03
5.696614583333333593e-06,5.769856770833333997e-06,4.667234375000000000e+03,8.010976562500000000e+02,1.000000000000000000e+00,-1.699842460575776149e-01,4.138125000000000000e+06,1.773000000000000000e+03,-3.276800000000000000e+04
5.700683593749999812e-06,5.773925781250000215e-06,4.849292968750000000e+03,7.384960937500000000e+02,1.000000000000000000e+00,-1.511210760565463718e-01,7.378125000000000000e+05,1.576000000000000000e+03,-1.101600000000000000e+04
5.704752604166666877e-06,5.777994791666667281e-06,4.690781250000000000e+03,6.591875000000000000e+02,1.000000000000000000e+00,-1.396162201474040465e-01,4.500000000000000000e+05,1.456000000000000000e+03,-6.224000000000000000e+03
5.708821614583333096e-06,5.782063802083333500e-06,4.549765625000000000e+03,5.404218750000000000e+02,1.000000000000000000e+00,-1.182363629162479363e-01,8.362500000000000000e+05,1.233000000000000000e+03,-1.303900000000000000e+04
5.712890625000000161e-06,5.786132812500000565e-06,4.588257812500000000e+03,2.820078125000000000e+02,1.000000000000000000e+00,-6.138319996523636246e-02,2.223750000000000000e+06,6.400000000000000000e+02,-3.276800000000000000e+04
5.716959635416666380e-06,5.790201822916666784e-06,4.646339843750000000e+03,6.359335937500000000e+02,1.000000000000000000e+00,-1.360209526757970855e-01,-2.919375000000000000e+06,1.418000000000000000e+03,3.276700000000000000e+04
5.721028645833333445e-06,5.794270833333333849e-06,4.315625000000000000e+03,4.662070312500000000e+02,1.000000000000000000e+00,-1.076183396501020073e-01,1.110937500000000000e+06,1.122000000000000000e+03,-1.783800000000000000e+04
5.725097656249999664e-06,5.798339843750000068e-06,4.613222656250000000e+03,7.081914062500000000e+02,1.000000000000000000e+00,-1.523194985470820162e-01,-1.748437500000000000e+06,1.588000000000000000e+03,3.142800000000000000e+04
5.729166666666666729e-06,5.802408854166667133e-06,4.442160156250000000e+03,6.561875000000000000e+02,1.000000000000000000e+00,-1.466629443917537301e-01,2.212500000000000000e+05,1.529000000000000000e+03,-2.247000000000000000e+03
5.733235677083332948e-06,5.806477864583333352e-06,4.325644531250000000e+03,8.888281250000000000e+02,1.000000000000000000e+00,-2.026532431495796371e-01,-2.190000000000000000e+06,2.113000000000000000e+03,3.276700000000000000e+04
5.737304687500000014e-06,5.810546875000000417e-06,4.561593750000000000e+03,1.200437500000000000e+03,1.000000000000000000e+00,-2.573252771678162798e-01,-2.138437500000000000e+06,2.684000000000000000e+03,3.276700000000000000e+04
5.741373697916667079e-06,5.814615885416667483e-06,4.594757812500000000e+03,1.266234375000000000e+03,1.000000000000000000e+00,-2.689020384263907659e-01,-4.528125000000000000e+05,2.804000000000000000e+03,1.053200000000000000e+04
5.745442708333333298e-06,5.818684895833333702e-06,4.758257812500000000e+03,1.083109375000000000e+03,1.000000000000000000e+00,-2.238173843324393342e-01,1.763437500000000000e+06,2.334000000000000000e+03,-2.776200000000000000e+04
5.749511718750000363e-06,5.822753906250000767e-06,4.636281250000000000e+03,1.160808593750000000e+03,1.000000000000000000e+00,-2.453170838126490227e-01,-8.409375000000000000e+05,2.558000000000000000e+03,1.691000000000000000e+04
5.753580729166666582e-06,5.826822916666666986e-06,4.577429687500000000e+03,7.499140625000000000e+02,1.000000000000000000e+00,-1.623862474675815404e-01,3.243750000000000000e+06,1.693000000000000000e+03,-3.276800000000000000e+04
5.757649739583333647e-06,5.830891927083334051e-06,4.449597656250000000e+03,9.296796875000000000e+02,1.000000000000000000e+00,-2.059848576732687397e-01,-1.705312500000000000e+06,2.148000000000000000e+03,3.125200000000000000e+04
5.761718749999999866e-06,5.834960937500000270e-06,4.554136718750000000e+03,9.480585937500000000e+02,1.000000000000000000e+00,-2.052418357291366513e-01,2.906250000000000000e+04,2.140000000000000000e+03,1.644000000000000000e+03
5.765787760416666931e-06,5.839029947916667335e-06,4.464234375000000000e+03,1.233589843750000000e+03,1.000000000000000000e+00,-2.695971234709014230e-01,-2.517187500000000000e+06,2.812000000000000000e+03,3.276700000000000000e+04
5.769856770833333150e-06,5.843098958333333554e-06,4.507687500000000000e+03,7.000898437500000000e+02,1.000000000000000000e+00,-1.540691953832640793e-01,4.518750000000000000e+06,1.607000000000000000e+03,-3.276800000000000000e+04
5.773925781250000215e-06,5.847167968750000619e-06,4.208531250000000000e+03,7.933476562500000000e+02,1.000000000000000000e+00,-1.863307288284839769e-01,-1.261875000000000000e+06,1.943000000000000000e+03,2.347900000000000000e+04
5.777994791666666434e-06,5.851236979166666838e-06,4.403535156250000000e+03,1.003757812500000000e+03,1.000000000000000000e+00,-2.241289741799785962e-01,-1.478437500000000000e+06,2.337000000000000000e+03,2.756900000000000000e+04
5.782063802083333500e-06,5.855305989583333903e-06,4.393890625000000000e+03,1.127953125000000000e+03,1.000000000000000000e+00,-2.512852278155165986e-01,-1.062187500000000000e+06,2.621000000000000000e+03,2.074900000000000000e+04
5.786132812499999718e-06,5.859375000000000122e-06,4.469300781250000000e+03,1.154101562500000000e+03,1.000000000000000000e+00,-2.527233348041593719e-01,-5.625000000000000000e+04,2.636000000000000000e+03,3.596000000000000000e+03
5.790201822916666784e-06,5.863444010416667188e-06,4.474632812500000000e+03,1.228828125000000000e+03,1.000000000000000000e+00,-2.680152057833943835e-01,-5.981250000000000000e+05,2.795000000000000000e+03,1.300300000000000000e+04
5.794270833333333002e-06,5.867513020833333406e-06,4.522484375000000000e+03,1.054808593750000000e+03,1.000000000000000000e+00,-2.291383801904176565e-01,1.520625000000000000e+06,2.390000000000000000e+03,-2.356200000000000000e+04
5.798339843750000068e-06,5.871582031250000472e-06,4.476574218750000000e+03,1.034781250000000000e+03,1.000000000000000000e+00,-2.271729673059391663e-01,7.687500000000000000e+04,2.369000000000000000e+03,1.057000000000000000e+03
5.802408854166666286e-06,5.875651041666666690e-06,4.555652343750000000e+03,1.019367187500000000e+03,1.000000000000000000e+00,-2.201502115114002123e-01,2.746875000000000000e+05,2.296000000000000000e+03,-2.392000000000000000e+03
5.806477864583333352e-06,5.879720052083333756e-06,4.669019531250000000e+03,1.467003906250000000e+03,1.000000000000000000e+00,-3.044472494956783626e-01,-3.297187500000000000e+06,3.175000000000000000e+03,3.276700000000000000e+04
5.810546875000000417e-06,5.883789062500000821e-06,4.521890625000000000e+03,1.552390625000000000e+03,1.000000000000000000e+00,-3.306927020384092253e-01,-1.026562500000000000e+06,3.449000000000000000e+03,2.096900000000000000e+04
5.814615885416666636e-06,5.887858072916667040e-06,4.719601562500000000e+03,1.416132812500000000e+03,1.000000000000000000e+00,-2.915042865978932363e-01,1.532812500000000000e+06,3.040000000000000000e+03,-2.312000000000000000e+04
5.818684895833333702e-06,5.891927083333334105e-06,4.773535156250000000e+03,1.068804687500000000e+03,1.000000000000000000e+00,-2.202700537604537767e-01,2.786250000000000000e+06,2.297000000000000000e+03,-3.276800000000000000e+04
5.822753906249999920e-06,5.895996093750000324e-06,4.547191406250000000e+03,1.031347656250000000e+03,1.000000000000000000e+00,-2.230264254886857866e-01,-1.078125000000000000e+05,2.326000000000000000e+03,4.166000000000000000e+03
5.826822916666666986e-06,5.900065104166667389e-06,4.357187500000000000e+03,7.355195312500000000e+02,1.000000000000000000e+00,-1.672278743293456049e-01,2.182500000000000000e+06,1.744000000000000000e+03,-3.276800000000000000e+04
5.830891927083333204e-06,5.904134114583333608e-06,4.442648437500000000e+03,9.737773437500000000e+02,1.000000000000000000e+00,-2.157639851960397037e-01,-1.898437500000000000e+06,2.250000000000000000e+03,3.276700000000000000e+04
5.834960937500000270e-06,5.908203125000000674e-06,4.579660156250000000e+03,9.139843750000000000e+02,1.000000000000000000e+00,-1.969966889942513233e-01,7.340625000000000000e+05,2.054000000000000000e+03,-1.047400000000000000e+04
5.839029947916666488e-06,5.912272135416666892e-06,4.442878906250000000e+03,1.148746093750000000e+03,1.000000000000000000e+00,-2.530109562018879599e-01,-2.190937500000000000e+06,2.639000000000000000e+03,3.276700000000000000e+04
5.843098958333333554e-06,5.916341145833333958e-06,4.542718750000000000e+03,1.133417968750000000e+03,1.000000000000000000e+00,-2.445021565190847734e-01,3.328125000000000000e+05,2.550000000000000000e+03,-3.130000000000000000e+03
5.847167968749999772e-06,5.920410156250000176e-06,4.506085937500000000e+03,1.240031250000000000e+03,1.000000000000000000e+00,-2.685425116792300448e-01,-9.403125000000000000e+05,2.801000000000000000e+03,1.884900000000000000e+04
5.851236979166666838e-06,5.924479166666667242e-06,4.559136718750000000e+03,1.369785156250000000e+03,1.000000000000000000e+00,-2.918638133450539573e-01,-9.121875000000000000e+05,3.044000000000000000e+03,1.861200000000000000e+04
5.855305989583333056e-06,5.928548177083333460e-06,4.695996093750000000e+03,1.272777343750000000e+03,1.000000000000000000e+00,-2.646835912597052531e-01,1.063125000000000000e+06,2.760000000000000000e+03,-1.538400000000000000e+04
5.859375000000000122e-06,5.932617187500000526e-06,4.620593750000000000e+03,1.164417968750000000e+03,1.000000000000000000e+00,-2.468750330503453883e-01,6.965625000000000000e+05,2.575000000000000000e+03,-9.313000000000000000e+03
5.863444010416666341e-06,5.936686197916666744e-06,4.537625000000000000e+03,1.038144531250000000e+03,1.000000000000000000e+00,-2.249199330237321437e-01,8.587500000000000000e+05,2.346000000000000000e+03,-1.231000000000000000e+04
5.867513020833333406e-06,5.940755208333333810e-06,4.625914062500000000e+03,8.795312500000000000e+02,1.000000000000000000e+00,-1.878886780661803424e-01,1.448437500000000000e+06,1.959000000000000000e+03,-2.276100000000000000e+04
5.871582031249999625e-06,5.944824218750000028e-06,4.557332031250000000e+03,9.896171875000000000e+02,1.000000000000000000e+00,-2.138225407613719431e-01,-1.014375000000000000e+06,2.230000000000000000e+03,1.954200000000000000e+04
5.875651041666666690e-06,5.948893229166667094e-06,4.496101562500000000e+03,8.325429687500000000e+02,1.000000000000000000e+00,-1.830949881040377092e-01,1.201875000000000000e+06,1.909000000000000000e+03,-1.860300000000000000e+04
5.879720052083333756e-06,5.952962239583334160e-06,4.391445312500000000e+03,7.821679687500000000e+02,1.000000000000000000e+00,-1.762639799079844527e-01,2.671875000000000000e+05,1.838000000000000000e+03,-2.722000000000000000e+03
5.883789062499999974e-06,5.957031250000000378e-06,4.622699218750000000e+03,6.107929687500000000e+02,1.000000000000000000e+00,-1.313710734125187463e-01,1.755937500000000000e+06,1.370000000000000000e+03,-2.859800000000000000e+04
5.887858072916667040e-06,5.961100260416667444e-06,4.652539062500000000e+03,8.527500000000000000e+02,1.000000000000000000e+00,-1.812733859184235130e-01,-1.951875000000000000e+06,1.890000000000000000e+03,3.276700000000000000e+04
5.891927083333333258e-06,5.965169270833333662e-06,4.507707031250000000e+03,1.100121093750000000e+03,1.000000000000000000e+00,-2.393729082595921487e-01,-2.272500000000000000e+06,2.496000000000000000e+03,3.276700000000000000e+04
5.895996093750000324e-06,5.969238281250000728e-06,4.579480468750000000e+03,7.712343750000000000e+02,1.000000000000000000e+00,-1.668443791323741821e-01,2.836875000000000000e+06,1.740000000000000000e+03,-3.276800000000000000e+04
5.900065104166666542e-06,5.973307291666666946e-06,4.407589843750000000e+03,7.507812500000000000e+02,1.000000000000000000e+00,-1.687139182176098096e-01,-7.312500000000000000e+04,1.759000000000000000e+03,3.007000000000000000e+03
5.904134114583333608e-06,5.977376302083334012e-06,4.605703125000000000e+03,7.142617187500000000e+02,1.000000000000000000e+00,-1.538534793349676799e-01,5.812500000000000000e+05,1.604000000000000000e+03,-8.316000000000000000e+03
5.908203124999999827e-06,5.981445312500000230e-06,4.657441406250000000e+03,6.421796875000000000e+02,1.000000000000000000e+00,-1.370276275678470324e-01,6.581250000000000000e+05,1.429000000000000000e+03,-9.803000000000000000e+03
5.912272135416666892e-06,5.985514322916667296e-06,4.650476562500000000e+03,6.708437500000000000e+02,1.000000000000000000e+00,-1.432594245186324666e-01,-2.437500000000000000e+05,1.494000000000000000e+03,5.654000000000000000e+03
5.916341145833333111e-06,5.989583333333333514e-06,4.433175781250000000e+03,6.427695312500000000e+02,1.000000000000000000e+00,-1.439784780129538533e-01,-2.812500000000000000e+04,1.501000000000000000e+03,1.981000000000000000e+03
5.920410156250000176e-06,5.993652343750000580e-06,4.564574218750000000e+03,6.102265625000000000e+02,1.000000000000000000e+00,-1.329050542004043822e-01,4.331250000000000000e+05,1.386000000000000000e+03,-6.006000000000000000e+03
5.924479166666666395e-06,5.997721354166666799e-06,4.751320312500000000e+03,9.275468750000000000e+02,1.000000000000000000e+00,-1.928022102773765123e-01,-2.342812500000000000e+06,2.011000000000000000e+03,3.276700000000000000e+04
5.928548177083333460e-06,6.001790364583333864e-06,4.564640625000000000e+03,8.179609375000000000e+02,1.000000000000000000e+00,-1.773185916996558309e-01,6.056250000000000000e+05,1.849000000000000000e+03,-8.487000000000000000e+03
5.932617187499999679e-06,6.005859375000000083e-06,4.338796875000000000e+03,9.243085937500000000e+02,1.000000000000000000e+00,-2.098917149924149905e-01,-1.274062500000000000e+06,2.189000000000000000e+03,2.393300000000000000e+04
5.936686197916666744e-06,6.009928385416667148e-06,4.373816406250000000e+03,9.370664062500000000e+02,1.000000000000000000e+00,-2.110661690331399332e-01,-4.593750000000000000e+04,2.201000000000000000e+03,2.985000000000000000e+03
5.940755208333332963e-06,6.013997395833333367e-06,4.441003906250000000e+03,1.204648437500000000e+03,1.000000000000000000e+00,-2.648993073080016525e-01,-2.105625000000000000e+06,2.763000000000000000e+03,3.276700000000000000e+04
5.944824218750000028e-06,6.018066406250000432e-06,4.460675781250000000e+03,1.120738281250000000e+03,1.000000000000000000e+00,-2.461559795560239738e-01,7.331250000000000000e+05,2.567000000000000000e+03,-9.945000000000000000e+03
5.948893229166666247e-06,6.022135416666666651e-06,4.492296875000000000e+03,1.074753906250000000e+03,1.000000000000000000e+00,-2.348189027955566721e-01,4.434375000000000000e+05,2.449000000000000000e+03,-5.119000000000000000e+03
5.952962239583333313e-06,6.026204427083333716e-06,4.512015625000000000e+03,1.075941406250000000e+03,1.000000000000000000e+00,-2.340758808514245559e-01,2.906250000000000000e+04,2.441000000000000000e+03,1.945000000000000000e+03
5.957031250000000378e-06,6.030273437500000782e-06,4.336972656250000000e+03,1.248136718750000000e+03,1.000000000000000000e+00,-2.802151467370473381e-01,-1.804687500000000000e+06,2.922000000000000000e+03,3.276700000000000000e+04
5.961100260416666597e-06,6.034342447916667001e-06,4.690093750000000000e+03,1.091281250000000000e+03,1.000000000000000000e+00,-2.286110742945819674e-01,2.018437500000000000e+06,2.384000000000000000e+03,-3.206400000000000000e+04
5.965169270833333662e-06,6.038411458333334066e-06,4.563687500000000000e+03,1.058109375000000000e+03,1.000000000000000000e+00,-2.278201154508284199e-01,3.093750000000000000e+04,2.376000000000000000e+03,1.848000000000000000e+03
5.969238281249999881e-06,6.042480468750000285e-06,4.649648437500000000e+03,1.059812500000000000e+03,1.000000000000000000e+00,-2.241050057301678944e-01,1.453125000000000000e+05,2.337000000000000000e+03,-1.430000000000000000e+02
5.973307291666666946e-06,6.046549479166667350e-06,4.357175781250000000e+03,1.238812500000000000e+03,1.000000000000000000e+00,-2.770033744624117999e-01,-2.069062500000000000e+06,2.889000000000000000e+03,3.276700000000000000e+04
5.977376302083333165e-06,6.050618489583333569e-06,4.513839843750000000e+03,1.034121093750000000e+03,1.000000000000000000e+00,-2.252075544214607039e-01,2.025937500000000000e+06,2.349000000000000000e+03,-3.222700000000000000e+04
5.981445312500000230e-06,6.054687500000000634e-06,4.421945312500000000e+03,1.409265625000000000e+03,1.000000000000000000e+00,-3.085218859634995536e-01,-3.258750000000000000e+06,3.218000000000000000e+03,3.276700000000000000e+04
5.985514322916666449e-06,6.058756510416666853e-06,4.444867187500000000e+03,1.239316406250000000e+03,1.000000000000000000e+00,-2.718980946527299047e-01,1.432500000000000000e+06,2.836000000000000000e+03,-2.161200000000000000e+04
5.989583333333333514e-06,6.062825520833333918e-06,4.136542968750000000e+03,1.288164062500000000e+03,1.000000000000000000e+00,-3.018826253659320225e-01,-1.172812500000000000e+06,3.148000000000000000e+03,2.316400000000000000e+04
5.993652343749999733e-06,6.066894531250000137e-06,4.643953125000000000e+03,1.119128906250000000e+03,1.000000000000000000e+00,-2.364727258324958725e-01,2.558437500000000000e+06,2.466000000000000000e+03,-3.276800000000000000e+04
5.997721354166666799e-06,6.070963541666667202e-06,4.409765625000000000e+03,1.155019531250000000e+03,1.000000000000000000e+00,-2.561508231270913649e-01,-7.696875000000000000e+05,2.671000000000000000e+03,1.580700000000000000e+04
6.001790364583333017e-06,6.075032552083333421e-06,4.290476562500000000e+03,1.094515625000000000e+03,1.000000000000000000e+00,-2.497752154774416644e-01,2.493750000000000000e+05,2.605000000000000000e+03,-1.651000000000000000e+03
6.005859375000000083e-06,6.079101562500000487e-06,4.360207031250000000e+03,1.285253906250000000e+03,1.000000000000000000e+00,-2.866386912863184699e-01,-1.441875000000000000e+06,2.989000000000000000e+03,2.759700000000000000e+04
6.009928385416666301e-06,6.083170572916666705e-06,4.550105468750000000e+03,1.579628906250000000e+03,1.000000000000000000e+00,-3.341441588111519478e-01,-1.858125000000000000e+06,3.485000000000000000e+03,3.276700000000000000e+04
6.013997395833333367e-06,6.087239583333333771e-06,4.491402343750000000e+03,1.625101562500000000e+03,1.000000000000000000e+00,-3.471590270583691518e-01,-5.090625000000000000e+05,3.621000000000000000e+03,1.230900000000000000e+04
6.018066406249999585e-06,6.091308593749999989e-06,4.548437500000000000e+03,1.292410156250000000e+03,1.000000000000000000e+00,-2.768595637635475337e-01,2.749687500000000000e+06,2.887000000000000000e+03,-3.276800000000000000e+04
6.022135416666666651e-06,6.095377604166667055e-06,4.412769531250000000e+03,1.307609375000000000e+03,1.000000000000000000e+00,-2.880767982749612433e-01,-4.387500000000000000e+05,3.004000000000000000e+03,1.049200000000000000e+04
6.026204427083333716e-06,6.099446614583334120e-06,4.588945312500000000e+03,1.394949218750000000e+03,1.000000000000000000e+00,-2.950995540695002251e-01,-2.746875000000000000e+05,3.078000000000000000e+03,7.766000000000000000e+03
6.030273437499999935e-06,6.103515625000000339e-06,4.436996093750000000e+03,1.475390625000000000e+03,1.000000000000000000e+00,-3.210334167646918258e-01,-1.014375000000000000e+06,3.348000000000000000e+03,2.066000000000000000e+04
6.034342447916667001e-06,6.107584635416667404e-06,4.400398437500000000e+03,1.262722656250000000e+03,1.000000000000000000e+00,-2.794481563431045479e-01,1.626562500000000000e+06,2.914000000000000000e+03,-2.484600000000000000e+04
6.038411458333333219e-06,6.111653645833333623e-06,4.408140625000000000e+03,1.245097656250000000e+03,1.000000000000000000e+00,-2.752776460760404387e-01,1.631250000000000000e+05,2.871000000000000000e+03,8.700000000000000000e+01
6.042480468750000285e-06,6.115722656250000688e-06,4.236585937500000000e+03,1.237929687500000000e+03,1.000000000000000000e+00,-2.842897832048685847e-01,-3.525000000000000000e+05,2.965000000000000000e+03,8.981000000000000000e+03
6.046549479166666503e-06,6.119791666666666907e-06,4.311730468750000000e+03,1.388859375000000000e+03,1.000000000000000000e+00,-3.116138159890815551e-01,-1.068750000000000000e+06,3.250000000000000000e+03,2.149000000000000000e+04
6.050618489583333569e-06,6.123860677083333973e-06,4.263394531250000000e+03,1.554105468750000000e+03,1.000000000000000000e+00,-3.495558720394404961e-01,-1.484062500000000000e+06,3.646000000000000000e+03,2.897400000000000000e+04
6.054687499999999787e-06,6.127929687500000191e-06,4.416828125000000000e+03,1.555289062500000000e+03,1.000000000000000000e+00,-3.385543535763231304e-01,4.303125000000000000e+05,3.531000000000000000e+03,-3.813000000000000000e+03
6.058756510416666853e-06,6.131998697916667257e-06,4.234574218750000000e+03,1.855660156250000000e+03,1.000000000000000000e+00,-4.130243271382088577e-01,-2.912812500000000000e+06,4.308000000000000000e+03,3.276700000000000000e+04
6.062825520833333071e-06,6.136067708333333475e-06,4.414175781250000000e+03,1.623234375000000000e+03,1.000000000000000000e+00,-3.523841491171046392e-01,2.371875000000000000e+06,3.675000000000000000e+03,-3.276800000000000000e+04
6.066894531250000137e-06,6.140136718750000541e-06,4.264718750000000000e+03,1.680996093750000000e+03,1.000000000000000000e+00,-3.754657662848213673e-01,-9.028125000000000000e+05,3.916000000000000000e+03,1.932400000000000000e+04
6.070963541666666355e-06,6.144205729166666759e-06,4.263222656250000000e+03,1.620125000000000000e+03,1.000000000000000000e+00,-3.631699515319255500e-01,4.809375000000000000e+05,3.788000000000000000e+03,-4.420000000000000000e+03
6.075032552083333421e-06,6.148274739583333825e-06,4.231160156250000000e+03,1.733042968750000000e+03,1.000000000000000000e+00,-3.887442874799564851e-01,-1.000312500000000000e+06,4.054000000000000000e+03,2.112600000000000000e+04
6.079101562499999640e-06,6.152343750000000043e-06,4.222660156250000000e+03,1.759093750000000000e+03,1.000000000000000000e+00,-3.947363999326347628e-01,-2.343750000000000000e+05,4.117000000000000000e+03,8.117000000000000000e+03
6.083170572916666705e-06,6.156412760416667109e-06,4.312781250000000000e+03,1.771214843750000000e+03,1.000000000000000000e+00,-3.896790570225742711e-01,1.978125000000000000e+05,4.064000000000000000e+03,6.880000000000000000e+02
6.087239583333332924e-06,6.160481770833333327e-06,4.242507812500000000e+03,1.779945312500000000e+03,1.000000000000000000e+00,-3.972530871627596438e-01,-2.962500000000000000e+05,4.143000000000000000e+03,9.199000000000000000e+03
6.091308593749999989e-06,6.164550781250000393e-06,4.168652343750000000e+03,1.887316406250000000e+03,1.000000000000000000e+00,-4.251283942926190051e-01,-1.090312500000000000e+06,4.434000000000000000e+03,2.304200000000000000e+04
6.095377604166667055e-06,6.168619791666667459e-06,4.207644531250000000e+03,2.008542968750000000e+03,1.000000000000000000e+00,-4.453577659328609162e-01,-7.912500000000000000e+05,4.645000000000000000e+03,1.814900000000000000e+04
6.099446614583333273e-06,6.172688802083333677e-06,4.268187500000000000e+03,2.057054687500000000e+03,1.000000000000000000e+00,-4.490968441033321712e-01,-1.462500000000000000e+05,4.684000000000000000e+03,7.180000000000000000e+03
6.103515625000000339e-06,6.176757812500000743e-06,4.228464843750000000e+03,2.164355468750000000e+03,1.000000000000000000e+00,-4.730892623638560113e-01,-9.384375000000000000e+05,4.934000000000000000e+03,2.095000000000000000e+04
6.107584635416666557e-06,6.180826822916666961e-06,4.345007812500000000e+03,2.086878906250000000e+03,1.000000000000000000e+00,-4.477546109139322050e-01,9.909375000000000000e+05,4.670000000000000000e+03,-1.224200000000000000e+04
6.111653645833333623e-06,6.184895833333334027e-06,4.133261718750000000e+03,2.237566406250000000e+03,1.000000000000000000e+00,-4.961948479813834689e-01,-1.894687500000000000e+06,5.175000000000000000e+03,3.276700000000000000e+04
6.115722656249999841e-06,6.188964843750000245e-06,4.021937500000000000e+03,2.049914062500000000e+03,1.000000000000000000e+00,-4.713635339774846500e-01,9.712500000000000000e+05,4.916000000000000000e+03,-1.166000000000000000e+04
6.119791666666666907e-06,6.193033854166667311e-06,4.176253906250000000e+03,2.369121093750000000e+03,1.000000000000000000e+00,-5.160167559748433108e-01,-1.746562500000000000e+06,5.382000000000000000e+03,3.276700000000000000e+04
6.123860677083333126e-06,6.197102864583333529e-06,4.123785156250000000e+03,2.308679687500000000e+03,1.000000000000000000e+00,-5.103841702693256988e-01,2.203125000000000000e+05,5.323000000000000000e+03,1.563000000000000000e+03
6.127929687500000191e-06,6.201171875000000595e-06,4.207062500000000000e+03,2.287726562500000000e+03,1.000000000000000000e+00,-4.980643870666190964e-01,4.818750000000000000e+05,5.195000000000000000e+03,-3.029000000000000000e+03
6.131998697916666410e-06,6.205240885416666813e-06,4.011816406250000000e+03,2.048011718750000000e+03,1.000000000000000000e+00,-4.720106821223739035e-01,1.019062500000000000e+06,4.923000000000000000e+03,-1.246900000000000000e+04
6.136067708333333475e-06,6.209309895833333879e-06,4.041699218750000000e+03,2.174664062500000000e+03,1.000000000000000000e+00,-4.936302238516371843e-01,-8.456250000000000000e+05,5.148000000000000000e+03,1.958000000000000000e+04
6.140136718749999694e-06,6.213378906250000098e-06,4.054515625000000000e+03,2.216781250000000000e+03,1.000000000000000000e+00,-5.003413897986368486e-01,-2.625000000000000000e+05,5.218000000000000000e+03,9.698000000000000000e+03
6.144205729166666759e-06,6.217447916666667163e-06,3.992878906250000000e+03,2.187847656250000000e+03,1.000000000000000000e+00,-5.012521908914440161e-01,-3.562500000000000000e+04,5.228000000000000000e+03,5.836000000000000000e+03
6.148274739583332978e-06,6.221516927083333382e-06,4.155300781250000000e+03,2.054343750000000000e+03,1.000000000000000000e+00,-4.591396245740209658e-01,1.647187500000000000e+06,4.789000000000000000e+03,-2.332300000000000000e+04
6.152343750000000043e-06,6.225585937500000447e-06,4.311761718750000000e+03,1.938195312500000000e+03,1.000000000000000000e+00,-4.224439279138191283e-01,1.435312500000000000e+06,4.406000000000000000e+03,-2.009000000000000000e+04
6.156412760416666262e-06,6.229654947916666666e-06,4.315699218750000000e+03,2.021609375000000000e+03,1.000000000000000000e+00,-4.380713571904041315e-01,-6.112500000000000000e+05,4.569000000000000000e+03,1.500100000000000000e+04
6.160481770833333327e-06,6.233723958333333731e-06,4.176804687500000000e+03,2.098574218750000000e+03,1.000000000000000000e+00,-4.655871375731028272e-01,-1.076250000000000000e+06,4.856000000000000000e+03,2.322400000000000000e+04
6.164550781250000393e-06,6.237792968750000797e-06,4.217703125000000000e+03,1.733832031250000000e+03,1.000000000000000000e+00,-3.900146153199242627e-01,2.955937500000000000e+06,4.068000000000000000e+03,-3.276800000000000000e+04
6.168619791666666612e-06,6.241861979166667015e-06,4.281476562500000000e+03,2.155921875000000000e+03,1.000000000000000000e+00,-4.664739702160992096e-01,-2.990625000000000000e+06,4.865000000000000000e+03,3.276700000000000000e+04
6.172688802083333677e-06,6.245930989583334081e-06,4.302718750000000000e+03,2.149531250000000000e+03,1.000000000000000000e+00,-4.633101348410850751e-01,1.237500000000000000e+05,4.832000000000000000e+03,2.720000000000000000e+03
6.176757812499999896e-06,6.250000000000000300e-06,4.168484375000000000e+03,2.357867187500000000e+03,1.000000000000000000e+00,-5.147703965846861518e-01,-2.012812500000000000e+06,5.369000000000000000e+03,3.276700000000000000e+04
6.180826822916666961e-06,6.254069010416667365e-06,4.068507812500000000e+03,2.235503906250000000e+03,1.000000000000000000e+00,-5.024266449321689310e-01,4.828125000000000000e+05,5.240000000000000000e+03,-3.000000000000000000e+03
6.184895833333333180e-06,6.258138020833333584e-06,4.127960937500000000e+03,2.096332031250000000e+03,1.000000000000000000e+00,-4.699014585390311471e-01,1.272187500000000000e+06,4.901000000000000000e+03,-1.681100000000000000e+04
6.188964843750000245e-06,6.262207031250000649e-06,4.309226562500000000e+03,1.948511718750000000e+03,1.000000000000000000e+00,-4.246490252964047474e-01,1.770000000000000000e+06,4.429000000000000000e+03,-2.577900000000000000e+04
6.193033854166666464e-06,6.266276041666666868e-06,4.212855468750000000e+03,2.259250000000000000e+03,1.000000000000000000e+00,-4.922400537626158146e-01,-2.643750000000000000e+06,5.134000000000000000e+03,3.276700000000000000e+04
6.197102864583333529e-06,6.270345052083333933e-06,4.145250000000000000e+03,2.075429687500000000e+03,1.000000000000000000e+00,-4.641969674840814575e-01,1.096875000000000000e+06,4.841000000000000000e+03,-1.387900000000000000e+04
6.201171874999999748e-06,6.274414062500000152e-06,4.277175781250000000e+03,1.979019531250000000e+03,1.000000000000000000e+00,-4.333495725776936314e-01,1.206562500000000000e+06,4.520000000000000000e+03,-1.607200000000000000e+04
6.205240885416666813e-06,6.278483072916667217e-06,4.255167968750000000e+03,1.669347656250000000e+03,1.000000000000000000e+00,-3.738598801475035982e-01,2.326875000000000000e+06,3.899000000000000000e+03,-3.276800000000000000e+04
6.209309895833333032e-06,6.282552083333333436e-06,4.333160156250000000e+03,2.051808593750000000e+03,1.000000000000000000e+00,-4.422418674574681852e-01,-2.674687500000000000e+06,4.612000000000000000e+03,3.276700000000000000e+04
6.213378906250000098e-06,6.286621093750000501e-06,4.396902343750000000e+03,1.959585937500000000e+03,1.000000000000000000e+00,-4.192321556391835902e-01,9.000000000000000000e+05,4.372000000000000000e+03,-1.098800000000000000e+04
6.217447916666666316e-06,6.290690104166666720e-06,4.494472656250000000e+03,2.179226562500000000e+03,1.000000000000000000e+00,-4.514697206345927860e-01,-1.260937500000000000e+06,4.709000000000000000e+03,2.622900000000000000e+04
6.221516927083333382e-06,6.294759114583333786e-06,4.321558593750000000e+03,1.749937500000000000e+03,1.000000000000000000e+00,-3.847415563615673717e-01,2.610000000000000000e+06,4.013000000000000000e+03,-3.276800000000000000e+04
6.225585937499999600e-06,6.298828125000000004e-06,4.389710937500000000e+03,1.661347656250000000e+03,1.000000000000000000e+00,-3.618037498927149098e-01,8.971875000000000000e+05,3.773000000000000000e+03,-1.153900000000000000e+04
6.229654947916666666e-06,6.302897135416667070e-06,4.239132812500000000e+03,1.638144531250000000e+03,1.000000000000000000e+00,-3.687546003378217030e-01,-2.718750000000000000e+05,3.846000000000000000e+03,8.486000000000000000e+03
6.233723958333333731e-06,6.306966145833334135e-06,4.089234375000000000e+03,1.560289062500000000e+03,1.000000000000000000e+00,-3.645121847213254607e-01,1.659375000000000000e+05,3.802000000000000000e+03,9.700000000000000000e+02
6.237792968749999950e-06,6.311035156250000354e-06,4.293679687500000000e+03,1.633242187500000000e+03,1.000000000000000000e+00,-3.634815413794648120e-01,4.031250000000000000e+04,3.791000000000000000e+03,3.103000000000000000e+03
6.241861979166667015e-06,6.315104166666667419e-06,4.313289062500000000e+03,1.750441406250000000e+03,1.000000000000000000e+00,-3.855325152053208915e-01,-8.625000000000000000e+05,4.021000000000000000e+03,1.874100000000000000e+04
6.245930989583333234e-06,6.319173177083333638e-06,4.228066406250000000e+03,1.822765625000000000e+03,1.000000000000000000e+00,-4.070322146855305800e-01,-8.409375000000000000e+05,4.245000000000000000e+03,1.859700000000000000e+04
6.250000000000000300e-06,6.323242187500000703e-06,4.229015625000000000e+03,1.832292968750000000e+03,1.000000000000000000e+00,-4.088538168711448040e-01,-7.125000000000000000e+04,4.264000000000000000e+03,5.480000000000000000e+03
6.254069010416666518e-06,6.327311197916666922e-06,4.136187500000000000e+03,1.761730468750000000e+03,1.000000000000000000e+00,-4.026699568199808010e-01,2.418750000000000000e+05,4.200000000000000000e+03,7.200000000000000000e+01
6.258138020833333584e-06,6.331380208333333987e-06,4.370281250000000000e+03,1.987210937500000000e+03,1.000000000000000000e+00,-4.267582488797475038e-01,-9.421875000000000000e+05,4.451000000000000000e+03,2.053100000000000000e+04
6.262207031249999802e-06,6.335449218750000206e-06,4.420683593750000000e+03,2.144703125000000000e+03,1.000000000000000000e+00,-4.516854366828891854e-01,-9.750000000000000000e+05,4.711000000000000000e+03,2.135100000000000000e+04
6.266276041666666868e-06,6.339518229166667272e-06,4.231722656250000000e+03,2.123644531250000000e+03,1.000000000000000000e+00,-4.651317370266992435e-01,-5.259375000000000000e+05,4.851000000000000000e+03,1.382700000000000000e+04
6.270345052083333086e-06,6.343587239583333490e-06,4.286914062500000000e+03,1.909218750000000000e+03,1.000000000000000000e+00,-4.189924711410764613e-01,1.804687500000000000e+06,4.370000000000000000e+03,-2.643000000000000000e+04
6.274414062500000152e-06,6.347656250000000556e-06,4.136777343750000000e+03,1.986429687500000000e+03,1.000000000000000000e+00,-4.476587371146893979e-01,-1.121250000000000000e+06,4.669000000000000000e+03,2.380500000000000000e+04
6.278483072916666370e-06,6.351725260416666774e-06,4.213621093750000000e+03,1.953667968750000000e+03,1.000000000000000000e+00,-4.341405314214471511e-01,5.287500000000000000e+05,4.528000000000000000e+03,-4.496000000000000000e+03
6.282552083333333436e-06,6.355794270833333840e-06,4.153828125000000000e+03,2.015121093750000000e+03,1.000000000000000000e+00,-4.516854366828891854e-01,-6.862500000000000000e+05,4.711000000000000000e+03,1.642300000000000000e+04
6.286621093749999654e-06,6.359863281250000058e-06,4.143976562500000000e+03,1.658085937500000000e+03,1.000000000000000000e+00,-3.806189829941247216e-01,2.779687500000000000e+06,3.970000000000000000e+03,-3.276800000000000000e+04
6.290690104166666720e-06,6.363932291666667124e-06,4.081679687500000000e+03,2.038324218750000000e+03,1.000000000000000000e+00,-4.631663241422207533e-01,-3.228750000000000000e+06,4.831000000000000000e+03,3.276700000000000000e+04
6.294759114583332939e-06,6.368001302083333342e-06,4.092105468750000000e+03,1.857484375000000000e+03,1.000000000000000000e+00,-4.261111007348582502e-01,1.449375000000000000e+06,4.444000000000000000e+03,-2.029200000000000000e+04
6.298828125000000004e-06,6.372070312500000408e-06,4.063046875000000000e+03,1.775042968750000000e+03,1.000000000000000000e+00,-4.118978099971053464e-01,5.559375000000000000e+05,4.296000000000000000e+03,-5.192000000000000000e+03
6.302897135416667070e-06,6.376139322916667473e-06,4.263550781250000000e+03,1.804050781250000000e+03,1.000000000000000000e+00,-4.002970802887201862e-01,4.537500000000000000e+05,4.175000000000000000e+03,-3.569000000000000000e+03
6.306966145833333288e-06,6.380208333333333692e-06,4.424132812500000000e+03,1.770656250000000000e+03,1.000000000000000000e+00,-3.806908883435568547e-01,7.668750000000000000e+05,3.970000000000000000e+03,-9.118000000000000000e+03
6.311035156250000354e-06,6.384277343750000758e-06,4.329199218750000000e+03,1.815816406250000000e+03,1.000000000000000000e+00,-3.971572133635167812e-01,-6.440625000000000000e+05,4.142000000000000000e+03,1.513400000000000000e+04
6.315104166666666572e-06,6.388346354166666976e-06,4.229210937500000000e+03,1.623941406250000000e+03,1.000000000000000000e+00,-3.666214083046682171e-01,1.194375000000000000e+06,3.824000000000000000e+03,-1.656000000000000000e+04
6.319173177083333638e-06,6.392415364583334042e-06,4.543992187500000000e+03,1.631066406250000000e+03,1.000000000000000000e+00,-3.446183713784335967e-01,8.606250000000000000e+05,3.594000000000000000e+03,-1.109400000000000000e+04
6.323242187499999856e-06,6.396484375000000260e-06,4.450617187500000000e+03,1.947507812500000000e+03,1.000000000000000000e+00,-4.124730527925624668e-01,-2.654062500000000000e+06,4.302000000000000000e+03,3.276700000000000000e+04
6.327311197916666922e-06,6.400553385416667326e-06,4.339035156250000000e+03,1.946964843750000000e+03,1.000000000000000000e+00,-4.217728113191192008e-01,-3.637500000000000000e+05,4.399000000000000000e+03,1.060700000000000000e+04
6.331380208333333140e-06,6.404622395833333544e-06,4.020777343750000000e+03,1.659781250000000000e+03,1.000000000000000000e+00,-3.915006592081884951e-01,1.184062500000000000e+06,4.083000000000000000e+03,-1.612500000000000000e+04
6.335449218750000206e-06,6.408691406250000610e-06,4.306339843750000000e+03,1.670574218750000000e+03,1.000000000000000000e+00,-3.700728650774109396e-01,8.381250000000000000e+05,3.860000000000000000e+03,-1.044400000000000000e+04
6.339518229166666425e-06,6.412760416666666828e-06,4.134449218750000000e+03,1.914089843750000000e+03,1.000000000000000000e+00,-4.335892570758007603e-01,-2.484375000000000000e+06,4.522000000000000000e+03,3.276700000000000000e+04
6.343587239583333490e-06,6.416829427083333894e-06,4.137175781250000000e+03,1.872507812500000000e+03,1.000000000000000000e+00,-4.250085520435654685e-01,3.356250000000000000e+05,4.433000000000000000e+03,-1.295000000000000000e+03
6.347656249999999709e-06,6.420898437500000112e-06,4.155050781250000000e+03,1.816121093750000000e+03,1.000000000000000000e+00,-4.120655891457803421e-01,5.062500000000000000e+05,4.298000000000000000e+03,-4.342000000000000000e+03
6.351725260416666774e-06,6.424967447916667178e-06,4.306941406250000000e+03,1.948699218750000000e+03,1.000000000000000000e+00,-4.248887097945118763e-01,-5.015625000000000000e+05,4.431000000000000000e+03,1.299100000000000000e+04
6.355794270833332993e-06,6.429036458333333397e-06,4.126250000000000000e+03,2.016957031250000000e+03,1.000000000000000000e+00,-4.546575244594175946e-01,-1.164375000000000000e+06,4.742000000000000000e+03,2.461400000000000000e+04
6.359863281250000058e-06,6.433105468750000462e-06,4.251933593750000000e+03,2.027453125000000000e+03,1.000000000000000000e+00,-4.449263338362680620e-01,3.806250000000000000e+05,4.640000000000000000e+03,-1.856000000000000000e+03
6.363932291666666277e-06,6.437174479166666681e-06,4.316816406250000000e+03,1.891324218750000000e+03,1.000000000000000000e+00,-4.129524217887767246e-01,1.250625000000000000e+06,4.307000000000000000e+03,-1.703700000000000000e+04
6.368001302083333342e-06,6.441243489583333746e-06,4.365925781250000000e+03,2.005539062500000000e+03,1.000000000000000000e+00,-4.306171692992723510e-01,-6.909375000000000000e+05,4.491000000000000000e+03,1.628300000000000000e+04
6.372070312500000408e-06,6.445312500000000812e-06,4.388328125000000000e+03,1.847945312500000000e+03,1.000000000000000000e+00,-3.985713519023488804e-01,1.253437500000000000e+06,4.157000000000000000e+03,-1.723500000000000000e+04
6.376139322916666626e-06,6.449381510416667030e-06,4.553765625000000000e+03,1.853250000000000000e+03,1.000000000000000000e+00,-3.864912531977494625e-01,4.725000000000000000e+05,4.031000000000000000e+03,-4.033000000000000000e+03
6.380208333333333692e-06,6.453450520833334096e-06,4.347097656250000000e+03,1.878460937500000000e+03,1.000000000000000000e+00,-4.078711104289055589e-01,-8.362500000000000000e+05,4.254000000000000000e+03,1.852600000000000000e+04
6.384277343749999911e-06,6.457519531250000314e-06,4.329117187500000000e+03,1.704167968750000000e+03,1.000000000000000000e+00,-3.750343341882285686e-01,1.284375000000000000e+06,3.911000000000000000e+03,-1.800900000000000000e+04
6.388346354166666976e-06,6.461588541666667380e-06,4.232382812500000000e+03,1.790699218750000000e+03,1.000000000000000000e+00,-4.002491433890987826e-01,-9.862500000000000000e+05,4.174000000000000000e+03,2.100600000000000000e+04
6.392415364583333195e-06,6.465657552083333599e-06,4.234195312500000000e+03,1.534488281250000000e+03,1.000000000000000000e+00,-3.476863329542048686e-01,2.055937500000000000e+06,3.626000000000000000e+03,-3.146200000000000000e+04
6.396484375000000260e-06,6.469726562500000664e-06,4.346011718750000000e+03,1.653210937500000000e+03,1.000000000000000000e+00,-3.634815413794648120e-01,-6.178125000000000000e+05,3.791000000000000000e+03,1.433500000000000000e+04
6.400553385416666479e-06,6.473795572916666883e-06,4.408113281250000000e+03,1.818515625000000000e+03,1.000000000000000000e+00,-3.912609747100813662e-01,-1.086562500000000000e+06,4.081000000000000000e+03,2.262500000000000000e+04
6.404622395833333544e-06,6.477864583333333948e-06,4.079261718750000000e+03,1.992894531250000000e+03,1.000000000000000000e+00,-4.544418084111211953e-01,-2.471250000000000000e+06,4.740000000000000000e+03,3.276700000000000000e+04
6.408691406249999763e-06,6.481933593750000167e-06,4.195164062500000000e+03,1.848441406250000000e+03,1.000000000000000000e+00,-4.150137084724980774e-01,1.542187500000000000e+06,4.328000000000000000e+03,-2.199200000000000000e+04
6.412760416666666828e-06,6.486002604166667232e-06,4.102777343750000000e+03,1.755546875000000000e+03,1.000000000000000000e+00,-4.043237798569200292e-01,4.181250000000000000e+05,4.217000000000000000e+03,-2.919000000000000000e+03
6.416829427083333047e-06,6.490071614583333451e-06,4.141636718750000000e+03,2.187605468750000000e+03,1.000000000000000000e+00,-4.859603199122090045e-01,-3.193125000000000000e+06,5.068000000000000000e+03,3.276700000000000000e+04
6.420898437500000112e-06,6.494140625000000516e-06,4.062460937500000000e+03,2.170316406250000000e+03,1.000000000000000000e+00,-4.906581360751087750e-01,-1.837500000000000000e+05,5.117000000000000000e+03,8.253000000000000000e+03
6.424967447916666331e-06,6.498209635416666735e-06,4.172433593750000000e+03,2.165417968750000000e+03,1.000000000000000000e+00,-4.787218480693736233e-01,4.668750000000000000e+05,4.993000000000000000e+03,-2.975000000000000000e+03
6.429036458333333397e-06,6.502278645833333800e-06,4.239585937500000000e+03,2.175851562500000000e+03,1.000000000000000000e+00,-4.741678426053381190e-01,1.781250000000000000e+05,4.945000000000000000e+03,1.905000000000000000e+03
6.433105468749999615e-06,6.506347656250000019e-06,3.956148437500000000e+03,2.268390625000000000e+03,1.000000000000000000e+00,-5.206186983385001632e-01,-1.816875000000000000e+06,5.430000000000000000e+03,3.276700000000000000e+04
6.437174479166666681e-06,6.510416666666667085e-06,4.009414062500000000e+03,2.196148437500000000e+03,1.000000000000000000e+00,-5.011083801925796388e-01,7.631250000000000000e+05,5.226000000000000000e+03,-7.798000000000000000e+03
6.441243489583333746e-06,6.514485677083334150e-06,4.074437500000000000e+03,2.115343750000000000e+03,1.000000000000000000e+00,-4.788656587682378896e-01,8.700000000000000000e+05,4.994000000000000000e+03,-9.854000000000000000e+03
6.445312499999999965e-06,6.518554687500000369e-06,4.166515625000000000e+03,2.265664062500000000e+03,1.000000000000000000e+00,-4.980404186168084224e-01,-7.500000000000000000e+05,5.194000000000000000e+03,1.799400000000000000e+04
6.449381510416667030e-06,6.522623697916667434e-06,4.010441406250000000e+03,2.285777343750000000e+03,1.000000000000000000e+00,-5.180301057589431490e-01,-7.818750000000000000e+05,5.403000000000000000e+03,1.874700000000000000e+04
6.453450520833333249e-06,6.526692708333333653e-06,4.152093750000000000e+03,2.179492187500000000e+03,1.000000000000000000e+00,-4.833956957824626643e-01,1.354687500000000000e+06,5.042000000000000000e+03,-1.807800000000000000e+04
6.457519531250000314e-06,6.530761718750000718e-06,3.880511718750000000e+03,2.358625000000000000e+03,1.000000000000000000e+00,-5.461450973869096392e-01,-2.454375000000000000e+06,5.696000000000000000e+03,3.276700000000000000e+04
6.461588541666666533e-06,6.534830729166666937e-06,4.183292968750000000e+03,2.311761718750000000e+03,1.000000000000000000e+00,-5.048474583630508938e-01,1.615312500000000000e+06,5.265000000000000000e+03,-2.230300000000000000e+04
6.465657552083333599e-06,6.538899739583334002e-06,4.073734375000000000e+03,2.554687500000000000e+03,1.000000000000000000e+00,-5.601187036265554697e-01,-2.161875000000000000e+06,5.842000000000000000e+03,3.276700000000000000e+04
6.469726562499999817e-06,6.542968750000000221e-06,4.136003906250000000e+03,2.519890625000000000e+03,1.000000000000000000e+00,-5.471997091785810730e-01,5.053125000000000000e+05,5.707000000000000000e+03,-2.917000000000000000e+03
6.473795572916666883e-06,6.547037760416667286e-06,4.197593750000000000e+03,2.265613281250000000e+03,1.000000000000000000e+00,-4.949484885912264209e-01,2.043750000000000000e+06,5.162000000000000000e+03,-2.971800000000000000e+04
6.477864583333333101e-06,6.551106770833333505e-06,4.189414062500000000e+03,2.292148437500000000e+03,1.000000000000000000e+00,-5.006529796461761661e-01,-2.231250000000000000e+05,5.222000000000000000e+03,9.030000000000000000e+03
6.481933593750000167e-06,6.555175781250000571e-06,3.997421875000000000e+03,2.231207031250000000e+03,1.000000000000000000e+00,-5.090898739795471917e-01,-3.300000000000000000e+05,5.310000000000000000e+03,1.094200000000000000e+04
6.486002604166666385e-06,6.559244791666666789e-06,3.910425781250000000e+03,2.352730468750000000e+03,1.000000000000000000e+00,-5.416390288224955940e-01,-1.273125000000000000e+06,5.649000000000000000e+03,2.737700000000000000e+04
6.490071614583333451e-06,6.563313802083333855e-06,3.834218750000000000e+03,2.196472656250000000e+03,1.000000000000000000e+00,-5.202112346917180385e-01,8.381250000000000000e+05,5.426000000000000000e+03,-8.878000000000000000e+03
6.494140624999999669e-06,6.567382812500000073e-06,3.899777343750000000e+03,2.508105468750000000e+03,1.000000000000000000e+00,-5.715516541862656341e-01,-2.008125000000000000e+06,5.961000000000000000e+03,3.276700000000000000e+04
6.498209635416666735e-06,6.571451822916667139e-06,3.816953125000000000e+03,2.564023437500000000e+03,1.000000000000000000e+00,-5.915173728785896312e-01,-7.809375000000000000e+05,6.169000000000000000e+03,1.949700000000000000e+04
6.502278645833332953e-06,6.575520833333333357e-06,3.976371093750000000e+03,2.349894531250000000e+03,1.000000000000000000e+00,-5.337534088347709593e-01,2.259375000000000000e+06,5.567000000000000000e+03,-3.276800000000000000e+04
6.506347656250000019e-06,6.579589843750000423e-06,3.868769531250000000e+03,2.453238281250000000e+03,1.000000000000000000e+00,-5.651281096369944468e-01,-1.227187500000000000e+06,5.894000000000000000e+03,2.683800000000000000e+04
6.510416666666667085e-06,6.583658854166667488e-06,3.876898437500000000e+03,2.331933593750000000e+03,1.000000000000000000e+00,-5.415191865734420018e-01,9.234375000000000000e+05,5.648000000000000000e+03,-1.011200000000000000e+04
6.514485677083333303e-06,6.587727864583333707e-06,3.834410156250000000e+03,2.440214843750000000e+03,1.000000000000000000e+00,-5.667579642241229454e-01,-9.871875000000000000e+05,5.911000000000000000e+03,2.275900000000000000e+04
6.518554687500000369e-06,6.591796875000000772e-06,3.925265625000000000e+03,2.719996093750000000e+03,1.000000000000000000e+00,-6.059703481144497195e-01,-1.533750000000000000e+06,6.320000000000000000e+03,3.249600000000000000e+04
6.522623697916666587e-06,6.595865885416666991e-06,3.818316406250000000e+03,2.238839843750000000e+03,1.000000000000000000e+00,-5.303259205118390218e-01,2.958750000000000000e+06,5.531000000000000000e+03,-3.276800000000000000e+04
6.526692708333333653e-06,6.599934895833334057e-06,3.916035156250000000e+03,2.483003906250000000e+03,1.000000000000000000e+00,-5.650801727373730987e-01,-1.359375000000000000e+06,5.894000000000000000e+03,2.909400000000000000e+04
6.530761718749999871e-06,6.604003906250000275e-06,3.828058593750000000e+03,2.637105468750000000e+03,1.000000000000000000e+00,-6.032379448360284391e-01,-1.492500000000000000e+06,6.292000000000000000e+03,3.176400000000000000e+04
6.534830729166666937e-06,6.608072916666667341e-06,3.647792968750000000e+03,2.506410156250000000e+03,1.000000000000000000e+00,-6.020155538956820651e-01,4.781250000000000000e+04,6.279000000000000000e+03,5.463000000000000000e+03
6.538899739583333155e-06,6.612141927083333559e-06,3.831234375000000000e+03,2.583871093750000000e+03,1.000000000000000000e+00,-5.933629435140145292e-01,3.384375000000000000e+05,6.189000000000000000e+03,4.130000000000000000e+02
6.542968750000000221e-06,6.616210937500000625e-06,3.982562500000000000e+03,2.460093750000000000e+03,1.000000000000000000e+00,-5.533356323301236168e-01,1.565625000000000000e+06,5.771000000000000000e+03,-2.094900000000000000e+04
6.547037760416666439e-06,6.620279947916666843e-06,3.791347656250000000e+03,2.461625000000000000e+03,1.000000000000000000e+00,-5.758659751521939540e-01,-8.812500000000000000e+05,6.006000000000000000e+03,2.104600000000000000e+04
6.551106770833333505e-06,6.624348958333333909e-06,3.810578125000000000e+03,2.583957031250000000e+03,1.000000000000000000e+00,-5.958796307441394102e-01,-7.828125000000000000e+05,6.215000000000000000e+03,1.957500000000000000e+04
6.555175781249999724e-06,6.628417968750000127e-06,4.121718750000000000e+03,2.184160156250000000e+03,1.000000000000000000e+00,-4.873025531016089151e-01,4.246875000000000000e+06,5.082000000000000000e+03,-3.276800000000000000e+04
6.559244791666666789e-06,6.632486979166667193e-06,4.048011718750000000e+03,2.313136718750000000e+03,1.000000000000000000e+00,-5.191566229000467159e-01,-1.245937500000000000e+06,5.415000000000000000e+03,2.667900000000000000e+04
6.563313802083333008e-06,6.636555989583333411e-06,4.117117187500000000e+03,2.492277343750000000e+03,1.000000000000000000e+00,-5.443474636511062004e-01,-9.853125000000000000e+05,5.677000000000000000e+03,2.249300000000000000e+04
6.567382812500000073e-06,6.640625000000000477e-06,3.972691406250000000e+03,2.362234375000000000e+03,1.000000000000000000e+00,-5.364618436633815657e-01,3.084375000000000000e+05,5.595000000000000000e+03,3.310000000000000000e+02
6.571451822916666292e-06,6.644694010416666696e-06,3.848332031250000000e+03,2.262042968750000000e+03,1.000000000000000000e+00,-5.314045007533211296e-01,1.978125000000000000e+05,5.542000000000000000e+03,2.166000000000000000e+03
6.575520833333333357e-06,6.648763020833333761e-06,3.942398437500000000e+03,2.136976562500000000e+03,1.000000000000000000e+00,-4.967221538772191858e-01,1.356562500000000000e+06,5.181000000000000000e+03,-1.797100000000000000e+04
6.579589843750000423e-06,6.652832031250000827e-06,4.124441406250000000e+03,2.201421875000000000e+03,1.000000000000000000e+00,-4.902746408781373244e-01,2.521875000000000000e+05,5.113000000000000000e+03,8.090000000000000000e+02
6.583658854166666641e-06,6.656901041666667045e-06,3.958550781250000000e+03,2.133843750000000000e+03,1.000000000000000000e+00,-4.943972142455800300e-01,-1.612500000000000000e+05,5.156000000000000000e+03,7.908000000000000000e+03
6.587727864583333707e-06,6.660970052083334111e-06,4.019785156250000000e+03,2.227902343750000000e+03,1.000000000000000000e+00,-5.060938177532080529e-01,-4.575000000000000000e+05,5.278000000000000000e+03,1.308600000000000000e+04
6.591796874999999925e-06,6.665039062500000329e-06,4.028828125000000000e+03,2.129808593750000000e+03,1.000000000000000000e+00,-4.862958782095589405e-01,7.743750000000000000e+05,5.072000000000000000e+03,-8.144000000000000000e+03
6.595865885416666991e-06,6.669108072916667395e-06,4.010804687500000000e+03,2.597507812500000000e+03,1.000000000000000000e+00,-5.746915211114690392e-01,-3.457500000000000000e+06,5.994000000000000000e+03,3.276700000000000000e+04
6.599934895833333210e-06,6.673177083333333613e-06,4.142792968750000000e+03,2.509933593750000000e+03,1.000000000000000000e+00,-5.447309588480776510e-01,1.171875000000000000e+06,5.681000000000000000e+03,-1.431900000000000000e+04
6.604003906250000275e-06,6.677246093750000679e-06,4.051937500000000000e+03,2.483234375000000000e+03,1.000000000000000000e+00,-5.498122702079487611e-01,-1.987500000000000000e+05,5.734000000000000000e+03,9.126000000000000000e+03
6.608072916666666494e-06,6.681315104166666898e-06,4.098726562500000000e+03,2.061820312500000000e+03,1.000000000000000000e+00,-4.660665065693170850e-01,3.275625000000000000e+06,4.861000000000000000e+03,-3.276800000000000000e+04
6.612141927083333559e-06,6.685384114583333963e-06,4.097898437500000000e+03,2.044468750000000000e+03,1.000000000000000000e+00,-4.627828289452493582e-01,1.284375000000000000e+05,4.827000000000000000e+03,2.635000000000000000e+03
6.616210937499999778e-06,6.689453125000000182e-06,3.962796875000000000e+03,2.440226562500000000e+03,1.000000000000000000e+00,-5.519454622411023026e-01,-3.487500000000000000e+06,5.757000000000000000e+03,3.276700000000000000e+04
6.620279947916666843e-06,6.693522135416667247e-06,3.723296875000000000e+03,2.509265625000000000e+03,1.000000000000000000e+00,-5.930273852166645376e-01,-1.606875000000000000e+06,6.185000000000000000e+03,3.276700000000000000e+04
6.624348958333333062e-06,6.697591145833333466e-06,3.740687500000000000e+03,2.288988281250000000e+03,1.000000000000000000e+00,-5.491411536132487781e-01,1.716562500000000000e+06,5.727000000000000000e+03,-2.356900000000000000e+04
6.628417968750000127e-06,6.701660156250000531e-06,3.963726562500000000e+03,2.172750000000000000e+03,1.000000000000000000e+00,-5.014199700401189563e-01,1.866562500000000000e+06,5.230000000000000000e+03,-2.662600000000000000e+04
6.632486979166666346e-06,6.705729166666666750e-06,3.783871093750000000e+03,2.499117187500000000e+03,1.000000000000000000e+00,-5.837036582402971296e-01,-3.218437500000000000e+06,6.088000000000000000e+03,3.276700000000000000e+04
6.636555989583333411e-06,6.709798177083333815e-06,3.669527343750000000e+03,2.348089843750000000e+03,1.000000000000000000e+00,-5.692267145546264784e-01,5.662500000000000000e+05,5.937000000000000000e+03,-3.727000000000000000e+03
6.640624999999999630e-06,6.713867187500000034e-06,4.036820312500000000e+03,2.509472656250000000e+03,1.000000000000000000e+00,-5.561878778575984894e-01,5.100000000000000000e+05,5.801000000000000000e+03,-2.903000000000000000e+03
6.644694010416666696e-06,6.717936197916667099e-06,3.977507812500000000e+03,2.560640625000000000e+03,1.000000000000000000e+00,-5.720070547326692179e-01,-6.187500000000000000e+05,5.966000000000000000e+03,1.652600000000000000e+04
6.648763020833332914e-06,6.722005208333333318e-06,4.023867187500000000e+03,2.513253906250000000e+03,1.000000000000000000e+00,-5.582971014409412458e-01,5.362500000000000000e+05,5.823000000000000000e+03,-3.329000000000000000e+03
6.652832031249999980e-06,6.726074218750000384e-06,3.901343750000000000e+03,2.443585937500000000e+03,1.000000000000000000e+00,-5.595674292809090788e-01,-4.968750000000000000e+04,5.836000000000000000e+03,6.684000000000000000e+03
6.656901041666667045e-06,6.730143229166667449e-06,3.854875000000000000e+03,2.373230468750000000e+03,1.000000000000000000e+00,-5.518495884418593844e-01,3.018750000000000000e+05,5.756000000000000000e+03,6.040000000000000000e+02
6.660970052083333264e-06,6.734212239583333668e-06,3.896605468750000000e+03,2.309316406250000000e+03,1.000000000000000000e+00,-5.349997682249281183e-01,6.590625000000000000e+05,5.580000000000000000e+03,-5.668000000000000000e+03
6.665039062500000329e-06,6.738281250000000733e-06,3.846410156250000000e+03,2.473785156250000000e+03,1.000000000000000000e+00,-5.715516541862656341e-01,-1.429687500000000000e+06,5.961000000000000000e+03,3.036100000000000000e+04
6.669108072916666548e-06,6.742350260416666952e-06,3.987500000000000000e+03,2.232375000000000000e+03,1.000000000000000000e+00,-5.103841702693256988e-01,2.392500000000000000e+06,5.323000000000000000e+03,-3.276800000000000000e+04
6.673177083333333613e-06,6.746419270833334017e-06,3.976894531250000000e+03,2.140882812500000000e+03,1.000000000000000000e+00,-4.938459398999335836e-01,6.468750000000000000e+05,5.151000000000000000e+03,-5.889000000000000000e+03
6.677246093749999832e-06,6.750488281250000236e-06,4.134808593750000000e+03,1.996906250000000000e+03,1.000000000000000000e+00,-4.499117713968964205e-01,1.718437500000000000e+06,4.692000000000000000e+03,-2.463600000000000000e+04
6.681315104166666898e-06,6.754557291666667301e-06,4.200617187500000000e+03,2.217953125000000000e+03,1.000000000000000000e+00,-4.857925407635340087e-01,-1.403437500000000000e+06,5.067000000000000000e+03,2.901900000000000000e+04
6.685384114583333116e-06,6.758626302083333520e-06,4.144785156250000000e+03,2.199710937500000000e+03,1.000000000000000000e+00,-4.879257327966874391e-01,-8.343750000000000000e+04,5.089000000000000000e+03,6.513000000000000000e+03
6.689453125000000182e-06,6.762695312500000585e-06,4.105039062500000000e+03,2.035226562500000000e+03,1.000000000000000000e+00,-4.602661417151244772e-01,1.081875000000000000e+06,4.800000000000000000e+03,-1.366400000000000000e+04
6.693522135416666400e-06,6.766764322916666804e-06,4.289687500000000000e+03,1.741335937500000000e+03,1.000000000000000000e+00,-3.856044205547530246e-01,2.920312500000000000e+06,4.022000000000000000e+03,-3.276800000000000000e+04
6.697591145833333466e-06,6.770833333333333870e-06,4.078312500000000000e+03,2.044527343750000000e+03,1.000000000000000000e+00,-4.647003049301064448e-01,-3.093750000000000000e+06,4.847000000000000000e+03,3.276700000000000000e+04
6.701660156249999684e-06,6.774902343750000088e-06,4.094097656250000000e+03,2.222050781250000000e+03,1.000000000000000000e+00,-4.972494597730548471e-01,-1.273125000000000000e+06,5.186000000000000000e+03,2.691400000000000000e+04
6.705729166666666750e-06,6.778971354166667154e-06,4.009886718750000000e+03,2.231058593750000000e+03,1.000000000000000000e+00,-5.077476407901472255e-01,-4.106250000000000000e+05,5.296000000000000000e+03,1.230400000000000000e+04
6.709798177083332968e-06,6.783040364583333372e-06,4.063812500000000000e+03,2.536105468750000000e+03,1.000000000000000000e+00,-5.579375746937805802e-01,-1.963125000000000000e+06,5.819000000000000000e+03,3.276700000000000000e+04
6.713867187500000034e-06,6.787109375000000438e-06,3.940449218750000000e+03,2.431285156250000000e+03,1.000000000000000000e+00,-5.528322948840986850e-01,1.996875000000000000e+05,5.766000000000000000e+03,2.358000000000000000e+03
6.717936197916666252e-06,6.791178385416666656e-06,3.917347656250000000e+03,2.510292968750000000e+03,1.000000000000000000e+00,-5.698978311493264615e-01,-6.675000000000000000e+05,5.944000000000000000e+03,1.733600000000000000e+04
6.722005208333333318e-06,6.795247395833333722e-06,4.055250000000000000e+03,2.323359375000000000e+03,1.000000000000000000e+00,-5.202831400411501717e-01,1.940625000000000000e+06,5.426000000000000000e+03,-2.769400000000000000e+04
6.726074218750000384e-06,6.799316406250000787e-06,4.143480468750000000e+03,2.656074218750000000e+03,1.000000000000000000e+00,-5.700416418481907277e-01,-1.946250000000000000e+06,5.945000000000000000e+03,3.276700000000000000e+04
6.730143229166666602e-06,6.803385416666667006e-06,3.949957031250000000e+03,2.401156250000000000e+03,1.000000000000000000e+00,-5.461930342865310983e-01,9.328125000000000000e+05,5.697000000000000000e+03,-1.022300000000000000e+04
6.734212239583333668e-06,6.807454427083334071e-06,4.089054687500000000e+03,2.395097656250000000e+03,1.000000000000000000e+00,-5.298705199654354381e-01,6.384375000000000000e+05,5.526000000000000000e+03,-5.370000000000000000e+03
6.738281249999999886e-06,6.811523437500000290e-06,3.994804687500000000e+03,2.264023437500000000e+03,1.000000000000000000e+00,-5.156092923280611862e-01,5.578125000000000000e+05,5.378000000000000000e+03,-4.142000000000000000e+03
6.742350260416666952e-06,6.815592447916667356e-06,3.888777343750000000e+03,2.306406250000000000e+03,1.000000000000000000e+00,-5.353353265222781099e-01,-7.715625000000000000e+05,5.583000000000000000e+03,1.875100000000000000e+04
6.746419270833333170e-06,6.819661458333333574e-06,3.812484375000000000e+03,2.347390625000000000e+03,1.000000000000000000e+00,-5.518975253414808435e-01,-6.478125000000000000e+05,5.756000000000000000e+03,1.681200000000000000e+04
6.750488281250000236e-06,6.823730468750000640e-06,3.991937500000000000e+03,2.492042968750000000e+03,1.000000000000000000e+00,-5.580813853926448465e-01,-2.418750000000000000e+05,5.821000000000000000e+03,9.949000000000000000e+03
6.754557291666666454e-06,6.827799479166666858e-06,3.817609375000000000e+03,2.357648437500000000e+03,1.000000000000000000e+00,-5.532397585308808097e-01,1.893750000000000000e+05,5.770000000000000000e+03,2.538000000000000000e+03
6.758626302083333520e-06,6.831868489583333924e-06,3.845164062500000000e+03,2.548164062500000000e+03,1.000000000000000000e+00,-5.852376390281828211e-01,-1.251562500000000000e+06,6.104000000000000000e+03,2.746400000000000000e+04
6.762695312499999738e-06,6.835937500000000142e-06,3.630613281250000000e+03,2.421203125000000000e+03,1.000000000000000000e+00,-5.881617899050898268e-01,-1.143750000000000000e+05,6.134000000000000000e+03,8.086000000000000000e+03
6.766764322916666804e-06,6.840006510416667208e-06,3.743996093750000000e+03,2.588003906250000000e+03,1.000000000000000000e+00,-6.048198625235354786e-01,-6.515625000000000000e+05,6.308000000000000000e+03,1.742800000000000000e+04
6.770833333333333023e-06,6.844075520833333426e-06,3.676636718750000000e+03,2.600433593750000000e+03,1.000000000000000000e+00,-6.156056649383563339e-01,-4.218750000000000000e+05,6.421000000000000000e+03,1.362100000000000000e+04
6.774902343750000088e-06,6.848144531250000492e-06,3.788234375000000000e+03,2.752707031250000000e+03,1.000000000000000000e+00,-6.283808486874664645e-01,-4.996875000000000000e+05,6.554000000000000000e+03,1.508200000000000000e+04
6.778971354166666307e-06,6.852213541666666710e-06,3.724832031250000000e+03,2.846472656250000000e+03,1.000000000000000000e+00,-6.525170776468546263e-01,-9.440625000000000000e+05,6.806000000000000000e+03,2.291800000000000000e+04
6.783040364583333372e-06,6.856282552083333776e-06,3.693136718750000000e+03,2.990191406250000000e+03,1.000000000000000000e+00,-6.806081008250104425e-01,-1.098750000000000000e+06,7.099000000000000000e+03,2.585100000000000000e+04
6.787109374999999591e-06,6.860351562499999995e-06,3.792320312500000000e+03,2.755304687500000000e+03,1.000000000000000000e+00,-6.283329117878450054e-01,2.044687500000000000e+06,6.553000000000000000e+03,-2.834300000000000000e+04
6.791178385416666656e-06,6.864420572916667060e-06,3.778808593750000000e+03,2.969046875000000000e+03,1.000000000000000000e+00,-6.659633779906647399e-01,-1.471875000000000000e+06,6.946000000000000000e+03,3.206600000000000000e+04
6.795247395833333722e-06,6.868489583333334126e-06,3.783941406250000000e+03,2.688281250000000000e+03,1.000000000000000000e+00,-6.176909200718884163e-01,1.888125000000000000e+06,6.442000000000000000e+03,-2.578200000000000000e+04
6.799316406249999940e-06,6.872558593750000344e-06,3.971285156250000000e+03,2.916972656250000000e+03,1.000000000000000000e+00,-6.335100969469591448e-01,-6.187500000000000000e+05,6.607000000000000000e+03,1.716700000000000000e+04
6.803385416666667006e-06,6.876627604166667410e-06,3.700144531250000000e+03,2.606738281250000000e+03,1.000000000000000000e+00,-6.137361258531207620e-01,7.734375000000000000e+05,6.401000000000000000e+03,-6.799000000000000000e+03
6.807454427083333224e-06,6.880696614583333628e-06,3.909085937500000000e+03,2.550093750000000000e+03,1.000000000000000000e+00,-5.780231356351581695e-01,1.396875000000000000e+06,6.029000000000000000e+03,-1.781100000000000000e+04
6.811523437500000290e-06,6.884765625000000694e-06,4.047867187500000000e+03,2.297675781250000000e+03,1.000000000000000000e+00,-5.162804089227610582e-01,2.415000000000000000e+06,5.385000000000000000e+03,-3.276800000000000000e+04
6.815592447916666509e-06,6.888834635416666912e-06,3.853746093750000000e+03,2.411621093750000000e+03,1.000000000000000000e+00,-5.591599656341269542e-01,-1.677187500000000000e+06,5.832000000000000000e+03,3.276700000000000000e+04
6.819661458333333574e-06,6.892903645833333978e-06,3.714589843750000000e+03,2.635761718750000000e+03,1.000000000000000000e+00,-6.171156772764313514e-01,-2.266875000000000000e+06,6.436000000000000000e+03,3.276700000000000000e+04
6.823730468749999793e-06,6.896972656250000197e-06,3.535332031250000000e+03,2.687390625000000000e+03,1.000000000000000000e+00,-6.499764219669190712e-01,-1.285312500000000000e+06,6.779000000000000000e+03,2.871500000000000000e+04
6.827799479166666858e-06,6.901041666666667262e-06,3.529402343750000000e+03,2.564167968750000000e+03,1.000000000000000000e+00,-6.283089433380343314e-01,8.475000000000000000e+05,6.553000000000000000e+03,-7.911000000000000000e+03
6.831868489583333077e-06,6.905110677083333481e-06,3.698796875000000000e+03,2.715613281250000000e+03,1.000000000000000000e+00,-6.332943808986626344e-01,-1.950000000000000000e+05,6.605000000000000000e+03,9.933000000000000000e+03
6.835937500000000142e-06,6.909179687500000546e-06,3.710957031250000000e+03,2.689160156250000000e+03,1.000000000000000000e+00,-6.270865523976879574e-01,2.428125000000000000e+05,6.540000000000000000e+03,2.396000000000000000e+03
6.840006510416666361e-06,6.913248697916666765e-06,3.666152343750000000e+03,2.786820312500000000e+03,1.000000000000000000e+00,-6.499764219669190712e-01,-8.953125000000000000e+05,6.779000000000000000e+03,2.205900000000000000e+04
6.844075520833333426e-06,6.917317708333333830e-06,3.711691406250000000e+03,2.874875000000000000e+03,1.000000000000000000e+00,-6.590364959953686208e-01,-3.543750000000000000e+05,6.874000000000000000e+03,1.292200000000000000e+04
6.848144531249999645e-06,6.921386718750000049e-06,3.826390625000000000e+03,2.857414062500000000e+03,1.000000000000000000e+00,-6.414196853844944535e-01,6.890625000000000000e+05,6.690000000000000000e+03,-5.070000000000000000e+03
6.852213541666666710e-06,6.925455729166667114e-06,3.605031250000000000e+03,2.922375000000000000e+03,1.000000000000000000e+00,-6.812073120702782925e-01,-1.556250000000000000e+06,7.105000000000000000e+03,3.276700000000000000e+04
6.856282552083332929e-06,6.929524739583333333e-06,3.464179687500000000e+03,3.115773437500000000e+03,1.000000000000000000e+00,-7.324997946652043179e-01,-2.006250000000000000e+06,7.640000000000000000e+03,3.276700000000000000e+04
6.860351562499999995e-06,6.933593750000000398e-06,3.357949218750000000e+03,3.287472656250000000e+03,1.000000000000000000e+00,-7.747801401313023639e-01,-1.653750000000000000e+06,8.081000000000000000e+03,3.276700000000000000e+04
6.864420572916667060e-06,6.937662760416667464e-06,3.333449218750000000e+03,3.180503906250000000e+03,1.000000000000000000e+00,-7.619330510327601003e-01,5.025000000000000000e+05,7.947000000000000000e+03,-6.290000000000000000e+02
6.868489583333333279e-06,6.941731770833333683e-06,3.507484375000000000e+03,3.276027343750000000e+03,1.000000000000000000e+00,-7.512910593168035112e-01,4.162500000000000000e+05,7.836000000000000000e+03,7.320000000000000000e+02
6.872558593750000344e-06,6.945800781250000748e-06,3.399453125000000000e+03,3.233593750000000000e+03,1.000000000000000000e+00,-7.603990702448745198e-01,-3.562500000000000000e+05,7.931000000000000000e+03,1.401100000000000000e+04
6.876627604166666563e-06,6.949869791666666967e-06,3.522078125000000000e+03,3.142109375000000000e+03,1.000000000000000000e+00,-7.284491266471938564e-01,1.249687500000000000e+06,7.598000000000000000e+03,-1.373000000000000000e+04
6.880696614583333628e-06,6.953938802083334032e-06,3.544875000000000000e+03,3.205156250000000000e+03,1.000000000000000000e+00,-7.351123556945721171e-01,-2.606250000000000000e+05,7.667000000000000000e+03,1.211500000000000000e+04
6.884765624999999847e-06,6.958007812500000251e-06,3.407363281250000000e+03,3.334136718750000000e+03,1.000000000000000000e+00,-7.745404556331951795e-01,-1.542187500000000000e+06,8.078000000000000000e+03,3.276700000000000000e+04
6.888834635416666912e-06,6.962076822916667316e-06,3.361675781250000000e+03,3.465765625000000000e+03,1.000000000000000000e+00,-8.006420974770618315e-01,-1.020937500000000000e+06,8.351000000000000000e+03,2.577500000000000000e+04
6.892903645833333131e-06,6.966145833333333535e-06,3.625589843750000000e+03,2.975824218750000000e+03,1.000000000000000000e+00,-6.872952983221993772e-01,4.433437500000000000e+06,7.168000000000000000e+03,-3.276800000000000000e+04
6.896972656250000197e-06,6.970214843750000600e-06,3.535378906250000000e+03,3.061875000000000000e+03,1.000000000000000000e+00,-7.137324984634160208e-01,-1.034062500000000000e+06,7.444000000000000000e+03,2.509200000000000000e+04
6.901041666666666415e-06,6.974283854166666819e-06,3.319867187500000000e+03,3.022640625000000000e+03,1.000000000000000000e+00,-7.385638124673148397e-01,-9.712500000000000000e+05,7.703000000000000000e+03,2.427900000000000000e+04
6.905110677083333481e-06,6.978352864583333884e-06,3.271789062500000000e+03,3.071281250000000000e+03,1.000000000000000000e+00,-7.537837780971176072e-01,-5.953125000000000000e+05,7.862000000000000000e+03,1.802200000000000000e+04
6.909179687499999699e-06,6.982421875000000103e-06,3.322273437500000000e+03,3.159410156250000000e+03,1.000000000000000000e+00,-7.602792279958209276e-01,-2.540625000000000000e+05,7.930000000000000000e+03,1.226600000000000000e+04
6.913248697916666765e-06,6.986490885416667169e-06,3.223347656250000000e+03,3.063425781250000000e+03,1.000000000000000000e+00,-7.599676381482816101e-01,1.218750000000000000e+04,7.926000000000000000e+03,7.718000000000000000e+03
6.917317708333332983e-06,6.990559895833333387e-06,3.473375000000000000e+03,3.243765625000000000e+03,1.000000000000000000e+00,-7.512191539673713780e-01,3.421875000000000000e+05,7.835000000000000000e+03,1.995000000000000000e+03
6.921386718750000049e-06,6.994628906250000453e-06,3.261445312500000000e+03,3.186261718750000000e+03,1.000000000000000000e+00,-7.737255283396309302e-01,-8.803125000000000000e+05,8.070000000000000000e+03,2.309400000000000000e+04
6.925455729166666267e-06,6.998697916666666671e-06,3.084332031250000000e+03,3.022226562500000000e+03,1.000000000000000000e+00,-7.752355406777059477e-01,-5.906250000000000000e+04,8.086000000000000000e+03,9.094000000000000000e+03
6.929524739583333333e-06,7.002766927083333737e-06,3.209019531250000000e+03,3.130410156250000000e+03,1.000000000000000000e+00,-7.730064748453095991e-01,8.718750000000000000e+04,8.062000000000000000e+03,6.574000000000000000e+03
6.933593750000000398e-06,7.006835937500000802e-06,3.300878906250000000e+03,3.078261718750000000e+03,1.000000000000000000e+00,-7.505240689228606099e-01,8.793750000000000000e+05,7.828000000000000000e+03,-7.180000000000000000e+03
6.937662760416666617e-06,7.010904947916667021e-06,3.157175781250000000e+03,3.245769531250000000e+03,1.000000000000000000e+00,-7.992279589382297322e-01,-1.905000000000000000e+06,8.336000000000000000e+03,3.276700000000000000e+04
6.941731770833333683e-06,7.014973958333334086e-06,3.232335937500000000e+03,3.319730468750000000e+03,1.000000000000000000e+00,-7.987485899420154745e-01,1.875000000000000000e+04,8.331000000000000000e+03,8.011000000000000000e+03
6.945800781249999901e-06,7.019042968750000305e-06,3.229703125000000000e+03,3.291597656250000000e+03,1.000000000000000000e+00,-7.948896695224907383e-01,1.509375000000000000e+05,8.291000000000000000e+03,5.715000000000000000e+03
6.949869791666666967e-06,7.023111979166667370e-06,3.364917968750000000e+03,3.083585937500000000e+03,1.000000000000000000e+00,-7.417995531917610519e-01,2.076562500000000000e+06,7.737000000000000000e+03,-2.770300000000000000e+04
6.953938802083333185e-06,7.027180989583333589e-06,3.453121093750000000e+03,3.296492187500000000e+03,1.000000000000000000e+00,-7.621967039806779587e-01,-7.978125000000000000e+05,7.950000000000000000e+03,2.156600000000000000e+04
6.958007812500000251e-06,7.031250000000000655e-06,3.482777343750000000e+03,3.157722656250000000e+03,1.000000000000000000e+00,-7.365025257835934314e-01,1.005000000000000000e+06,7.682000000000000000e+03,-9.470000000000000000e+03
6.962076822916666469e-06,7.035319010416666873e-06,3.573113281250000000e+03,2.934425781250000000e+03,1.000000000000000000e+00,-6.875589512701172357e-01,1.914375000000000000e+06,7.171000000000000000e+03,-2.550100000000000000e+04
6.966145833333333535e-06,7.039388020833333939e-06,3.730355468750000000e+03,2.808011718750000000e+03,1.000000000000000000e+00,-6.452546373542085156e-01,1.654687500000000000e+06,6.730000000000000000e+03,-2.151000000000000000e+04
6.970214843749999753e-06,7.043457031250000157e-06,3.708746093750000000e+03,2.897015625000000000e+03,1.000000000000000000e+00,-6.631351009130005414e-01,-6.993750000000000000e+05,6.916000000000000000e+03,1.885200000000000000e+04
6.974283854166666819e-06,7.047526041666667223e-06,3.588675781250000000e+03,2.936867187500000000e+03,1.000000000000000000e+00,-6.858332228837459299e-01,-8.878125000000000000e+05,7.153000000000000000e+03,2.230500000000000000e+04
6.978352864583333037e-06,7.051595052083333441e-06,3.361484375000000000e+03,2.832136718750000000e+03,1.000000000000000000e+00,-7.001423874207416409e-01,-5.596875000000000000e+05,7.302000000000000000e+03,1.685400000000000000e+04
6.982421875000000103e-06,7.055664062500000507e-06,3.570136718750000000e+03,2.912281250000000000e+03,1.000000000000000000e+00,-6.842752736460495644e-01,6.206250000000000000e+05,7.137000000000000000e+03,-3.455000000000000000e+03
6.986490885416666322e-06,7.059733072916666725e-06,3.490832031250000000e+03,3.083726562500000000e+03,1.000000000000000000e+00,-7.235595628858083606e-01,-1.536562500000000000e+06,7.547000000000000000e+03,3.276700000000000000e+04
6.990559895833333387e-06,7.063802083333333791e-06,3.572035156250000000e+03,3.108078125000000000e+03,1.000000000000000000e+00,-7.160574380950551765e-01,2.934375000000000000e+05,7.468000000000000000e+03,2.460000000000000000e+03
6.994628906249999606e-06,7.067871093750000009e-06,3.310445312500000000e+03,3.267050781250000000e+03,1.000000000000000000e+00,-7.788068396995021514e-01,-2.454375000000000000e+06,8.123000000000000000e+03,3.276700000000000000e+04
6.998697916666666671e-06,7.071940104166667075e-06,3.188011718750000000e+03,2.976253906250000000e+03,1.000000000000000000e+00,-7.510513748186963268e-01,1.085625000000000000e+06,7.833000000000000000e+03,-1.069500000000000000e+04
7.002766927083333737e-06,7.076009114583334141e-06,3.016000000000000000e+03,3.343441406250000000e+03,1.000000000000000000e+00,-8.368344566912386817e-01,-3.355312500000000000e+06,8.728000000000000000e+03,3.276700000000000000e+04
7.006835937499999955e-06,7.080078125000000359e-06,3.252128906250000000e+03,3.297429687500000000e+03,1.000000000000000000e+00,-7.923250453927443981e-01,1.740937500000000000e+06,8.264000000000000000e+03,-2.144800000000000000e+04
7.010904947916667021e-06,7.084147135416667425e-06,3.321890625000000000e+03,3.558160156250000000e+03,1.000000000000000000e+00,-8.197209835263894462e-01,-1.071562500000000000e+06,8.550000000000000000e+03,2.683800000000000000e+04
7.014973958333333239e-06,7.088216145833333643e-06,3.517226562500000000e+03,3.218886718750000000e+03,1.000000000000000000e+00,-7.411524050468718539e-01,3.073125000000000000e+06,7.730000000000000000e+03,-3.276800000000000000e+04
7.019042968750000305e-06,7.092285156250000709e-06,3.572863281250000000e+03,3.416890625000000000e+03,1.000000000000000000e+00,-7.630835366236743411e-01,-8.578125000000000000e+05,7.959000000000000000e+03,2.259900000000000000e+04
7.023111979166666523e-06,7.096354166666666927e-06,3.486937500000000000e+03,3.499976562500000000e+03,1.000000000000000000e+00,-7.872677024826838510e-01,-9.459375000000000000e+05,8.211000000000000000e+03,2.435500000000000000e+04
7.027180989583333589e-06,7.100423177083333993e-06,3.364433593750000000e+03,3.487761718750000000e+03,1.000000000000000000e+00,-8.033984692052938970e-01,-6.309375000000000000e+05,8.379000000000000000e+03,1.914700000000000000e+04
7.031249999999999808e-06,7.104492187500000211e-06,3.342078125000000000e+03,3.305281250000000000e+03,1.000000000000000000e+00,-7.798614514911735851e-01,9.206250000000000000e+05,8.134000000000000000e+03,-7.578000000000000000e+03
7.035319010416666873e-06,7.108561197916667277e-06,3.573382812500000000e+03,3.063156250000000000e+03,1.000000000000000000e+00,-7.086511871035447996e-01,2.785312500000000000e+06,7.391000000000000000e+03,-3.276800000000000000e+04
7.039388020833333092e-06,7.112630208333333496e-06,3.370558593750000000e+03,3.479917968750000000e+03,1.000000000000000000e+00,-8.013611509713832737e-01,-3.626250000000000000e+06,8.358000000000000000e+03,3.276700000000000000e+04
7.043457031250000157e-06,7.116699218750000561e-06,3.432171875000000000e+03,3.281152343750000000e+03,1.000000000000000000e+00,-7.628917890251886158e-01,1.504687500000000000e+06,7.957000000000000000e+03,-1.772300000000000000e+04
7.047526041666666376e-06,7.120768229166666780e-06,3.314558593750000000e+03,3.093937500000000000e+03,1.000000000000000000e+00,-7.509794694692641936e-01,4.659375000000000000e+05,7.833000000000000000e+03,-1.190000000000000000e+02
7.051595052083333441e-06,7.124837239583333845e-06,3.552593750000000000e+03,3.037613281250000000e+03,1.000000000000000000e+00,-7.074048277133877516e-01,1.704375000000000000e+06,7.378000000000000000e+03,-2.171000000000000000e+04
7.055664062499999660e-06,7.128906250000000064e-06,3.791128906250000000e+03,2.881757812500000000e+03,1.000000000000000000e+00,-6.499524535171082862e-01,2.247187500000000000e+06,6.779000000000000000e+03,-3.157300000000000000e+04
7.059733072916666725e-06,7.132975260416667129e-06,3.637207031250000000e+03,2.840359375000000000e+03,1.000000000000000000e+00,-6.629912902141362752e-01,-5.100000000000000000e+05,6.915000000000000000e+03,1.561900000000000000e+04
7.063802083333332944e-06,7.137044270833333348e-06,3.253566406250000000e+03,2.785214843750000000e+03,1.000000000000000000e+00,-7.079800705088448165e-01,-1.759687500000000000e+06,7.384000000000000000e+03,3.276700000000000000e+04
7.067871093750000009e-06,7.141113281250000413e-06,3.669234375000000000e+03,2.526496093750000000e+03,1.000000000000000000e+00,-6.029982603379212547e-01,4.106250000000000000e+06,6.289000000000000000e+03,-3.276800000000000000e+04
7.071940104166667075e-06,7.145182291666667479e-06,3.545328125000000000e+03,2.698363281250000000e+03,1.000000000000000000e+00,-6.505756332121868102e-01,-1.860937500000000000e+06,6.785000000000000000e+03,3.276700000000000000e+04
7.076009114583333294e-06,7.149251302083333697e-06,3.646035156250000000e+03,2.612894531250000000e+03,1.000000000000000000e+00,-6.218134934393311219e-01,1.125000000000000000e+06,6.485000000000000000e+03,-1.271500000000000000e+04
7.080078125000000359e-06,7.153320312500000763e-06,3.625695312500000000e+03,2.680535156250000000e+03,1.000000000000000000e+00,-6.366259954223517648e-01,-5.793750000000000000e+05,6.640000000000000000e+03,1.652800000000000000e+04
7.084147135416666578e-06,7.157389322916666982e-06,3.844085937500000000e+03,2.538414062500000000e+03,1.000000000000000000e+00,-5.836077844410543225e-01,2.073750000000000000e+06,6.087000000000000000e+03,-2.930500000000000000e+04
7.088216145833333643e-06,7.161458333333334047e-06,3.748386718750000000e+03,2.742433593750000000e+03,1.000000000000000000e+00,-6.316405578617234617e-01,-1.878750000000000000e+06,6.588000000000000000e+03,3.276700000000000000e+04
7.092285156249999862e-06,7.165527343750000266e-06,3.738882812500000000e+03,2.861750000000000000e+03,1.000000000000000000e+00,-6.532840680407974165e-01,-8.465625000000000000e+05,6.814000000000000000e+03,2.126200000000000000e+04
7.096354166666666927e-06,7.169596354166667331e-06,3.683457031250000000e+03,2.846082031250000000e+03,1.000000000000000000e+00,-6.578620419546435949e-01,-1.790625000000000000e+05,6.861000000000000000e+03,9.917000000000000000e+03
7.100423177083333146e-06,7.173665364583333550e-06,3.938558593750000000e+03,2.657542968750000000e+03,1.000000000000000000e+00,-5.935786595623110395e-01,2.514375000000000000e+06,6.191000000000000000e+03,-3.276800000000000000e+04
7.104492187500000211e-06,7.177734375000000615e-06,3.963750000000000000e+03,2.559855468750000000e+03,1.000000000000000000e+00,-5.734451617213119912e-01,7.875000000000000000e+05,5.981000000000000000e+03,-7.459000000000000000e+03
7.108561197916666430e-06,7.181803385416666834e-06,3.748242187500000000e+03,2.471144531250000000e+03,1.000000000000000000e+00,-5.828887309467328803e-01,-3.693750000000000000e+05,6.079000000000000000e+03,1.238300000000000000e+04
7.112630208333333496e-06,7.185872395833333899e-06,3.786843750000000000e+03,2.659406250000000000e+03,1.000000000000000000e+00,-6.122500819648565296e-01,-1.148437500000000000e+06,6.386000000000000000e+03,2.598600000000000000e+04
7.116699218749999714e-06,7.189941406250000118e-06,3.731750000000000000e+03,2.745632812500000000e+03,1.000000000000000000e+00,-6.343250242405232830e-01,-8.634375000000000000e+05,6.616000000000000000e+03,2.135200000000000000e+04
7.120768229166666780e-06,7.194010416666667183e-06,3.748558593750000000e+03,2.617078125000000000e+03,1.000000000000000000e+00,-6.094937102366245751e-01,9.712500000000000000e+05,6.357000000000000000e+03,-1.021900000000000000e+04
7.124837239583332998e-06,7.198079427083333402e-06,3.699574218750000000e+03,2.722222656250000000e+03,1.000000000000000000e+00,-6.343729611401447421e-01,-9.731250000000000000e+05,6.616000000000000000e+03,2.322400000000000000e+04
7.128906250000000064e-06,7.202148437500000468e-06,3.780292968750000000e+03,2.476449218750000000e+03,1.000000000000000000e+00,-5.799406116200152006e-01,2.129062500000000000e+06,6.049000000000000000e+03,-3.028700000000000000e+04
7.132975260416666282e-06,7.206217447916666686e-06,4.025875000000000000e+03,2.622507812500000000e+03,1.000000000000000000e+00,-5.773759874902688605e-01,1.003125000000000000e+05,6.022000000000000000e+03,4.310000000000000000e+03
7.137044270833333348e-06,7.210286458333333752e-06,3.831472656250000000e+03,2.653367187500000000e+03,1.000000000000000000e+00,-6.056827267167210760e-01,-1.107187500000000000e+06,6.317000000000000000e+03,2.521300000000000000e+04
7.141113281250000413e-06,7.214355468750000817e-06,3.796375000000000000e+03,2.470367187500000000e+03,1.000000000000000000e+00,-5.768726500442439287e-01,1.126875000000000000e+06,6.017000000000000000e+03,-1.321500000000000000e+04
7.145182291666666632e-06,7.218424479166667036e-06,3.943796875000000000e+03,2.521968750000000000e+03,1.000000000000000000e+00,-5.689390931568978349e-01,3.103125000000000000e+05,5.934000000000000000e+03,6.380000000000000000e+02
7.149251302083333697e-06,7.222493489583334101e-06,3.981343750000000000e+03,2.359242187500000000e+03,1.000000000000000000e+00,-5.349518313253066593e-01,1.329375000000000000e+06,5.579000000000000000e+03,-1.710900000000000000e+04
7.153320312499999916e-06,7.226562500000000320e-06,3.719179687500000000e+03,2.456777343750000000e+03,1.000000000000000000e+00,-5.837515951399185887e-01,-1.908750000000000000e+06,6.088000000000000000e+03,3.276700000000000000e+04
7.157389322916666982e-06,7.230631510416667385e-06,3.959242187500000000e+03,2.208230468750000000e+03,1.000000000000000000e+00,-5.087543156821972001e-01,2.933437500000000000e+06,5.306000000000000000e+03,-3.276800000000000000e+04
7.161458333333333200e-06,7.234700520833333604e-06,3.840750000000000000e+03,2.514265625000000000e+03,1.000000000000000000e+00,-5.796290217724759941e-01,-2.772187500000000000e+06,6.045000000000000000e+03,3.276700000000000000e+04
7.165527343750000266e-06,7.238769531250000669e-06,4.064074218750000000e+03,2.435472656250000000e+03,1.000000000000000000e+00,-5.398893319863135032e-01,1.554375000000000000e+06,5.631000000000000000e+03,-2.089700000000000000e+04
7.169596354166666484e-06,7.242838541666666888e-06,4.179250000000000000e+03,2.335359375000000000e+03,1.000000000000000000e+00,-5.095692429757614494e-01,1.185937500000000000e+06,5.315000000000000000e+03,-1.492500000000000000e+04
7.173665364583333550e-06,7.246907552083333954e-06,4.258136718750000000e+03,2.020953125000000000e+03,1.000000000000000000e+00,-4.431287001004645676e-01,2.598750000000000000e+06,4.622000000000000000e+03,-3.276800000000000000e+04
7.177734374999999768e-06,7.250976562500000172e-06,4.417375000000000000e+03,1.987402343750000000e+03,1.000000000000000000e+00,-4.227794862111691199e-01,7.959375000000000000e+05,4.409000000000000000e+03,-9.175000000000000000e+03
7.181803385416666834e-06,7.255045572916667238e-06,4.252777343750000000e+03,2.248679687500000000e+03,1.000000000000000000e+00,-4.863917520088018032e-01,-2.488125000000000000e+06,5.073000000000000000e+03,3.276700000000000000e+04
7.185872395833333052e-06,7.259114583333333456e-06,3.891183593750000000e+03,2.251953125000000000e+03,1.000000000000000000e+00,-5.246214294568892766e-01,-1.495312500000000000e+06,5.472000000000000000e+03,3.099200000000000000e+04
7.189941406250000118e-06,7.263183593750000522e-06,4.092781250000000000e+03,1.918097656250000000e+03,1.000000000000000000e+00,-4.382631047888898013e-01,3.377812500000000000e+06,4.571000000000000000e+03,-3.276800000000000000e+04
7.194010416666666336e-06,7.267252604166666740e-06,4.052195312500000000e+03,2.300605468750000000e+03,1.000000000000000000e+00,-5.163523142721931913e-01,-3.054375000000000000e+06,5.385000000000000000e+03,3.276700000000000000e+04
7.198079427083333402e-06,7.271321614583333806e-06,3.988902343750000000e+03,2.163097656250000000e+03,1.000000000000000000e+00,-4.968899330258941816e-01,7.612500000000000000e+05,5.182000000000000000e+03,-7.810000000000000000e+03
7.202148437499999621e-06,7.275390625000000024e-06,3.770667968750000000e+03,2.387472656250000000e+03,1.000000000000000000e+00,-5.644569930422945747e-01,-2.642812500000000000e+06,5.887000000000000000e+03,3.276700000000000000e+04
7.206217447916666686e-06,7.279459635416667090e-06,3.902898437500000000e+03,2.251203125000000000e+03,1.000000000000000000e+00,-5.231833224682465033e-01,1.614375000000000000e+06,5.457000000000000000e+03,-2.209500000000000000e+04
7.210286458333333752e-06,7.283528645833334156e-06,4.014867187500000000e+03,2.222316406250000000e+03,1.000000000000000000e+00,-5.055425434075616620e-01,6.900000000000000000e+05,5.273000000000000000e+03,-6.503000000000000000e+03
7.214355468749999970e-06,7.287597656250000374e-06,3.707339843750000000e+03,2.309476562500000000e+03,1.000000000000000000e+00,-5.571226474002163309e-01,-2.017500000000000000e+06,5.811000000000000000e+03,3.276700000000000000e+04
7.218424479166667036e-06,7.291666666666667440e-06,3.794144531250000000e+03,2.450003906250000000e+03,1.000000000000000000e+00,-5.733732563718798581e-01,-6.356250000000000000e+05,5.980000000000000000e+03,1.682800000000000000e+04
7.222493489583333254e-06,7.295735677083333658e-06,3.831949218750000000e+03,2.291402343750000000e+03,1.000000000000000000e+00,-5.389305939938849876e-01,1.347187500000000000e+06,5.621000000000000000e+03,-1.737100000000000000e+04
7.226562500000000320e-06,7.299804687500000724e-06,4.032007812500000000e+03,2.247347656250000000e+03,1.000000000000000000e+00,-5.084906627342793417e-01,1.190625000000000000e+06,5.303000000000000000e+03,-1.501700000000000000e+04
7.230631510416666538e-06,7.303873697916666942e-06,4.034855468750000000e+03,2.396113281250000000e+03,1.000000000000000000e+00,-5.358866008679245008e-01,-1.071562500000000000e+06,5.589000000000000000e+03,2.387700000000000000e+04
7.234700520833333604e-06,7.307942708333334008e-06,3.979089843750000000e+03,2.222609375000000000e+03,1.000000000000000000e+00,-5.094014638270863982e-01,1.035937500000000000e+06,5.313000000000000000e+03,-1.236700000000000000e+04
7.238769531249999822e-06,7.312011718750000226e-06,4.258015625000000000e+03,2.153066406250000000e+03,1.000000000000000000e+00,-4.681517617028491118e-01,1.613437500000000000e+06,4.883000000000000000e+03,-2.265300000000000000e+04
7.242838541666666888e-06,7.316080729166667292e-06,4.310000000000000000e+03,2.142753906250000000e+03,1.000000000000000000e+00,-4.613686904064173144e-01,2.653125000000000000e+05,4.812000000000000000e+03,2.840000000000000000e+02
7.246907552083333107e-06,7.320149739583333510e-06,4.230652343750000000e+03,1.982292968750000000e+03,1.000000000000000000e+00,-4.381911994394576682e-01,9.065625000000000000e+05,4.570000000000000000e+03,-1.090200000000000000e+04
7.250976562500000172e-06,7.324218750000000576e-06,4.104156250000000000e+03,1.919433593750000000e+03,1.000000000000000000e+00,-4.374721459451362815e-01,2.812500000000000000e+04,4.563000000000000000e+03,4.083000000000000000e+03
7.255045572916666391e-06,7.328287760416666795e-06,4.134339843750000000e+03,2.278007812500000000e+03,1.000000000000000000e+00,-5.036010989728938458e-01,-2.586562500000000000e+06,5.252000000000000000e+03,3.276700000000000000e+04
7.259114583333333456e-06,7.332356770833333860e-06,4.020035156250000000e+03,2.225781250000000000e+03,1.000000000000000000e+00,-5.056623856566151431e-01,-8.062500000000000000e+04,5.274000000000000000e+03,6.650000000000000000e+03
7.263183593749999675e-06,7.336425781250000079e-06,4.009160156250000000e+03,2.015648437500000000e+03,1.000000000000000000e+00,-4.658507905210206301e-01,1.557187500000000000e+06,4.859000000000000000e+03,-2.171700000000000000e+04
7.267252604166666740e-06,7.340494791666667144e-06,4.011890625000000000e+03,2.209566406250000000e+03,1.000000000000000000e+00,-5.034093513744081205e-01,-1.469062500000000000e+06,5.250000000000000000e+03,3.032200000000000000e+04
7.271321614583332959e-06,7.344563802083333363e-06,3.930339843750000000e+03,2.205066406250000000e+03,1.000000000000000000e+00,-5.112710029123220812e-01,-3.075000000000000000e+05,5.332000000000000000e+03,1.058000000000000000e+04
7.275390625000000024e-06,7.348632812500000428e-06,4.098343750000000000e+03,2.183574218750000000e+03,1.000000000000000000e+00,-4.895316189340052637e-01,8.503125000000000000e+05,5.106000000000000000e+03,-9.406000000000000000e+03
7.279459635416667090e-06,7.352701822916667494e-06,4.052933593750000000e+03,2.147796875000000000e+03,1.000000000000000000e+00,-4.873025531016089151e-01,8.718750000000000000e+04,5.082000000000000000e+03,3.594000000000000000e+03
7.283528645833333308e-06,7.356770833333333712e-06,4.067457031250000000e+03,2.419105468750000000e+03,1.000000000000000000e+00,-5.365337490128136988e-01,-1.925625000000000000e+06,5.596000000000000000e+03,3.276700000000000000e+04
7.287597656250000374e-06,7.360839843750000778e-06,4.084605468750000000e+03,2.280988281250000000e+03,1.000000000000000000e+00,-5.092816215780329170e-01,1.065937500000000000e+06,5.312000000000000000e+03,-1.288000000000000000e+04
7.291666666666666593e-06,7.364908854166666996e-06,4.027445312500000000e+03,2.326828125000000000e+03,1.000000000000000000e+00,-5.239023759625678345e-01,-5.718750000000000000e+05,5.464000000000000000e+03,1.522400000000000000e+04
7.295735677083333658e-06,7.368977864583334062e-06,4.242511718750000000e+03,2.097328125000000000e+03,1.000000000000000000e+00,-4.591156561242102363e-01,2.534062500000000000e+06,4.788000000000000000e+03,-3.276800000000000000e+04
7.299804687499999877e-06,7.373046875000000281e-06,4.065261718750000000e+03,2.333058593750000000e+03,1.000000000000000000e+00,-5.210021935354716138e-01,-2.420625000000000000e+06,5.434000000000000000e+03,3.276700000000000000e+04
7.303873697916666942e-06,7.377115885416667346e-06,4.063636718750000000e+03,2.125929687500000000e+03,1.000000000000000000e+00,-4.820055256934412946e-01,1.525312500000000000e+06,5.027000000000000000e+03,-2.100500000000000000e+04
7.307942708333333161e-06,7.381184895833333565e-06,4.222031250000000000e+03,1.971863281250000000e+03,1.000000000000000000e+00,-4.369448400493006202e-01,1.762500000000000000e+06,4.557000000000000000e+03,-2.552300000000000000e+04
7.312011718750000226e-06,7.385253906250000630e-06,4.392421875000000000e+03,1.947378906250000000e+03,1.000000000000000000e+00,-4.173146796543265591e-01,7.678125000000000000e+05,4.352000000000000000e+03,-8.752000000000000000e+03
7.316080729166666445e-06,7.389322916666666849e-06,4.173511718750000000e+03,2.186414062500000000e+03,1.000000000000000000e+00,-4.825568000390877410e-01,-2.551875000000000000e+06,5.033000000000000000e+03,3.276700000000000000e+04
7.320149739583333510e-06,7.393391927083333914e-06,3.996378906250000000e+03,1.894222656250000000e+03,1.000000000000000000e+00,-4.426253626544396358e-01,1.561875000000000000e+06,4.616000000000000000e+03,-2.204000000000000000e+04
7.324218749999999729e-06,7.397460937500000133e-06,4.058089843750000000e+03,2.085914062500000000e+03,1.000000000000000000e+00,-4.747910223004166430e-01,-1.258125000000000000e+06,4.952000000000000000e+03,2.642400000000000000e+04
7.328287760416666795e-06,7.401529947916667198e-06,4.071988281250000000e+03,2.115332031250000000e+03,1.000000000000000000e+00,-4.791053432663450184e-01,-1.687500000000000000e+05,4.997000000000000000e+03,7.877000000000000000e+03
7.332356770833333013e-06,7.405598958333333417e-06,3.988957031250000000e+03,2.061691406250000000e+03,1.000000000000000000e+00,-4.770440565826236656e-01,8.062500000000000000e+04,4.975000000000000000e+03,3.599000000000000000e+03
7.336425781250000079e-06,7.409667968750000482e-06,4.061804687500000000e+03,2.352003906250000000e+03,1.000000000000000000e+00,-5.248611139549964610e-01,-1.870312500000000000e+06,5.474000000000000000e+03,3.276700000000000000e+04
7.340494791666666297e-06,7.413736979166666701e-06,3.876515625000000000e+03,2.341183593750000000e+03,1.000000000000000000e+00,-5.433168203092455517e-01,-7.218750000000000000e+05,5.667000000000000000e+03,1.798700000000000000e+04
7.344563802083333363e-06,7.417805989583333767e-06,4.127386718750000000e+03,2.056628906250000000e+03,1.000000000000000000e+00,-4.622794914992243709e-01,3.169687500000000000e+06,4.821000000000000000e+03,-3.276800000000000000e+04
7.348632812499999581e-06,7.421874999999999985e-06,3.951261718750000000e+03,2.359906250000000000e+03,1.000000000000000000e+00,-5.384032880980493818e-01,-2.977500000000000000e+06,5.615000000000000000e+03,3.276700000000000000e+04
7.352701822916666647e-06,7.425944010416667051e-06,4.002898437500000000e+03,2.301460937500000000e+03,1.000000000000000000e+00,-5.217931523792250781e-01,6.496875000000000000e+05,5.442000000000000000e+03,-5.646000000000000000e+03
7.356770833333333712e-06,7.430013020833334116e-06,4.164074218750000000e+03,2.585394531250000000e+03,1.000000000000000000e+00,-5.556366035119520985e-01,-1.323750000000000000e+06,5.795000000000000000e+03,2.838700000000000000e+04
7.360839843749999931e-06,7.434082031250000335e-06,3.991171875000000000e+03,2.170304687500000000e+03,1.000000000000000000e+00,-4.980404186168084224e-01,2.252812500000000000e+06,5.194000000000000000e+03,-3.276800000000000000e+04
7.364908854166666996e-06,7.438151041666667400e-06,4.214628906250000000e+03,2.408714843750000000e+03,1.000000000000000000e+00,-5.192045597996680639e-01,-8.278125000000000000e+05,5.415000000000000000e+03,1.954300000000000000e+04
7.368977864583333215e-06,7.442220052083333619e-06,4.166382812500000000e+03,2.228777343750000000e+03,1.000000000000000000e+00,-4.912094104207551659e-01,1.095000000000000000e+06,5.123000000000000000e+03,-1.356500000000000000e+04
7.373046875000000281e-06,7.446289062500000684e-06,3.914285156250000000e+03,2.577003906250000000e+03,1.000000000000000000e+00,-5.822176143520330083e-01,-3.559687500000000000e+06,6.072000000000000000e+03,3.276700000000000000e+04
7.377115885416666499e-06,7.450358072916666903e-06,3.970167968750000000e+03,2.302214843750000000e+03,1.000000000000000000e+00,-5.255082620998856591e-01,2.218125000000000000e+06,5.481000000000000000e+03,-3.237500000000000000e+04
7.381184895833333565e-06,7.454427083333333968e-06,4.171667968750000000e+03,2.039410156250000000e+03,1.000000000000000000e+00,-4.547054613590390537e-01,2.769375000000000000e+06,4.742000000000000000e+03,-3.276800000000000000e+04
7.385253906249999783e-06,7.458496093750000187e-06,4.233316406250000000e+03,2.200031250000000000e+03,1.000000000000000000e+00,-4.792731224150200142e-01,-9.609375000000000000e+05,4.999000000000000000e+03,2.139900000000000000e+04
7.389322916666666849e-06,7.462565104166667253e-06,3.925906250000000000e+03,2.380523437500000000e+03,1.000000000000000000e+00,-5.450904855952383166e-01,-2.574375000000000000e+06,5.685000000000000000e+03,3.276700000000000000e+04
7.393391927083333067e-06,7.466634114583333471e-06,3.784785156250000000e+03,2.241378906250000000e+03,1.000000000000000000e+00,-5.346642099275781268e-01,4.078125000000000000e+05,5.576000000000000000e+03,-1.384000000000000000e+03
7.397460937500000133e-06,7.470703125000000537e-06,4.068632812500000000e+03,2.091199218750000000e+03,1.000000000000000000e+00,-4.747670538506059690e-01,2.342812500000000000e+06,4.952000000000000000e+03,-3.276800000000000000e+04
7.401529947916666351e-06,7.474772135416666755e-06,4.110734375000000000e+03,2.286265625000000000e+03,1.000000000000000000e+00,-5.075798616414722852e-01,-1.283437500000000000e+06,5.294000000000000000e+03,2.719800000000000000e+04
7.405598958333333417e-06,7.478841145833333821e-06,3.990570312500000000e+03,2.751765625000000000e+03,1.000000000000000000e+00,-6.036933453824319118e-01,-3.759375000000000000e+06,6.296000000000000000e+03,3.276700000000000000e+04
7.409667968749999635e-06,7.482910156250000039e-06,3.715039062500000000e+03,2.355734375000000000e+03,1.000000000000000000e+00,-5.651281096369944468e-01,1.508437500000000000e+06,5.894000000000000000e+03,-1.985000000000000000e+04
7.413736979166666701e-06,7.486979166666667105e-06,4.068535156250000000e+03,2.322800781250000000e+03,1.000000000000000000e+00,-5.187731277030752652e-01,1.813125000000000000e+06,5.411000000000000000e+03,-2.553300000000000000e+04
7.417805989583332920e-06,7.491048177083333323e-06,4.261335937500000000e+03,2.181492187500000000e+03,1.000000000000000000e+00,-4.731611677132881444e-01,1.784062500000000000e+06,4.935000000000000000e+03,-2.551300000000000000e+04
7.421874999999999985e-06,7.495117187500000389e-06,4.288074218750000000e+03,2.191640625000000000e+03,1.000000000000000000e+00,-4.724900511185882168e-01,2.625000000000000000e+04,4.928000000000000000e+03,4.480000000000000000e+03
7.425944010416667051e-06,7.499186197916667455e-06,3.923468750000000000e+03,1.999203125000000000e+03,1.000000000000000000e+00,-4.712676601782418428e-01,4.781250000000000000e+04,4.915000000000000000e+03,4.099000000000000000e+03
7.430013020833333269e-06,7.503255208333333673e-06,4.321269531250000000e+03,1.845996093750000000e+03,1.000000000000000000e+00,-4.037245686116521792e-01,2.641875000000000000e+06,4.211000000000000000e+03,-3.276800000000000000e+04
7.434082031250000335e-06,7.507324218750000739e-06,4.077351562500000000e+03,2.024714843750000000e+03,1.000000000000000000e+00,-4.608893214102030567e-01,-2.235937500000000000e+06,4.807000000000000000e+03,3.276700000000000000e+04
7.438151041666666553e-06,7.511393229166666957e-06,4.277195312500000000e+03,2.219136718750000000e+03,1.000000000000000000e+00,-4.786020058203200311e-01,-6.928125000000000000e+05,4.992000000000000000e+03,1.681600000000000000e+04
7.442220052083333619e-06,7.515462239583334023e-06,4.157542968750000000e+03,2.247210937500000000e+03,1.000000000000000000e+00,-4.955237313866835414e-01,-6.618750000000000000e+05,5.168000000000000000e+03,1.646400000000000000e+04
7.446289062499999837e-06,7.519531250000000241e-06,4.114746093750000000e+03,2.261437500000000000e+03,1.000000000000000000e+00,-5.025464871812225232e-01,-2.746875000000000000e+05,5.241000000000000000e+03,9.929000000000000000e+03
7.450358072916666903e-06,7.523600260416667307e-06,4.125082031250000000e+03,1.954136718750000000e+03,1.000000000000000000e+00,-4.424096466061431809e-01,2.352187500000000000e+06,4.614000000000000000e+03,-3.276800000000000000e+04
7.454427083333333121e-06,7.527669270833333525e-06,4.224570312500000000e+03,2.220855468750000000e+03,1.000000000000000000e+00,-4.839949070277305143e-01,-1.626562500000000000e+06,5.048000000000000000e+03,3.276700000000000000e+04
7.458496093750000187e-06,7.531738281250000591e-06,3.984636718750000000e+03,2.199429687500000000e+03,1.000000000000000000e+00,-5.043680893668366361e-01,-7.968750000000000000e+05,5.260000000000000000e+03,1.886000000000000000e+04
7.462565104166666406e-06,7.535807291666666809e-06,4.064566406250000000e+03,1.953191406250000000e+03,1.000000000000000000e+00,-4.479703269622286599e-01,2.205937500000000000e+06,4.672000000000000000e+03,-3.276800000000000000e+04
7.466634114583333471e-06,7.539876302083333875e-06,4.047339843750000000e+03,1.664273437500000000e+03,1.000000000000000000e+00,-3.901344575689778549e-01,2.262187500000000000e+06,4.069000000000000000e+03,-3.276800000000000000e+04
7.470703124999999690e-06,7.543945312500000094e-06,4.361281250000000000e+03,1.925703125000000000e+03,1.000000000000000000e+00,-4.158046673162515972e-01,-1.004062500000000000e+06,4.337000000000000000e+03,2.147300000000000000e+04
7.474772135416666755e-06,7.548014322916667159e-06,4.108167968750000000e+03,1.996492187500000000e+03,1.000000000000000000e+00,-4.523565532775891684e-01,-1.429687500000000000e+06,4.718000000000000000e+03,2.911800000000000000e+04
7.478841145833332974e-06,7.552083333333333378e-06,4.060390625000000000e+03,2.251500000000000000e+03,1.000000000000000000e+00,-5.062855653516937782e-01,-2.109375000000000000e+06,5.280000000000000000e+03,3.276700000000000000e+04
7.482910156250000039e-06,7.556152343750000443e-06,4.085351562500000000e+03,2.117207031250000000e+03,1.000000000000000000e+00,-4.781466052739165029e-01,1.100625000000000000e+06,4.987000000000000000e+03,-1.379700000000000000e+04
7.486979166666666258e-06,7.560221354166666662e-06,4.103179687500000000e+03,2.160156250000000000e+03,1.000000000000000000e+00,-4.845941182729983088e-01,-2.521875000000000000e+05,5.054000000000000000e+03,9.358000000000000000e+03
7.491048177083333323e-06,7.564290364583333727e-06,4.059894531250000000e+03,2.090679687500000000e+03,1.000000000000000000e+00,-4.755340442445487592e-01,3.543750000000000000e+05,4.960000000000000000e+03,-1.088000000000000000e+03
7.495117187500000389e-06,7.568359375000000793e-06,4.120671875000000000e+03,2.385171875000000000e+03,1.000000000000000000e+00,-5.246933348063214098e-01,-1.922812500000000000e+06,5.472000000000000000e+03,3.276700000000000000e+04
7.499186197916666607e-06,7.572428385416667011e-06,3.958878906250000000e+03,2.073496093750000000e+03,1.000000000000000000e+00,-4.824609262398448783e-01,1.651875000000000000e+06,5.032000000000000000e+03,-2.316000000000000000e+04
7.503255208333333673e-06,7.576497395833334077e-06,4.109218750000000000e+03,2.095046875000000000e+03,1.000000000000000000e+00,-4.714833762265382422e-01,4.293750000000000000e+05,4.917000000000000000e+03,-2.411000000000000000e+03
7.507324218749999892e-06,7.580566406250000295e-06,4.213527343750000000e+03,2.169167968750000000e+03,1.000000000000000000e+00,-4.754142019954952225e-01,-1.537500000000000000e+05,4.958000000000000000e+03,7.582000000000000000e+03
7.511393229166666957e-06,7.584635416666667361e-06,4.061824218750000000e+03,2.217339843750000000e+03,1.000000000000000000e+00,-4.996942416537475951e-01,-9.496875000000000000e+05,5.212000000000000000e+03,2.142000000000000000e+04
7.515462239583333176e-06,7.588704427083333580e-06,3.993148437500000000e+03,2.307628906250000000e+03,1.000000000000000000e+00,-5.240222182116214267e-01,-9.515625000000000000e+05,5.465000000000000000e+03,2.170500000000000000e+04
7.519531250000000241e-06,7.592773437500000645e-06,4.183039062500000000e+03,2.201371093750000000e+03,1.000000000000000000e+00,-4.844503075741340425e-01,1.547812500000000000e+06,5.053000000000000000e+03,-2.136300000000000000e+04
7.523600260416666460e-06,7.596842447916666864e-06,4.142046875000000000e+03,2.224953125000000000e+03,1.000000000000000000e+00,-4.929351388071265272e-01,-3.318750000000000000e+05,5.141000000000000000e+03,1.080500000000000000e+04
7.527669270833333525e-06,7.600911458333333929e-06,4.180847656250000000e+03,2.165832031250000000e+03,1.000000000000000000e+00,-4.779788261252415071e-01,5.850000000000000000e+05,4.985000000000000000e+03,-4.999000000000000000e+03
7.531738281249999744e-06,7.604980468750000148e-06,4.063011718750000000e+03,2.231671875000000000e+03,1.000000000000000000e+00,-5.022828342333046647e-01,-9.506250000000000000e+05,5.239000000000000000e+03,2.146300000000000000e+04
7.535807291666666809e-06,7.609049479166667213e-06,4.121648437500000000e+03,2.390195312500000000e+03,1.000000000000000000e+00,-5.255082620998856591e-01,-9.084375000000000000e+05,5.481000000000000000e+03,2.098500000000000000e+04
7.539876302083333028e-06,7.613118489583333432e-06,3.993667968750000000e+03,2.380789062500000000e+03,1.000000000000000000e+00,-5.375883608044851325e-01,-4.725000000000000000e+05,5.607000000000000000e+03,1.367100000000000000e+04
7.543945312500000094e-06,7.617187500000000497e-06,3.896750000000000000e+03,2.532054687500000000e+03,1.000000000000000000e+00,-5.762255018993547306e-01,-1.511250000000000000e+06,6.010000000000000000e+03,3.180200000000000000e+04
7.548014322916666312e-06,7.621256510416666716e-06,3.804496093750000000e+03,2.439085937500000000e+03,1.000000000000000000e+00,-5.700895787478120758e-01,2.400000000000000000e+05,5.946000000000000000e+03,1.850000000000000000e+03
7.552083333333333378e-06,7.625325520833333781e-06,3.808441406250000000e+03,2.384804687500000000e+03,1.000000000000000000e+00,-5.594715554816661607e-01,4.153125000000000000e+05,5.835000000000000000e+03,-1.253000000000000000e+03
7.556152343749999596e-06,7.629394531250000000e-06,3.831726562500000000e+03,2.648605468750000000e+03,1.000000000000000000e+00,-6.048198625235354786e-01,-1.773750000000000000e+06,6.308000000000000000e+03,3.276700000000000000e+04
7.560221354166666662e-06,7.633463541666666219e-06,3.910585937500000000e+03,2.570039062500000000e+03,1.000000000000000000e+00,-5.814266555082794330e-01,9.150000000000000000e+05,6.064000000000000000e+03,-9.552000000000000000e+03
7.564290364583333727e-06,7.637532552083334131e-06,3.758507812500000000e+03,2.383792968750000000e+03,1.000000000000000000e+00,-5.652239834362373649e-01,6.337500000000000000e+05,5.895000000000000000e+03,-4.921000000000000000e+03
7.568359374999999946e-06,7.641601562500000350e-06,3.906523437500000000e+03,2.419253906250000000e+03,1.000000000000000000e+00,-5.544861179210378577e-01,4.200000000000000000e+05,5.783000000000000000e+03,-1.385000000000000000e+03
7.572428385416667011e-06,7.645670572916666568e-06,3.836035156250000000e+03,2.580117187500000000e+03,1.000000000000000000e+00,-5.920926156740468072e-01,-1.470937500000000000e+06,6.175000000000000000e+03,3.127900000000000000e+04
7.576497395833333230e-06,7.649739583333332787e-06,3.710195312500000000e+03,2.702253906250000000e+03,1.000000000000000000e+00,-6.294833973787592463e-01,-1.462500000000000000e+06,6.565000000000000000e+03,3.152500000000000000e+04
7.580566406250000295e-06,7.653808593750000699e-06,3.701664062500000000e+03,2.715195312500000000e+03,1.000000000000000000e+00,-6.328629488020698357e-01,-1.321875000000000000e+05,6.601000000000000000e+03,8.857000000000000000e+03
7.584635416666666514e-06,7.657877604166666918e-06,3.438019531250000000e+03,2.893097656250000000e+03,1.000000000000000000e+00,-6.995431761754737909e-01,-2.608125000000000000e+06,7.296000000000000000e+03,3.276700000000000000e+04
7.588704427083333580e-06,7.661946614583333136e-06,3.791824218750000000e+03,2.786847656250000000e+03,1.000000000000000000e+00,-6.337977183446876772e-01,2.571562500000000000e+06,6.610000000000000000e+03,-3.276800000000000000e+04
7.592773437499999798e-06,7.666015624999999355e-06,3.854679687500000000e+03,2.941472656250000000e+03,1.000000000000000000e+00,-6.518219926023439692e-01,-7.050000000000000000e+05,6.798000000000000000e+03,1.883000000000000000e+04
7.596842447916666864e-06,7.670084635416667267e-06,3.730152343750000000e+03,2.635488281250000000e+03,1.000000000000000000e+00,-6.151023274923314021e-01,1.436250000000000000e+06,6.415000000000000000e+03,-1.809700000000000000e+04
7.600911458333333082e-06,7.674153645833333486e-06,3.848410156250000000e+03,2.719609375000000000e+03,1.000000000000000000e+00,-6.151982012915742093e-01,-3.750000000000000000e+03,6.416000000000000000e+03,6.480000000000000000e+03
7.604980468750000148e-06,7.678222656249999705e-06,4.015484375000000000e+03,2.509707031250000000e+03,1.000000000000000000e+00,-5.586086912884805633e-01,2.213437500000000000e+06,5.826000000000000000e+03,-3.195000000000000000e+04
7.609049479166666366e-06,7.682291666666665923e-06,3.729695312500000000e+03,2.920628906250000000e+03,1.000000000000000000e+00,-6.643335234035362413e-01,-4.135312500000000000e+06,6.929000000000000000e+03,3.276700000000000000e+04
7.613118489583333432e-06,7.686360677083333836e-06,3.648726562500000000e+03,2.943578125000000000e+03,1.000000000000000000e+00,-6.788344355390176776e-01,-5.671875000000000000e+05,7.080000000000000000e+03,1.676000000000000000e+04
7.617187499999999650e-06,7.690429687500000054e-06,3.587210937500000000e+03,2.814347656250000000e+03,1.000000000000000000e+00,-6.652443244963432978e-01,5.315625000000000000e+05,6.938000000000000000e+03,-2.134000000000000000e+03
7.621256510416666716e-06,7.694498697916666273e-06,3.570039062500000000e+03,3.043785156250000000e+03,1.000000000000000000e+00,-7.059906891745556523e-01,-1.593750000000000000e+06,7.363000000000000000e+03,3.276700000000000000e+04
7.625325520833332934e-06,7.698567708333332491e-06,3.510769531250000000e+03,2.633906250000000000e+03,1.000000000000000000e+00,-6.436487512168908021e-01,2.438437500000000000e+06,6.713000000000000000e+03,-3.276800000000000000e+04
7.629394531250000000e-06,7.702636718750000404e-06,3.590000000000000000e+03,2.752484375000000000e+03,1.000000000000000000e+00,-6.541229637841723399e-01,-4.096875000000000000e+05,6.822000000000000000e+03,1.381400000000000000e+04
7.633463541666666219e-06,7.706705729166666622e-06,3.635027343750000000e+03,3.114433593750000000e+03,1.000000000000000000e+00,-7.084115026054376152e-01,-2.123437500000000000e+06,7.389000000000000000e+03,3.276700000000000000e+04
7.637532552083334131e-06,7.710774739583334535e-06,3.605441406250000000e+03,3.242863281250000000e+03,1.000000000000000000e+00,-7.324997946652043179e-01,-9.421875000000000000e+05,7.640000000000000000e+03,2.372000000000000000e+04
7.641601562500000350e-06,7.714843750000000754e-06,3.651527343750000000e+03,2.919914062500000000e+03,1.000000000000000000e+00,-6.745201145730892467e-01,2.267812500000000000e+06,7.035000000000000000e+03,-3.166900000000000000e+04
7.645670572916666568e-06,7.718912760416666972e-06,3.530316406250000000e+03,2.961402343750000000e+03,1.000000000000000000e+00,-6.979852269377774254e-01,-9.178125000000000000e+05,7.280000000000000000e+03,2.294400000000000000e+04
7.649739583333332787e-06,7.722981770833333191e-06,3.492812500000000000e+03,2.933105468750000000e+03,1.000000000000000000e+00,-6.985125328336131423e-01,-2.062500000000000000e+04,7.285000000000000000e+03,7.637000000000000000e+03
7.653808593750000699e-06,7.727050781250001103e-06,3.829765625000000000e+03,2.983484375000000000e+03,1.000000000000000000e+00,-6.618168361734113603e-01,1.435312500000000000e+06,6.903000000000000000e+03,-1.759300000000000000e+04
7.657877604166666918e-06,7.731119791666667322e-06,3.781375000000000000e+03,2.688035156250000000e+03,1.000000000000000000e+00,-6.179785414696169488e-01,1.714687500000000000e+06,6.445000000000000000e+03,-2.281900000000000000e+04
7.661946614583333136e-06,7.735188802083333540e-06,3.792343750000000000e+03,2.987464843750000000e+03,1.000000000000000000e+00,-6.672337058306324620e-01,-1.926562500000000000e+06,6.959000000000000000e+03,3.276700000000000000e+04
7.666015624999999355e-06,7.739257812499999759e-06,3.537859375000000000e+03,2.985777343750000000e+03,1.000000000000000000e+00,-7.009812831641165642e-01,-1.320000000000000000e+06,7.311000000000000000e+03,2.983900000000000000e+04
7.670084635416667267e-06,7.743326822916667671e-06,3.712562500000000000e+03,3.024039062500000000e+03,1.000000000000000000e+00,-6.835562201517281222e-01,6.815625000000000000e+05,7.129000000000000000e+03,-4.503000000000000000e+03
7.674153645833333486e-06,7.747395833333333890e-06,3.756625000000000000e+03,2.839507812500000000e+03,1.000000000000000000e+00,-6.472440186884976798e-01,1.420312500000000000e+06,6.751000000000000000e+03,-1.748900000000000000e+04
7.678222656249999705e-06,7.751464843750000108e-06,3.868210937500000000e+03,2.792792968750000000e+03,1.000000000000000000e+00,-6.253128871116951926e-01,8.578125000000000000e+05,6.522000000000000000e+03,-8.118000000000000000e+03
7.682291666666665923e-06,7.755533854166666327e-06,3.779398437500000000e+03,2.714992187500000000e+03,1.000000000000000000e+00,-6.229400105804345777e-01,9.281250000000000000e+04,6.497000000000000000e+03,4.913000000000000000e+03
7.686360677083333836e-06,7.759602864583334240e-06,3.873582031250000000e+03,2.774433593750000000e+03,1.000000000000000000e+00,-6.215498404914132635e-01,5.437500000000000000e+04,6.483000000000000000e+03,5.555000000000000000e+03
7.690429687500000054e-06,7.763671875000000458e-06,3.794257812500000000e+03,2.811023437500000000e+03,1.000000000000000000e+00,-6.376326703144017394e-01,-6.290625000000000000e+05,6.650000000000000000e+03,1.738600000000000000e+04
7.694498697916666273e-06,7.767740885416666677e-06,3.576816406250000000e+03,2.882742187500000000e+03,1.000000000000000000e+00,-6.783550665428034199e-01,-1.592812500000000000e+06,7.075000000000000000e+03,3.276700000000000000e+04
7.698567708333332491e-06,7.771809895833332895e-06,3.356277343750000000e+03,3.037570312500000000e+03,1.000000000000000000e+00,-7.355917246907863749e-01,-2.238750000000000000e+06,7.672000000000000000e+03,3.276700000000000000e+04
7.702636718750000404e-06,7.775878906250000808e-06,3.408339843750000000e+03,3.133906250000000000e+03,1.000000000000000000e+00,-7.434773446785110096e-01,-3.084375000000000000e+05,7.754000000000000000e+03,1.301800000000000000e+04
7.706705729166666622e-06,7.779947916666667026e-06,3.498125000000000000e+03,3.128433593750000000e+03,1.000000000000000000e+00,-7.296715175875402304e-01,5.400000000000000000e+05,7.610000000000000000e+03,-1.606000000000000000e+03
7.710774739583332841e-06,7.784016927083333245e-06,3.502300781250000000e+03,3.071742187500000000e+03,1.000000000000000000e+00,-7.199882638640121568e-01,3.787500000000000000e+05,7.509000000000000000e+03,1.045000000000000000e+03
7.714843750000000754e-06,7.788085937500001157e-06,3.362832031250000000e+03,2.947824218750000000e+03,1.000000000000000000e+00,-7.197246109160942984e-01,1.031250000000000000e+04,7.507000000000000000e+03,7.331000000000000000e+03
7.718912760416666972e-06,7.792154947916667376e-06,3.289136718750000000e+03,3.025289062500000000e+03,1.000000000000000000e+00,-7.436451238271859498e-01,-9.356250000000000000e+05,7.756000000000000000e+03,2.372400000000000000e+04
7.722981770833333191e-06,7.796223958333333594e-06,3.313621093750000000e+03,3.205906250000000000e+03,1.000000000000000000e+00,-7.688839014778668934e-01,-9.871875000000000000e+05,8.019000000000000000e+03,2.486700000000000000e+04
7.727050781249999409e-06,7.800292968749999813e-06,3.430332031250000000e+03,3.194332031250000000e+03,1.000000000000000000e+00,-7.498050154285392788e-01,7.462500000000000000e+05,7.820000000000000000e+03,-4.916000000000000000e+03
7.731119791666667322e-06,7.804361979166667726e-06,3.339105468750000000e+03,3.298984375000000000e+03,1.000000000000000000e+00,-7.793581140451485423e-01,-1.155937500000000000e+06,8.129000000000000000e+03,2.785700000000000000e+04
7.735188802083333540e-06,7.808430989583333944e-06,3.285894531250000000e+03,3.178171875000000000e+03,1.000000000000000000e+00,-7.687400907790026272e-01,4.153125000000000000e+05,8.018000000000000000e+03,9.300000000000000000e+02
7.739257812499999759e-06,7.812500000000000163e-06,3.578988281250000000e+03,3.274917968750000000e+03,1.000000000000000000e+00,-7.410804996974397207e-01,1.081875000000000000e+06,7.729000000000000000e+03,-1.073500000000000000e+04
7.743326822916665977e-06,7.816569010416666381e-06,3.597160156250000000e+03,3.203925781250000000e+03,1.000000000000000000e+00,-7.276341993536296071e-01,5.259375000000000000e+05,7.589000000000000000e+03,-1.387000000000000000e+03
7.747395833333333890e-06,7.820638020833334294e-06,3.562167968750000000e+03,3.219664062500000000e+03,1.000000000000000000e+00,-7.349445765458970659e-01,-2.859375000000000000e+05,7.665000000000000000e+03,1.254500000000000000e+04
7.751464843750000108e-06,7.824707031250000512e-06,3.612542968750000000e+03,3.137761718750000000e+03,1.000000000000000000e+00,-7.151706054520587941e-01,7.734375000000000000e+05,7.459000000000000000e+03,-5.741000000000000000e+03
7.755533854166666327e-06,7.828776041666666731e-06,3.672937500000000000e+03,3.029218750000000000e+03,1.000000000000000000e+00,-6.896442064036493180e-01,9.984375000000000000e+05,7.193000000000000000e+03,-9.847000000000000000e+03
7.759602864583332545e-06,7.832845052083332949e-06,3.554742187500000000e+03,3.145058593750000000e+03,1.000000000000000000e+00,-7.243265532797511508e-01,-1.356562500000000000e+06,7.555000000000000000e+03,3.070700000000000000e+04
7.763671875000000458e-06,7.836914062500000862e-06,3.659980468750000000e+03,3.098300781250000000e+03,1.000000000000000000e+00,-7.024912955021914707e-01,8.540625000000000000e+05,7.327000000000000000e+03,-7.249000000000000000e+03
7.767740885416666677e-06,7.840983072916667080e-06,3.370140625000000000e+03,3.145101562500000000e+03,1.000000000000000000e+00,-7.508835956700213865e-01,-1.892812500000000000e+06,7.832000000000000000e+03,3.276700000000000000e+04
7.771809895833332895e-06,7.845052083333333299e-06,3.527062500000000000e+03,2.890007812500000000e+03,1.000000000000000000e+00,-6.864564025788244539e-01,2.520000000000000000e+06,7.160000000000000000e+03,-3.276800000000000000e+04
7.775878906250000808e-06,7.849121093750001212e-06,3.477429687500000000e+03,2.743832031250000000e+03,1.000000000000000000e+00,-6.680246646743860373e-01,7.209375000000000000e+05,6.967000000000000000e+03,-5.337000000000000000e+03
7.779947916666667026e-06,7.853190104166667430e-06,3.422000000000000000e+03,2.978187500000000000e+03,1.000000000000000000e+00,-7.161772803441087687e-01,-1.883437500000000000e+06,7.470000000000000000e+03,3.276700000000000000e+04
7.784016927083333245e-06,7.857259114583333649e-06,3.124273437500000000e+03,3.185054687500000000e+03,1.000000000000000000e+00,-7.950334802213550045e-01,-3.084375000000000000e+06,8.292000000000000000e+03,3.276700000000000000e+04
7.788085937499999463e-06,7.861328124999999867e-06,3.339050781250000000e+03,2.856382812500000000e+03,1.000000000000000000e+00,-7.076445122114948250e-01,3.418125000000000000e+06,7.381000000000000000e+03,-3.276800000000000000e+04
7.792154947916667376e-06,7.865397135416667780e-06,3.382609375000000000e+03,3.131472656250000000e+03,1.000000000000000000e+00,-7.468568961018215990e-01,-1.533750000000000000e+06,7.790000000000000000e+03,3.276700000000000000e+04
7.796223958333333594e-06,7.869466145833333998e-06,3.434667968750000000e+03,3.325277343750000000e+03,1.000000000000000000e+00,-7.692194597752168850e-01,-8.746875000000000000e+05,8.023000000000000000e+03,2.295100000000000000e+04
7.800292968749999813e-06,7.873535156250000217e-06,3.337335937500000000e+03,3.135644531250000000e+03,1.000000000000000000e+00,-7.542391786435211909e-01,5.859375000000000000e+05,7.867000000000000000e+03,-2.133000000000000000e+03
7.804361979166666032e-06,7.877604166666666435e-06,3.454867187500000000e+03,3.061316406250000000e+03,1.000000000000000000e+00,-7.250695752238832670e-01,1.140937500000000000e+06,7.562000000000000000e+03,-1.191000000000000000e+04
7.808430989583333944e-06,7.881673177083334348e-06,3.435035156250000000e+03,3.182121093750000000e+03,1.000000000000000000e+00,-7.471924543991714796e-01,-8.653125000000000000e+05,7.793000000000000000e+03,2.256100000000000000e+04
7.812500000000000163e-06,7.885742187500000566e-06,3.349375000000000000e+03,3.289687500000000000e+03,1.000000000000000000e+00,-7.764099947184308625e-01,-1.142812500000000000e+06,8.098000000000000000e+03,2.760200000000000000e+04
7.816569010416666381e-06,7.889811197916666785e-06,3.462500000000000000e+03,3.371910156250000000e+03,1.000000000000000000e+00,-7.721436106521238907e-01,1.668750000000000000e+05,8.053000000000000000e+03,5.205000000000000000e+03
7.820638020833332600e-06,7.893880208333333004e-06,3.382312500000000000e+03,3.234398437500000000e+03,1.000000000000000000e+00,-7.630595681738636671e-01,3.553125000000000000e+05,7.959000000000000000e+03,1.895000000000000000e+03
7.824707031250000512e-06,7.897949218750000916e-06,3.729671875000000000e+03,2.960257812500000000e+03,1.000000000000000000e+00,-6.709008786516715839e-01,3.604687500000000000e+06,6.997000000000000000e+03,-3.276800000000000000e+04
7.828776041666666731e-06,7.902018229166667135e-06,3.588617187500000000e+03,2.890980468750000000e+03,1.000000000000000000e+00,-6.781393504945069095e-01,-2.831250000000000000e+05,7.073000000000000000e+03,1.190500000000000000e+04
7.832845052083332949e-06,7.906087239583333353e-06,3.413652343750000000e+03,2.860730468750000000e+03,1.000000000000000000e+00,-6.975058579415631677e-01,-7.575000000000000000e+05,7.275000000000000000e+03,2.020300000000000000e+04
7.836914062499999168e-06,7.910156249999999572e-06,3.376113281250000000e+03,2.950273437500000000e+03,1.000000000000000000e+00,-7.181906301282086069e-01,-8.090625000000000000e+05,7.491000000000000000e+03,2.129900000000000000e+04
7.840983072916667080e-06,7.914225260416667484e-06,3.417636718750000000e+03,3.001929687500000000e+03,1.000000000000000000e+00,-7.207312858081442730e-01,-9.937500000000000000e+04,7.517000000000000000e+03,9.213000000000000000e+03
7.845052083333333299e-06,7.918294270833333703e-06,3.616523437500000000e+03,3.075152343750000000e+03,1.000000000000000000e+00,-7.046724244349663602e-01,6.281250000000000000e+05,7.350000000000000000e+03,-3.370000000000000000e+03
7.849121093749999518e-06,7.922363281249999921e-06,3.275273437500000000e+03,3.142691406250000000e+03,1.000000000000000000e+00,-7.647373596606135138e-01,-2.349375000000000000e+06,7.976000000000000000e+03,3.276700000000000000e+04
7.853190104166667430e-06,7.926432291666667834e-06,3.483449218750000000e+03,3.014929687500000000e+03,1.000000000000000000e+00,-7.134209086158767033e-01,2.007187500000000000e+06,7.441000000000000000e+03,-2.681500000000000000e+04
7.857259114583333649e-06,7.930501302083334053e-06,3.417050781250000000e+03,3.036019531250000000e+03,1.000000000000000000e+00,-7.264118084132832331e-01,-5.081250000000000000e+05,7.576000000000000000e+03,1.624800000000000000e+04
7.861328124999999867e-06,7.934570312500000271e-06,3.440796875000000000e+03,3.204132812500000000e+03,1.000000000000000000e+00,-7.498050154285392788e-01,-9.150000000000000000e+05,7.820000000000000000e+03,2.343600000000000000e+04
7.865397135416666086e-06,7.938639322916666490e-06,3.484003906250000000e+03,3.217492187500000000e+03,1.000000000000000000e+00,-7.456345051614752251e-01,1.631250000000000000e+05,7.777000000000000000e+03,4.993000000000000000e+03
7.869466145833333998e-06,7.942708333333334402e-06,3.704925781250000000e+03,2.846097656250000000e+03,1.000000000000000000e+00,-6.550577333267901814e-01,3.542812500000000000e+06,6.832000000000000000e+03,-3.276800000000000000e+04
7.873535156250000217e-06,7.946777343750000621e-06,3.700703125000000000e+03,3.043488281250000000e+03,1.000000000000000000e+00,-6.882540363146278928e-01,-1.298437500000000000e+06,7.178000000000000000e+03,2.933800000000000000e+04
7.877604166666666435e-06,7.950846354166666839e-06,3.626667968750000000e+03,3.032183593750000000e+03,1.000000000000000000e+00,-6.963553723506489268e-01,-3.168750000000000000e+05,7.263000000000000000e+03,1.267100000000000000e+04
7.881673177083332654e-06,7.954915364583333058e-06,3.424210937500000000e+03,2.927320312500000000e+03,1.000000000000000000e+00,-7.073329223639556185e-01,-4.293750000000000000e+05,7.377000000000000000e+03,1.470500000000000000e+04
7.885742187500000566e-06,7.958984375000000970e-06,3.378933593750000000e+03,2.971117187500000000e+03,1.000000000000000000e+00,-7.212585917039798789e-01,-5.446875000000000000e+05,7.523000000000000000e+03,1.681900000000000000e+04
7.889811197916666785e-06,7.963053385416667189e-06,3.307847656250000000e+03,3.005828125000000000e+03,1.000000000000000000e+00,-7.376050744748863242e-01,-6.393750000000000000e+05,7.693000000000000000e+03,1.860500000000000000e+04
7.893880208333333004e-06,7.967122395833333407e-06,3.354285156250000000e+03,3.111125000000000000e+03,1.000000000000000000e+00,-7.478156340942501146e-01,-3.993750000000000000e+05,7.800000000000000000e+03,1.461600000000000000e+04
7.897949218749999222e-06,7.971191406249999626e-06,3.629304687500000000e+03,2.762824218750000000e+03,1.000000000000000000e+00,-6.506715070114297284e-01,3.799687500000000000e+06,6.786000000000000000e+03,-3.276800000000000000e+04
7.902018229166667135e-06,7.975260416666667539e-06,3.454777343750000000e+03,3.126105468750000000e+03,1.000000000000000000e+00,-7.354958508915435678e-01,-3.317812500000000000e+06,7.671000000000000000e+03,3.276700000000000000e+04
7.906087239583333353e-06,7.979329427083333757e-06,3.452343750000000000e+03,3.044218750000000000e+03,1.000000000000000000e+00,-7.226487617930013041e-01,5.025000000000000000e+05,7.537000000000000000e+03,-1.039000000000000000e+03
7.910156249999999572e-06,7.983398437499999976e-06,3.528703125000000000e+03,3.023398437500000000e+03,1.000000000000000000e+00,-7.084354710552484002e-01,5.559375000000000000e+05,7.389000000000000000e+03,-2.099000000000000000e+03
7.914225260416667484e-06,7.987467447916667888e-06,3.493667968750000000e+03,3.235132812500000000e+03,1.000000000000000000e+00,-7.469767383508750802e-01,-1.507500000000000000e+06,7.791000000000000000e+03,3.276700000000000000e+04
7.918294270833333703e-06,7.991536458333334107e-06,3.729183593750000000e+03,2.904171875000000000e+03,1.000000000000000000e+00,-6.616730254745469830e-01,3.336562500000000000e+06,6.901000000000000000e+03,-3.276800000000000000e+04
7.922363281249999921e-06,7.995605468750000325e-06,3.512960937500000000e+03,2.967847656250000000e+03,1.000000000000000000e+00,-7.014846206101416071e-01,-1.557187500000000000e+06,7.316000000000000000e+03,3.276700000000000000e+04
7.926432291666666140e-06,7.999674479166666544e-06,3.585246093750000000e+03,3.107675781250000000e+03,1.000000000000000000e+00,-7.141639305600088194e-01,-4.959375000000000000e+05,7.449000000000000000e+03,1.591300000000000000e+04
7.930501302083334053e-06,8.003743489583334456e-06,3.499539062500000000e+03,2.968609375000000000e+03,1.000000000000000000e+00,-7.034979703942414453e-01,4.171875000000000000e+05,7.337000000000000000e+03,2.170000000000000000e+02
7.934570312500000271e-06,8.007812500000000675e-06,3.744066406250000000e+03,2.923066406250000000e+03,1.000000000000000000e+00,-6.628714479650826830e-01,1.589062500000000000e+06,6.914000000000000000e+03,-2.020600000000000000e+04
7.938639322916666490e-06,8.011881510416666893e-06,3.977304687500000000e+03,2.722585937500000000e+03,1.000000000000000000e+00,-6.002658570594999743e-01,2.448750000000000000e+06,6.261000000000000000e+03,-3.276800000000000000e+04
7.942708333333332708e-06,8.015950520833333112e-06,4.000628906250000000e+03,2.624699218750000000e+03,1.000000000000000000e+00,-5.806356966645258577e-01,7.678125000000000000e+05,6.056000000000000000e+03,-7.048000000000000000e+03
7.946777343750000621e-06,8.020019531250001025e-06,3.617199218750000000e+03,2.771593750000000000e+03,1.000000000000000000e+00,-6.538113739366331334e-01,-2.862187500000000000e+06,6.819000000000000000e+03,3.276700000000000000e+04
7.950846354166666839e-06,8.024088541666667243e-06,3.617238281250000000e+03,2.739898437500000000e+03,1.000000000000000000e+00,-6.482506935805476544e-01,2.175000000000000000e+05,6.761000000000000000e+03,3.049000000000000000e+03
7.954915364583333058e-06,8.028157552083333462e-06,3.541832031250000000e+03,2.675542968750000000e+03,1.000000000000000000e+00,-6.469563972907691474e-01,5.062500000000000000e+04,6.748000000000000000e+03,5.884000000000000000e+03
7.958984374999999276e-06,8.032226562499999680e-06,3.486746093750000000e+03,2.874593750000000000e+03,1.000000000000000000e+00,-6.894764272549742667e-01,-1.663125000000000000e+06,7.191000000000000000e+03,3.276700000000000000e+04
7.963053385416667189e-06,8.036295572916667593e-06,3.354894531250000000e+03,3.047503906250000000e+03,1.000000000000000000e+00,-7.374133268764005988e-01,-1.875000000000000000e+06,7.691000000000000000e+03,3.276700000000000000e+04
7.967122395833333407e-06,8.040364583333333811e-06,3.604929687500000000e+03,3.219410156250000000e+03,1.000000000000000000e+00,-7.289764325430295733e-01,3.300000000000000000e+05,7.603000000000000000e+03,1.971000000000000000e+03
7.971191406249999626e-06,8.044433593750000030e-06,3.502832031250000000e+03,3.100433593750000000e+03,1.000000000000000000e+00,-7.245183008782368761e-01,1.743750000000000000e+05,7.557000000000000000e+03,4.581000000000000000e+03
7.975260416666665844e-06,8.048502604166666248e-06,3.626945312500000000e+03,3.097242187500000000e+03,1.000000000000000000e+00,-7.067816480183091166e-01,6.937500000000000000e+05,7.372000000000000000e+03,-4.468000000000000000e+03
7.979329427083333757e-06,8.052571614583334161e-06,3.340496093750000000e+03,3.010507812500000000e+03,1.000000000000000000e+00,-7.334825011074436185e-01,-1.044375000000000000e+06,7.650000000000000000e+03,2.547400000000000000e+04
7.983398437499999976e-06,8.056640625000000379e-06,3.480558593750000000e+03,3.152855468750000000e+03,1.000000000000000000e+00,-7.360231567873791736e-01,-9.937500000000000000e+04,7.677000000000000000e+03,9.373000000000000000e+03
7.987467447916666194e-06,8.060709635416666598e-06,3.539152343750000000e+03,3.102109375000000000e+03,1.000000000000000000e+00,-7.197006424662835133e-01,6.384375000000000000e+05,7.506000000000000000e+03,-3.390000000000000000e+03
7.991536458333334107e-06,8.064778645833334511e-06,3.585867187500000000e+03,3.096675781250000000e+03,1.000000000000000000e+00,-7.123183599245839215e-01,2.887500000000000000e+05,7.429000000000000000e+03,2.501000000000000000e+03
7.995605468750000325e-06,8.068847656250000729e-06,3.192859375000000000e+03,3.222023437500000000e+03,1.000000000000000000e+00,-7.899521688614837833e-01,-3.036562500000000000e+06,8.239000000000000000e+03,3.276700000000000000e+04
7.999674479166666544e-06,8.072916666666666948e-06,3.257699218750000000e+03,3.015324218750000000e+03,1.000000000000000000e+00,-7.467849907523893549e-01,1.688437500000000000e+06,7.789000000000000000e+03,-2.102700000000000000e+04
8.003743489583332762e-06,8.076985677083333166e-06,3.264605468750000000e+03,3.084183593750000000e+03,1.000000000000000000e+00,-7.569715819219424713e-01,-3.984375000000000000e+05,7.895000000000000000e+03,1.469500000000000000e+04
8.007812500000000675e-06,8.081054687500001079e-06,3.597105468750000000e+03,3.057781250000000000e+03,1.000000000000000000e+00,-7.045525821859128790e-01,2.050312500000000000e+06,7.348000000000000000e+03,-2.764400000000000000e+04
8.011881510416666893e-06,8.085123697916667297e-06,3.431464843750000000e+03,3.317214843750000000e+03,1.000000000000000000e+00,-7.684764378310847688e-01,-2.500312500000000000e+06,8.015000000000000000e+03,3.276700000000000000e+04
8.015950520833333112e-06,8.089192708333333516e-06,3.198351562500000000e+03,3.172121093750000000e+03,1.000000000000000000e+00,-7.812755900300055734e-01,-5.006250000000000000e+05,8.149000000000000000e+03,1.669300000000000000e+04
8.020019531249999331e-06,8.093261718749999734e-06,3.315011718750000000e+03,3.084585937500000000e+03,1.000000000000000000e+00,-7.494215202315678281e-01,1.245937500000000000e+06,7.816000000000000000e+03,-1.344800000000000000e+04
8.024088541666667243e-06,8.097330729166667647e-06,3.304851562500000000e+03,3.024730468750000000e+03,1.000000000000000000e+00,-7.411763734966825279e-01,3.225000000000000000e+05,7.730000000000000000e+03,2.226000000000000000e+03
8.028157552083333462e-06,8.101399739583333865e-06,3.306332031250000000e+03,3.415976562500000000e+03,1.000000000000000000e+00,-8.016967092687332652e-01,-2.367187500000000000e+06,8.362000000000000000e+03,3.276700000000000000e+04
8.032226562499999680e-06,8.105468750000000084e-06,3.270199218750000000e+03,3.450539062500000000e+03,1.000000000000000000e+00,-8.122188587356362621e-01,-4.115625000000000000e+05,8.471000000000000000e+03,1.549500000000000000e+04
8.036295572916665899e-06,8.109537760416666303e-06,3.416750000000000000e+03,3.177476562500000000e+03,1.000000000000000000e+00,-7.491338988338392957e-01,2.467500000000000000e+06,7.813000000000000000e+03,-3.276800000000000000e+04
8.040364583333333811e-06,8.113606770833334215e-06,3.542800781250000000e+03,3.239730468750000000e+03,1.000000000000000000e+00,-7.407449414000897292e-01,3.281250000000000000e+05,7.726000000000000000e+03,2.126000000000000000e+03
8.044433593750000030e-06,8.117675781250000434e-06,3.499535156250000000e+03,3.144289062500000000e+03,1.000000000000000000e+00,-7.319724887693687121e-01,3.431250000000000000e+05,7.634000000000000000e+03,1.778000000000000000e+03
8.048502604166666248e-06,8.121744791666666652e-06,3.558101562500000000e+03,2.936183593750000000e+03,1.000000000000000000e+00,-6.899318278013778505e-01,1.644375000000000000e+06,7.196000000000000000e+03,-2.086800000000000000e+04
8.052571614583334161e-06,8.125813802083334565e-06,3.544289062500000000e+03,2.876957031250000000e+03,1.000000000000000000e+00,-6.818304917653568165e-01,3.168750000000000000e+05,7.111000000000000000e+03,1.703000000000000000e+03
8.056640625000000379e-06,8.129882812500000783e-06,3.545398437500000000e+03,2.807808593750000000e+03,1.000000000000000000e+00,-6.698222984101894761e-01,4.696875000000000000e+05,6.986000000000000000e+03,-1.030000000000000000e+03
8.060709635416666598e-06,8.133951822916667002e-06,3.630687500000000000e+03,2.994062500000000000e+03,1.000000000000000000e+00,-6.895962695040278589e-01,-7.734375000000000000e+05,7.192000000000000000e+03,2.039200000000000000e+04
8.064778645833332817e-06,8.138020833333333220e-06,3.429917968750000000e+03,2.862214843750000000e+03,1.000000000000000000e+00,-6.954206028080310853e-01,-2.278125000000000000e+05,7.253000000000000000e+03,1.114100000000000000e+04
8.068847656250000729e-06,8.142089843750001133e-06,3.684726562500000000e+03,2.790503906250000000e+03,1.000000000000000000e+00,-6.481548197813048473e-01,1.848750000000000000e+06,6.760000000000000000e+03,-2.479200000000000000e+04
8.072916666666666948e-06,8.146158854166667352e-06,3.752371093750000000e+03,2.707449218750000000e+03,1.000000000000000000e+00,-6.250252657139666601e-01,9.046875000000000000e+05,6.519000000000000000e+03,-8.921000000000000000e+03
8.076985677083333166e-06,8.150227864583333570e-06,3.720433593750000000e+03,2.706875000000000000e+03,1.000000000000000000e+00,-6.289800599327343145e-01,-1.546875000000000000e+05,6.560000000000000000e+03,9.200000000000000000e+03
8.081054687499999385e-06,8.154296874999999789e-06,3.909085937500000000e+03,2.858777343750000000e+03,1.000000000000000000e+00,-6.314488102632377364e-01,-9.656250000000000000e+04,6.586000000000000000e+03,8.234000000000000000e+03
8.085123697916667297e-06,8.158365885416667701e-06,3.555777343750000000e+03,2.864632812500000000e+03,1.000000000000000000e+00,-6.781633189443176946e-01,-1.827187500000000000e+06,7.073000000000000000e+03,3.276700000000000000e+04
8.089192708333333516e-06,8.162434895833333920e-06,3.720687500000000000e+03,2.439636718750000000e+03,1.000000000000000000e+00,-5.803720437166079993e-01,3.825000000000000000e+06,6.053000000000000000e+03,-3.276800000000000000e+04
8.093261718749999734e-06,8.166503906250000138e-06,3.852996093750000000e+03,2.633660156250000000e+03,1.000000000000000000e+00,-5.995947404647999912e-01,-7.518750000000000000e+05,6.254000000000000000e+03,1.908600000000000000e+04
8.097330729166665953e-06,8.170572916666666357e-06,3.659578125000000000e+03,2.838769531250000000e+03,1.000000000000000000e+00,-6.597555494896899519e-01,-2.353125000000000000e+06,6.881000000000000000e+03,3.276700000000000000e+04
8.101399739583333865e-06,8.174641927083334269e-06,3.709257812500000000e+03,2.511914062500000000e+03,1.000000000000000000e+00,-5.952564510490608862e-01,2.522812500000000000e+06,6.208000000000000000e+03,-3.276800000000000000e+04
8.105468750000000084e-06,8.178710937500000488e-06,4.111816406250000000e+03,2.340769531250000000e+03,1.000000000000000000e+00,-5.175267683129182172e-01,3.040312500000000000e+06,5.398000000000000000e+03,-3.276800000000000000e+04
8.109537760416666303e-06,8.182779947916666706e-06,4.174593750000000000e+03,2.192253906250000000e+03,1.000000000000000000e+00,-4.835634749311376601e-01,1.328437500000000000e+06,5.043000000000000000e+03,-1.762900000000000000e+04
8.113606770833332521e-06,8.186848958333332925e-06,4.014125000000000000e+03,2.125535156250000000e+03,1.000000000000000000e+00,-4.869909632540696531e-01,-1.340625000000000000e+05,5.079000000000000000e+03,7.367000000000000000e+03
8.117675781250000434e-06,8.190917968750000838e-06,3.766503906250000000e+03,2.099464843750000000e+03,1.000000000000000000e+00,-5.085146311840900157e-01,-8.418750000000000000e+05,5.304000000000000000e+03,1.967200000000000000e+04
8.121744791666666652e-06,8.194986979166667056e-06,3.959746093750000000e+03,2.196988281250000000e+03,1.000000000000000000e+00,-5.065492182996115256e-01,7.687500000000000000e+04,5.283000000000000000e+03,3.971000000000000000e+03
8.125813802083332871e-06,8.199055989583333275e-06,4.251308593750000000e+03,2.344597656250000000e+03,1.000000000000000000e+00,-5.040085626196759705e-01,9.937500000000000000e+04,5.257000000000000000e+03,3.561000000000000000e+03
8.129882812500000783e-06,8.203125000000001187e-06,3.978460937500000000e+03,2.325160156250000000e+03,1.000000000000000000e+00,-5.289117819730069225e-01,-9.740625000000000000e+05,5.516000000000000000e+03,2.214000000000000000e+04
8.133951822916667002e-06,8.207194010416667406e-06,4.122933593750000000e+03,2.146308593750000000e+03,1.000000000000000000e+00,-4.799682074595306713e-01,1.914375000000000000e+06,5.006000000000000000e+03,-2.766600000000000000e+04
8.138020833333333220e-06,8.211263020833333624e-06,3.978464843750000000e+03,1.984679687500000000e+03,1.000000000000000000e+00,-4.627348920456279546e-01,6.740625000000000000e+05,4.826000000000000000e+03,-6.678000000000000000e+03
8.142089843749999439e-06,8.215332031249999843e-06,4.297335937500000000e+03,1.862535156250000000e+03,1.000000000000000000e+00,-4.089736591201983407e-01,2.102812500000000000e+06,4.265000000000000000e+03,-3.162300000000000000e+04
8.146158854166667352e-06,8.219401041666667755e-06,4.306554687500000000e+03,2.158179687500000000e+03,1.000000000000000000e+00,-4.645564942312421230e-01,-2.174062500000000000e+06,4.845000000000000000e+03,3.276700000000000000e+04
8.150227864583333570e-06,8.223470052083333974e-06,4.224828125000000000e+03,1.998824218750000000e+03,1.000000000000000000e+00,-4.419063091601182491e-01,8.859375000000000000e+05,4.609000000000000000e+03,-1.051100000000000000e+04
8.154296874999999789e-06,8.227539062500000192e-06,4.073093750000000000e+03,2.017343750000000000e+03,1.000000000000000000e+00,-4.598826465181530820e-01,-7.031250000000000000e+05,4.796000000000000000e+03,1.679600000000000000e+04
8.158365885416666007e-06,8.231608072916666411e-06,4.091730468750000000e+03,1.803789062500000000e+03,1.000000000000000000e+00,-4.152054560709838027e-01,1.747500000000000000e+06,4.330000000000000000e+03,-2.549400000000000000e+04
8.162434895833333920e-06,8.235677083333334324e-06,4.199476562500000000e+03,2.140898437500000000e+03,1.000000000000000000e+00,-4.714594077767275127e-01,-2.200312500000000000e+06,4.917000000000000000e+03,3.276700000000000000e+04
8.166503906250000138e-06,8.239746093750000542e-06,4.151085937500000000e+03,2.309363281250000000e+03,1.000000000000000000e+00,-5.076997038905257664e-01,-1.417500000000000000e+06,5.295000000000000000e+03,2.948700000000000000e+04
8.170572916666666357e-06,8.243815104166666761e-06,4.061390625000000000e+03,2.153066406250000000e+03,1.000000000000000000e+00,-4.874703322502839109e-01,7.912500000000000000e+05,5.084000000000000000e+03,-8.420000000000000000e+03
8.174641927083332575e-06,8.247884114583332979e-06,3.971546875000000000e+03,2.229550781250000000e+03,1.000000000000000000e+00,-5.115346558602399396e-01,-9.412500000000000000e+05,5.335000000000000000e+03,2.139900000000000000e+04
8.178710937500000488e-06,8.251953125000000892e-06,4.126546875000000000e+03,2.187781250000000000e+03,1.000000000000000000e+00,-4.874943007000946404e-01,9.403125000000000000e+05,5.084000000000000000e+03,-1.096400000000000000e+04
8.182779947916666706e-06,8.256022135416667110e-06,4.064242187500000000e+03,2.334058593750000000e+03,1.000000000000000000e+00,-5.213137833830108203e-01,-1.322812500000000000e+06,5.437000000000000000e+03,2.801300000000000000e+04
8.186848958333332925e-06,8.260091145833333329e-06,3.883386718750000000e+03,2.500113281250000000e+03,1.000000000000000000e+00,-5.720070547326692179e-01,-1.982812500000000000e+06,5.966000000000000000e+03,3.276700000000000000e+04
8.190917968750000838e-06,8.264160156250001241e-06,3.775898437500000000e+03,2.370738281250000000e+03,1.000000000000000000e+00,-5.606460095223911866e-01,4.443750000000000000e+05,5.847000000000000000e+03,-1.737000000000000000e+03
8.194986979166667056e-06,8.268229166666667460e-06,3.749992187500000000e+03,2.647457031250000000e+03,1.000000000000000000e+00,-6.147428007451707366e-01,-2.115937500000000000e+06,6.412000000000000000e+03,3.276700000000000000e+04
8.199055989583333275e-06,8.272298177083333678e-06,3.997808593750000000e+03,2.568550781250000000e+03,1.000000000000000000e+00,-5.710722851900513763e-01,1.708125000000000000e+06,5.956000000000000000e+03,-2.319600000000000000e+04
8.203124999999999493e-06,8.276367187499999897e-06,3.967960937500000000e+03,2.333128906250000000e+03,1.000000000000000000e+00,-5.315483114521853958e-01,1.545937500000000000e+06,5.544000000000000000e+03,-2.084000000000000000e+04
8.207194010416667406e-06,8.280436197916667810e-06,3.916398437500000000e+03,2.407929687500000000e+03,1.000000000000000000e+00,-5.512503771965915345e-01,-7.706250000000000000e+05,5.749000000000000000e+03,1.890100000000000000e+04
8.211263020833333624e-06,8.284505208333334028e-06,3.911578125000000000e+03,2.286097656250000000e+03,1.000000000000000000e+00,-5.289117819730069225e-01,8.737500000000000000e+05,5.516000000000000000e+03,-9.396000000000000000e+03
8.215332031249999843e-06,8.288574218750000247e-06,3.958191406250000000e+03,2.460449218750000000e+03,1.000000000000000000e+00,-5.561639094077878154e-01,-1.065937500000000000e+06,5.801000000000000000e+03,2.399300000000000000e+04
8.219401041666666061e-06,8.292643229166666465e-06,4.135035156250000000e+03,2.372593750000000000e+03,1.000000000000000000e+00,-5.209302881860394807e-01,1.378125000000000000e+06,5.433000000000000000e+03,-1.808700000000000000e+04
8.223470052083333974e-06,8.296712239583334378e-06,4.055207031250000000e+03,2.298070312500000000e+03,1.000000000000000000e+00,-5.155613554284397271e-01,2.100000000000000000e+05,5.377000000000000000e+03,1.793000000000000000e+03
8.227539062500000192e-06,8.300781250000000596e-06,4.106218750000000000e+03,2.342984375000000000e+03,1.000000000000000000e+00,-5.185094747551574068e-01,-1.153125000000000000e+05,5.408000000000000000e+03,7.376000000000000000e+03
8.231608072916666411e-06,8.304850260416666815e-06,4.349332031250000000e+03,2.216343750000000000e+03,1.000000000000000000e+00,-4.712916286280525169e-01,1.846875000000000000e+06,4.915000000000000000e+03,-2.660500000000000000e+04
8.235677083333332630e-06,8.308919270833333033e-06,4.418433593750000000e+03,2.183531250000000000e+03,1.000000000000000000e+00,-4.589958138751566996e-01,4.809375000000000000e+05,4.787000000000000000e+03,-3.421000000000000000e+03
8.239746093750000542e-06,8.312988281250000946e-06,4.143707031250000000e+03,1.856050781250000000e+03,1.000000000000000000e+00,-4.211256631742299472e-01,1.481250000000000000e+06,4.392000000000000000e+03,-2.088800000000000000e+04
8.243815104166666761e-06,8.317057291666667164e-06,4.217503906250000000e+03,2.011550781250000000e+03,1.000000000000000000e+00,-4.450461760853216542e-01,-9.356250000000000000e+05,4.642000000000000000e+03,2.061000000000000000e+04
8.247884114583332979e-06,8.321126302083333383e-06,4.122492187500000000e+03,1.848992187500000000e+03,1.000000000000000000e+00,-4.216290006202548790e-01,9.159375000000000000e+05,4.397000000000000000e+03,-1.123500000000000000e+04
